sample_id,year,qc_pass,study_id,region,country,country_id,site,site_id,ARTresistant,CQresistant,MQresistant,PPQresistant,PYRresistant,SDXresistant
"PF0004-C","2009","true","1017","null","Ghana","GH","Upper East","Upper East","sensitive","undetermined","sensitive","sensitive","undetermined","resistant"
"PF0006-C","2009","true","1017","null","Ghana","GH","Upper East","Upper East","sensitive","sensitive","sensitive","sensitive","resistant","undetermined"
"PF0007-C","2009","true","1017","null","Ghana","GH","Upper East","Upper East","sensitive","sensitive","sensitive","sensitive","sensitive","undetermined"
"PF0008-C","2009","true","1017","null","Ghana","GH","Upper East","Upper East","sensitive","sensitive","sensitive","sensitive","resistant","resistant"
"PF0009-C","2009","true","1017","null","Ghana","GH","Upper East","Upper East","sensitive","undetermined","sensitive","sensitive","undetermined","resistant"
"PF0010-C","2009","true","1017","null","Ghana","GH","Upper East","Upper East","sensitive","sensitive","sensitive","sensitive","resistant","resistant"
"PF0011-C","2009","true","1017","null","Ghana","GH","Upper East","Upper East","sensitive","resistant","sensitive","sensitive","resistant","resistant"
"PF0012-C","2009","true","1017","null","Ghana","GH","Upper East","Upper East","sensitive","sensitive","sensitive","sensitive","undetermined","undetermined"
"PF0016-C","2009","true","1017","null","Ghana","GH","Upper East","Upper East","sensitive","sensitive","sensitive","sensitive","resistant","resistant"
"PF0020-C","2009","true","1017","null","Ghana","GH","Upper East","Upper East","sensitive","sensitive","sensitive","sensitive","sensitive","resistant"
"PF0021-C","2009","true","1017","null","Ghana","GH","Upper East","Upper East","sensitive","sensitive","sensitive","sensitive","undetermined","undetermined"
"PF0022-C","2009","true","1017","null","Ghana","GH","Upper East","Upper East","sensitive","sensitive","sensitive","sensitive","resistant","resistant"
"PF0024-C","2009","true","1017","null","Ghana","GH","Upper East","Upper East","sensitive","undetermined","sensitive","sensitive","undetermined","undetermined"
"PF0025-C","2009","true","1017","null","Ghana","GH","Upper East","Upper East","sensitive","resistant","sensitive","sensitive","resistant","resistant"
"PF0026-C","2009","true","1017","null","Ghana","GH","Upper East","Upper East","sensitive","sensitive","sensitive","sensitive","resistant","resistant"
"PF0027-C","2009","true","1017","null","Ghana","GH","Upper East","Upper East","sensitive","sensitive","sensitive","sensitive","undetermined","undetermined"
"PF0028-C","2009","true","1017","null","Ghana","GH","Upper East","Upper East","sensitive","sensitive","sensitive","sensitive","sensitive","resistant"
"PF0029-C","2009","true","1017","null","Ghana","GH","Upper East","Upper East","sensitive","sensitive","sensitive","sensitive","undetermined","undetermined"
"PF0030-C","2009","true","1017","null","Ghana","GH","Upper East","Upper East","sensitive","undetermined","sensitive","sensitive","undetermined","undetermined"
"PF0031-C","2009","true","1017","null","Ghana","GH","Upper East","Upper East","sensitive","resistant","sensitive","sensitive","resistant","resistant"
"PF0032-C","2009","false","1017","null","Ghana","GH","Upper East","Upper East","null","null","null","null","null","null"
"PF0033-C","2009","true","1017","null","Ghana","GH","Upper East","Upper East","sensitive","sensitive","sensitive","sensitive","undetermined","sensitive"
"PF0035-C","2009","true","1017","null","Ghana","GH","Upper East","Upper East","sensitive","resistant","sensitive","sensitive","resistant","resistant"
"PF0036-C","2009","true","1017","null","Ghana","GH","Upper East","Upper East","sensitive","undetermined","sensitive","sensitive","resistant","undetermined"
"PF0037-C","2009","true","1017","null","Ghana","GH","Upper East","Upper East","sensitive","resistant","sensitive","sensitive","resistant","resistant"
"PF0038-C","2009","true","1017","null","Ghana","GH","Upper East","Upper East","sensitive","sensitive","sensitive","sensitive","resistant","resistant"
"PF0039-C","2009","true","1017","null","Ghana","GH","Upper East","Upper East","sensitive","resistant","sensitive","sensitive","resistant","resistant"
"PF0040-C","2009","true","1017","null","Ghana","GH","Upper East","Upper East","sensitive","sensitive","sensitive","sensitive","undetermined","resistant"
"PF0041-C","2009","true","1017","null","Ghana","GH","Upper East","Upper East","sensitive","resistant","sensitive","sensitive","resistant","resistant"
"PF0042-C","2009","true","1017","null","Ghana","GH","Upper East","Upper East","sensitive","sensitive","sensitive","sensitive","resistant","resistant"
"PF0043-C","2009","true","1017","null","Ghana","GH","Upper East","Upper East","sensitive","sensitive","sensitive","sensitive","resistant","resistant"
"PF0044-C","2009","true","1017","null","Ghana","GH","Upper East","Upper East","sensitive","sensitive","sensitive","sensitive","resistant","resistant"
"PF0045-C","2009","true","1017","null","Ghana","GH","Upper East","Upper East","sensitive","resistant","sensitive","sensitive","resistant","resistant"
"PF0046-C","2009","true","1017","null","Ghana","GH","Upper East","Upper East","sensitive","sensitive","undetermined","undetermined","resistant","resistant"
"PF0047-C","2009","true","1017","null","Ghana","GH","Upper East","Upper East","sensitive","sensitive","sensitive","sensitive","resistant","resistant"
"PF0048-C","2009","true","1017","null","Ghana","GH","Upper East","Upper East","sensitive","resistant","sensitive","sensitive","resistant","resistant"
"PF0049-C","2009","true","1017","null","Ghana","GH","Upper East","Upper East","sensitive","resistant","sensitive","sensitive","resistant","undetermined"
"PF0050-C","2009","true","1017","null","Ghana","GH","Upper East","Upper East","sensitive","sensitive","sensitive","sensitive","resistant","resistant"
"PF0051-C","2009","true","1017","null","Ghana","GH","Upper East","Upper East","sensitive","sensitive","sensitive","sensitive","resistant","resistant"
"PF0052-C","2009","true","1017","null","Ghana","GH","Upper East","Upper East","sensitive","resistant","sensitive","sensitive","resistant","resistant"
"PF0053-C","2009","true","1017","null","Ghana","GH","Upper East","Upper East","sensitive","sensitive","sensitive","sensitive","resistant","resistant"
"PF0054-C","2009","true","1017","null","Ghana","GH","Upper East","Upper East","sensitive","undetermined","sensitive","sensitive","resistant","resistant"
"PF0055-C","2009","false","1017","null","Ghana","GH","Upper East","Upper East","null","null","null","null","null","null"
"PF0057-C","2009","true","1017","null","Ghana","GH","Upper East","Upper East","undetermined","resistant","sensitive","sensitive","resistant","undetermined"
"PF0058-C","2009","true","1017","null","Ghana","GH","Upper East","Upper East","sensitive","sensitive","sensitive","sensitive","resistant","resistant"
"PF0062-C","2009","true","1017","null","Ghana","GH","Upper East","Upper East","sensitive","sensitive","sensitive","sensitive","resistant","resistant"
"PF0063-C","2009","true","1017","null","Ghana","GH","Upper East","Upper East","sensitive","resistant","sensitive","sensitive","resistant","undetermined"
"PF0064-C","2009","true","1017","null","Ghana","GH","Upper East","Upper East","sensitive","resistant","sensitive","sensitive","resistant","resistant"
"PF0065-C","2009","true","1017","null","Ghana","GH","Upper East","Upper East","sensitive","undetermined","sensitive","sensitive","resistant","resistant"
"PF0066-C","2009","true","1017","null","Ghana","GH","Upper East","Upper East","sensitive","undetermined","sensitive","sensitive","resistant","resistant"
"PF0069-C","2009","true","1017","null","Ghana","GH","Upper East","Upper East","sensitive","sensitive","sensitive","sensitive","undetermined","resistant"
"PF0073-C","2009","true","1017","null","Ghana","GH","Upper East","Upper East","sensitive","resistant","sensitive","sensitive","sensitive","resistant"
"PF0074-C","2009","true","1017","null","Ghana","GH","Upper East","Upper East","sensitive","sensitive","sensitive","sensitive","resistant","resistant"
"PF0075-C","2009","true","1017","null","Ghana","GH","Upper East","Upper East","sensitive","sensitive","sensitive","sensitive","undetermined","undetermined"
"PF0078-C","2009","true","1017","null","Ghana","GH","Upper East","Upper East","sensitive","undetermined","sensitive","sensitive","undetermined","resistant"
"PF0079-C","2009","true","1017","null","Ghana","GH","Upper East","Upper East","sensitive","resistant","sensitive","sensitive","resistant","resistant"
"PF0080-C","2009","true","1017","null","Ghana","GH","Upper East","Upper East","sensitive","resistant","sensitive","sensitive","resistant","resistant"
"PF0081-C","2009","true","1017","null","Ghana","GH","Upper East","Upper East","sensitive","resistant","sensitive","sensitive","sensitive","resistant"
"PF0084-C","2009","true","1017","null","Ghana","GH","Upper East","Upper East","sensitive","sensitive","sensitive","sensitive","resistant","resistant"
"PF0085-C","2009","true","1017","null","Ghana","GH","Upper East","Upper East","sensitive","resistant","sensitive","sensitive","undetermined","resistant"
"PF0089-C","2009","true","1017","null","Ghana","GH","Upper East","Upper East","sensitive","sensitive","sensitive","sensitive","resistant","resistant"
"PF0090-C","2009","true","1017","null","Ghana","GH","Upper East","Upper East","sensitive","sensitive","sensitive","sensitive","resistant","resistant"
"PF0092-C","2009","true","1017","null","Ghana","GH","Upper East","Upper East","sensitive","sensitive","sensitive","sensitive","resistant","resistant"
"PF0095-C","2009","true","1017","null","Ghana","GH","Upper East","Upper East","sensitive","resistant","sensitive","sensitive","sensitive","undetermined"
"PF0096-C","2009","true","1017","null","Ghana","GH","Upper East","Upper East","sensitive","sensitive","sensitive","sensitive","undetermined","resistant"
"PF0097-C","2009","true","1017","null","Ghana","GH","Upper East","Upper East","sensitive","undetermined","sensitive","sensitive","resistant","resistant"
"PF0098-C","2009","true","1017","null","Ghana","GH","Upper East","Upper East","sensitive","resistant","sensitive","sensitive","resistant","resistant"
"PF0100-C","2009","true","1017","null","Ghana","GH","Upper East","Upper East","sensitive","resistant","sensitive","sensitive","resistant","resistant"
"PF0101-C","2009","true","1017","null","Ghana","GH","Upper East","Upper East","sensitive","resistant","sensitive","sensitive","undetermined","undetermined"
"PF0102-C","2009","true","1017","null","Ghana","GH","Upper East","Upper East","sensitive","sensitive","sensitive","sensitive","resistant","resistant"
"PF0103-C","2009","true","1017","null","Ghana","GH","Upper East","Upper East","sensitive","sensitive","sensitive","sensitive","undetermined","resistant"
"PF0104-C","2009","true","1017","null","Ghana","GH","Upper East","Upper East","sensitive","undetermined","sensitive","sensitive","sensitive","undetermined"
"PF0105-C","2009","true","1017","null","Ghana","GH","Upper East","Upper East","sensitive","resistant","sensitive","sensitive","resistant","sensitive"
"PF0106-C","2009","true","1017","null","Ghana","GH","Upper East","Upper East","undetermined","sensitive","sensitive","sensitive","resistant","resistant"
"PF0107-C","2009","true","1017","null","Ghana","GH","Upper East","Upper East","sensitive","resistant","sensitive","sensitive","resistant","resistant"
"PF0108-C","2009","true","1017","null","Ghana","GH","Upper East","Upper East","sensitive","sensitive","sensitive","sensitive","sensitive","resistant"
"PF0109-C","2009","true","1017","null","Ghana","GH","Upper East","Upper East","sensitive","undetermined","sensitive","sensitive","sensitive","resistant"
"PF0111-C","2009","true","1017","null","Ghana","GH","Upper East","Upper East","sensitive","sensitive","sensitive","sensitive","resistant","resistant"
"PF0112-C","2009","true","1017","null","Ghana","GH","Upper East","Upper East","sensitive","sensitive","sensitive","sensitive","sensitive","resistant"
"PF0113-C","2009","true","1017","null","Ghana","GH","Upper East","Upper East","sensitive","resistant","sensitive","sensitive","resistant","resistant"
"PF0114-C","2009","true","1017","null","Ghana","GH","Upper East","Upper East","sensitive","sensitive","sensitive","sensitive","resistant","resistant"
"PF0115-C","2009","true","1017","null","Ghana","GH","Upper East","Upper East","sensitive","resistant","sensitive","sensitive","sensitive","resistant"
"PF0116-C","2009","true","1017","null","Ghana","GH","Upper East","Upper East","sensitive","sensitive","sensitive","sensitive","undetermined","resistant"
"PF0117-C","2009","true","1017","null","Ghana","GH","Upper East","Upper East","sensitive","sensitive","sensitive","sensitive","resistant","sensitive"
"PF0118-C","2009","true","1017","null","Ghana","GH","Upper East","Upper East","sensitive","undetermined","sensitive","sensitive","resistant","undetermined"
"PF0119-C","2009","true","1017","null","Ghana","GH","Upper East","Upper East","sensitive","sensitive","sensitive","sensitive","resistant","resistant"
"PF0121-C","2009","true","1017","null","Ghana","GH","Upper East","Upper East","sensitive","sensitive","sensitive","sensitive","sensitive","resistant"
"PF0122-C","2009","true","1017","null","Ghana","GH","Upper East","Upper East","sensitive","sensitive","sensitive","sensitive","resistant","resistant"
"PF0123-C","2009","true","1017","null","Ghana","GH","Upper East","Upper East","sensitive","resistant","sensitive","sensitive","sensitive","resistant"
"PF0124-C","2009","true","1017","null","Ghana","GH","Upper East","Upper East","sensitive","resistant","sensitive","sensitive","sensitive","undetermined"
"PF0125-C","2009","true","1017","null","Ghana","GH","Upper East","Upper East","sensitive","undetermined","sensitive","sensitive","resistant","undetermined"
"PF0127-C","2009","true","1017","null","Ghana","GH","Upper East","Upper East","sensitive","sensitive","sensitive","sensitive","resistant","resistant"
"PF0128-C","2009","true","1017","null","Ghana","GH","Upper East","Upper East","sensitive","sensitive","sensitive","sensitive","undetermined","undetermined"
"PF0129-C","2009","true","1017","null","Ghana","GH","Upper East","Upper East","sensitive","sensitive","sensitive","sensitive","resistant","resistant"
"PF0130-C","2009","false","1017","null","Ghana","GH","Upper East","Upper East","null","null","null","null","null","null"
"PF0131-C","2009","true","1017","null","Ghana","GH","Upper East","Upper East","sensitive","undetermined","sensitive","sensitive","undetermined","resistant"
"PF0132-C","2009","true","1017","null","Ghana","GH","Upper East","Upper East","sensitive","undetermined","sensitive","sensitive","resistant","undetermined"
"PF0133-C","2009","true","1017","null","Ghana","GH","Upper East","Upper East","sensitive","sensitive","sensitive","sensitive","resistant","resistant"
"PF0134-C","2009","true","1017","null","Ghana","GH","Upper East","Upper East","sensitive","sensitive","sensitive","sensitive","resistant","resistant"
"PF0135-C","2009","true","1017","null","Ghana","GH","Upper East","Upper East","sensitive","sensitive","sensitive","sensitive","resistant","resistant"
"PF0136-C","2009","true","1017","null","Ghana","GH","Upper East","Upper East","sensitive","sensitive","sensitive","sensitive","resistant","resistant"
"PF0137-C","2009","true","1017","null","Ghana","GH","Upper East","Upper East","sensitive","sensitive","sensitive","sensitive","sensitive","sensitive"
"PF0138-C","2009","true","1017","null","Ghana","GH","Upper East","Upper East","sensitive","undetermined","sensitive","sensitive","resistant","undetermined"
"PF0140-C","2009","true","1017","null","Ghana","GH","Upper East","Upper East","sensitive","sensitive","sensitive","sensitive","resistant","resistant"
"PF0141-C","2009","true","1017","null","Ghana","GH","Upper East","Upper East","sensitive","resistant","sensitive","sensitive","undetermined","undetermined"
"PF0142-C","2009","true","1017","null","Ghana","GH","Upper East","Upper East","sensitive","resistant","sensitive","sensitive","resistant","resistant"
"PF0143-C","2009","true","1017","null","Ghana","GH","Upper East","Upper East","sensitive","sensitive","sensitive","sensitive","resistant","sensitive"
"PF0144-C","2009","true","1017","null","Ghana","GH","Upper East","Upper East","sensitive","sensitive","sensitive","sensitive","undetermined","resistant"
"PF0145-C","2010","true","1017","null","Ghana","GH","Upper East","Upper East","sensitive","resistant","sensitive","sensitive","resistant","sensitive"
"PF0146-C","2010","true","1017","null","Ghana","GH","Upper East","Upper East","sensitive","sensitive","sensitive","sensitive","resistant","undetermined"
"PF0147-C","2010","false","1017","null","Ghana","GH","Upper East","Upper East","null","null","null","null","null","null"
"PF0148-C","2010","true","1017","null","Ghana","GH","Upper East","Upper East","sensitive","resistant","sensitive","sensitive","resistant","resistant"
"PF0149-C","2010","true","1017","null","Ghana","GH","Upper East","Upper East","sensitive","undetermined","sensitive","sensitive","resistant","resistant"
"PF0150-C","2010","true","1017","null","Ghana","GH","Upper East","Upper East","sensitive","resistant","sensitive","sensitive","resistant","resistant"
"PF0151-C","2010","true","1017","null","Ghana","GH","Upper East","Upper East","sensitive","sensitive","sensitive","sensitive","resistant","resistant"
"PF0152-C","2010","true","1017","null","Ghana","GH","Upper East","Upper East","sensitive","sensitive","sensitive","sensitive","resistant","resistant"
"PF0153-C","2010","true","1017","null","Ghana","GH","Upper East","Upper East","sensitive","sensitive","sensitive","sensitive","undetermined","resistant"
"PF0154-C","2010","true","1017","null","Ghana","GH","Upper East","Upper East","sensitive","sensitive","sensitive","sensitive","undetermined","resistant"
"PF0155-C","2010","true","1017","null","Ghana","GH","Upper East","Upper East","sensitive","undetermined","sensitive","sensitive","resistant","resistant"
"PF0156-C","2010","true","1017","null","Ghana","GH","Upper East","Upper East","sensitive","sensitive","sensitive","sensitive","sensitive","resistant"
"PF0157-C","2010","true","1017","null","Ghana","GH","Upper East","Upper East","sensitive","sensitive","sensitive","sensitive","resistant","resistant"
"PF0158-C","2011","true","1017","null","Ghana","GH","Upper East","Upper East","sensitive","sensitive","sensitive","sensitive","resistant","resistant"
"PF0159-C","2009","true","1017","null","Ghana","GH","Upper East","Upper East","sensitive","resistant","sensitive","sensitive","resistant","resistant"
"PF0160-C","2009","true","1017","null","Ghana","GH","Upper East","Upper East","sensitive","sensitive","sensitive","sensitive","undetermined","resistant"
"PF0161-C","2009","true","1017","null","Ghana","GH","Upper East","Upper East","sensitive","resistant","sensitive","sensitive","resistant","resistant"
"PF0162-C","2009","true","1017","null","Ghana","GH","Upper East","Upper East","sensitive","sensitive","sensitive","sensitive","resistant","resistant"
"PF0163-C","2009","true","1017","null","Ghana","GH","Upper East","Upper East","sensitive","resistant","sensitive","sensitive","resistant","resistant"
"PF0164-C","2010","true","1017","null","Ghana","GH","Upper East","Upper East","sensitive","sensitive","sensitive","sensitive","resistant","resistant"
"PF0166-C","2010","false","1017","null","Ghana","GH","Upper East","Upper East","null","null","null","null","null","null"
"PF0167-C","2010","true","1017","null","Ghana","GH","Upper East","Upper East","sensitive","sensitive","sensitive","sensitive","resistant","resistant"
"PF0168-C","2010","true","1017","null","Ghana","GH","Upper East","Upper East","sensitive","resistant","sensitive","sensitive","resistant","sensitive"
"PF0169-C","2010","true","1017","null","Ghana","GH","Upper East","Upper East","sensitive","resistant","sensitive","sensitive","sensitive","sensitive"
"PF0170-C","2010","true","1017","null","Ghana","GH","Upper East","Upper East","sensitive","sensitive","sensitive","sensitive","resistant","resistant"
"PF0172-C","2010","true","1017","null","Ghana","GH","Upper East","Upper East","sensitive","sensitive","sensitive","sensitive","resistant","sensitive"
"PF0175-C","2010","true","1017","null","Ghana","GH","Upper East","Upper East","sensitive","sensitive","sensitive","sensitive","sensitive","resistant"
"PF0176-C","2010","true","1017","null","Ghana","GH","Upper East","Upper East","sensitive","sensitive","sensitive","sensitive","resistant","resistant"
"PF0177-C","2010","true","1017","null","Ghana","GH","Upper East","Upper East","sensitive","sensitive","sensitive","sensitive","sensitive","resistant"
"PF0178-C","2010","true","1017","null","Ghana","GH","Upper East","Upper East","sensitive","resistant","sensitive","sensitive","resistant","resistant"
"PF0180-C","2010","true","1017","null","Ghana","GH","Upper East","Upper East","sensitive","sensitive","sensitive","sensitive","sensitive","sensitive"
"PF0181-C","2010","false","1017","null","Ghana","GH","Upper East","Upper East","null","null","null","null","null","null"
"PF0184-C","2010","true","1017","null","Ghana","GH","Upper East","Upper East","sensitive","sensitive","sensitive","sensitive","resistant","sensitive"
"PF0185-C","2010","true","1017","null","Ghana","GH","Upper East","Upper East","sensitive","sensitive","sensitive","sensitive","resistant","resistant"
"PF0186-C","2010","true","1017","null","Ghana","GH","Upper East","Upper East","sensitive","sensitive","sensitive","sensitive","resistant","undetermined"
"PF0188-C","2010","true","1017","null","Ghana","GH","Upper East","Upper East","sensitive","sensitive","sensitive","sensitive","resistant","resistant"
"PF0189-C","2010","true","1017","null","Ghana","GH","Upper East","Upper East","sensitive","sensitive","sensitive","sensitive","undetermined","resistant"
"PF0190-C","2010","true","1017","null","Ghana","GH","Upper East","Upper East","sensitive","undetermined","sensitive","sensitive","resistant","sensitive"
"PF0191-C","2010","true","1017","null","Ghana","GH","Upper East","Upper East","sensitive","sensitive","sensitive","sensitive","undetermined","resistant"
"PF0192-C","2010","true","1017","null","Ghana","GH","Upper East","Upper East","sensitive","sensitive","sensitive","sensitive","resistant","undetermined"
"PF0193-C","2010","true","1017","null","Ghana","GH","Upper East","Upper East","sensitive","sensitive","sensitive","sensitive","sensitive","resistant"
"PF0195-C","2010","true","1017","null","Ghana","GH","Upper East","Upper East","sensitive","undetermined","sensitive","sensitive","resistant","resistant"
"PF0196-C","2010","true","1017","null","Ghana","GH","Upper East","Upper East","sensitive","sensitive","sensitive","sensitive","resistant","resistant"
"PF0197-C","2010","true","1017","null","Ghana","GH","Upper East","Upper East","sensitive","resistant","sensitive","sensitive","resistant","resistant"
"PF0198-C","2010","true","1017","null","Ghana","GH","Upper East","Upper East","sensitive","sensitive","sensitive","sensitive","resistant","resistant"
"PF0199-C","2010","true","1017","null","Ghana","GH","Upper East","Upper East","sensitive","undetermined","sensitive","sensitive","resistant","undetermined"
"PF0202-C","2010","true","1017","null","Ghana","GH","Upper East","Upper East","sensitive","sensitive","sensitive","sensitive","resistant","resistant"
"PF0203-C","2010","true","1017","null","Ghana","GH","Upper East","Upper East","sensitive","sensitive","sensitive","sensitive","resistant","resistant"
"PF0204-C","2010","true","1017","null","Ghana","GH","Upper East","Upper East","sensitive","sensitive","sensitive","sensitive","resistant","resistant"
"PF0205-C","2010","true","1017","null","Ghana","GH","Upper East","Upper East","sensitive","sensitive","sensitive","sensitive","resistant","resistant"
"PF0206-C","2010","true","1017","null","Ghana","GH","Upper East","Upper East","sensitive","sensitive","sensitive","sensitive","sensitive","resistant"
"PF0207-C","2010","true","1017","null","Ghana","GH","Upper East","Upper East","sensitive","sensitive","sensitive","sensitive","resistant","resistant"
"PF0208-C","2010","true","1017","null","Ghana","GH","Upper East","Upper East","sensitive","sensitive","sensitive","sensitive","resistant","resistant"
"PF0211-C","2010","true","1017","null","Ghana","GH","Upper East","Upper East","sensitive","sensitive","sensitive","sensitive","resistant","resistant"
"PF0212-C","2010","true","1017","null","Ghana","GH","Upper East","Upper East","sensitive","sensitive","sensitive","sensitive","resistant","resistant"
"PF0213-C","2010","true","1017","null","Ghana","GH","Upper East","Upper East","sensitive","sensitive","sensitive","sensitive","resistant","resistant"
"PF0214-C","2010","true","1017","null","Ghana","GH","Upper East","Upper East","sensitive","sensitive","sensitive","sensitive","sensitive","sensitive"
"PF0217-C","2010","true","1017","null","Ghana","GH","Upper East","Upper East","sensitive","sensitive","sensitive","sensitive","resistant","resistant"
"PF0218-C","2010","true","1017","null","Ghana","GH","Upper East","Upper East","sensitive","sensitive","sensitive","sensitive","resistant","undetermined"
"PF0219-C","2010","true","1017","null","Ghana","GH","Upper East","Upper East","sensitive","undetermined","sensitive","sensitive","sensitive","resistant"
"PF0221-C","2010","true","1017","null","Ghana","GH","Upper East","Upper East","sensitive","sensitive","sensitive","sensitive","sensitive","resistant"
"PF0222-C","2010","true","1017","null","Ghana","GH","Upper East","Upper East","sensitive","sensitive","sensitive","sensitive","resistant","resistant"
"PF0223-C","2010","true","1017","null","Ghana","GH","Upper East","Upper East","sensitive","sensitive","sensitive","sensitive","undetermined","undetermined"
"PF0225-C","2010","true","1017","null","Ghana","GH","Upper East","Upper East","sensitive","sensitive","sensitive","sensitive","resistant","resistant"
"PF0226-C","2010","true","1017","null","Ghana","GH","Upper East","Upper East","sensitive","sensitive","sensitive","sensitive","undetermined","resistant"
"PF0228-C","2010","true","1017","null","Ghana","GH","Upper East","Upper East","sensitive","sensitive","sensitive","sensitive","undetermined","resistant"
"PF0229-C","2010","true","1017","null","Ghana","GH","Upper East","Upper East","sensitive","sensitive","sensitive","sensitive","undetermined","undetermined"
"PF0230-C","2010","true","1017","null","Ghana","GH","Upper East","Upper East","sensitive","sensitive","sensitive","sensitive","undetermined","undetermined"
"PF0231-C","2010","true","1017","null","Ghana","GH","Upper East","Upper East","sensitive","undetermined","sensitive","sensitive","resistant","resistant"
"PF0232-C","2010","true","1017","null","Ghana","GH","Upper East","Upper East","sensitive","sensitive","sensitive","sensitive","resistant","resistant"
"PF0233-C","2010","true","1017","null","Ghana","GH","Upper East","Upper East","sensitive","sensitive","sensitive","sensitive","resistant","resistant"
"PF0234-C","2010","true","1017","null","Ghana","GH","Upper East","Upper East","sensitive","sensitive","sensitive","sensitive","undetermined","undetermined"
"PF0235-C","2010","true","1017","null","Ghana","GH","Upper East","Upper East","sensitive","sensitive","sensitive","sensitive","sensitive","resistant"
"PF0236-C","2010","false","1017","null","Ghana","GH","Upper East","Upper East","null","null","null","null","null","null"
"PF0238-C","2010","true","1017","null","Ghana","GH","Upper East","Upper East","sensitive","sensitive","sensitive","sensitive","resistant","resistant"
"PF0239-C","2010","true","1017","null","Ghana","GH","Upper East","Upper East","sensitive","sensitive","sensitive","sensitive","resistant","resistant"
"PF0240-C","2010","true","1017","null","Ghana","GH","Upper East","Upper East","sensitive","sensitive","sensitive","sensitive","resistant","resistant"
"PF0241-C","2010","true","1017","null","Ghana","GH","Upper East","Upper East","sensitive","sensitive","sensitive","sensitive","resistant","resistant"
"PF0242-C","2010","true","1017","null","Ghana","GH","Upper East","Upper East","sensitive","undetermined","sensitive","sensitive","resistant","resistant"
"PF0245-C","2010","true","1017","null","Ghana","GH","Upper East","Upper East","sensitive","sensitive","sensitive","sensitive","resistant","resistant"
"PF0246-C","2010","true","1017","null","Ghana","GH","Upper East","Upper East","sensitive","sensitive","sensitive","sensitive","resistant","sensitive"
"PF0248-C","2010","true","1017","null","Ghana","GH","Upper East","Upper East","sensitive","sensitive","sensitive","sensitive","resistant","resistant"
"PF0249-C","2010","true","1017","null","Ghana","GH","Upper East","Upper East","sensitive","resistant","sensitive","sensitive","undetermined","resistant"
"PF0250-C","2010","true","1017","null","Ghana","GH","Upper East","Upper East","sensitive","undetermined","sensitive","sensitive","sensitive","resistant"
"PF0252-C","2010","true","1017","null","Ghana","GH","Upper East","Upper East","sensitive","sensitive","sensitive","sensitive","resistant","sensitive"
"PF0253-C","2010","true","1017","null","Ghana","GH","Upper East","Upper East","sensitive","sensitive","sensitive","sensitive","undetermined","undetermined"
"PF0254-C","2010","true","1017","null","Ghana","GH","Upper East","Upper East","sensitive","resistant","sensitive","sensitive","resistant","resistant"
"PF0255-C","2010","true","1017","null","Ghana","GH","Upper East","Upper East","sensitive","sensitive","sensitive","sensitive","resistant","resistant"
"PF0256-C","2010","true","1017","null","Ghana","GH","Upper East","Upper East","sensitive","sensitive","sensitive","sensitive","resistant","undetermined"
"PF0258-C","2010","true","1017","null","Ghana","GH","Upper East","Upper East","sensitive","resistant","sensitive","sensitive","undetermined","resistant"
"PF0259-C","2010","true","1017","null","Ghana","GH","Upper East","Upper East","sensitive","resistant","sensitive","sensitive","resistant","resistant"
"PF0260-C","2010","true","1017","null","Ghana","GH","Upper East","Upper East","sensitive","sensitive","sensitive","sensitive","resistant","resistant"
"PF0261-C","2010","true","1017","null","Ghana","GH","Upper East","Upper East","sensitive","resistant","sensitive","sensitive","resistant","sensitive"
"PF0262-C","2010","true","1017","null","Ghana","GH","Upper East","Upper East","sensitive","sensitive","sensitive","sensitive","resistant","resistant"
"PF0263-C","2010","true","1017","null","Ghana","GH","Upper East","Upper East","sensitive","sensitive","sensitive","sensitive","resistant","resistant"
"PF0264-C","2010","true","1017","null","Ghana","GH","Upper East","Upper East","sensitive","resistant","sensitive","sensitive","resistant","resistant"
"PF0265-C","2010","true","1017","null","Ghana","GH","Upper East","Upper East","sensitive","resistant","sensitive","sensitive","resistant","resistant"
"PF0266-C","2010","true","1017","null","Ghana","GH","Upper East","Upper East","sensitive","sensitive","sensitive","sensitive","resistant","resistant"
"PF0267-C","2010","true","1017","null","Ghana","GH","Upper East","Upper East","sensitive","resistant","sensitive","sensitive","resistant","resistant"
"PF0268-C","2010","true","1017","null","Ghana","GH","Upper East","Upper East","sensitive","resistant","sensitive","sensitive","sensitive","resistant"
"PF0269-C","2010","true","1017","null","Ghana","GH","Upper East","Upper East","sensitive","sensitive","sensitive","sensitive","resistant","resistant"
"PF0270-C","2010","true","1017","null","Ghana","GH","Upper East","Upper East","sensitive","sensitive","sensitive","sensitive","resistant","resistant"
"PF0272-C","2010","true","1017","null","Ghana","GH","Upper East","Upper East","sensitive","sensitive","sensitive","sensitive","resistant","undetermined"
"PF0274-C","2010","true","1017","null","Ghana","GH","Upper East","Upper East","sensitive","sensitive","sensitive","sensitive","undetermined","resistant"
"PF0275-C","2010","true","1017","null","Ghana","GH","Upper East","Upper East","sensitive","sensitive","sensitive","sensitive","resistant","resistant"
"PF0276-C","2010","true","1017","null","Ghana","GH","Upper East","Upper East","sensitive","resistant","sensitive","sensitive","resistant","resistant"
"PF0277-C","2010","true","1017","null","Ghana","GH","Upper East","Upper East","sensitive","sensitive","sensitive","sensitive","resistant","resistant"
"PF0278-C","2010","true","1017","null","Ghana","GH","Upper East","Upper East","sensitive","resistant","sensitive","sensitive","sensitive","resistant"
"PF0279-C","2010","true","1017","null","Ghana","GH","Upper East","Upper East","sensitive","sensitive","sensitive","sensitive","resistant","resistant"
"PF0280-C","2010","true","1017","null","Ghana","GH","Upper East","Upper East","sensitive","sensitive","sensitive","sensitive","resistant","resistant"
"PF0281-C","2010","true","1017","null","Ghana","GH","Upper East","Upper East","sensitive","undetermined","sensitive","sensitive","resistant","resistant"
"PF0282-C","2010","true","1017","null","Ghana","GH","Upper East","Upper East","sensitive","sensitive","sensitive","sensitive","sensitive","resistant"
"PF0283-C","2010","false","1017","null","Ghana","GH","Upper East","Upper East","null","null","null","null","null","null"
"PF0285-C","2010","true","1017","null","Ghana","GH","Upper East","Upper East","sensitive","resistant","sensitive","sensitive","resistant","resistant"
"PF0286-C","2010","true","1017","null","Ghana","GH","Upper East","Upper East","sensitive","sensitive","sensitive","sensitive","resistant","resistant"
"PF0287-C","2010","true","1017","null","Ghana","GH","Upper East","Upper East","sensitive","resistant","sensitive","sensitive","resistant","resistant"
"PF0288-C","2010","true","1017","null","Ghana","GH","Upper East","Upper East","sensitive","sensitive","sensitive","sensitive","resistant","resistant"
"PF0289-C","2010","true","1017","null","Ghana","GH","Upper East","Upper East","sensitive","undetermined","sensitive","sensitive","resistant","resistant"
"PF0290-C","2010","true","1017","null","Ghana","GH","Upper East","Upper East","sensitive","sensitive","sensitive","sensitive","resistant","resistant"
"PF0291-C","2010","false","1017","null","Ghana","GH","Upper East","Upper East","null","null","null","null","null","null"
"PF0294-C","2010","true","1017","null","Ghana","GH","Upper East","Upper East","sensitive","sensitive","sensitive","sensitive","resistant","resistant"
"PF0295-C","2010","false","1017","null","Ghana","GH","Upper East","Upper East","null","null","null","null","null","null"
"PF0298-C","2010","true","1017","null","Ghana","GH","Upper East","Upper East","sensitive","resistant","sensitive","undetermined","sensitive","resistant"
"PF0299-C","2010","true","1017","null","Ghana","GH","Upper East","Upper East","sensitive","sensitive","sensitive","sensitive","resistant","resistant"
"PF0301-C","2010","true","1017","null","Ghana","GH","Upper East","Upper East","sensitive","resistant","sensitive","sensitive","sensitive","resistant"
"PF0304-C","2010","true","1017","null","Ghana","GH","Upper East","Upper East","sensitive","sensitive","sensitive","sensitive","sensitive","resistant"
"PF0305-C","2010","true","1017","null","Ghana","GH","Upper East","Upper East","sensitive","sensitive","sensitive","sensitive","sensitive","resistant"
"PF0306-C","2010","true","1017","null","Ghana","GH","Upper East","Upper East","sensitive","sensitive","sensitive","sensitive","resistant","resistant"
"PF0308-C","2010","true","1017","null","Ghana","GH","Upper East","Upper East","sensitive","sensitive","sensitive","sensitive","resistant","resistant"
"PF0309-C","2010","true","1017","null","Ghana","GH","Upper East","Upper East","sensitive","resistant","sensitive","sensitive","resistant","resistant"
"PF0310-C","2010","true","1017","null","Ghana","GH","Upper East","Upper East","sensitive","sensitive","sensitive","sensitive","undetermined","resistant"
"PF0311-C","2010","true","1017","null","Ghana","GH","Upper East","Upper East","sensitive","sensitive","sensitive","sensitive","resistant","resistant"
"PF0312-C","2010","false","1017","null","Ghana","GH","Upper East","Upper East","null","null","null","null","null","null"
"PF0314-C","2010","true","1017","null","Ghana","GH","Upper East","Upper East","sensitive","sensitive","sensitive","sensitive","sensitive","sensitive"
"PF0318-C","2010","true","1017","null","Ghana","GH","Upper East","Upper East","sensitive","undetermined","sensitive","sensitive","undetermined","resistant"
"PF0321-C","2010","true","1017","null","Ghana","GH","Upper East","Upper East","sensitive","undetermined","sensitive","sensitive","resistant","undetermined"
"PF0323-C","2010","true","1017","null","Ghana","GH","Upper East","Upper East","sensitive","sensitive","sensitive","sensitive","resistant","resistant"
"PF0325-C","2010","true","1017","null","Ghana","GH","Upper East","Upper East","sensitive","undetermined","sensitive","sensitive","resistant","resistant"
"PF0326-C","2010","true","1017","null","Ghana","GH","Upper East","Upper East","sensitive","sensitive","sensitive","sensitive","sensitive","resistant"
"PF0327-C","2010","true","1017","null","Ghana","GH","Upper East","Upper East","sensitive","sensitive","sensitive","sensitive","undetermined","undetermined"
"PF0328-C","2010","true","1017","null","Ghana","GH","Upper East","Upper East","sensitive","resistant","sensitive","sensitive","resistant","resistant"
"PF0329-C","2010","true","1017","null","Ghana","GH","Upper East","Upper East","sensitive","sensitive","sensitive","sensitive","resistant","resistant"
"PF0330-C","2010","true","1017","null","Ghana","GH","Upper East","Upper East","sensitive","sensitive","sensitive","sensitive","resistant","resistant"
"PF0331-C","2010","true","1017","null","Ghana","GH","Upper East","Upper East","sensitive","sensitive","sensitive","sensitive","resistant","resistant"
"PF0332-C","2010","true","1017","null","Ghana","GH","Upper East","Upper East","sensitive","resistant","sensitive","sensitive","resistant","resistant"
"PF0333-C","2010","true","1017","null","Ghana","GH","Upper East","Upper East","sensitive","sensitive","sensitive","sensitive","undetermined","undetermined"
"PF0334-C","2010","true","1017","null","Ghana","GH","Upper East","Upper East","sensitive","sensitive","sensitive","sensitive","sensitive","resistant"
"PF0335-CW","2010","true","1017","null","Ghana","GH","Upper East","Upper East","sensitive","sensitive","sensitive","sensitive","resistant","resistant"
"PF0336-CW","2010","true","1017","null","Ghana","GH","Upper East","Upper East","sensitive","sensitive","sensitive","sensitive","undetermined","resistant"
"PF0337-C","2011","true","1017","null","Ghana","GH","Upper East","Upper East","sensitive","sensitive","sensitive","sensitive","resistant","resistant"
"PF0338-C","2010","false","1017","null","Ghana","GH","Upper East","Upper East","null","null","null","null","null","null"
"PF0339-C","2010","true","1017","null","Ghana","GH","Upper East","Upper East","sensitive","sensitive","sensitive","sensitive","resistant","resistant"
"PF0340-C","2010","false","1017","null","Ghana","GH","Upper East","Upper East","null","null","null","null","null","null"
"PF0341-C","2010","true","1017","null","Ghana","GH","Upper East","Upper East","sensitive","sensitive","sensitive","sensitive","resistant","resistant"
"PF0342-C","2010","true","1017","null","Ghana","GH","Upper East","Upper East","sensitive","sensitive","sensitive","sensitive","resistant","resistant"
"PF0343-C","2010","false","1017","null","Ghana","GH","Upper East","Upper East","null","null","null","null","null","null"
"PF0344-C","2010","true","1017","null","Ghana","GH","Upper East","Upper East","sensitive","sensitive","sensitive","sensitive","sensitive","resistant"
"PF0345-C","2010","false","1017","null","Ghana","GH","Upper East","Upper East","null","null","null","null","null","null"
"PF0346-C","2010","false","1017","null","Ghana","GH","Upper East","Upper East","null","null","null","null","null","null"
"PF0347-C","2009","true","1017","null","Ghana","GH","Upper East","Upper East","sensitive","resistant","sensitive","sensitive","resistant","resistant"
"PF0349-C","2009","true","1017","null","Ghana","GH","Upper East","Upper East","sensitive","resistant","sensitive","sensitive","undetermined","resistant"
"PF0350-C","2010","true","1017","null","Ghana","GH","Upper East","Upper East","sensitive","sensitive","sensitive","sensitive","resistant","undetermined"
"PF0351-C","2010","false","1017","null","Ghana","GH","Upper East","Upper East","null","null","null","null","null","null"
"PF0352-C","2010","false","1017","null","Ghana","GH","Upper East","Upper East","null","null","null","null","null","null"
"PF0353-C","2010","true","1017","null","Ghana","GH","Upper East","Upper East","sensitive","sensitive","sensitive","sensitive","undetermined","resistant"
"PF0354-C","2010","true","1017","null","Ghana","GH","Upper East","Upper East","sensitive","sensitive","sensitive","sensitive","resistant","resistant"
"PF0355-C","2010","true","1017","null","Ghana","GH","Upper East","Upper East","sensitive","sensitive","sensitive","sensitive","resistant","resistant"
"PF0356-C","2010","true","1017","null","Ghana","GH","Upper East","Upper East","sensitive","undetermined","sensitive","sensitive","resistant","resistant"
"PF0357-C","2010","true","1017","null","Ghana","GH","Upper East","Upper East","undetermined","sensitive","sensitive","sensitive","undetermined","resistant"
"PF0358-C","2010","false","1017","null","Ghana","GH","Upper East","Upper East","null","null","null","null","null","null"
"PF0359-C","2011","true","1017","null","Ghana","GH","Upper East","Upper East","sensitive","undetermined","sensitive","sensitive","resistant","resistant"
"PF0360-C","2010","false","1017","null","Ghana","GH","Upper East","Upper East","null","null","null","null","null","null"
"PF0361-C","2010","true","1017","null","Ghana","GH","Upper East","Upper East","sensitive","resistant","sensitive","sensitive","undetermined","undetermined"
"PF0362-C","2010","false","1017","null","Ghana","GH","Upper East","Upper East","null","null","null","null","null","null"
"PF0363-C","2010","true","1017","null","Ghana","GH","Upper East","Upper East","sensitive","sensitive","sensitive","sensitive","undetermined","resistant"
"PF0364-C","2010","true","1017","null","Ghana","GH","Upper East","Upper East","sensitive","resistant","sensitive","sensitive","resistant","resistant"
"PF0365-C","2010","true","1017","null","Ghana","GH","Upper East","Upper East","sensitive","resistant","sensitive","sensitive","resistant","undetermined"
"PF0366-C","2010","true","1017","null","Ghana","GH","Upper East","Upper East","sensitive","resistant","sensitive","sensitive","resistant","resistant"
"PF0367-C","2010","true","1017","null","Ghana","GH","Upper East","Upper East","sensitive","sensitive","sensitive","sensitive","undetermined","resistant"
"PF0368-C","2010","true","1017","null","Ghana","GH","Upper East","Upper East","sensitive","sensitive","sensitive","sensitive","resistant","resistant"
"PF0369-C","2010","true","1017","null","Ghana","GH","Upper East","Upper East","sensitive","sensitive","sensitive","sensitive","resistant","resistant"
"PF0370-C","2010","true","1017","null","Ghana","GH","Upper East","Upper East","sensitive","sensitive","sensitive","sensitive","sensitive","resistant"
"PF0371-C","2010","true","1017","null","Ghana","GH","Upper East","Upper East","sensitive","resistant","sensitive","sensitive","resistant","resistant"
"PF0372-C","2010","true","1017","null","Ghana","GH","Upper East","Upper East","sensitive","resistant","sensitive","sensitive","resistant","resistant"
"PF0373-C","2011","true","1017","null","Ghana","GH","Upper East","Upper East","sensitive","sensitive","sensitive","sensitive","resistant","undetermined"
"PF0374-C","2010","true","1017","null","Ghana","GH","Upper East","Upper East","sensitive","sensitive","sensitive","sensitive","undetermined","resistant"
"PF0375-C","2010","true","1017","null","Ghana","GH","Upper East","Upper East","sensitive","sensitive","sensitive","sensitive","resistant","resistant"
"PF0376-C","2010","false","1017","null","Ghana","GH","Upper East","Upper East","null","null","null","null","null","null"
"PF0377-C","2010","true","1017","null","Ghana","GH","Upper East","Upper East","sensitive","sensitive","sensitive","sensitive","undetermined","undetermined"
"PF0378-C","2010","true","1017","null","Ghana","GH","Upper East","Upper East","sensitive","sensitive","sensitive","sensitive","resistant","resistant"
"PF0380-C","2010","true","1017","null","Ghana","GH","Upper East","Upper East","sensitive","undetermined","sensitive","sensitive","resistant","resistant"
"PF0381-C","2010","true","1017","null","Ghana","GH","Upper East","Upper East","sensitive","undetermined","sensitive","sensitive","resistant","resistant"
"PF0383-C","2011","true","1017","null","Ghana","GH","Upper East","Upper East","undetermined","undetermined","sensitive","sensitive","undetermined","resistant"
"PF0385-C","2011","true","1017","null","Ghana","GH","Upper East","Upper East","sensitive","sensitive","sensitive","sensitive","resistant","undetermined"
"PF0386-C","2009","true","1017","null","Ghana","GH","Upper East","Upper East","sensitive","sensitive","sensitive","sensitive","resistant","resistant"
"PF0388-C","2011","true","1017","null","Ghana","GH","Upper East","Upper East","sensitive","undetermined","sensitive","sensitive","resistant","resistant"
"PF0389-C","2011","true","1017","null","Ghana","GH","Upper East","Upper East","sensitive","sensitive","sensitive","sensitive","resistant","resistant"
"PF0390-C","2011","true","1017","null","Ghana","GH","Upper East","Upper East","sensitive","undetermined","sensitive","sensitive","resistant","resistant"
"PF0392-C","2011","true","1017","null","Ghana","GH","Upper East","Upper East","sensitive","undetermined","sensitive","sensitive","resistant","resistant"
"PF0393-CW","2011","true","1017","null","Ghana","GH","Upper East","Upper East","sensitive","sensitive","sensitive","sensitive","resistant","resistant"
"PF0395-C","2011","true","1017","null","Ghana","GH","Upper East","Upper East","sensitive","sensitive","sensitive","sensitive","resistant","resistant"
"PF0396-C","2011","true","1017","null","Ghana","GH","Upper East","Upper East","sensitive","sensitive","sensitive","sensitive","undetermined","undetermined"
"PF0397-C","2011","true","1017","null","Ghana","GH","Upper East","Upper East","sensitive","sensitive","sensitive","sensitive","resistant","resistant"
"PF0398-C","2011","true","1017","null","Ghana","GH","Upper East","Upper East","sensitive","sensitive","sensitive","sensitive","resistant","undetermined"
"PF0399-C","2011","true","1017","null","Ghana","GH","Upper East","Upper East","sensitive","sensitive","sensitive","sensitive","sensitive","resistant"
"PF0400-C","2011","true","1017","null","Ghana","GH","Upper East","Upper East","sensitive","resistant","sensitive","sensitive","resistant","resistant"
"PF0401-C","2011","true","1017","null","Ghana","GH","Upper East","Upper East","sensitive","sensitive","sensitive","sensitive","resistant","sensitive"
"PF0404-C","2011","true","1017","null","Ghana","GH","Upper East","Upper East","sensitive","sensitive","sensitive","sensitive","undetermined","resistant"
"PF0405-C","2011","true","1017","null","Ghana","GH","Upper East","Upper East","sensitive","sensitive","sensitive","sensitive","resistant","resistant"
"PF0406-C","2011","true","1017","null","Ghana","GH","Upper East","Upper East","sensitive","sensitive","sensitive","sensitive","resistant","sensitive"
"PF0407-C","2011","true","1017","null","Ghana","GH","Upper East","Upper East","sensitive","sensitive","sensitive","sensitive","resistant","resistant"
"PF0408-C","2011","true","1017","null","Ghana","GH","Upper East","Upper East","sensitive","sensitive","sensitive","sensitive","resistant","undetermined"
"PF0409-C","2011","true","1017","null","Ghana","GH","Upper East","Upper East","sensitive","sensitive","sensitive","sensitive","resistant","sensitive"
"PF0410-CW","2011","true","1017","null","Ghana","GH","Upper East","Upper East","sensitive","sensitive","sensitive","sensitive","resistant","resistant"
"PF0411-C","2011","true","1017","null","Ghana","GH","Upper East","Upper East","sensitive","sensitive","sensitive","sensitive","resistant","resistant"
"PF0412-C","2011","true","1017","null","Ghana","GH","Upper East","Upper East","sensitive","sensitive","sensitive","sensitive","resistant","resistant"
"PF0413-C","2011","true","1017","null","Ghana","GH","Upper East","Upper East","sensitive","resistant","sensitive","sensitive","resistant","resistant"
"PF0414-C","2011","true","1017","null","Ghana","GH","Upper East","Upper East","undetermined","sensitive","sensitive","sensitive","sensitive","resistant"
"PF0415-C","2011","true","1017","null","Ghana","GH","Upper East","Upper East","sensitive","sensitive","sensitive","sensitive","resistant","undetermined"
"PF0417-C","2011","true","1017","null","Ghana","GH","Upper East","Upper East","sensitive","resistant","sensitive","sensitive","resistant","resistant"
"PF0418-C","2011","true","1017","null","Ghana","GH","Upper East","Upper East","sensitive","sensitive","sensitive","sensitive","resistant","resistant"
"PF0419-C","2011","true","1017","null","Ghana","GH","Upper East","Upper East","sensitive","resistant","sensitive","sensitive","resistant","resistant"
"PF0421-C","2011","true","1017","null","Ghana","GH","Upper East","Upper East","sensitive","sensitive","sensitive","sensitive","resistant","resistant"
"PF0422-C","2011","true","1017","null","Ghana","GH","Upper East","Upper East","sensitive","sensitive","sensitive","sensitive","resistant","sensitive"
"PF0423-C","2011","true","1017","null","Ghana","GH","Upper East","Upper East","sensitive","sensitive","sensitive","sensitive","resistant","resistant"
"PF0424-C","2011","true","1017","null","Ghana","GH","Upper East","Upper East","sensitive","sensitive","sensitive","sensitive","resistant","resistant"
"PF0425-C","2011","true","1017","null","Ghana","GH","Upper East","Upper East","sensitive","sensitive","sensitive","sensitive","sensitive","sensitive"
"PF0427-C","2011","true","1017","null","Ghana","GH","Upper East","Upper East","sensitive","sensitive","sensitive","sensitive","sensitive","sensitive"
"PF0428-CW","2011","true","1017","null","Ghana","GH","Upper East","Upper East","sensitive","sensitive","sensitive","sensitive","resistant","resistant"
"PF0430-C","2011","true","1017","null","Ghana","GH","Upper East","Upper East","sensitive","sensitive","sensitive","sensitive","resistant","resistant"
"PF0431-C","2011","true","1017","null","Ghana","GH","Upper East","Upper East","sensitive","sensitive","sensitive","sensitive","resistant","sensitive"
"PF0432-C","2011","true","1017","null","Ghana","GH","Upper East","Upper East","sensitive","sensitive","sensitive","sensitive","resistant","resistant"
"PF0433-C","2011","true","1017","null","Ghana","GH","Upper East","Upper East","sensitive","resistant","sensitive","sensitive","resistant","resistant"
"PF0434-C","2011","true","1017","null","Ghana","GH","Upper East","Upper East","sensitive","resistant","sensitive","sensitive","resistant","resistant"
"PF0437-C","2011","true","1017","null","Ghana","GH","Upper East","Upper East","sensitive","sensitive","sensitive","sensitive","resistant","sensitive"
"PF0438-CW","2011","true","1017","null","Ghana","GH","Upper East","Upper East","sensitive","undetermined","sensitive","sensitive","resistant","sensitive"
"PF0439-C","2011","true","1017","null","Ghana","GH","Upper East","Upper East","sensitive","sensitive","sensitive","sensitive","resistant","resistant"
"PF0440-C","2011","true","1017","null","Ghana","GH","Upper East","Upper East","sensitive","sensitive","sensitive","sensitive","undetermined","undetermined"
"PF0441-CW","2011","true","1017","null","Ghana","GH","Upper East","Upper East","sensitive","resistant","sensitive","sensitive","resistant","resistant"
"PF0442-C","2011","true","1017","null","Ghana","GH","Upper East","Upper East","sensitive","sensitive","sensitive","sensitive","undetermined","undetermined"
"PF0443-C","2011","true","1017","null","Ghana","GH","Upper East","Upper East","sensitive","sensitive","sensitive","sensitive","resistant","resistant"
"PF0444-CW","2011","true","1017","null","Ghana","GH","Upper East","Upper East","sensitive","sensitive","sensitive","sensitive","resistant","undetermined"
"PF0445-C","2011","true","1017","null","Ghana","GH","Upper East","Upper East","sensitive","resistant","sensitive","sensitive","resistant","resistant"
"PF0446-CW","2011","true","1017","null","Ghana","GH","Upper East","Upper East","sensitive","sensitive","sensitive","sensitive","sensitive","resistant"
"PF0447-C","2011","true","1017","null","Ghana","GH","Upper East","Upper East","sensitive","undetermined","sensitive","sensitive","resistant","undetermined"
"PF0448-C","2011","true","1017","null","Ghana","GH","Upper East","Upper East","sensitive","sensitive","sensitive","sensitive","resistant","undetermined"
"PF0449-C","2011","true","1017","null","Ghana","GH","Upper East","Upper East","sensitive","undetermined","sensitive","sensitive","resistant","sensitive"
"PF0450-C","2011","true","1017","null","Ghana","GH","Upper East","Upper East","sensitive","resistant","sensitive","sensitive","resistant","resistant"
"PF0451-C","2010","true","1017","null","Ghana","GH","Upper East","Upper East","sensitive","sensitive","sensitive","sensitive","sensitive","sensitive"
"PF0452-C","2010","true","1017","null","Ghana","GH","Upper East","Upper East","sensitive","sensitive","sensitive","sensitive","resistant","resistant"
"PF0453-C","2011","true","1017","null","Ghana","GH","Upper East","Upper East","sensitive","sensitive","sensitive","sensitive","resistant","undetermined"
"PF0454-C","2011","true","1017","null","Ghana","GH","Upper East","Upper East","sensitive","sensitive","sensitive","sensitive","sensitive","sensitive"
"PF0456-C","2011","true","1017","null","Ghana","GH","Upper East","Upper East","sensitive","sensitive","sensitive","sensitive","resistant","resistant"
"PF0458-C","2011","true","1017","null","Ghana","GH","Upper East","Upper East","sensitive","sensitive","sensitive","sensitive","resistant","resistant"
"PF0461-C","2011","true","1017","null","Ghana","GH","Upper East","Upper East","sensitive","undetermined","sensitive","sensitive","resistant","undetermined"
"PF0463-C","2011","true","1017","null","Ghana","GH","Upper East","Upper East","sensitive","undetermined","sensitive","sensitive","resistant","resistant"
"PF0464-C","2011","true","1017","null","Ghana","GH","Upper East","Upper East","sensitive","sensitive","sensitive","sensitive","sensitive","sensitive"
"PF0465-C","2011","true","1017","null","Ghana","GH","Upper East","Upper East","sensitive","undetermined","sensitive","sensitive","sensitive","resistant"
"PF0466-C","2011","false","1017","null","Ghana","GH","Upper East","Upper East","null","null","null","null","null","null"
"PF0467-C","2011","true","1017","null","Ghana","GH","Upper East","Upper East","sensitive","sensitive","sensitive","sensitive","resistant","resistant"
"PF0469-C","2011","true","1017","null","Ghana","GH","Upper East","Upper East","sensitive","undetermined","sensitive","sensitive","undetermined","resistant"
"PF0471-C","2011","true","1017","null","Ghana","GH","Upper East","Upper East","sensitive","sensitive","sensitive","sensitive","undetermined","undetermined"
"PF0472-C","2011","true","1017","null","Ghana","GH","Upper East","Upper East","sensitive","resistant","sensitive","sensitive","resistant","resistant"
"PF0473-C","2011","true","1017","null","Ghana","GH","Upper East","Upper East","sensitive","sensitive","sensitive","sensitive","resistant","resistant"
"PF0476-C","2011","true","1017","null","Ghana","GH","Upper East","Upper East","undetermined","sensitive","sensitive","sensitive","resistant","undetermined"
"PF0477-C","2011","true","1017","null","Ghana","GH","Upper East","Upper East","sensitive","sensitive","sensitive","sensitive","sensitive","resistant"
"PF0478-C","2011","true","1017","null","Ghana","GH","Upper East","Upper East","sensitive","sensitive","sensitive","sensitive","undetermined","undetermined"
"PF0479-C","2011","true","1017","null","Ghana","GH","Upper East","Upper East","sensitive","sensitive","sensitive","sensitive","sensitive","resistant"
"PF0480-C","2011","true","1017","null","Ghana","GH","Upper East","Upper East","sensitive","sensitive","sensitive","sensitive","resistant","resistant"
"PF0482-C","2011","true","1017","null","Ghana","GH","Upper East","Upper East","sensitive","resistant","sensitive","sensitive","resistant","resistant"
"PF0484-C","2011","true","1017","null","Ghana","GH","Upper East","Upper East","undetermined","sensitive","sensitive","sensitive","resistant","resistant"
"PF0485-C","2011","true","1017","null","Ghana","GH","Upper East","Upper East","sensitive","sensitive","sensitive","sensitive","undetermined","undetermined"
"PF0486-C","2011","true","1017","null","Ghana","GH","Upper East","Upper East","sensitive","sensitive","sensitive","sensitive","sensitive","resistant"
"PF0487-C","2009","true","1017","null","Ghana","GH","Upper East","Upper East","sensitive","sensitive","sensitive","sensitive","resistant","undetermined"
"PF0488-C","2011","true","1017","null","Ghana","GH","Upper East","Upper East","sensitive","sensitive","sensitive","sensitive","resistant","resistant"
"PF0489-C","2009","true","1017","null","Ghana","GH","Upper East","Upper East","sensitive","sensitive","sensitive","sensitive","resistant","resistant"
"PF0491-C","2011","true","1017","null","Ghana","GH","Upper East","Upper East","sensitive","resistant","sensitive","sensitive","resistant","resistant"
"PF0492-C","2011","true","1017","null","Ghana","GH","Upper East","Upper East","sensitive","sensitive","sensitive","sensitive","resistant","sensitive"
"PF0493-C","2010","true","1017","null","Ghana","GH","Upper East","Upper East","sensitive","sensitive","sensitive","sensitive","sensitive","sensitive"
"PF0494-C","2011","true","1017","null","Ghana","GH","Upper East","Upper East","sensitive","sensitive","sensitive","sensitive","sensitive","sensitive"
"PF0499-C","2011","true","1017","null","Ghana","GH","Upper East","Upper East","sensitive","sensitive","sensitive","sensitive","undetermined","undetermined"
"PF0502-C","2011","true","1017","null","Ghana","GH","Upper East","Upper East","sensitive","resistant","sensitive","sensitive","resistant","resistant"
"PF0504-C","2009","true","1017","null","Ghana","GH","Upper East","Upper East","sensitive","sensitive","sensitive","sensitive","resistant","resistant"
"PF0507-C","2011","true","1017","null","Ghana","GH","Upper East","Upper East","sensitive","resistant","sensitive","sensitive","sensitive","sensitive"
"PF0510-C","2011","true","1017","null","Ghana","GH","Upper East","Upper East","sensitive","undetermined","sensitive","sensitive","undetermined","undetermined"
"PF0511-C","2011","true","1017","null","Ghana","GH","Upper East","Upper East","sensitive","sensitive","sensitive","sensitive","resistant","resistant"
"PF0512-C","2009","true","1017","null","Ghana","GH","Upper East","Upper East","sensitive","resistant","sensitive","sensitive","resistant","resistant"
"PF0513-C","2011","true","1017","null","Ghana","GH","Upper East","Upper East","sensitive","sensitive","sensitive","sensitive","resistant","resistant"
"PF0514-C","2010","true","1017","null","Ghana","GH","Upper East","Upper East","sensitive","sensitive","sensitive","sensitive","resistant","sensitive"
"PF0515-C","2011","true","1017","null","Ghana","GH","Upper East","Upper East","sensitive","sensitive","sensitive","sensitive","resistant","resistant"
"PF0518-C","2011","true","1017","null","Ghana","GH","Upper East","Upper East","sensitive","sensitive","sensitive","sensitive","undetermined","undetermined"
"PF0519-C","2011","true","1017","null","Ghana","GH","Upper East","Upper East","sensitive","sensitive","sensitive","sensitive","resistant","resistant"
"PF0522-C","2010","true","1017","null","Ghana","GH","Upper East","Upper East","sensitive","sensitive","sensitive","sensitive","undetermined","undetermined"
"PF0524-C","2011","true","1017","null","Ghana","GH","Upper East","Upper East","sensitive","sensitive","sensitive","sensitive","resistant","resistant"
"PF0525-C","2009","true","1017","null","Ghana","GH","Upper East","Upper East","sensitive","resistant","sensitive","sensitive","resistant","resistant"
"PF0529-C","2009","true","1017","null","Ghana","GH","Upper East","Upper East","sensitive","undetermined","sensitive","sensitive","resistant","undetermined"
"PF0531-C","2009","true","1017","null","Ghana","GH","Upper East","Upper East","sensitive","sensitive","sensitive","sensitive","resistant","resistant"
"PF0539-C","2011","true","1017","null","Ghana","GH","Upper East","Upper East","sensitive","sensitive","sensitive","sensitive","resistant","undetermined"
"PF0542-C","2010","true","1017","null","Ghana","GH","Upper East","Upper East","sensitive","sensitive","sensitive","sensitive","resistant","resistant"
"PF0550-C","2011","true","1083","null","Ghana","GH","Brong Ahafo","Brong Ahafo","sensitive","sensitive","sensitive","sensitive","resistant","resistant"
"PF0550-Cx","2011","false","1083","null","Ghana","GH","Brong Ahafo","Brong Ahafo","null","null","null","null","null","null"
"PF0554-C","2011","false","1083","null","Ghana","GH","Brong Ahafo","Brong Ahafo","null","null","null","null","null","null"
"PF0554-Cx","2011","false","1083","null","Ghana","GH","Brong Ahafo","Brong Ahafo","null","null","null","null","null","null"
"PF0556-C","2011","true","1083","null","Ghana","GH","Brong Ahafo","Brong Ahafo","sensitive","sensitive","sensitive","sensitive","resistant","resistant"
"PF0556-Cx","2011","false","1083","null","Ghana","GH","Brong Ahafo","Brong Ahafo","null","null","null","null","null","null"
"PF0557-C","2011","true","1083","null","Ghana","GH","Brong Ahafo","Brong Ahafo","sensitive","sensitive","sensitive","sensitive","resistant","resistant"
"PF0557-Cx","2011","false","1083","null","Ghana","GH","Brong Ahafo","Brong Ahafo","null","null","null","null","null","null"
"PF0559-C","2011","true","1083","null","Ghana","GH","Brong Ahafo","Brong Ahafo","sensitive","sensitive","sensitive","sensitive","resistant","sensitive"
"PF0559-Cx","2011","false","1083","null","Ghana","GH","Brong Ahafo","Brong Ahafo","null","null","null","null","null","null"
"PF0560-C","2011","true","1083","null","Ghana","GH","Brong Ahafo","Brong Ahafo","sensitive","resistant","sensitive","sensitive","resistant","resistant"
"PF0560-Cx","2011","false","1083","null","Ghana","GH","Brong Ahafo","Brong Ahafo","null","null","null","null","null","null"
"PF0562-C","2011","true","1083","null","Ghana","GH","Brong Ahafo","Brong Ahafo","sensitive","sensitive","sensitive","sensitive","resistant","resistant"
"PF0562-Cx","2011","false","1083","null","Ghana","GH","Brong Ahafo","Brong Ahafo","null","null","null","null","null","null"
"PF0578-C","2012","true","1083","null","Ghana","GH","Brong Ahafo","Brong Ahafo","sensitive","sensitive","sensitive","sensitive","resistant","resistant"
"PF0578-Cx","2012","false","1083","null","Ghana","GH","Brong Ahafo","Brong Ahafo","null","null","null","null","null","null"
"PF0579-C","2012","true","1083","null","Ghana","GH","Brong Ahafo","Brong Ahafo","sensitive","sensitive","sensitive","sensitive","undetermined","undetermined"
"PF0579-Cx","2012","false","1083","null","Ghana","GH","Brong Ahafo","Brong Ahafo","null","null","null","null","null","null"
"PF0583-C","2012","true","1083","null","Ghana","GH","Brong Ahafo","Brong Ahafo","sensitive","sensitive","sensitive","sensitive","undetermined","resistant"
"PF0583-Cx","2012","false","1083","null","Ghana","GH","Brong Ahafo","Brong Ahafo","null","null","null","null","null","null"
"PF0584-C","2012","true","1083","null","Ghana","GH","Brong Ahafo","Brong Ahafo","sensitive","sensitive","sensitive","sensitive","resistant","resistant"
"PF0584-Cx","2012","false","1083","null","Ghana","GH","Brong Ahafo","Brong Ahafo","null","null","null","null","null","null"
"PF0587-C","2012","true","1083","null","Ghana","GH","Brong Ahafo","Brong Ahafo","sensitive","sensitive","sensitive","sensitive","undetermined","resistant"
"PF0590-C","2012","true","1083","null","Ghana","GH","Brong Ahafo","Brong Ahafo","sensitive","undetermined","sensitive","sensitive","resistant","resistant"
"PF0590-Cx","2012","false","1083","null","Ghana","GH","Brong Ahafo","Brong Ahafo","null","null","null","null","null","null"
"PF0596-C","2012","true","1083","null","Ghana","GH","Brong Ahafo","Brong Ahafo","sensitive","sensitive","sensitive","sensitive","resistant","resistant"
"PF0597-C","2012","true","1083","null","Ghana","GH","Brong Ahafo","Brong Ahafo","sensitive","sensitive","sensitive","sensitive","resistant","resistant"
"PF0599-C","2012","true","1083","null","Ghana","GH","Brong Ahafo","Brong Ahafo","sensitive","sensitive","sensitive","sensitive","resistant","sensitive"
"PF0600-C","2012","false","1083","null","Ghana","GH","Brong Ahafo","Brong Ahafo","null","null","null","null","null","null"
"PF0603-C","2012","true","1083","null","Ghana","GH","Brong Ahafo","Brong Ahafo","sensitive","sensitive","sensitive","sensitive","resistant","resistant"
"PF0604-C","2012","true","1083","null","Ghana","GH","Brong Ahafo","Brong Ahafo","sensitive","sensitive","sensitive","sensitive","resistant","sensitive"
"PF0606-C","2012","true","1083","null","Ghana","GH","Brong Ahafo","Brong Ahafo","sensitive","sensitive","sensitive","sensitive","resistant","resistant"
"PF0608-C","2012","true","1083","null","Ghana","GH","Brong Ahafo","Brong Ahafo","sensitive","sensitive","sensitive","sensitive","resistant","sensitive"
"PF0609-C","2012","true","1083","null","Ghana","GH","Brong Ahafo","Brong Ahafo","sensitive","sensitive","sensitive","sensitive","resistant","resistant"
"PF0610-C","2012","true","1083","null","Ghana","GH","Brong Ahafo","Brong Ahafo","sensitive","sensitive","sensitive","sensitive","resistant","resistant"
"PF0612-C","2012","true","1083","null","Ghana","GH","Brong Ahafo","Brong Ahafo","sensitive","sensitive","sensitive","sensitive","resistant","sensitive"
"PF0613-C","2012","true","1083","null","Ghana","GH","Brong Ahafo","Brong Ahafo","sensitive","undetermined","sensitive","sensitive","resistant","resistant"
"PF0614-C","2012","true","1083","null","Ghana","GH","Brong Ahafo","Brong Ahafo","sensitive","sensitive","sensitive","sensitive","resistant","resistant"
"PF0615-C","2012","false","1083","null","Ghana","GH","Brong Ahafo","Brong Ahafo","null","null","null","null","null","null"
"PF0616-C","2012","true","1083","null","Ghana","GH","Brong Ahafo","Brong Ahafo","sensitive","sensitive","sensitive","sensitive","resistant","resistant"
"PF0617-C","2012","true","1083","null","Ghana","GH","Brong Ahafo","Brong Ahafo","sensitive","sensitive","sensitive","sensitive","resistant","resistant"
"PF0619-C","2012","true","1083","null","Ghana","GH","Brong Ahafo","Brong Ahafo","sensitive","undetermined","sensitive","sensitive","resistant","resistant"
"PF0620-C","2012","true","1083","null","Ghana","GH","Brong Ahafo","Brong Ahafo","sensitive","sensitive","sensitive","sensitive","undetermined","resistant"
"PF0621-C","2012","true","1083","null","Ghana","GH","Brong Ahafo","Brong Ahafo","sensitive","sensitive","sensitive","sensitive","resistant","undetermined"
"PF0624-C","2012","true","1083","null","Ghana","GH","Brong Ahafo","Brong Ahafo","sensitive","sensitive","sensitive","sensitive","resistant","resistant"
"PF0625-C","2012","true","1083","null","Ghana","GH","Brong Ahafo","Brong Ahafo","sensitive","sensitive","sensitive","sensitive","resistant","resistant"
"PF0626-C","2012","false","1083","null","Ghana","GH","Brong Ahafo","Brong Ahafo","null","null","null","null","null","null"
"PF0627-C","2012","true","1083","null","Ghana","GH","Brong Ahafo","Brong Ahafo","sensitive","sensitive","sensitive","sensitive","resistant","resistant"
"PF0628-C","2012","true","1083","null","Ghana","GH","Brong Ahafo","Brong Ahafo","sensitive","undetermined","sensitive","undetermined","undetermined","resistant"
"PF0629-C","2012","true","1083","null","Ghana","GH","Brong Ahafo","Brong Ahafo","sensitive","sensitive","sensitive","sensitive","resistant","resistant"
"PF0630-C","2012","false","1083","null","Ghana","GH","Brong Ahafo","Brong Ahafo","null","null","null","null","null","null"
"PF0632-C","2012","true","1083","null","Ghana","GH","Brong Ahafo","Brong Ahafo","sensitive","sensitive","undetermined","undetermined","resistant","resistant"
"PF0633-C","2012","true","1083","null","Ghana","GH","Brong Ahafo","Brong Ahafo","sensitive","resistant","sensitive","sensitive","resistant","resistant"
"PF0634-C","2012","true","1083","null","Ghana","GH","Brong Ahafo","Brong Ahafo","sensitive","sensitive","undetermined","undetermined","undetermined","resistant"
"PF0635-C","2012","true","1083","null","Ghana","GH","Brong Ahafo","Brong Ahafo","sensitive","resistant","sensitive","sensitive","resistant","resistant"
"PF0638-C","2012","true","1083","null","Ghana","GH","Brong Ahafo","Brong Ahafo","sensitive","sensitive","sensitive","sensitive","resistant","resistant"
"PF0639-C","2012","false","1083","null","Ghana","GH","Brong Ahafo","Brong Ahafo","null","null","null","null","null","null"
"PF0641-C","2012","true","1083","null","Ghana","GH","Brong Ahafo","Brong Ahafo","sensitive","sensitive","undetermined","undetermined","resistant","undetermined"
"PF0643-C","2012","true","1083","null","Ghana","GH","Brong Ahafo","Brong Ahafo","sensitive","sensitive","undetermined","undetermined","resistant","undetermined"
"PF0647-C","2012","true","1083","null","Ghana","GH","Brong Ahafo","Brong Ahafo","sensitive","sensitive","sensitive","sensitive","resistant","resistant"
"PF0650-C","2012","true","1083","null","Ghana","GH","Brong Ahafo","Brong Ahafo","sensitive","sensitive","sensitive","sensitive","resistant","resistant"
"PF0651-C","2012","true","1083","null","Ghana","GH","Brong Ahafo","Brong Ahafo","sensitive","sensitive","sensitive","sensitive","resistant","resistant"
"PF0653-C","2012","true","1083","null","Ghana","GH","Brong Ahafo","Brong Ahafo","sensitive","sensitive","sensitive","sensitive","undetermined","resistant"
"PF0655-C","2012","true","1083","null","Ghana","GH","Brong Ahafo","Brong Ahafo","sensitive","sensitive","undetermined","undetermined","resistant","resistant"
"PF0661-C","2013","true","1083","null","Ghana","GH","Brong Ahafo","Brong Ahafo","sensitive","sensitive","sensitive","sensitive","resistant","resistant"
"PF0662-C","2013","false","1083","null","Ghana","GH","Brong Ahafo","Brong Ahafo","null","null","null","null","null","null"
"PF0663-C","2013","true","1083","null","Ghana","GH","Brong Ahafo","Brong Ahafo","sensitive","sensitive","sensitive","sensitive","resistant","resistant"
"PF0664-C","2013","true","1083","null","Ghana","GH","Brong Ahafo","Brong Ahafo","sensitive","sensitive","sensitive","sensitive","resistant","resistant"
"PF0666-C","2013","true","1083","null","Ghana","GH","Brong Ahafo","Brong Ahafo","sensitive","sensitive","sensitive","sensitive","resistant","resistant"
"PF0667-C","2012","true","1083","null","Ghana","GH","Upper East","Upper East","sensitive","sensitive","sensitive","sensitive","resistant","resistant"
"PF0668-C","2012","true","1083","null","Ghana","GH","Upper East","Upper East","sensitive","sensitive","sensitive","sensitive","sensitive","resistant"
"PF0669-C","2012","true","1083","null","Ghana","GH","Upper East","Upper East","sensitive","sensitive","undetermined","undetermined","undetermined","resistant"
"PF0670-C","2012","true","1083","null","Ghana","GH","Upper East","Upper East","sensitive","sensitive","undetermined","undetermined","resistant","sensitive"
"PF0671-C","2012","true","1083","null","Ghana","GH","Upper East","Upper East","sensitive","sensitive","sensitive","sensitive","undetermined","resistant"
"PF0672-C","2012","true","1083","null","Ghana","GH","Upper East","Upper East","sensitive","sensitive","sensitive","undetermined","undetermined","resistant"
"PF0673-C","2012","true","1083","null","Ghana","GH","Upper East","Upper East","sensitive","sensitive","undetermined","undetermined","resistant","resistant"
"PF0674-C","2012","true","1083","null","Ghana","GH","Upper East","Upper East","sensitive","sensitive","sensitive","sensitive","sensitive","resistant"
"PF0675-C","2012","true","1083","null","Ghana","GH","Upper East","Upper East","sensitive","sensitive","sensitive","undetermined","resistant","resistant"
"PF0676-C","2012","true","1083","null","Ghana","GH","Upper East","Upper East","sensitive","resistant","sensitive","undetermined","resistant","resistant"
"PF0678-C","2012","true","1083","null","Ghana","GH","Upper East","Upper East","sensitive","resistant","sensitive","undetermined","resistant","resistant"
"PF0679-C","2012","true","1083","null","Ghana","GH","Upper East","Upper East","sensitive","sensitive","sensitive","sensitive","resistant","resistant"
"PF0680-C","2012","true","1083","null","Ghana","GH","Upper East","Upper East","sensitive","sensitive","sensitive","undetermined","resistant","resistant"
"PF0681-C","2012","true","1083","null","Ghana","GH","Upper East","Upper East","sensitive","sensitive","sensitive","sensitive","resistant","resistant"
"PF0682-C","2012","true","1083","null","Ghana","GH","Upper East","Upper East","sensitive","sensitive","undetermined","undetermined","resistant","resistant"
"PF0683-C","2012","true","1083","null","Ghana","GH","Upper East","Upper East","sensitive","sensitive","sensitive","sensitive","resistant","undetermined"
"PF0684-C","2012","true","1083","null","Ghana","GH","Upper East","Upper East","sensitive","sensitive","undetermined","undetermined","resistant","resistant"
"PF0685-C","2012","true","1083","null","Ghana","GH","Upper East","Upper East","sensitive","sensitive","undetermined","undetermined","resistant","resistant"
"PF0686-C","2012","true","1083","null","Ghana","GH","Upper East","Upper East","sensitive","sensitive","undetermined","undetermined","resistant","resistant"
"PF0687-C","2012","true","1083","null","Ghana","GH","Upper East","Upper East","sensitive","sensitive","undetermined","undetermined","resistant","resistant"
"PF0689-C","2012","true","1083","null","Ghana","GH","Upper East","Upper East","sensitive","sensitive","undetermined","undetermined","resistant","resistant"
"PF0690-C","2012","true","1083","null","Ghana","GH","Upper East","Upper East","sensitive","sensitive","sensitive","sensitive","resistant","resistant"
"PF0691-C","2012","true","1083","null","Ghana","GH","Upper East","Upper East","sensitive","sensitive","undetermined","undetermined","resistant","resistant"
"PF0692-C","2012","true","1083","null","Ghana","GH","Upper East","Upper East","undetermined","sensitive","undetermined","undetermined","resistant","resistant"
"PF0693-C","2012","true","1083","null","Ghana","GH","Upper East","Upper East","sensitive","sensitive","sensitive","undetermined","resistant","resistant"
"PF0694-C","2012","true","1083","null","Ghana","GH","Upper East","Upper East","sensitive","sensitive","undetermined","undetermined","resistant","sensitive"
"PF0695-C","2012","true","1083","null","Ghana","GH","Upper East","Upper East","sensitive","sensitive","sensitive","undetermined","resistant","resistant"
"PF0696-C","2012","true","1083","null","Ghana","GH","Upper East","Upper East","sensitive","sensitive","undetermined","undetermined","resistant","resistant"
"PF0697-C","2012","true","1083","null","Ghana","GH","Upper East","Upper East","sensitive","sensitive","undetermined","undetermined","resistant","resistant"
"PF0698-C","2012","true","1083","null","Ghana","GH","Upper East","Upper East","sensitive","undetermined","sensitive","sensitive","resistant","resistant"
"PF0699-C","2012","true","1083","null","Ghana","GH","Upper East","Upper East","sensitive","sensitive","undetermined","undetermined","resistant","resistant"
"PF0700-C","2012","true","1083","null","Ghana","GH","Upper East","Upper East","sensitive","sensitive","undetermined","undetermined","undetermined","undetermined"
"PF0701-C","2012","true","1083","null","Ghana","GH","Upper East","Upper East","sensitive","sensitive","undetermined","undetermined","resistant","resistant"
"PF0703-C","2012","true","1083","null","Ghana","GH","Upper East","Upper East","sensitive","sensitive","undetermined","undetermined","resistant","resistant"
"PF0704-C","2012","true","1083","null","Ghana","GH","Upper East","Upper East","sensitive","sensitive","sensitive","undetermined","resistant","resistant"
"PF0706-C","2012","true","1083","null","Ghana","GH","Upper East","Upper East","sensitive","sensitive","undetermined","undetermined","resistant","resistant"
"PF0707-C","2012","true","1083","null","Ghana","GH","Upper East","Upper East","sensitive","sensitive","undetermined","undetermined","sensitive","sensitive"
"PF0708-C","2012","true","1083","null","Ghana","GH","Upper East","Upper East","sensitive","sensitive","undetermined","undetermined","resistant","resistant"
"PF0710-C","2012","true","1083","null","Ghana","GH","Upper East","Upper East","sensitive","undetermined","sensitive","sensitive","resistant","undetermined"
"PF0711-C","2012","true","1083","null","Ghana","GH","Upper East","Upper East","sensitive","sensitive","sensitive","sensitive","undetermined","resistant"
"PF0712-C","2012","true","1083","null","Ghana","GH","Upper East","Upper East","sensitive","undetermined","undetermined","undetermined","resistant","resistant"
"PF0715-C","2012","true","1083","null","Ghana","GH","Upper East","Upper East","sensitive","sensitive","undetermined","undetermined","resistant","resistant"
"PF0717-C","2012","false","1083","null","Ghana","GH","Upper East","Upper East","null","null","null","null","null","null"
"PF0718-C","2012","true","1083","null","Ghana","GH","Upper East","Upper East","undetermined","sensitive","sensitive","sensitive","resistant","resistant"
"PF0720-C","2012","true","1083","null","Ghana","GH","Upper East","Upper East","sensitive","sensitive","sensitive","sensitive","resistant","resistant"
"PF0722-C","2012","true","1083","null","Ghana","GH","Upper East","Upper East","sensitive","sensitive","undetermined","undetermined","resistant","resistant"
"PF0723-C","2012","true","1083","null","Ghana","GH","Upper East","Upper East","sensitive","sensitive","undetermined","undetermined","sensitive","resistant"
"PF0724-C","2012","true","1083","null","Ghana","GH","Upper East","Upper East","sensitive","sensitive","undetermined","undetermined","resistant","undetermined"
"PF0725-C","2013","true","1094","null","Ghana","GH","Upper East","Upper East","sensitive","sensitive","sensitive","sensitive","sensitive","resistant"
"PF0727-C","2013","true","1094","null","Ghana","GH","Upper East","Upper East","sensitive","sensitive","sensitive","sensitive","resistant","undetermined"
"PF0728-C","2013","true","1094","null","Ghana","GH","Upper East","Upper East","sensitive","sensitive","sensitive","sensitive","resistant","resistant"
"PF0729-C","2013","true","1094","null","Ghana","GH","Upper East","Upper East","sensitive","undetermined","sensitive","sensitive","resistant","resistant"
"PF0730-C","2013","true","1094","null","Ghana","GH","Upper East","Upper East","sensitive","sensitive","sensitive","sensitive","resistant","sensitive"
"PF0731-C","2013","true","1094","null","Ghana","GH","Upper East","Upper East","sensitive","sensitive","sensitive","sensitive","undetermined","undetermined"
"PF0732-C","2013","true","1094","null","Ghana","GH","Upper East","Upper East","sensitive","sensitive","sensitive","sensitive","resistant","resistant"
"PF0733-C","2013","true","1094","null","Ghana","GH","Upper East","Upper East","sensitive","sensitive","sensitive","sensitive","resistant","resistant"
"PF0734-C","2013","true","1094","null","Ghana","GH","Upper East","Upper East","sensitive","sensitive","sensitive","sensitive","resistant","undetermined"
"PF0735-C","2013","true","1094","null","Ghana","GH","Upper East","Upper East","sensitive","sensitive","sensitive","sensitive","undetermined","undetermined"
"PF0736-C","2013","true","1094","null","Ghana","GH","Upper East","Upper East","sensitive","sensitive","sensitive","sensitive","undetermined","resistant"
"PF0737-C","2013","true","1094","null","Ghana","GH","Upper East","Upper East","sensitive","sensitive","sensitive","sensitive","resistant","resistant"
"PF0738-C","2013","true","1094","null","Ghana","GH","Upper East","Upper East","sensitive","sensitive","sensitive","sensitive","resistant","resistant"
"PF0739-C","2013","true","1094","null","Ghana","GH","Upper East","Upper East","sensitive","sensitive","sensitive","sensitive","resistant","resistant"
"PF0740-C","2013","true","1094","null","Ghana","GH","Upper East","Upper East","sensitive","sensitive","sensitive","sensitive","resistant","resistant"
"PF0741-C","2013","true","1094","null","Ghana","GH","Upper East","Upper East","sensitive","sensitive","sensitive","sensitive","resistant","resistant"
"PF0742-C","2013","true","1094","null","Ghana","GH","Upper East","Upper East","sensitive","sensitive","sensitive","sensitive","sensitive","resistant"
"PF0743-C","2013","true","1094","null","Ghana","GH","Upper East","Upper East","sensitive","sensitive","sensitive","sensitive","resistant","resistant"
"PF0744-C","2013","true","1094","null","Ghana","GH","Upper East","Upper East","sensitive","sensitive","sensitive","sensitive","undetermined","resistant"
"PF0745-C","2013","true","1094","null","Ghana","GH","Upper East","Upper East","sensitive","sensitive","sensitive","sensitive","undetermined","undetermined"
"PF0747-C","2013","true","1094","null","Ghana","GH","Upper East","Upper East","sensitive","sensitive","sensitive","sensitive","resistant","resistant"
"PF0748-C","2013","true","1094","null","Ghana","GH","Upper East","Upper East","sensitive","sensitive","sensitive","sensitive","sensitive","resistant"
"PF0749-C","2013","true","1094","null","Ghana","GH","Upper East","Upper East","sensitive","sensitive","sensitive","sensitive","resistant","resistant"
"PF0750-C","2013","true","1094","null","Ghana","GH","Upper East","Upper East","sensitive","sensitive","sensitive","sensitive","resistant","resistant"
"PF0751-C","2013","true","1094","null","Ghana","GH","Upper East","Upper East","sensitive","sensitive","sensitive","sensitive","resistant","resistant"
"PF0752-C","2013","true","1094","null","Ghana","GH","Upper East","Upper East","sensitive","sensitive","sensitive","sensitive","sensitive","sensitive"
"PF0753-C","2013","true","1094","null","Ghana","GH","Upper East","Upper East","sensitive","sensitive","sensitive","sensitive","resistant","undetermined"
"PF0754-C","2013","true","1094","null","Ghana","GH","Upper East","Upper East","sensitive","resistant","sensitive","sensitive","resistant","resistant"
"PF0755-C","2013","true","1094","null","Ghana","GH","Upper East","Upper East","sensitive","sensitive","sensitive","sensitive","undetermined","resistant"
"PF0756-C","2013","true","1094","null","Ghana","GH","Upper East","Upper East","sensitive","resistant","sensitive","sensitive","resistant","sensitive"
"PF0757-C","2013","true","1094","null","Ghana","GH","Upper East","Upper East","undetermined","sensitive","sensitive","sensitive","resistant","resistant"
"PF0758-C","2013","true","1094","null","Ghana","GH","Upper East","Upper East","sensitive","sensitive","sensitive","sensitive","undetermined","resistant"
"PF0759-C","2013","true","1094","null","Ghana","GH","Upper East","Upper East","sensitive","sensitive","sensitive","sensitive","resistant","resistant"
"PF0760-C","2013","true","1094","null","Ghana","GH","Upper East","Upper East","sensitive","sensitive","sensitive","sensitive","resistant","resistant"
"PF0761-C","2013","true","1094","null","Ghana","GH","Upper East","Upper East","sensitive","sensitive","sensitive","sensitive","resistant","resistant"
"PF0762-C","2013","true","1094","null","Ghana","GH","Upper East","Upper East","sensitive","sensitive","sensitive","sensitive","resistant","resistant"
"PF0763-C","2013","true","1094","null","Ghana","GH","Upper East","Upper East","sensitive","sensitive","sensitive","sensitive","resistant","resistant"
"PF0764-C","2013","true","1094","null","Ghana","GH","Upper East","Upper East","sensitive","sensitive","sensitive","sensitive","resistant","resistant"
"PF0765-C","2013","true","1094","null","Ghana","GH","Upper East","Upper East","sensitive","sensitive","sensitive","sensitive","resistant","resistant"
"PF0766-C","2013","true","1094","null","Ghana","GH","Upper East","Upper East","sensitive","sensitive","sensitive","sensitive","undetermined","resistant"
"PF0767-C","2013","true","1094","null","Ghana","GH","Upper East","Upper East","sensitive","sensitive","sensitive","sensitive","resistant","resistant"
"PF0768-C","2013","true","1094","null","Ghana","GH","Upper East","Upper East","sensitive","sensitive","sensitive","sensitive","sensitive","resistant"
"PF0769-C","2013","true","1094","null","Ghana","GH","Upper East","Upper East","sensitive","sensitive","sensitive","sensitive","sensitive","resistant"
"PF0771-C","2013","true","1094","null","Ghana","GH","Upper East","Upper East","sensitive","sensitive","sensitive","sensitive","resistant","resistant"
"PF0772-C","2013","true","1094","null","Ghana","GH","Upper East","Upper East","sensitive","resistant","sensitive","sensitive","resistant","resistant"
"PF0773-C","2013","true","1094","null","Ghana","GH","Upper East","Upper East","sensitive","sensitive","sensitive","sensitive","resistant","resistant"
"PF0774-C","2013","false","1094","null","Ghana","GH","Upper East","Upper East","null","null","null","null","null","null"
"PF0775-C","2013","true","1094","null","Ghana","GH","Upper East","Upper East","sensitive","sensitive","sensitive","sensitive","resistant","resistant"
"PF0776-C","2013","true","1094","null","Ghana","GH","Upper East","Upper East","sensitive","sensitive","sensitive","sensitive","resistant","resistant"
"PF0777-C","2013","true","1094","null","Ghana","GH","Upper East","Upper East","sensitive","sensitive","sensitive","sensitive","resistant","resistant"
"PF0778-C","2013","true","1094","null","Ghana","GH","Upper East","Upper East","sensitive","sensitive","sensitive","sensitive","resistant","resistant"
"PF0780-C","2013","true","1094","null","Ghana","GH","Upper East","Upper East","sensitive","sensitive","sensitive","sensitive","sensitive","resistant"
"PF0781-C","2013","true","1094","null","Ghana","GH","Upper East","Upper East","sensitive","sensitive","sensitive","sensitive","resistant","resistant"
"PF0782-C","2013","true","1094","null","Ghana","GH","Upper East","Upper East","sensitive","sensitive","sensitive","sensitive","resistant","resistant"
"PF0783-C","2013","true","1094","null","Ghana","GH","Upper East","Upper East","sensitive","sensitive","sensitive","sensitive","resistant","resistant"
"PF0784-C","2013","true","1094","null","Ghana","GH","Upper East","Upper East","sensitive","sensitive","sensitive","sensitive","resistant","undetermined"
"PF0785-C","2013","true","1094","null","Ghana","GH","Upper East","Upper East","sensitive","resistant","sensitive","sensitive","resistant","resistant"
"PF0786-C","2013","true","1094","null","Ghana","GH","Upper East","Upper East","sensitive","sensitive","sensitive","sensitive","sensitive","resistant"
"PF0787-C","2013","true","1094","null","Ghana","GH","Upper East","Upper East","sensitive","sensitive","sensitive","sensitive","resistant","resistant"
"PF0789-C","2013","true","1094","null","Ghana","GH","Upper East","Upper East","sensitive","resistant","sensitive","sensitive","resistant","sensitive"
"PF0790-C","2013","true","1094","null","Ghana","GH","Upper East","Upper East","sensitive","sensitive","sensitive","sensitive","undetermined","resistant"
"PF0791-C","2013","true","1094","null","Ghana","GH","Upper East","Upper East","sensitive","sensitive","sensitive","sensitive","resistant","resistant"
"PF0792-C","2013","true","1094","null","Ghana","GH","Upper East","Upper East","sensitive","sensitive","sensitive","sensitive","resistant","resistant"
"PF0793-C","2013","true","1094","null","Ghana","GH","Upper East","Upper East","sensitive","sensitive","sensitive","sensitive","resistant","undetermined"
"PF0794-C","2013","false","1094","null","Ghana","GH","Upper East","Upper East","null","null","null","null","null","null"
"PF0796-C","2013","true","1094","null","Ghana","GH","Upper East","Upper East","sensitive","undetermined","sensitive","sensitive","resistant","undetermined"
"PF0798-C","2013","true","1094","null","Ghana","GH","Upper East","Upper East","sensitive","sensitive","sensitive","sensitive","resistant","resistant"
"PF0799-C","2013","true","1094","null","Ghana","GH","Upper East","Upper East","sensitive","sensitive","sensitive","sensitive","undetermined","undetermined"
"PF0800-C","2013","true","1094","null","Ghana","GH","Upper East","Upper East","sensitive","sensitive","sensitive","sensitive","undetermined","resistant"
"PF0801-C","2013","true","1094","null","Ghana","GH","Upper East","Upper East","sensitive","sensitive","sensitive","sensitive","resistant","resistant"
"PF0802-C","2013","true","1094","null","Ghana","GH","Upper East","Upper East","sensitive","sensitive","sensitive","sensitive","resistant","resistant"
"PF0803-C","2013","true","1094","null","Ghana","GH","Upper East","Upper East","sensitive","sensitive","sensitive","sensitive","resistant","resistant"
"PF0804-C","2013","true","1094","null","Ghana","GH","Upper East","Upper East","sensitive","sensitive","sensitive","sensitive","resistant","resistant"
"PF0805-C","2013","true","1094","null","Ghana","GH","Upper East","Upper East","sensitive","resistant","sensitive","sensitive","resistant","resistant"
"PF0806-C","2013","true","1094","null","Ghana","GH","Upper East","Upper East","sensitive","sensitive","sensitive","sensitive","resistant","resistant"
"PF0807-C","2013","true","1094","null","Ghana","GH","Upper East","Upper East","sensitive","sensitive","sensitive","sensitive","undetermined","undetermined"
"PF0808-C","2013","true","1094","null","Ghana","GH","Upper East","Upper East","sensitive","sensitive","sensitive","sensitive","resistant","undetermined"
"PF0809-C","2013","true","1094","null","Ghana","GH","Upper East","Upper East","sensitive","sensitive","sensitive","sensitive","resistant","resistant"
"PF0810-C","2013","false","1094","null","Ghana","GH","Upper East","Upper East","null","null","null","null","null","null"
"PF0811-C","2013","true","1094","null","Ghana","GH","Upper East","Upper East","sensitive","sensitive","sensitive","sensitive","resistant","resistant"
"PF0812-C","2013","true","1094","null","Ghana","GH","Upper East","Upper East","sensitive","sensitive","sensitive","sensitive","undetermined","resistant"
"PF0813-C","2013","false","1094","null","Ghana","GH","Upper East","Upper East","null","null","null","null","null","null"
"PF0814-C","2013","true","1094","null","Ghana","GH","Upper East","Upper East","sensitive","sensitive","sensitive","sensitive","resistant","resistant"
"PF0815-C","2013","true","1094","null","Ghana","GH","Upper East","Upper East","sensitive","sensitive","sensitive","sensitive","resistant","resistant"
"PF0816-C","2013","true","1094","null","Ghana","GH","Upper East","Upper East","sensitive","sensitive","sensitive","sensitive","sensitive","resistant"
"PF0817-C","2013","true","1094","null","Ghana","GH","Upper East","Upper East","sensitive","sensitive","sensitive","sensitive","resistant","resistant"
"PF0818-C","2013","true","1094","null","Ghana","GH","Upper East","Upper East","sensitive","sensitive","sensitive","sensitive","sensitive","resistant"
"PF0819-C","2013","true","1094","null","Ghana","GH","Upper East","Upper East","sensitive","sensitive","sensitive","sensitive","resistant","undetermined"
"PF0820-C","2013","true","1094","null","Ghana","GH","Upper East","Upper East","sensitive","sensitive","sensitive","sensitive","resistant","sensitive"
"PF0821-C","2013","true","1094","null","Ghana","GH","Upper East","Upper East","sensitive","sensitive","sensitive","sensitive","resistant","resistant"
"PF0822-C","2013","true","1094","null","Ghana","GH","Upper East","Upper East","sensitive","sensitive","sensitive","sensitive","resistant","resistant"
"PF0823-C","2013","true","1094","null","Ghana","GH","Upper East","Upper East","sensitive","sensitive","sensitive","sensitive","resistant","resistant"
"PF0825-C","2013","true","1094","null","Ghana","GH","Upper East","Upper East","sensitive","sensitive","sensitive","sensitive","undetermined","resistant"
"PF0826-C","2013","true","1094","null","Ghana","GH","Upper East","Upper East","sensitive","sensitive","sensitive","sensitive","resistant","resistant"
"PF0827-C","2013","true","1094","null","Ghana","GH","Upper East","Upper East","sensitive","sensitive","sensitive","sensitive","resistant","resistant"
"PF0828-C","2013","true","1094","null","Ghana","GH","Upper East","Upper East","sensitive","sensitive","sensitive","sensitive","undetermined","resistant"
"PF0829-C","2013","true","1094","null","Ghana","GH","Upper East","Upper East","sensitive","sensitive","sensitive","sensitive","resistant","resistant"
"PF0831-C","2013","true","1094","null","Ghana","GH","Upper East","Upper East","sensitive","sensitive","sensitive","sensitive","undetermined","undetermined"
"PF0832-C","2013","true","1094","null","Ghana","GH","Upper East","Upper East","sensitive","sensitive","sensitive","sensitive","resistant","resistant"
"PF0833-C","2013","true","1094","null","Ghana","GH","Upper East","Upper East","sensitive","resistant","sensitive","sensitive","resistant","resistant"
"PF0834-C","2013","true","1094","null","Ghana","GH","Upper East","Upper East","sensitive","sensitive","sensitive","sensitive","undetermined","resistant"
"PF0835-C","2013","true","1094","null","Ghana","GH","Upper East","Upper East","sensitive","sensitive","sensitive","sensitive","sensitive","resistant"
"PF0836-C","2013","true","1094","null","Ghana","GH","Upper East","Upper East","sensitive","sensitive","sensitive","sensitive","resistant","resistant"
"PF0837-C","2013","true","1094","null","Ghana","GH","Upper East","Upper East","sensitive","sensitive","sensitive","sensitive","undetermined","resistant"
"PF0838-C","2013","true","1094","null","Ghana","GH","Upper East","Upper East","sensitive","sensitive","sensitive","sensitive","resistant","resistant"
"PF0839-C","2013","true","1094","null","Ghana","GH","Upper East","Upper East","sensitive","sensitive","sensitive","sensitive","undetermined","resistant"
"PF0840-C","2013","true","1094","null","Ghana","GH","Upper East","Upper East","sensitive","sensitive","sensitive","sensitive","sensitive","resistant"
"PF0841-C","2013","true","1094","null","Ghana","GH","Upper East","Upper East","sensitive","sensitive","sensitive","sensitive","undetermined","sensitive"
"PF0842-C","2013","true","1094","null","Ghana","GH","Upper East","Upper East","sensitive","sensitive","sensitive","sensitive","resistant","resistant"
"PF0843-C","2013","true","1094","null","Ghana","GH","Upper East","Upper East","sensitive","sensitive","sensitive","sensitive","resistant","sensitive"
"PF0844-C","2013","true","1094","null","Ghana","GH","Upper East","Upper East","sensitive","sensitive","sensitive","sensitive","undetermined","sensitive"
"PF0845-C","2013","true","1094","null","Ghana","GH","Upper East","Upper East","sensitive","sensitive","sensitive","sensitive","resistant","resistant"
"PF0846-C","2013","true","1094","null","Ghana","GH","Upper East","Upper East","sensitive","sensitive","sensitive","sensitive","resistant","resistant"
"PF0847-C","2013","true","1094","null","Ghana","GH","Upper East","Upper East","sensitive","sensitive","sensitive","sensitive","sensitive","undetermined"
"PF0848-C","2013","true","1094","null","Ghana","GH","Upper East","Upper East","sensitive","sensitive","sensitive","sensitive","sensitive","resistant"
"PF0849-C","2013","true","1094","null","Ghana","GH","Upper East","Upper East","sensitive","undetermined","sensitive","sensitive","sensitive","undetermined"
"PF0850-C","2013","true","1094","null","Ghana","GH","Upper East","Upper East","undetermined","sensitive","sensitive","sensitive","resistant","resistant"
"PF0851-C","2013","true","1094","null","Ghana","GH","Upper East","Upper East","sensitive","sensitive","sensitive","sensitive","resistant","resistant"
"PF0852-C","2013","true","1094","null","Ghana","GH","Upper East","Upper East","sensitive","undetermined","sensitive","sensitive","resistant","resistant"
"PF0853-C","2013","true","1094","null","Ghana","GH","Upper East","Upper East","sensitive","sensitive","sensitive","sensitive","resistant","resistant"
"PF0854-C","2013","true","1094","null","Ghana","GH","Upper East","Upper East","sensitive","sensitive","sensitive","sensitive","resistant","resistant"
"PF0855-C","2013","true","1094","null","Ghana","GH","Upper East","Upper East","sensitive","sensitive","sensitive","sensitive","resistant","resistant"
"PF0856-C","2013","true","1094","null","Ghana","GH","Upper East","Upper East","sensitive","sensitive","sensitive","sensitive","resistant","resistant"
"PF0857-C","2013","true","1094","null","Ghana","GH","Upper East","Upper East","sensitive","sensitive","sensitive","sensitive","undetermined","resistant"
"PF0858-C","2013","true","1094","null","Ghana","GH","Upper East","Upper East","sensitive","sensitive","sensitive","sensitive","resistant","sensitive"
"PF0859-C","2013","true","1094","null","Ghana","GH","Upper East","Upper East","sensitive","sensitive","sensitive","sensitive","resistant","resistant"
"PF0860-C","2013","true","1094","null","Ghana","GH","Upper East","Upper East","sensitive","sensitive","sensitive","sensitive","resistant","resistant"
"PF0861-C","2013","true","1094","null","Ghana","GH","Upper East","Upper East","sensitive","sensitive","sensitive","sensitive","sensitive","resistant"
"PF0862-C","2013","true","1094","null","Ghana","GH","Upper East","Upper East","sensitive","sensitive","sensitive","sensitive","undetermined","resistant"
"PF0863-C","2013","true","1094","null","Ghana","GH","Upper East","Upper East","sensitive","sensitive","sensitive","sensitive","sensitive","sensitive"
"PF0864-C","2013","false","1094","null","Ghana","GH","Upper East","Upper East","null","null","null","null","null","null"
"PF0865-C","2013","true","1094","null","Ghana","GH","Upper East","Upper East","sensitive","sensitive","sensitive","sensitive","resistant","resistant"
"PF0866-C","2013","true","1094","null","Ghana","GH","Upper East","Upper East","sensitive","sensitive","sensitive","sensitive","undetermined","undetermined"
"PF0867-C","2013","true","1094","null","Ghana","GH","Upper East","Upper East","sensitive","sensitive","sensitive","sensitive","resistant","resistant"
"PF0868-C","2013","true","1094","null","Ghana","GH","Upper East","Upper East","sensitive","sensitive","sensitive","sensitive","resistant","resistant"
"PF0869-C","2013","true","1094","null","Ghana","GH","Upper East","Upper East","sensitive","sensitive","sensitive","sensitive","resistant","resistant"
"PF0870-C","2013","true","1094","null","Ghana","GH","Upper East","Upper East","sensitive","sensitive","sensitive","sensitive","undetermined","undetermined"
"PF0871-C","2013","false","1094","null","Ghana","GH","Upper East","Upper East","null","null","null","null","null","null"
"PF0872-C","2013","true","1094","null","Ghana","GH","Upper East","Upper East","sensitive","sensitive","sensitive","sensitive","resistant","resistant"
"PF0873-C","2013","true","1094","null","Ghana","GH","Upper East","Upper East","sensitive","sensitive","sensitive","sensitive","resistant","sensitive"
"PF0874-C","2013","true","1094","null","Ghana","GH","Upper East","Upper East","sensitive","sensitive","sensitive","sensitive","resistant","resistant"
"PF0875-C","2013","true","1094","null","Ghana","GH","Upper East","Upper East","sensitive","sensitive","sensitive","sensitive","resistant","resistant"
"PF0876-C","2013","true","1094","null","Ghana","GH","Upper East","Upper East","sensitive","sensitive","sensitive","sensitive","resistant","resistant"
"PF0877-C","2013","true","1094","null","Ghana","GH","Upper East","Upper East","sensitive","undetermined","sensitive","sensitive","undetermined","resistant"
"PF0878-C","2013","true","1094","null","Ghana","GH","Upper East","Upper East","sensitive","sensitive","sensitive","sensitive","resistant","resistant"
"PF0879-C","2013","true","1094","null","Ghana","GH","Upper East","Upper East","sensitive","sensitive","sensitive","sensitive","resistant","resistant"
"PF0880-C","2013","false","1094","null","Ghana","GH","Upper East","Upper East","null","null","null","null","null","null"
"PF0881-C","2013","true","1094","null","Ghana","GH","Upper East","Upper East","sensitive","sensitive","sensitive","sensitive","resistant","resistant"
"PF0882-C","2013","true","1094","null","Ghana","GH","Upper East","Upper East","sensitive","sensitive","sensitive","sensitive","resistant","resistant"
"PF0883-C","2013","true","1094","null","Ghana","GH","Upper East","Upper East","sensitive","sensitive","sensitive","sensitive","resistant","resistant"
"PF0884-C","2013","true","1094","null","Ghana","GH","Upper East","Upper East","sensitive","sensitive","sensitive","sensitive","sensitive","resistant"
"PF0885-C","2013","true","1094","null","Ghana","GH","Upper East","Upper East","sensitive","sensitive","sensitive","sensitive","resistant","undetermined"
"PF0886-C","2013","true","1094","null","Ghana","GH","Upper East","Upper East","sensitive","sensitive","sensitive","sensitive","resistant","resistant"
"PF0887-C","2013","true","1094","null","Ghana","GH","Upper East","Upper East","sensitive","sensitive","sensitive","sensitive","resistant","resistant"
"PF0888-C","2013","true","1094","null","Ghana","GH","Upper East","Upper East","sensitive","sensitive","sensitive","sensitive","undetermined","resistant"
"PF0889-C","2013","true","1094","null","Ghana","GH","Upper East","Upper East","sensitive","sensitive","sensitive","sensitive","resistant","resistant"
"PF0890-C","2013","true","1094","null","Ghana","GH","Upper East","Upper East","sensitive","sensitive","sensitive","sensitive","resistant","resistant"
"PF0891-C","2013","true","1094","null","Ghana","GH","Upper East","Upper East","sensitive","sensitive","sensitive","sensitive","resistant","sensitive"
"PF0892-C","2013","true","1094","null","Ghana","GH","Upper East","Upper East","sensitive","sensitive","sensitive","sensitive","resistant","resistant"
"PF0893-C","2013","true","1094","null","Ghana","GH","Upper East","Upper East","sensitive","sensitive","sensitive","sensitive","undetermined","resistant"
"PF0894-C","2013","true","1094","null","Ghana","GH","Upper East","Upper East","sensitive","sensitive","sensitive","sensitive","resistant","resistant"
"PF0895-C","2013","true","1094","null","Ghana","GH","Upper East","Upper East","sensitive","sensitive","sensitive","sensitive","resistant","resistant"
"PF0896-C","2013","true","1094","null","Ghana","GH","Upper East","Upper East","sensitive","undetermined","sensitive","sensitive","resistant","resistant"
"PF0897-C","2013","true","1094","null","Ghana","GH","Upper East","Upper East","sensitive","sensitive","sensitive","sensitive","resistant","resistant"
"PF0898-C","2013","true","1094","null","Ghana","GH","Upper East","Upper East","sensitive","sensitive","sensitive","sensitive","resistant","resistant"
"PF0899-C","2013","true","1094","null","Ghana","GH","Upper East","Upper East","sensitive","sensitive","sensitive","sensitive","resistant","resistant"
"PF0900-C","2013","true","1094","null","Ghana","GH","Upper East","Upper East","sensitive","resistant","sensitive","sensitive","resistant","resistant"
"PF0901-C","2013","true","1094","null","Ghana","GH","Upper East","Upper East","sensitive","undetermined","sensitive","sensitive","resistant","resistant"
"PF0902-C","2013","true","1094","null","Ghana","GH","Upper East","Upper East","sensitive","sensitive","sensitive","sensitive","undetermined","resistant"
"PF0903-C","2013","true","1094","null","Ghana","GH","Upper East","Upper East","undetermined","sensitive","sensitive","sensitive","undetermined","undetermined"
"PF0904-C","2013","true","1094","null","Ghana","GH","Upper East","Upper East","sensitive","sensitive","sensitive","sensitive","resistant","resistant"
"PF0905-C","2013","true","1094","null","Ghana","GH","Upper East","Upper East","sensitive","undetermined","sensitive","sensitive","resistant","resistant"
"PF0906-C","2013","true","1094","null","Ghana","GH","Upper East","Upper East","sensitive","sensitive","sensitive","sensitive","resistant","resistant"
"PF0907-C","2013","true","1094","null","Ghana","GH","Upper East","Upper East","sensitive","sensitive","sensitive","sensitive","resistant","resistant"
"PF0909-C","2013","false","1094","null","Ghana","GH","Upper East","Upper East","null","null","null","null","null","null"
"PF0910-C","2013","true","1094","null","Ghana","GH","Upper East","Upper East","sensitive","sensitive","sensitive","sensitive","undetermined","resistant"
"PF0911-C","2013","true","1094","null","Ghana","GH","Upper East","Upper East","sensitive","sensitive","sensitive","sensitive","resistant","resistant"
"PF0912-C","2013","true","1094","null","Ghana","GH","Upper East","Upper East","sensitive","sensitive","sensitive","sensitive","resistant","undetermined"
"PF0913-C","2013","true","1094","null","Ghana","GH","Upper East","Upper East","sensitive","sensitive","sensitive","sensitive","resistant","resistant"
"PF0914-C","2013","true","1094","null","Ghana","GH","Upper East","Upper East","sensitive","undetermined","sensitive","sensitive","resistant","resistant"
"PF0915-C","2013","true","1094","null","Ghana","GH","Upper East","Upper East","sensitive","sensitive","sensitive","sensitive","resistant","resistant"
"PF0916-C","2013","true","1094","null","Ghana","GH","Upper East","Upper East","sensitive","sensitive","sensitive","sensitive","sensitive","resistant"
"PF0917-C","2013","true","1094","null","Ghana","GH","Upper East","Upper East","sensitive","sensitive","sensitive","sensitive","resistant","resistant"
"PF0918-C","2013","true","1094","null","Ghana","GH","Upper East","Upper East","sensitive","sensitive","sensitive","sensitive","resistant","resistant"
"PF0919-C","2013","true","1094","null","Ghana","GH","Upper East","Upper East","sensitive","sensitive","sensitive","sensitive","resistant","resistant"
"PF0920-C","2013","true","1094","null","Ghana","GH","Upper East","Upper East","sensitive","sensitive","sensitive","sensitive","resistant","resistant"
"PF0921-C","2013","true","1094","null","Ghana","GH","Upper East","Upper East","sensitive","sensitive","sensitive","sensitive","undetermined","resistant"
"PF0922-C","2013","true","1094","null","Ghana","GH","Upper East","Upper East","sensitive","sensitive","sensitive","sensitive","resistant","resistant"
"PF0923-C","2013","true","1094","null","Ghana","GH","Upper East","Upper East","sensitive","sensitive","sensitive","sensitive","undetermined","resistant"
"PF0925-C","2013","true","1094","null","Ghana","GH","Upper East","Upper East","sensitive","sensitive","sensitive","sensitive","sensitive","resistant"
"PF0926-C","2013","true","1094","null","Ghana","GH","Upper East","Upper East","sensitive","sensitive","sensitive","sensitive","resistant","resistant"
"PF0928-C","2013","true","1094","null","Ghana","GH","Upper East","Upper East","sensitive","sensitive","sensitive","sensitive","resistant","resistant"
"PF0929-C","2013","true","1094","null","Ghana","GH","Upper East","Upper East","sensitive","sensitive","sensitive","sensitive","resistant","resistant"
"PF0930-C","2013","true","1094","null","Ghana","GH","Upper East","Upper East","sensitive","sensitive","sensitive","sensitive","sensitive","resistant"
"PF0932-C","2013","true","1094","null","Ghana","GH","Upper East","Upper East","sensitive","sensitive","sensitive","sensitive","resistant","undetermined"
"PF0933-C","2013","true","1094","null","Ghana","GH","Upper East","Upper East","sensitive","sensitive","sensitive","sensitive","undetermined","resistant"
"PF0934-C","2013","true","1094","null","Ghana","GH","Upper East","Upper East","sensitive","undetermined","sensitive","sensitive","resistant","resistant"
"PF0935-C","2013","true","1094","null","Ghana","GH","Upper East","Upper East","sensitive","sensitive","sensitive","sensitive","resistant","undetermined"
"PF0936-C","2013","true","1094","null","Ghana","GH","Upper East","Upper East","sensitive","sensitive","sensitive","sensitive","undetermined","resistant"
"PF0938-C","2013","true","1094","null","Ghana","GH","Upper East","Upper East","sensitive","sensitive","sensitive","sensitive","undetermined","undetermined"
"PF0939-C","2013","true","1094","null","Ghana","GH","Upper East","Upper East","sensitive","sensitive","sensitive","sensitive","resistant","resistant"
"PF0942-C","2013","true","1094","null","Ghana","GH","Upper East","Upper East","sensitive","sensitive","sensitive","sensitive","resistant","resistant"
"PF0943-C","2013","true","1094","null","Ghana","GH","Upper East","Upper East","sensitive","sensitive","sensitive","sensitive","resistant","undetermined"
"PF0944-C","2013","true","1094","null","Ghana","GH","Upper East","Upper East","sensitive","sensitive","sensitive","sensitive","resistant","resistant"
"PF0946-C","2013","true","1094","null","Ghana","GH","Upper East","Upper East","sensitive","sensitive","sensitive","sensitive","sensitive","resistant"
"PF0947-C","2013","true","1094","null","Ghana","GH","Upper East","Upper East","sensitive","sensitive","sensitive","sensitive","resistant","undetermined"
"PF0948-C","2013","true","1094","null","Ghana","GH","Upper East","Upper East","sensitive","sensitive","sensitive","sensitive","resistant","resistant"
"PF0950-C","2013","true","1094","null","Ghana","GH","Upper East","Upper East","sensitive","undetermined","sensitive","sensitive","undetermined","undetermined"
"PF0951-C","2013","true","1094","null","Ghana","GH","Upper East","Upper East","sensitive","sensitive","sensitive","sensitive","resistant","resistant"
"PF0952-C","2013","true","1094","null","Ghana","GH","Upper East","Upper East","sensitive","sensitive","sensitive","sensitive","resistant","resistant"
"PF0953-C","2013","true","1094","null","Ghana","GH","Upper East","Upper East","sensitive","sensitive","sensitive","sensitive","resistant","resistant"
"PF0955-C","2013","true","1094","null","Ghana","GH","Upper East","Upper East","sensitive","sensitive","sensitive","sensitive","resistant","resistant"
"PF0956-C","2013","true","1094","null","Ghana","GH","Upper East","Upper East","sensitive","sensitive","sensitive","sensitive","resistant","resistant"
"PF0959-C","2013","true","1094","null","Ghana","GH","Upper East","Upper East","sensitive","sensitive","sensitive","sensitive","undetermined","undetermined"
"PF0960-C","2013","true","1094","null","Ghana","GH","Upper East","Upper East","sensitive","undetermined","sensitive","sensitive","sensitive","resistant"
"PF0961-C","2013","true","1094","null","Ghana","GH","Upper East","Upper East","sensitive","undetermined","sensitive","sensitive","undetermined","resistant"
"PF0962-C","2013","true","1094","null","Ghana","GH","Upper East","Upper East","sensitive","sensitive","sensitive","sensitive","resistant","resistant"
"PF0963-C","2013","true","1094","null","Ghana","GH","Upper East","Upper East","sensitive","resistant","sensitive","sensitive","resistant","sensitive"
"PF0964-C","2013","true","1094","null","Ghana","GH","Upper East","Upper East","sensitive","sensitive","sensitive","sensitive","resistant","resistant"
"PF0966-C","2013","true","1094","null","Ghana","GH","Upper East","Upper East","sensitive","sensitive","sensitive","sensitive","resistant","resistant"
"PF0967-C","2013","true","1094","null","Ghana","GH","Upper East","Upper East","sensitive","sensitive","sensitive","sensitive","resistant","resistant"
"PF0968-C","2013","true","1094","null","Ghana","GH","Upper East","Upper East","sensitive","sensitive","sensitive","sensitive","undetermined","undetermined"
"PF0969-C","2013","true","1094","null","Ghana","GH","Upper East","Upper East","sensitive","sensitive","sensitive","sensitive","sensitive","resistant"
"PF0970-C","2013","true","1094","null","Ghana","GH","Upper East","Upper East","sensitive","sensitive","sensitive","sensitive","resistant","resistant"
"PF0972-C","2013","true","1094","null","Ghana","GH","Upper East","Upper East","sensitive","sensitive","sensitive","sensitive","sensitive","resistant"
"PF0973-C","2013","true","1094","null","Ghana","GH","Upper East","Upper East","sensitive","sensitive","sensitive","sensitive","resistant","resistant"
"PF0974-C","2013","true","1094","null","Ghana","GH","Upper East","Upper East","sensitive","sensitive","sensitive","sensitive","resistant","resistant"
"PF0975-C","2013","true","1094","null","Ghana","GH","Upper East","Upper East","sensitive","undetermined","sensitive","sensitive","resistant","resistant"
"PF0976-C","2013","true","1094","null","Ghana","GH","Upper East","Upper East","sensitive","sensitive","sensitive","sensitive","resistant","resistant"
"PF0977-C","2013","true","1094","null","Ghana","GH","Upper East","Upper East","sensitive","sensitive","sensitive","sensitive","undetermined","undetermined"
"PF0978-C","2013","true","1094","null","Ghana","GH","Upper East","Upper East","sensitive","undetermined","sensitive","sensitive","undetermined","undetermined"
"PF0979-C","2013","true","1094","null","Ghana","GH","Upper East","Upper East","sensitive","sensitive","sensitive","sensitive","resistant","resistant"
"PF0980-C","2013","true","1094","null","Ghana","GH","Upper East","Upper East","sensitive","sensitive","sensitive","sensitive","resistant","resistant"
"PF0981-C","2013","true","1094","null","Ghana","GH","Upper East","Upper East","sensitive","sensitive","sensitive","sensitive","resistant","resistant"
"PF0982-C","2013","true","1094","null","Ghana","GH","Upper East","Upper East","sensitive","sensitive","sensitive","sensitive","sensitive","resistant"
"PF0983-C","2013","true","1094","null","Ghana","GH","Upper East","Upper East","sensitive","undetermined","sensitive","sensitive","resistant","resistant"
"PF0984-C","2013","true","1094","null","Ghana","GH","Upper East","Upper East","sensitive","sensitive","sensitive","sensitive","resistant","resistant"
"PF0985-C","2013","true","1094","null","Ghana","GH","Upper East","Upper East","sensitive","sensitive","sensitive","sensitive","resistant","resistant"
"PF0986-C","2013","true","1094","null","Ghana","GH","Upper East","Upper East","sensitive","sensitive","sensitive","sensitive","resistant","resistant"
"PF0987-C","2013","true","1094","null","Ghana","GH","Upper East","Upper East","sensitive","undetermined","sensitive","sensitive","resistant","resistant"
"PF0988-C","2013","true","1094","null","Ghana","GH","Upper East","Upper East","sensitive","sensitive","sensitive","sensitive","resistant","resistant"
"PF0990-C","2013","false","1094","null","Ghana","GH","Upper East","Upper East","null","null","null","null","null","null"
"PF0991-C","2013","false","1094","null","Ghana","GH","Upper East","Upper East","null","null","null","null","null","null"
"PF0992-C","2013","true","1094","null","Ghana","GH","Upper East","Upper East","sensitive","sensitive","sensitive","sensitive","resistant","sensitive"
"PF0994-C","2013","false","1094","null","Ghana","GH","Upper East","Upper East","null","null","null","null","null","null"
"PF0996-C","2013","false","1094","null","Ghana","GH","Upper East","Upper East","null","null","null","null","null","null"
"PF0997-C","2013","true","1094","null","Ghana","GH","Upper East","Upper East","sensitive","sensitive","sensitive","sensitive","resistant","resistant"
"PF0998-C","2013","true","1094","null","Ghana","GH","Upper East","Upper East","sensitive","sensitive","sensitive","sensitive","resistant","resistant"
"PF0999-C","2013","true","1094","null","Ghana","GH","Upper East","Upper East","sensitive","sensitive","sensitive","sensitive","sensitive","resistant"
"PF1000-C","2013","false","1094","null","Ghana","GH","Upper East","Upper East","null","null","null","null","null","null"
"PF1001-C","2013","true","1094","null","Ghana","GH","Upper East","Upper East","sensitive","sensitive","sensitive","sensitive","resistant","undetermined"
"PF1003-C","2013","false","1094","null","Ghana","GH","Upper East","Upper East","null","null","null","null","null","null"
"PF1004-C","2013","true","1094","null","Ghana","GH","Upper East","Upper East","sensitive","sensitive","sensitive","sensitive","resistant","resistant"
"PF1005-C","2013","true","1094","null","Ghana","GH","Upper East","Upper East","sensitive","sensitive","sensitive","sensitive","resistant","resistant"
"PF1006-C","2013","true","1094","null","Ghana","GH","Upper East","Upper East","sensitive","sensitive","sensitive","sensitive","resistant","resistant"
"PF1008-C","2013","false","1094","null","Ghana","GH","Upper East","Upper East","null","null","null","null","null","null"
"PF1009-C","2014","true","1096","null","Ghana","GH","Central","Central","sensitive","resistant","sensitive","sensitive","resistant","resistant"
"PF1010-C","2014","true","1096","null","Ghana","GH","Central","Central","sensitive","resistant","sensitive","sensitive","resistant","resistant"
"PF1010-Cx","2014","false","1114","null","Ghana","GH","Central","Central","null","null","null","null","null","null"
"PF1011-C","2014","true","1096","null","Ghana","GH","Central","Central","sensitive","resistant","sensitive","sensitive","resistant","resistant"
"PF1011-Cx","2014","false","1114","null","Ghana","GH","Central","Central","null","null","null","null","null","null"
"PF1012-C","2014","true","1096","null","Ghana","GH","Central","Central","sensitive","resistant","sensitive","sensitive","resistant","resistant"
"PF1012-Cx","2014","false","1114","null","Ghana","GH","Central","Central","null","null","null","null","null","null"
"PF1013-C","2014","true","1096","null","Ghana","GH","Central","Central","sensitive","sensitive","sensitive","sensitive","resistant","resistant"
"PF1013-Cx","2014","false","1114","null","Ghana","GH","Central","Central","null","null","null","null","null","null"
"PF1014-C","2014","true","1096","null","Ghana","GH","Central","Central","sensitive","resistant","sensitive","sensitive","resistant","resistant"
"PF1014-Cx","2014","false","1114","null","Ghana","GH","Central","Central","null","null","null","null","null","null"
"PF1015-C","2014","true","1096","null","Ghana","GH","Central","Central","undetermined","sensitive","sensitive","sensitive","resistant","resistant"
"PF1015-Cx","2014","false","1114","null","Ghana","GH","Central","Central","null","null","null","null","null","null"
"PF1016-C","2014","true","1096","null","Ghana","GH","Central","Central","sensitive","sensitive","sensitive","sensitive","resistant","resistant"
"PF1017-C","2014","true","1096","null","Ghana","GH","Central","Central","sensitive","undetermined","sensitive","sensitive","resistant","resistant"
"PF1017-Cx","2014","false","1114","null","Ghana","GH","Central","Central","null","null","null","null","null","null"
"PF1018-C","2014","true","1096","null","Ghana","GH","Central","Central","sensitive","sensitive","sensitive","sensitive","resistant","resistant"
"PF1018-Cx","2014","false","1114","null","Ghana","GH","Central","Central","null","null","null","null","null","null"
"PF1019-C","2014","true","1096","null","Ghana","GH","Central","Central","sensitive","sensitive","sensitive","sensitive","resistant","resistant"
"PF1020-C","2014","true","1096","null","Ghana","GH","Central","Central","sensitive","sensitive","sensitive","sensitive","resistant","resistant"
"PF1020-Cx","2014","false","1114","null","Ghana","GH","Central","Central","null","null","null","null","null","null"
"PF1021-C","2014","true","1096","null","Ghana","GH","Central","Central","sensitive","sensitive","sensitive","sensitive","resistant","resistant"
"PF1021-Cx","2014","false","1114","null","Ghana","GH","Central","Central","null","null","null","null","null","null"
"PF1022-C","2014","true","1096","null","Ghana","GH","Central","Central","sensitive","undetermined","sensitive","sensitive","resistant","undetermined"
"PF1022-Cx","2014","false","1114","null","Ghana","GH","Central","Central","null","null","null","null","null","null"
"PF1023-C","2014","true","1096","null","Ghana","GH","Central","Central","sensitive","resistant","sensitive","sensitive","resistant","resistant"
"PF1023-Cx","2014","false","1114","null","Ghana","GH","Central","Central","null","null","null","null","null","null"
"PF1024-C","2014","true","1096","null","Ghana","GH","Central","Central","sensitive","sensitive","sensitive","sensitive","resistant","resistant"
"PF1024-Cx","2014","false","1114","null","Ghana","GH","Central","Central","null","null","null","null","null","null"
"PF1025-C","2014","true","1096","null","Ghana","GH","Central","Central","sensitive","sensitive","sensitive","sensitive","resistant","resistant"
"PF1025-Cx","2014","false","1114","null","Ghana","GH","Central","Central","null","null","null","null","null","null"
"PF1026-C","2014","true","1096","null","Ghana","GH","Central","Central","undetermined","resistant","sensitive","sensitive","resistant","resistant"
"PF1026-Cx","2014","false","1114","null","Ghana","GH","Central","Central","null","null","null","null","null","null"
"PF1027-C","2014","true","1096","null","Ghana","GH","Central","Central","sensitive","sensitive","sensitive","sensitive","resistant","resistant"
"PF1027-Cx","2014","false","1114","null","Ghana","GH","Central","Central","null","null","null","null","null","null"
"PF1028-C","2014","true","1096","null","Ghana","GH","Central","Central","sensitive","sensitive","sensitive","sensitive","resistant","resistant"
"PF1028-Cx","2014","false","1114","null","Ghana","GH","Central","Central","null","null","null","null","null","null"
"PF1029-C","2014","true","1096","null","Ghana","GH","Central","Central","sensitive","resistant","sensitive","sensitive","resistant","resistant"
"PF1029-Cx","2014","false","1114","null","Ghana","GH","Central","Central","null","null","null","null","null","null"
"PF1030-C","2014","true","1096","null","Ghana","GH","Central","Central","sensitive","sensitive","sensitive","sensitive","resistant","resistant"
"PF1030-Cx","2014","false","1114","null","Ghana","GH","Central","Central","null","null","null","null","null","null"
"PF1031-C","2014","true","1096","null","Ghana","GH","Central","Central","sensitive","resistant","sensitive","sensitive","resistant","resistant"
"PF1032-C","2014","false","1096","null","Ghana","GH","Central","Central","null","null","null","null","null","null"
"PF1032-Cx","2014","true","1114","null","Ghana","GH","Central","Central","sensitive","resistant","undetermined","undetermined","resistant","resistant"
"PF1033-C","2014","true","1096","null","Ghana","GH","Central","Central","sensitive","resistant","sensitive","sensitive","resistant","resistant"
"PF1033-Cx","2014","false","1114","null","Ghana","GH","Central","Central","null","null","null","null","null","null"
"PF1034-C","2014","true","1096","null","Ghana","GH","Central","Central","sensitive","sensitive","sensitive","sensitive","resistant","resistant"
"PF1034-Cx","2014","false","1114","null","Ghana","GH","Central","Central","null","null","null","null","null","null"
"PF1035-C","2014","true","1096","null","Ghana","GH","Central","Central","sensitive","sensitive","sensitive","sensitive","resistant","resistant"
"PF1035-Cx","2014","false","1114","null","Ghana","GH","Central","Central","null","null","null","null","null","null"
"PF1036-C","2014","true","1096","null","Ghana","GH","Central","Central","sensitive","sensitive","sensitive","sensitive","resistant","resistant"
"PF1036-Cx","2014","false","1114","null","Ghana","GH","Central","Central","null","null","null","null","null","null"
"PF1037-C","2014","true","1096","null","Ghana","GH","Central","Central","sensitive","sensitive","sensitive","sensitive","resistant","resistant"
"PF1037-Cx","2014","false","1114","null","Ghana","GH","Central","Central","null","null","null","null","null","null"
"PF1038-C","2014","true","1096","null","Ghana","GH","Central","Central","sensitive","sensitive","sensitive","sensitive","resistant","resistant"
"PF1038-Cx","2014","false","1114","null","Ghana","GH","Central","Central","null","null","null","null","null","null"
"PF1039-C","2014","true","1096","null","Ghana","GH","Central","Central","sensitive","sensitive","sensitive","sensitive","resistant","resistant"
"PF1039-Cx","2014","false","1114","null","Ghana","GH","Central","Central","null","null","null","null","null","null"
"PF1040-C","2014","true","1096","null","Ghana","GH","Central","Central","sensitive","sensitive","sensitive","sensitive","resistant","resistant"
"PF1040-Cx","2014","false","1114","null","Ghana","GH","Central","Central","null","null","null","null","null","null"
"PF1041-C","2014","true","1096","null","Ghana","GH","Central","Central","sensitive","sensitive","sensitive","sensitive","resistant","resistant"
"PF1041-Cx","2014","false","1114","null","Ghana","GH","Central","Central","null","null","null","null","null","null"
"PF1042-C","2014","true","1096","null","Ghana","GH","Central","Central","sensitive","resistant","sensitive","sensitive","resistant","resistant"
"PF1042-Cx","2014","false","1114","null","Ghana","GH","Central","Central","null","null","null","null","null","null"
"PF1043-C","2014","true","1096","null","Ghana","GH","Central","Central","sensitive","undetermined","sensitive","sensitive","resistant","resistant"
"PF1044-C","2014","true","1096","null","Ghana","GH","Central","Central","sensitive","sensitive","sensitive","sensitive","resistant","sensitive"
"PF1044-Cx","2014","false","1114","null","Ghana","GH","Central","Central","null","null","null","null","null","null"
"PF1045-C","2014","true","1096","null","Ghana","GH","Central","Central","sensitive","sensitive","sensitive","sensitive","resistant","resistant"
"PF1045-Cx","2014","false","1114","null","Ghana","GH","Central","Central","null","null","null","null","null","null"
"PF1046-C","2014","true","1096","null","Ghana","GH","Central","Central","sensitive","undetermined","sensitive","sensitive","sensitive","resistant"
"PF1046-Cx","2014","false","1114","null","Ghana","GH","Central","Central","null","null","null","null","null","null"
"PF1047-C","2014","true","1096","null","Ghana","GH","Central","Central","sensitive","sensitive","sensitive","sensitive","resistant","resistant"
"PF1047-Cx","2014","false","1114","null","Ghana","GH","Central","Central","null","null","null","null","null","null"
"PF1048-C","2014","true","1096","null","Ghana","GH","Central","Central","sensitive","resistant","sensitive","sensitive","resistant","resistant"
"PF1048-Cx","2014","false","1114","null","Ghana","GH","Central","Central","null","null","null","null","null","null"
"PF1049-C","2014","true","1096","null","Ghana","GH","Central","Central","sensitive","resistant","sensitive","sensitive","resistant","resistant"
"PF1049-Cx","2014","false","1114","null","Ghana","GH","Central","Central","null","null","null","null","null","null"
"PF1050-C","2014","true","1096","null","Ghana","GH","Central","Central","sensitive","sensitive","sensitive","sensitive","resistant","resistant"
"PF1050-Cx","2014","false","1114","null","Ghana","GH","Central","Central","null","null","null","null","null","null"
"PF1051-C","2014","true","1096","null","Ghana","GH","Central","Central","sensitive","resistant","sensitive","sensitive","resistant","resistant"
"PF1051-Cx","2014","false","1114","null","Ghana","GH","Central","Central","null","null","null","null","null","null"
"PF1052-C","2014","true","1096","null","Ghana","GH","Central","Central","sensitive","sensitive","sensitive","sensitive","resistant","resistant"
"PF1053-C","2014","true","1096","null","Ghana","GH","Central","Central","sensitive","sensitive","sensitive","sensitive","resistant","resistant"
"PF1053-Cx","2014","false","1114","null","Ghana","GH","Central","Central","null","null","null","null","null","null"
"PF1054-C","2014","true","1096","null","Ghana","GH","Central","Central","sensitive","sensitive","sensitive","sensitive","resistant","resistant"
"PF1055-C","2014","true","1096","null","Ghana","GH","Central","Central","sensitive","resistant","sensitive","sensitive","resistant","resistant"
"PF1056-C","2014","true","1096","null","Ghana","GH","Central","Central","sensitive","sensitive","sensitive","sensitive","resistant","resistant"
"PF1057-C","2014","true","1096","null","Ghana","GH","Central","Central","sensitive","sensitive","sensitive","sensitive","resistant","resistant"
"PF1057-Cx","2014","false","1114","null","Ghana","GH","Central","Central","null","null","null","null","null","null"
"PF1058-C","2014","true","1096","null","Ghana","GH","Central","Central","sensitive","sensitive","sensitive","sensitive","resistant","resistant"
"PF1058-Cx","2014","false","1114","null","Ghana","GH","Central","Central","null","null","null","null","null","null"
"PF1059-C","2014","true","1096","null","Ghana","GH","Central","Central","sensitive","resistant","sensitive","sensitive","resistant","resistant"
"PF1059-Cx","2014","false","1114","null","Ghana","GH","Central","Central","null","null","null","null","null","null"
"PF1060-C","2014","true","1096","null","Ghana","GH","Central","Central","sensitive","sensitive","sensitive","sensitive","resistant","resistant"
"PF1060-Cx","2014","false","1114","null","Ghana","GH","Central","Central","null","null","null","null","null","null"
"PF1061-C","2014","true","1096","null","Ghana","GH","Central","Central","sensitive","resistant","sensitive","sensitive","resistant","resistant"
"PF1061-Cx","2014","false","1114","null","Ghana","GH","Central","Central","null","null","null","null","null","null"
"PF1062-C","2014","true","1096","null","Ghana","GH","Central","Central","sensitive","sensitive","sensitive","sensitive","resistant","resistant"
"PF1062-Cx","2014","false","1114","null","Ghana","GH","Central","Central","null","null","null","null","null","null"
"PF1063-C","2014","true","1096","null","Ghana","GH","Central","Central","sensitive","sensitive","sensitive","sensitive","resistant","resistant"
"PF1063-Cx","2014","false","1114","null","Ghana","GH","Central","Central","null","null","null","null","null","null"
"PF1064-C","2014","true","1096","null","Ghana","GH","Central","Central","sensitive","sensitive","sensitive","sensitive","resistant","resistant"
"PF1064-Cx","2014","false","1114","null","Ghana","GH","Central","Central","null","null","null","null","null","null"
"PF1065-C","2014","true","1096","null","Ghana","GH","Central","Central","sensitive","sensitive","sensitive","sensitive","resistant","undetermined"
"PF1065-Cx","2014","false","1114","null","Ghana","GH","Central","Central","null","null","null","null","null","null"
"PF1066-Cx","2014","true","1114","null","Ghana","GH","Central","Central","sensitive","sensitive","undetermined","undetermined","resistant","resistant"
"PF1067-C","2014","true","1096","null","Ghana","GH","Central","Central","sensitive","sensitive","sensitive","sensitive","resistant","resistant"
"PF1068-C","2014","true","1096","null","Ghana","GH","Central","Central","sensitive","sensitive","sensitive","sensitive","resistant","resistant"
"PF1068-Cx","2014","false","1114","null","Ghana","GH","Central","Central","null","null","null","null","null","null"
"PF1069-C","2014","true","1096","null","Ghana","GH","Central","Central","sensitive","sensitive","sensitive","sensitive","resistant","resistant"
"PF1069-Cx","2014","false","1114","null","Ghana","GH","Central","Central","null","null","null","null","null","null"
"PF1070-C","2014","true","1096","null","Ghana","GH","Central","Central","sensitive","sensitive","sensitive","sensitive","resistant","resistant"
"PF1070-Cx","2014","false","1114","null","Ghana","GH","Central","Central","null","null","null","null","null","null"
"PF1071-C","2014","true","1096","null","Ghana","GH","Central","Central","sensitive","resistant","sensitive","sensitive","resistant","resistant"
"PF1071-Cx","2014","false","1114","null","Ghana","GH","Central","Central","null","null","null","null","null","null"
"PF1072-C","2014","true","1096","null","Ghana","GH","Central","Central","sensitive","sensitive","sensitive","sensitive","resistant","resistant"
"PF1072-Cx","2014","false","1114","null","Ghana","GH","Central","Central","null","null","null","null","null","null"
"PF1073-C","2014","true","1096","null","Ghana","GH","Central","Central","sensitive","resistant","sensitive","sensitive","resistant","resistant"
"PF1073-Cx","2014","false","1114","null","Ghana","GH","Central","Central","null","null","null","null","null","null"
"PF1074-Cx","2014","true","1114","null","Ghana","GH","Central","Central","sensitive","sensitive","undetermined","undetermined","resistant","resistant"
"PF1075-C","2014","true","1096","null","Ghana","GH","Central","Central","sensitive","sensitive","sensitive","sensitive","resistant","resistant"
"PF1075-Cx","2014","false","1114","null","Ghana","GH","Central","Central","null","null","null","null","null","null"
"PF1076-C","2014","true","1096","null","Ghana","GH","Central","Central","sensitive","sensitive","sensitive","sensitive","resistant","resistant"
"PF1076-Cx","2014","false","1114","null","Ghana","GH","Central","Central","null","null","null","null","null","null"
"PF1077-C","2014","true","1096","null","Ghana","GH","Central","Central","sensitive","sensitive","sensitive","sensitive","resistant","resistant"
"PF1077-Cx","2014","false","1114","null","Ghana","GH","Central","Central","null","null","null","null","null","null"
"PF1078-C","2014","true","1096","null","Ghana","GH","Central","Central","sensitive","sensitive","sensitive","sensitive","resistant","resistant"
"PF1078-Cx","2014","false","1114","null","Ghana","GH","Central","Central","null","null","null","null","null","null"
"PF1079-C","2014","true","1096","null","Ghana","GH","Central","Central","sensitive","sensitive","sensitive","sensitive","resistant","resistant"
"PF1079-Cx","2014","false","1114","null","Ghana","GH","Central","Central","null","null","null","null","null","null"
"PF1080-C","2014","true","1096","null","Ghana","GH","Central","Central","sensitive","undetermined","sensitive","sensitive","resistant","resistant"
"PF1080-Cx","2014","false","1114","null","Ghana","GH","Central","Central","null","null","null","null","null","null"
"PF1081-C","2014","true","1096","null","Ghana","GH","Central","Central","sensitive","sensitive","sensitive","sensitive","resistant","resistant"
"PF1082-C","2014","true","1096","null","Ghana","GH","Central","Central","sensitive","resistant","sensitive","sensitive","resistant","resistant"
"PF1083-C","2015","true","1096","null","Ghana","GH","Central","Central","sensitive","sensitive","sensitive","sensitive","resistant","resistant"
"PF1083-Cx","2015","false","1114","null","Ghana","GH","Central","Central","null","null","null","null","null","null"
"PF1084-C","2015","true","1096","null","Ghana","GH","Central","Central","sensitive","resistant","sensitive","sensitive","resistant","resistant"
"PF1084-Cx","2015","false","1114","null","Ghana","GH","Central","Central","null","null","null","null","null","null"
"PF1085-C","2015","true","1096","null","Ghana","GH","Central","Central","sensitive","sensitive","sensitive","sensitive","resistant","resistant"
"PF1085-Cx","2015","false","1114","null","Ghana","GH","Central","Central","null","null","null","null","null","null"
"PF1086-C","2015","true","1096","null","Ghana","GH","Central","Central","sensitive","sensitive","sensitive","sensitive","resistant","resistant"
"PF1086-Cx","2015","false","1114","null","Ghana","GH","Central","Central","null","null","null","null","null","null"
"PF1087-C","2015","true","1096","null","Ghana","GH","Central","Central","sensitive","sensitive","sensitive","sensitive","resistant","resistant"
"PF1087-Cx","2015","false","1114","null","Ghana","GH","Central","Central","null","null","null","null","null","null"
"PF1088-C","2015","true","1096","null","Ghana","GH","Central","Central","sensitive","sensitive","sensitive","sensitive","resistant","resistant"
"PF1089-C","2015","true","1096","null","Ghana","GH","Central","Central","sensitive","sensitive","sensitive","sensitive","resistant","resistant"
"PF1089-Cx","2015","false","1114","null","Ghana","GH","Central","Central","null","null","null","null","null","null"
"PF1090-C","2015","true","1096","null","Ghana","GH","Central","Central","sensitive","undetermined","sensitive","sensitive","resistant","resistant"
"PF1090-Cx","2015","false","1114","null","Ghana","GH","Central","Central","null","null","null","null","null","null"
"PF1091-C","2015","true","1096","null","Ghana","GH","Central","Central","sensitive","sensitive","sensitive","sensitive","resistant","resistant"
"PF1091-Cx","2015","false","1114","null","Ghana","GH","Central","Central","null","null","null","null","null","null"
"PF1092-C","2015","true","1096","null","Ghana","GH","Central","Central","sensitive","sensitive","sensitive","sensitive","resistant","resistant"
"PF1092-Cx","2015","false","1114","null","Ghana","GH","Central","Central","null","null","null","null","null","null"
"PF1094-C","2015","true","1096","null","Ghana","GH","Central","Central","sensitive","undetermined","sensitive","sensitive","resistant","resistant"
"PF1094-Cx","2015","false","1114","null","Ghana","GH","Central","Central","null","null","null","null","null","null"
"PF1095-C","2015","true","1096","null","Ghana","GH","Central","Central","sensitive","undetermined","sensitive","sensitive","resistant","resistant"
"PF1096-C","2015","true","1096","null","Ghana","GH","Central","Central","sensitive","undetermined","sensitive","sensitive","resistant","resistant"
"PF1096-Cx","2015","false","1114","null","Ghana","GH","Central","Central","null","null","null","null","null","null"
"PF1097-C","2015","true","1096","null","Ghana","GH","Central","Central","sensitive","resistant","sensitive","sensitive","resistant","resistant"
"PF1097-Cx","2015","false","1114","null","Ghana","GH","Central","Central","null","null","null","null","null","null"
"PF1098-C","2015","true","1096","null","Ghana","GH","Central","Central","sensitive","sensitive","sensitive","sensitive","resistant","resistant"
"PF1098-Cx","2015","false","1114","null","Ghana","GH","Central","Central","null","null","null","null","null","null"
"PF1099-C","2015","true","1096","null","Ghana","GH","Central","Central","sensitive","resistant","sensitive","sensitive","resistant","resistant"
"PF1100-C","2015","true","1096","null","Ghana","GH","Central","Central","sensitive","sensitive","sensitive","sensitive","resistant","resistant"
"PF1100-Cx","2015","false","1114","null","Ghana","GH","Central","Central","null","null","null","null","null","null"
"PF1101-C","2015","true","1096","null","Ghana","GH","Central","Central","sensitive","sensitive","sensitive","sensitive","resistant","resistant"
"PF1101-Cx","2015","false","1114","null","Ghana","GH","Central","Central","null","null","null","null","null","null"
"PF1102-C","2015","true","1096","null","Ghana","GH","Central","Central","sensitive","sensitive","sensitive","sensitive","resistant","resistant"
"PF1102-Cx","2015","false","1114","null","Ghana","GH","Central","Central","null","null","null","null","null","null"
"PF1103-C","2015","true","1096","null","Ghana","GH","Central","Central","sensitive","undetermined","sensitive","sensitive","resistant","resistant"
"PF1103-Cx","2015","false","1114","null","Ghana","GH","Central","Central","null","null","null","null","null","null"
"PF1104-C","2015","true","1096","null","Ghana","GH","Central","Central","sensitive","undetermined","sensitive","sensitive","resistant","resistant"
"PF1104-Cx","2015","false","1114","null","Ghana","GH","Central","Central","null","null","null","null","null","null"
"PF1105-C","2015","true","1096","null","Ghana","GH","Central","Central","sensitive","resistant","sensitive","sensitive","resistant","resistant"
"PF1105-Cx","2015","false","1114","null","Ghana","GH","Central","Central","null","null","null","null","null","null"
"PF1106-Cx","2015","true","1114","null","Ghana","GH","Central","Central","sensitive","sensitive","undetermined","undetermined","resistant","resistant"
"PF1107-C","2015","true","1096","null","Ghana","GH","Central","Central","sensitive","resistant","sensitive","sensitive","resistant","resistant"
"PF1108-C","2015","true","1096","null","Ghana","GH","Central","Central","sensitive","undetermined","sensitive","sensitive","resistant","resistant"
"PF1110-C","2015","true","1096","null","Ghana","GH","Central","Central","sensitive","sensitive","sensitive","sensitive","resistant","resistant"
"PF1111-C","2015","true","1096","null","Ghana","GH","Central","Central","sensitive","sensitive","sensitive","sensitive","resistant","resistant"
"PF1112-C","2015","true","1096","null","Ghana","GH","Central","Central","sensitive","sensitive","sensitive","sensitive","resistant","resistant"
"PF1113-C","2015","true","1096","null","Ghana","GH","Central","Central","undetermined","resistant","sensitive","sensitive","resistant","resistant"
"PF1114-C","2015","true","1096","null","Ghana","GH","Central","Central","sensitive","sensitive","sensitive","sensitive","resistant","resistant"
"PF1118-C","2015","false","1151","null","Ghana","GH","Upper East","Upper East","null","null","null","null","null","null"
"PF1118-Cx","2015","true","1151","null","Ghana","GH","Upper East","Upper East","sensitive","sensitive","sensitive","sensitive","resistant","resistant"
"PF1119-C","2015","false","1151","null","Ghana","GH","Upper East","Upper East","null","null","null","null","null","null"
"PF1119-Cx","2015","false","1151","null","Ghana","GH","Upper East","Upper East","null","null","null","null","null","null"
"PF1119-Cx6","2015","false","1151","null","Ghana","GH","Upper East","Upper East","null","null","null","null","null","null"
"PF1119-Cx8","2015","true","1151","null","Ghana","GH","Upper East","Upper East","sensitive","sensitive","sensitive","sensitive","resistant","resistant"
"PF1120-Cx6","2015","true","1151","null","Ghana","GH","Upper East","Upper East","sensitive","sensitive","sensitive","sensitive","sensitive","resistant"
"PF1120-Cx8","2015","false","1151","null","Ghana","GH","Upper East","Upper East","null","null","null","null","null","null"
"PF1121-Cx6","2015","false","1151","null","Ghana","GH","Upper East","Upper East","null","null","null","null","null","null"
"PF1121-Cx9","2015","true","1151","null","Ghana","GH","Upper East","Upper East","sensitive","sensitive","undetermined","undetermined","resistant","sensitive"
"PF1123-C","2015","false","1151","null","Ghana","GH","Upper East","Upper East","null","null","null","null","null","null"
"PF1123-Cx","2015","true","1151","null","Ghana","GH","Upper East","Upper East","sensitive","sensitive","sensitive","sensitive","resistant","undetermined"
"PF1124-C","2015","false","1151","null","Ghana","GH","Upper East","Upper East","null","null","null","null","null","null"
"PF1124-Cx","2015","true","1151","null","Ghana","GH","Upper East","Upper East","sensitive","sensitive","sensitive","sensitive","resistant","resistant"
"PF1125-C","2015","false","1151","null","Ghana","GH","Upper East","Upper East","null","null","null","null","null","null"
"PF1125-Cx","2015","true","1151","null","Ghana","GH","Upper East","Upper East","sensitive","sensitive","sensitive","sensitive","resistant","resistant"
"PF1126-C","2015","false","1151","null","Ghana","GH","Upper East","Upper East","null","null","null","null","null","null"
"PF1126-Cx","2015","true","1151","null","Ghana","GH","Upper East","Upper East","sensitive","sensitive","sensitive","sensitive","resistant","resistant"
"PF1127-Cx","2015","false","1151","null","Ghana","GH","Upper East","Upper East","null","null","null","null","null","null"
"PF1127-Cx7","2015","true","1151","null","Ghana","GH","Upper East","Upper East","sensitive","sensitive","sensitive","sensitive","resistant","resistant"
"PF1127-Cx8","2015","false","1151","null","Ghana","GH","Upper East","Upper East","null","null","null","null","null","null"
"PF1128-C","2015","false","1151","null","Ghana","GH","Upper East","Upper East","null","null","null","null","null","null"
"PF1128-Cx","2015","true","1151","null","Ghana","GH","Upper East","Upper East","sensitive","sensitive","sensitive","sensitive","undetermined","resistant"
"PF1128-Cx4","2015","false","1151","null","Ghana","GH","Upper East","Upper East","null","null","null","null","null","null"
"PF1128-Cx6","2015","false","1151","null","Ghana","GH","Upper East","Upper East","null","null","null","null","null","null"
"PF1129-Cx","2015","false","1151","null","Ghana","GH","Upper East","Upper East","null","null","null","null","null","null"
"PF1129-Cx9","2015","true","1151","null","Ghana","GH","Upper East","Upper East","sensitive","sensitive","sensitive","sensitive","resistant","undetermined"
"PF1130-Cx6","2015","true","1151","null","Ghana","GH","Upper East","Upper East","sensitive","sensitive","undetermined","undetermined","undetermined","resistant"
"PF1130-Cx8","2015","false","1151","null","Ghana","GH","Upper East","Upper East","null","null","null","null","null","null"
"PF1131-C","2015","false","1151","null","Ghana","GH","Upper East","Upper East","null","null","null","null","null","null"
"PF1131-Cx","2015","false","1151","null","Ghana","GH","Upper East","Upper East","null","null","null","null","null","null"
"PF1131-Cx7","2015","false","1151","null","Ghana","GH","Upper East","Upper East","null","null","null","null","null","null"
"PF1131-Cx9","2015","true","1151","null","Ghana","GH","Upper East","Upper East","sensitive","sensitive","sensitive","sensitive","resistant","resistant"
"PF1132-C","2015","false","1151","null","Ghana","GH","Upper East","Upper East","null","null","null","null","null","null"
"PF1132-Cx","2015","true","1151","null","Ghana","GH","Upper East","Upper East","sensitive","sensitive","sensitive","sensitive","resistant","resistant"
"PF1134-C","2015","false","1151","null","Ghana","GH","Upper East","Upper East","null","null","null","null","null","null"
"PF1134-Cx","2015","true","1151","null","Ghana","GH","Upper East","Upper East","sensitive","sensitive","sensitive","sensitive","resistant","resistant"
"PF1135-C","2015","false","1151","null","Ghana","GH","Upper East","Upper East","null","null","null","null","null","null"
"PF1135-Cx","2015","true","1151","null","Ghana","GH","Upper East","Upper East","sensitive","sensitive","sensitive","sensitive","resistant","resistant"
"PF1135-Cx8","2015","false","1151","null","Ghana","GH","Upper East","Upper East","null","null","null","null","null","null"
"PF1136-C","2015","false","1151","null","Ghana","GH","Upper East","Upper East","null","null","null","null","null","null"
"PF1136-Cx","2015","true","1151","null","Ghana","GH","Upper East","Upper East","sensitive","sensitive","sensitive","sensitive","undetermined","undetermined"
"PF1137-C","2015","false","1151","null","Ghana","GH","Upper East","Upper East","null","null","null","null","null","null"
"PF1137-Cx","2015","true","1151","null","Ghana","GH","Upper East","Upper East","sensitive","sensitive","sensitive","sensitive","undetermined","undetermined"
"PF1139-C","2015","false","1151","null","Ghana","GH","Upper East","Upper East","null","null","null","null","null","null"
"PF1139-Cx","2015","true","1151","null","Ghana","GH","Upper East","Upper East","sensitive","sensitive","sensitive","sensitive","resistant","sensitive"
"PF1139-Cx6","2015","false","1151","null","Ghana","GH","Upper East","Upper East","null","null","null","null","null","null"
"PF1139-Cx9","2015","false","1151","null","Ghana","GH","Upper East","Upper East","null","null","null","null","null","null"
"PF1140-C","2015","false","1151","null","Ghana","GH","Upper East","Upper East","null","null","null","null","null","null"
"PF1140-Cx","2015","true","1151","null","Ghana","GH","Upper East","Upper East","sensitive","sensitive","sensitive","sensitive","resistant","resistant"
"PF1140-Cx8","2015","false","1151","null","Ghana","GH","Upper East","Upper East","null","null","null","null","null","null"
"PF1141-C","2015","false","1151","null","Ghana","GH","Upper East","Upper East","null","null","null","null","null","null"
"PF1141-Cx","2015","true","1151","null","Ghana","GH","Upper East","Upper East","sensitive","sensitive","sensitive","sensitive","resistant","resistant"
"PF1141-Cx7","2015","false","1151","null","Ghana","GH","Upper East","Upper East","null","null","null","null","null","null"
"PF1141-Cx9","2015","false","1151","null","Ghana","GH","Upper East","Upper East","null","null","null","null","null","null"
"PF1142-C","2015","false","1151","null","Ghana","GH","Upper East","Upper East","null","null","null","null","null","null"
"PF1142-Cx","2015","true","1151","null","Ghana","GH","Upper East","Upper East","sensitive","sensitive","sensitive","sensitive","resistant","sensitive"
"PF1142-Cx9","2015","false","1151","null","Ghana","GH","Upper East","Upper East","null","null","null","null","null","null"
"PF1143-Cx7","2015","false","1151","null","Ghana","GH","Upper East","Upper East","null","null","null","null","null","null"
"PF1143-Cx8","2015","true","1151","null","Ghana","GH","Upper East","Upper East","sensitive","sensitive","undetermined","undetermined","resistant","undetermined"
"PF1148-Cx","2015","false","1151","null","Ghana","GH","Upper East","Upper East","null","null","null","null","null","null"
"PF1148-Cx7","2015","false","1151","null","Ghana","GH","Upper East","Upper East","null","null","null","null","null","null"
"PF1148-Cx8","2015","true","1151","null","Ghana","GH","Upper East","Upper East","sensitive","sensitive","sensitive","sensitive","resistant","sensitive"
"PF1150-Cx","2015","false","1151","null","Ghana","GH","Upper East","Upper East","null","null","null","null","null","null"
"PF1150-Cx6","2015","false","1151","null","Ghana","GH","Upper East","Upper East","null","null","null","null","null","null"
"PF1150-Cx9","2015","true","1151","null","Ghana","GH","Upper East","Upper East","sensitive","sensitive","sensitive","sensitive","undetermined","undetermined"
"PF1151-C","2015","false","1151","null","Ghana","GH","Upper East","Upper East","null","null","null","null","null","null"
"PF1151-Cx","2015","false","1151","null","Ghana","GH","Upper East","Upper East","null","null","null","null","null","null"
"PF1151-Cx6","2015","true","1151","null","Ghana","GH","Upper East","Upper East","sensitive","sensitive","sensitive","sensitive","undetermined","sensitive"
"PF1151-Cx9","2015","false","1151","null","Ghana","GH","Upper East","Upper East","null","null","null","null","null","null"
"PF1152-C","2015","false","1151","null","Ghana","GH","Upper East","Upper East","null","null","null","null","null","null"
"PF1152-Cx","2015","false","1151","null","Ghana","GH","Upper East","Upper East","null","null","null","null","null","null"
"PF1152-Cx6","2015","false","1151","null","Ghana","GH","Upper East","Upper East","null","null","null","null","null","null"
"PF1152-Cx9","2015","true","1151","null","Ghana","GH","Upper East","Upper East","sensitive","sensitive","sensitive","sensitive","resistant","resistant"
"PF1153-C","2015","false","1151","null","Ghana","GH","Upper East","Upper East","null","null","null","null","null","null"
"PF1153-Cx","2015","false","1151","null","Ghana","GH","Upper East","Upper East","null","null","null","null","null","null"
"PF1153-Cx7","2015","false","1151","null","Ghana","GH","Upper East","Upper East","null","null","null","null","null","null"
"PF1153-Cx9","2015","true","1151","null","Ghana","GH","Upper East","Upper East","sensitive","sensitive","sensitive","sensitive","resistant","resistant"
"PF1154-C","2015","false","1151","null","Ghana","GH","Upper East","Upper East","null","null","null","null","null","null"
"PF1154-Cx","2015","true","1151","null","Ghana","GH","Upper East","Upper East","sensitive","sensitive","sensitive","sensitive","sensitive","resistant"
"PF1155-C","2015","false","1151","null","Ghana","GH","Upper East","Upper East","null","null","null","null","null","null"
"PF1155-Cx","2015","true","1151","null","Ghana","GH","Upper East","Upper East","sensitive","sensitive","sensitive","sensitive","resistant","resistant"
"PF1155-Cx6","2015","false","1151","null","Ghana","GH","Upper East","Upper East","null","null","null","null","null","null"
"PF1155-Cx8","2015","false","1151","null","Ghana","GH","Upper East","Upper East","null","null","null","null","null","null"
"PF1157-Cx","2015","false","1151","null","Ghana","GH","Upper East","Upper East","null","null","null","null","null","null"
"PF1157-Cx6","2015","false","1151","null","Ghana","GH","Upper East","Upper East","null","null","null","null","null","null"
"PF1157-Cx9","2015","true","1151","null","Ghana","GH","Upper East","Upper East","sensitive","sensitive","sensitive","sensitive","resistant","undetermined"
"PF1160-Cx","2015","false","1151","null","Ghana","GH","Upper East","Upper East","null","null","null","null","null","null"
"PF1160-Cx6","2015","false","1151","null","Ghana","GH","Upper East","Upper East","null","null","null","null","null","null"
"PF1160-Cx9","2015","true","1151","null","Ghana","GH","Upper East","Upper East","sensitive","sensitive","sensitive","sensitive","resistant","resistant"
"PF1161-Cx","2015","false","1151","null","Ghana","GH","Upper East","Upper East","null","null","null","null","null","null"
"PF1161-Cx7","2015","false","1151","null","Ghana","GH","Upper East","Upper East","null","null","null","null","null","null"
"PF1161-Cx8","2015","true","1151","null","Ghana","GH","Upper East","Upper East","sensitive","sensitive","sensitive","sensitive","undetermined","undetermined"
"PF1165-C","2015","false","1151","null","Ghana","GH","Upper East","Upper East","null","null","null","null","null","null"
"PF1165-Cx","2015","true","1151","null","Ghana","GH","Upper East","Upper East","sensitive","sensitive","sensitive","sensitive","undetermined","undetermined"
"PF1167-C","2015","false","1151","null","Ghana","GH","Upper East","Upper East","null","null","null","null","null","null"
"PF1167-Cx","2015","true","1151","null","Ghana","GH","Upper East","Upper East","sensitive","sensitive","sensitive","sensitive","sensitive","sensitive"
"PF1169-C","2015","false","1151","null","Ghana","GH","Upper East","Upper East","null","null","null","null","null","null"
"PF1169-Cx","2015","true","1151","null","Ghana","GH","Upper East","Upper East","undetermined","sensitive","sensitive","sensitive","undetermined","resistant"
"PF1169-Cx6","2015","false","1151","null","Ghana","GH","Upper East","Upper East","null","null","null","null","null","null"
"PF1169-Cx8","2015","false","1151","null","Ghana","GH","Upper East","Upper East","null","null","null","null","null","null"
"PF1170-C","2015","false","1151","null","Ghana","GH","Upper East","Upper East","null","null","null","null","null","null"
"PF1170-Cx","2015","true","1151","null","Ghana","GH","Upper East","Upper East","sensitive","sensitive","sensitive","sensitive","resistant","sensitive"
"PF1170-Cx7","2015","false","1151","null","Ghana","GH","Upper East","Upper East","null","null","null","null","null","null"
"PF1170-Cx9","2015","false","1151","null","Ghana","GH","Upper East","Upper East","null","null","null","null","null","null"
"PF1171-C","2015","false","1151","null","Ghana","GH","Upper East","Upper East","null","null","null","null","null","null"
"PF1171-Cx","2015","true","1151","null","Ghana","GH","Upper East","Upper East","sensitive","sensitive","sensitive","sensitive","undetermined","undetermined"
"PF1171-Cx6","2015","false","1151","null","Ghana","GH","Upper East","Upper East","null","null","null","null","null","null"
"PF1171-Cx8","2015","false","1151","null","Ghana","GH","Upper East","Upper East","null","null","null","null","null","null"
"PF1172-C","2015","false","1151","null","Ghana","GH","Upper East","Upper East","null","null","null","null","null","null"
"PF1172-Cx","2015","true","1151","null","Ghana","GH","Upper East","Upper East","sensitive","sensitive","sensitive","sensitive","resistant","resistant"
"PF1173-C","2015","false","1151","null","Ghana","GH","Upper East","Upper East","null","null","null","null","null","null"
"PF1173-Cx","2015","true","1151","null","Ghana","GH","Upper East","Upper East","sensitive","sensitive","sensitive","sensitive","resistant","undetermined"
"PF1174-C","2015","false","1151","null","Ghana","GH","Upper East","Upper East","null","null","null","null","null","null"
"PF1174-Cx","2015","true","1151","null","Ghana","GH","Upper East","Upper East","sensitive","sensitive","sensitive","sensitive","resistant","resistant"
"PF1175-C","2015","false","1151","null","Ghana","GH","Upper East","Upper East","null","null","null","null","null","null"
"PF1175-Cx","2015","true","1151","null","Ghana","GH","Upper East","Upper East","sensitive","sensitive","sensitive","sensitive","undetermined","undetermined"
"PF1176-C","2015","false","1151","null","Ghana","GH","Upper East","Upper East","null","null","null","null","null","null"
"PF1176-Cx","2015","true","1151","null","Ghana","GH","Upper East","Upper East","sensitive","sensitive","sensitive","sensitive","resistant","resistant"
"PF1177-C","2015","false","1151","null","Ghana","GH","Upper East","Upper East","null","null","null","null","null","null"
"PF1177-Cx","2015","true","1151","null","Ghana","GH","Upper East","Upper East","sensitive","sensitive","sensitive","sensitive","undetermined","undetermined"
"PF1178-C","2015","false","1151","null","Ghana","GH","Upper East","Upper East","null","null","null","null","null","null"
"PF1178-Cx","2015","true","1151","null","Ghana","GH","Upper East","Upper East","sensitive","sensitive","sensitive","sensitive","sensitive","resistant"
"PF1179-Cx","2015","false","1151","null","Ghana","GH","Upper East","Upper East","null","null","null","null","null","null"
"PF1179-Cx7","2015","false","1151","null","Ghana","GH","Upper East","Upper East","null","null","null","null","null","null"
"PF1179-Cx8","2015","true","1151","null","Ghana","GH","Upper East","Upper East","sensitive","sensitive","sensitive","sensitive","resistant","resistant"
"PF1180-C","2015","false","1151","null","Ghana","GH","Upper East","Upper East","null","null","null","null","null","null"
"PF1180-Cx","2015","true","1151","null","Ghana","GH","Upper East","Upper East","sensitive","sensitive","sensitive","sensitive","resistant","sensitive"
"PF1182-C","2015","false","1151","null","Ghana","GH","Upper East","Upper East","null","null","null","null","null","null"
"PF1182-Cx","2015","true","1151","null","Ghana","GH","Upper East","Upper East","sensitive","sensitive","sensitive","sensitive","resistant","resistant"
"PF1184-C","2015","false","1151","null","Ghana","GH","Upper East","Upper East","null","null","null","null","null","null"
"PF1184-Cx","2015","true","1151","null","Ghana","GH","Upper East","Upper East","sensitive","sensitive","sensitive","sensitive","resistant","resistant"
"PF1185-C","2015","false","1151","null","Ghana","GH","Upper East","Upper East","null","null","null","null","null","null"
"PF1185-Cx","2015","true","1151","null","Ghana","GH","Upper East","Upper East","sensitive","sensitive","sensitive","sensitive","resistant","resistant"
"PF1187-C","2015","false","1151","null","Ghana","GH","Upper East","Upper East","null","null","null","null","null","null"
"PF1187-Cx","2015","true","1151","null","Ghana","GH","Upper East","Upper East","sensitive","sensitive","sensitive","sensitive","undetermined","resistant"
"PF1188-C","2015","false","1151","null","Ghana","GH","Upper East","Upper East","null","null","null","null","null","null"
"PF1188-Cx","2015","true","1151","null","Ghana","GH","Upper East","Upper East","sensitive","sensitive","sensitive","sensitive","resistant","resistant"
"PF1189-C","2015","false","1151","null","Ghana","GH","Upper East","Upper East","null","null","null","null","null","null"
"PF1189-Cx","2015","true","1151","null","Ghana","GH","Upper East","Upper East","sensitive","sensitive","sensitive","sensitive","resistant","resistant"
"PF1190-C","2015","false","1151","null","Ghana","GH","Upper East","Upper East","null","null","null","null","null","null"
"PF1190-Cx","2015","true","1151","null","Ghana","GH","Upper East","Upper East","sensitive","sensitive","sensitive","sensitive","resistant","undetermined"
"PF1194-C","2015","false","1151","null","Ghana","GH","Upper East","Upper East","null","null","null","null","null","null"
"PF1194-Cx","2015","true","1151","null","Ghana","GH","Upper East","Upper East","sensitive","sensitive","sensitive","sensitive","resistant","resistant"
"PF1194-Cx8","2015","false","1151","null","Ghana","GH","Upper East","Upper East","null","null","null","null","null","null"
"PF1195-C","2015","false","1151","null","Ghana","GH","Upper East","Upper East","null","null","null","null","null","null"
"PF1195-Cx","2015","true","1151","null","Ghana","GH","Upper East","Upper East","sensitive","sensitive","sensitive","sensitive","resistant","resistant"
"PF1195-Cx6","2015","false","1151","null","Ghana","GH","Upper East","Upper East","null","null","null","null","null","null"
"PF1195-Cx9","2015","false","1151","null","Ghana","GH","Upper East","Upper East","null","null","null","null","null","null"
"PF1196-C","2015","false","1151","null","Ghana","GH","Upper East","Upper East","null","null","null","null","null","null"
"PF1196-Cx","2015","true","1151","null","Ghana","GH","Upper East","Upper East","sensitive","sensitive","sensitive","sensitive","resistant","resistant"
"PF1197-C","2015","false","1151","null","Ghana","GH","Upper East","Upper East","null","null","null","null","null","null"
"PF1197-Cx","2015","false","1151","null","Ghana","GH","Upper East","Upper East","null","null","null","null","null","null"
"PF1197-Cx8","2015","true","1151","null","Ghana","GH","Upper East","Upper East","sensitive","sensitive","sensitive","sensitive","resistant","sensitive"
"PF1198-C","2015","false","1151","null","Ghana","GH","Upper East","Upper East","null","null","null","null","null","null"
"PF1198-Cx","2015","false","1151","null","Ghana","GH","Upper East","Upper East","null","null","null","null","null","null"
"PF1198-Cx7","2015","false","1151","null","Ghana","GH","Upper East","Upper East","null","null","null","null","null","null"
"PF1198-Cx8","2015","true","1151","null","Ghana","GH","Upper East","Upper East","sensitive","sensitive","sensitive","sensitive","resistant","sensitive"
"PF1200-C","2015","false","1151","null","Ghana","GH","Upper East","Upper East","null","null","null","null","null","null"
"PF1200-Cx","2015","true","1151","null","Ghana","GH","Upper East","Upper East","sensitive","sensitive","sensitive","sensitive","resistant","resistant"
"PF1220-CW","2015","true","1151","null","Ghana","GH","Upper East","Upper East","sensitive","sensitive","undetermined","undetermined","resistant","resistant"
"PF1221-CW","2015","true","1151","null","Ghana","GH","Upper East","Upper East","undetermined","resistant","undetermined","undetermined","resistant","undetermined"
"PF1222-CW","2015","false","1151","null","Ghana","GH","Upper East","Upper East","null","null","null","null","null","null"
"PF1223-CW","2015","true","1151","null","Ghana","GH","Upper East","Upper East","undetermined","sensitive","undetermined","undetermined","sensitive","resistant"
"PF1224-CW","2015","true","1151","null","Ghana","GH","Upper East","Upper East","undetermined","sensitive","undetermined","undetermined","sensitive","resistant"
"PF1225-CW","2015","true","1151","null","Ghana","GH","Upper East","Upper East","undetermined","sensitive","undetermined","undetermined","sensitive","undetermined"
"PF1226-CW","2015","true","1151","null","Ghana","GH","Upper East","Upper East","sensitive","sensitive","undetermined","undetermined","resistant","resistant"
"PF1227-CW","2015","true","1151","null","Ghana","GH","Upper East","Upper East","undetermined","sensitive","undetermined","undetermined","resistant","resistant"
"PF1228-CW","2015","true","1151","null","Ghana","GH","Upper East","Upper East","sensitive","sensitive","undetermined","undetermined","sensitive","resistant"
"PF1229-CW","2015","true","1151","null","Ghana","GH","Upper East","Upper East","undetermined","sensitive","undetermined","undetermined","resistant","resistant"
"PF1230-CW","2015","true","1151","null","Ghana","GH","Upper East","Upper East","sensitive","sensitive","undetermined","undetermined","resistant","resistant"
"PF1231-CW","2015","false","1151","null","Ghana","GH","Upper East","Upper East","null","null","null","null","null","null"
"PF1232-CW","2015","false","1151","null","Ghana","GH","Upper East","Upper East","null","null","null","null","null","null"
"PF1233-CW","2015","true","1151","null","Ghana","GH","Upper East","Upper East","sensitive","sensitive","undetermined","undetermined","resistant","resistant"
"PF1234-CW","2015","false","1151","null","Ghana","GH","Upper East","Upper East","null","null","null","null","null","null"
"PF1235-CW","2015","true","1151","null","Ghana","GH","Upper East","Upper East","sensitive","sensitive","undetermined","undetermined","resistant","resistant"
"PF1236-CW","2015","true","1151","null","Ghana","GH","Upper East","Upper East","sensitive","sensitive","undetermined","undetermined","resistant","resistant"
"PF1237-CW","2015","false","1151","null","Ghana","GH","Upper East","Upper East","null","null","null","null","null","null"
"PF1238-CW","2015","false","1151","null","Ghana","GH","Upper East","Upper East","null","null","null","null","null","null"
"PF1239-CW","2015","true","1151","null","Ghana","GH","Upper East","Upper East","undetermined","sensitive","undetermined","undetermined","resistant","resistant"
"PF1240-CW","2015","true","1151","null","Ghana","GH","Upper East","Upper East","sensitive","sensitive","undetermined","undetermined","resistant","resistant"
"PF1241-CW","2015","false","1151","null","Ghana","GH","Upper East","Upper East","null","null","null","null","null","null"
"PF1242-CW","2015","false","1151","null","Ghana","GH","Upper East","Upper East","null","null","null","null","null","null"
"PF1243-CW","2015","false","1151","null","Ghana","GH","Upper East","Upper East","null","null","null","null","null","null"
"PF1244-CW","2015","false","1151","null","Ghana","GH","Upper East","Upper East","null","null","null","null","null","null"
"PF1245-CW","2015","false","1151","null","Ghana","GH","Upper East","Upper East","null","null","null","null","null","null"
"PF1246-CW","2015","true","1151","null","Ghana","GH","Upper East","Upper East","sensitive","sensitive","undetermined","undetermined","sensitive","resistant"
"PF1247-CW","2015","true","1151","null","Ghana","GH","Upper East","Upper East","sensitive","sensitive","undetermined","undetermined","sensitive","resistant"
"PF1248-CW","2015","false","1151","null","Ghana","GH","Upper East","Upper East","null","null","null","null","null","null"
"PF1249-CW","2015","false","1151","null","Ghana","GH","Upper East","Upper East","null","null","null","null","null","null"
"PF1250-CW","2015","false","1151","null","Ghana","GH","Upper East","Upper East","null","null","null","null","null","null"
"PF1251-CW","2015","true","1151","null","Ghana","GH","Upper East","Upper East","sensitive","sensitive","undetermined","undetermined","resistant","resistant"
"PF1252-CW","2015","true","1151","null","Ghana","GH","Upper East","Upper East","sensitive","sensitive","undetermined","undetermined","resistant","resistant"
"PF1253-CW","2015","false","1151","null","Ghana","GH","Upper East","Upper East","null","null","null","null","null","null"
"PF1254-CW","2015","false","1151","null","Ghana","GH","Upper East","Upper East","null","null","null","null","null","null"
"PF1255-CW","2015","false","1151","null","Ghana","GH","Upper East","Upper East","null","null","null","null","null","null"
"SPT12071","2016","true","1168","null","Ghana","GH","Upper East","Upper East","sensitive","sensitive","undetermined","undetermined","resistant","resistant"
"SPT12072","2016","false","1168","null","Ghana","GH","Upper East","Upper East","null","null","null","null","null","null"
"SPT12073","2016","true","1168","null","Ghana","GH","Upper East","Upper East","sensitive","sensitive","undetermined","undetermined","resistant","resistant"
"SPT12074","2016","true","1168","null","Ghana","GH","Upper East","Upper East","sensitive","sensitive","undetermined","undetermined","resistant","resistant"
"SPT12075","2016","true","1168","null","Ghana","GH","Upper East","Upper East","sensitive","sensitive","sensitive","undetermined","resistant","undetermined"
"SPT12076","2016","true","1168","null","Ghana","GH","Upper East","Upper East","undetermined","undetermined","undetermined","undetermined","resistant","undetermined"
"SPT12077","2016","true","1168","null","Ghana","GH","Upper East","Upper East","sensitive","sensitive","undetermined","undetermined","sensitive","resistant"
"SPT12078","2016","true","1168","null","Ghana","GH","Upper East","Upper East","sensitive","sensitive","undetermined","undetermined","resistant","sensitive"
"SPT12080","2016","true","1168","null","Ghana","GH","Upper East","Upper East","sensitive","sensitive","undetermined","undetermined","resistant","resistant"
"SPT12082","2016","true","1168","null","Ghana","GH","Upper East","Upper East","undetermined","sensitive","undetermined","undetermined","resistant","resistant"
"SPT12083","2016","false","1168","null","Ghana","GH","Upper East","Upper East","null","null","null","null","null","null"
"SPT12084","2016","true","1168","null","Ghana","GH","Upper East","Upper East","sensitive","sensitive","undetermined","undetermined","undetermined","resistant"
"SPT12085","2016","true","1168","null","Ghana","GH","Upper East","Upper East","undetermined","sensitive","undetermined","undetermined","resistant","resistant"
"SPT12086","2016","true","1168","null","Ghana","GH","Upper East","Upper East","sensitive","sensitive","undetermined","undetermined","resistant","resistant"
"SPT12087","2016","true","1168","null","Ghana","GH","Upper East","Upper East","undetermined","sensitive","undetermined","undetermined","resistant","resistant"
"SPT12088","2016","true","1168","null","Ghana","GH","Upper East","Upper East","undetermined","sensitive","undetermined","undetermined","resistant","resistant"
"SPT12089","2016","true","1168","null","Ghana","GH","Upper East","Upper East","sensitive","sensitive","undetermined","undetermined","resistant","resistant"
"SPT12090","2016","true","1168","null","Ghana","GH","Upper East","Upper East","sensitive","sensitive","sensitive","sensitive","resistant","resistant"
"SPT12091","2016","true","1168","null","Ghana","GH","Upper East","Upper East","sensitive","sensitive","undetermined","sensitive","resistant","resistant"
"SPT12092","2016","true","1168","null","Ghana","GH","Upper East","Upper East","sensitive","sensitive","undetermined","undetermined","resistant","resistant"
"SPT12093","2016","true","1168","null","Ghana","GH","Upper East","Upper East","sensitive","sensitive","undetermined","undetermined","resistant","resistant"
"SPT12095","2016","true","1168","null","Ghana","GH","Upper East","Upper East","sensitive","resistant","undetermined","undetermined","resistant","resistant"
"SPT12096","2016","true","1168","null","Ghana","GH","Upper East","Upper East","sensitive","sensitive","undetermined","undetermined","resistant","resistant"
"SPT12097","2016","true","1168","null","Ghana","GH","Upper East","Upper East","undetermined","sensitive","undetermined","undetermined","resistant","resistant"
"SPT12098","2016","true","1168","null","Ghana","GH","Upper East","Upper East","undetermined","sensitive","undetermined","undetermined","resistant","resistant"
"SPT12100","2016","true","1168","null","Ghana","GH","Upper East","Upper East","sensitive","sensitive","sensitive","sensitive","undetermined","resistant"
"SPT12101","2016","false","1168","null","Ghana","GH","Upper East","Upper East","null","null","null","null","null","null"
"SPT12102","2016","true","1168","null","Ghana","GH","Upper East","Upper East","sensitive","sensitive","undetermined","undetermined","resistant","resistant"
"SPT12103","2016","true","1168","null","Ghana","GH","Upper East","Upper East","undetermined","sensitive","undetermined","undetermined","resistant","resistant"
"SPT12104","2016","true","1168","null","Ghana","GH","Upper East","Upper East","undetermined","undetermined","undetermined","undetermined","undetermined","resistant"
"SPT12105","2016","true","1168","null","Ghana","GH","Upper East","Upper East","sensitive","sensitive","undetermined","sensitive","resistant","resistant"
"SPT12106","2016","false","1168","null","Ghana","GH","Upper East","Upper East","null","null","null","null","null","null"
"SPT12107","2016","false","1168","null","Ghana","GH","Upper East","Upper East","null","null","null","null","null","null"
"SPT12108","2016","false","1168","null","Ghana","GH","Upper East","Upper East","null","null","null","null","null","null"
"SPT12109","2016","true","1168","null","Ghana","GH","Upper East","Upper East","sensitive","sensitive","undetermined","undetermined","resistant","resistant"
"SPT12110","2016","true","1168","null","Ghana","GH","Upper East","Upper East","sensitive","sensitive","undetermined","undetermined","undetermined","undetermined"
"SPT12111","2016","true","1168","null","Ghana","GH","Upper East","Upper East","sensitive","sensitive","sensitive","sensitive","resistant","resistant"
"SPT12112","2016","true","1168","null","Ghana","GH","Upper East","Upper East","sensitive","sensitive","sensitive","sensitive","sensitive","resistant"
"SPT12114","2016","true","1168","null","Ghana","GH","Upper East","Upper East","sensitive","sensitive","undetermined","undetermined","resistant","resistant"
"SPT12115","2016","true","1168","null","Ghana","GH","Upper East","Upper East","sensitive","sensitive","sensitive","sensitive","resistant","resistant"
"SPT12116","2016","true","1168","null","Ghana","GH","Upper East","Upper East","sensitive","sensitive","sensitive","sensitive","undetermined","undetermined"
"SPT12117","2016","true","1168","null","Ghana","GH","Upper East","Upper East","sensitive","sensitive","undetermined","sensitive","sensitive","sensitive"
"SPT12118","2016","true","1168","null","Ghana","GH","Upper East","Upper East","sensitive","sensitive","undetermined","undetermined","resistant","resistant"
"SPT12119","2016","true","1168","null","Ghana","GH","Upper East","Upper East","sensitive","sensitive","sensitive","sensitive","resistant","resistant"
"SPT12120","2016","true","1168","null","Ghana","GH","Upper East","Upper East","undetermined","sensitive","undetermined","undetermined","undetermined","resistant"
"SPT12121","2016","true","1168","null","Ghana","GH","Upper East","Upper East","sensitive","sensitive","sensitive","sensitive","undetermined","resistant"
"SPT12122","2016","true","1168","null","Ghana","GH","Upper East","Upper East","sensitive","sensitive","sensitive","sensitive","resistant","resistant"
"SPT12124","2016","true","1168","null","Ghana","GH","Upper East","Upper East","sensitive","sensitive","undetermined","undetermined","undetermined","resistant"
"SPT12126","2016","true","1168","null","Ghana","GH","Upper East","Upper East","sensitive","sensitive","sensitive","sensitive","resistant","resistant"
"SPT12128","2016","true","1168","null","Ghana","GH","Upper East","Upper East","sensitive","sensitive","undetermined","undetermined","resistant","resistant"
"SPT12129","2016","true","1168","null","Ghana","GH","Upper East","Upper East","sensitive","sensitive","undetermined","undetermined","resistant","resistant"
"SPT12130","2016","false","1168","null","Ghana","GH","Upper East","Upper East","null","null","null","null","null","null"
"SPT12131","2016","true","1168","null","Ghana","GH","Upper East","Upper East","sensitive","sensitive","undetermined","sensitive","resistant","resistant"
"SPT12132","2016","true","1168","null","Ghana","GH","Upper East","Upper East","undetermined","sensitive","undetermined","undetermined","resistant","undetermined"
"SPT12133","2016","true","1168","null","Ghana","GH","Upper East","Upper East","sensitive","sensitive","sensitive","sensitive","resistant","resistant"
"SPT12134","2016","true","1168","null","Ghana","GH","Upper East","Upper East","sensitive","sensitive","sensitive","sensitive","resistant","resistant"
"SPT12135","2016","true","1168","null","Ghana","GH","Upper East","Upper East","sensitive","sensitive","sensitive","sensitive","undetermined","undetermined"
"SPT12136","2016","true","1168","null","Ghana","GH","Upper East","Upper East","sensitive","sensitive","sensitive","undetermined","resistant","resistant"
"SPT12137","2016","false","1168","null","Ghana","GH","Upper East","Upper East","null","null","null","null","null","null"
"SPT12138","2016","true","1168","null","Ghana","GH","Upper East","Upper East","sensitive","sensitive","sensitive","undetermined","resistant","undetermined"
"SPT12139","2016","true","1168","null","Ghana","GH","Upper East","Upper East","sensitive","sensitive","undetermined","sensitive","resistant","resistant"
"SPT12226","2016","true","1168","null","Ghana","GH","Upper East","Upper East","undetermined","sensitive","undetermined","undetermined","resistant","resistant"
"SPT12230","2016","true","1168","null","Ghana","GH","Upper East","Upper East","sensitive","sensitive","undetermined","undetermined","resistant","resistant"
"SPT12263","2016","true","1168","null","Ghana","GH","Upper East","Upper East","sensitive","sensitive","undetermined","sensitive","resistant","resistant"
"SPT12264","2016","true","1168","null","Ghana","GH","Upper East","Upper East","sensitive","sensitive","sensitive","sensitive","resistant","resistant"
"SPT12265","2016","true","1168","null","Ghana","GH","Upper East","Upper East","undetermined","sensitive","undetermined","undetermined","sensitive","resistant"
"SPT12266","2016","true","1168","null","Ghana","GH","Upper East","Upper East","sensitive","sensitive","undetermined","undetermined","resistant","undetermined"
"SPT12268","2016","false","1168","null","Ghana","GH","Upper East","Upper East","null","null","null","null","null","null"
"SPT12269","2016","true","1168","null","Ghana","GH","Upper East","Upper East","sensitive","undetermined","sensitive","undetermined","resistant","resistant"
"SPT12271","2016","true","1168","null","Ghana","GH","Upper East","Upper East","sensitive","sensitive","undetermined","sensitive","resistant","resistant"
"SPT12272","2016","true","1168","null","Ghana","GH","Upper East","Upper East","sensitive","sensitive","undetermined","undetermined","resistant","undetermined"
"SPT12273","2016","true","1168","null","Ghana","GH","Upper East","Upper East","sensitive","sensitive","undetermined","undetermined","undetermined","resistant"
"SPT12274","2016","true","1168","null","Ghana","GH","Upper East","Upper East","sensitive","sensitive","sensitive","sensitive","resistant","resistant"
"SPT12275","2016","true","1168","null","Ghana","GH","Upper East","Upper East","sensitive","sensitive","sensitive","sensitive","resistant","resistant"
"SPT12277","2016","true","1168","null","Ghana","GH","Upper East","Upper East","undetermined","sensitive","undetermined","undetermined","resistant","resistant"
"SPT12278","2016","true","1168","null","Ghana","GH","Upper East","Upper East","sensitive","sensitive","undetermined","sensitive","resistant","resistant"
"SPT12279","2016","true","1168","null","Ghana","GH","Upper East","Upper East","sensitive","sensitive","sensitive","sensitive","resistant","resistant"
"SPT12281","2016","true","1168","null","Ghana","GH","Upper East","Upper East","undetermined","sensitive","undetermined","undetermined","undetermined","undetermined"
"SPT12283","2016","true","1168","null","Ghana","GH","Upper East","Upper East","sensitive","sensitive","undetermined","undetermined","resistant","resistant"
"SPT12285","2016","false","1168","null","Ghana","GH","Upper East","Upper East","null","null","null","null","null","null"
"SPT12292","2016","true","1168","null","Ghana","GH","Upper East","Upper East","undetermined","sensitive","undetermined","undetermined","resistant","undetermined"
"SPT12293","2016","true","1168","null","Ghana","GH","Upper East","Upper East","sensitive","sensitive","undetermined","undetermined","resistant","undetermined"
"SPT12297","2016","true","1168","null","Ghana","GH","Upper East","Upper East","undetermined","sensitive","undetermined","undetermined","undetermined","resistant"
"SPT12299","2016","true","1168","null","Ghana","GH","Upper East","Upper East","sensitive","sensitive","undetermined","sensitive","undetermined","resistant"
"SPT12302","2016","true","1168","null","Ghana","GH","Upper East","Upper East","sensitive","sensitive","sensitive","sensitive","resistant","resistant"
"SPT12304","2016","true","1168","null","Ghana","GH","Upper East","Upper East","sensitive","sensitive","undetermined","undetermined","resistant","sensitive"
"SPT12306","2016","false","1168","null","Ghana","GH","Upper East","Upper East","null","null","null","null","null","null"
"SPT12307","2016","true","1168","null","Ghana","GH","Upper East","Upper East","sensitive","sensitive","undetermined","undetermined","resistant","resistant"
"SPT12309","2016","true","1168","null","Ghana","GH","Upper East","Upper East","sensitive","sensitive","sensitive","sensitive","resistant","resistant"
"SPT12310","2016","false","1168","null","Ghana","GH","Upper East","Upper East","null","null","null","null","null","null"
"SPT12311","2016","false","1168","null","Ghana","GH","Upper East","Upper East","null","null","null","null","null","null"
"SPT12317","2016","true","1168","null","Ghana","GH","Upper East","Upper East","sensitive","sensitive","undetermined","undetermined","resistant","resistant"
"SPT12319","2016","true","1168","null","Ghana","GH","Upper East","Upper East","sensitive","sensitive","undetermined","undetermined","resistant","resistant"
"SPT12320","2016","false","1168","null","Ghana","GH","Upper East","Upper East","null","null","null","null","null","null"
"SPT12321","2016","true","1168","null","Ghana","GH","Upper East","Upper East","sensitive","undetermined","undetermined","undetermined","resistant","sensitive"
"SPT12323","2016","true","1168","null","Ghana","GH","Upper East","Upper East","sensitive","sensitive","undetermined","sensitive","resistant","resistant"
"SPT12327","2016","true","1168","null","Ghana","GH","Upper East","Upper East","undetermined","sensitive","undetermined","undetermined","resistant","undetermined"
"SPT12328","2016","false","1168","null","Ghana","GH","Upper East","Upper East","null","null","null","null","null","null"
"SPT12329","2016","true","1168","null","Ghana","GH","Upper East","Upper East","sensitive","sensitive","undetermined","undetermined","resistant","undetermined"
"SPT12330","2016","true","1168","null","Ghana","GH","Upper East","Upper East","sensitive","sensitive","undetermined","undetermined","resistant","resistant"
"SPT12332","2016","true","1168","null","Ghana","GH","Upper East","Upper East","sensitive","sensitive","undetermined","undetermined","resistant","resistant"
"SPT12333","2016","false","1168","null","Ghana","GH","Upper East","Upper East","null","null","null","null","null","null"
"SPT12334","2016","false","1168","null","Ghana","GH","Upper East","Upper East","null","null","null","null","null","null"
"SPT12335","2016","true","1168","null","Ghana","GH","Upper East","Upper East","undetermined","resistant","undetermined","undetermined","resistant","resistant"
"SPT12336","2016","true","1168","null","Ghana","GH","Upper East","Upper East","sensitive","sensitive","undetermined","undetermined","resistant","resistant"
"SPT12337","2016","true","1168","null","Ghana","GH","Upper East","Upper East","sensitive","sensitive","undetermined","undetermined","undetermined","resistant"
"SPT12338","2016","true","1168","null","Ghana","GH","Upper East","Upper East","sensitive","sensitive","undetermined","undetermined","resistant","resistant"
"SPT12339","2016","true","1168","null","Ghana","GH","Upper East","Upper East","sensitive","sensitive","undetermined","undetermined","undetermined","resistant"
"SPT12340","2016","true","1168","null","Ghana","GH","Upper East","Upper East","sensitive","sensitive","sensitive","sensitive","resistant","undetermined"
"SPT12341","2016","false","1168","null","Ghana","GH","Upper East","Upper East","null","null","null","null","null","null"
"SPT12342","2016","true","1168","null","Ghana","GH","Upper East","Upper East","sensitive","sensitive","undetermined","sensitive","resistant","resistant"
"SPT12343","2016","true","1168","null","Ghana","GH","Upper East","Upper East","sensitive","sensitive","sensitive","sensitive","resistant","resistant"
"SPT12344","2016","true","1168","null","Ghana","GH","Upper East","Upper East","sensitive","sensitive","sensitive","sensitive","undetermined","undetermined"
"SPT12345","2016","true","1168","null","Ghana","GH","Upper East","Upper East","sensitive","sensitive","sensitive","sensitive","resistant","resistant"
"SPT12346","2016","true","1168","null","Ghana","GH","Upper East","Upper East","sensitive","sensitive","sensitive","sensitive","resistant","resistant"
"SPT12347","2016","true","1168","null","Ghana","GH","Upper East","Upper East","undetermined","sensitive","undetermined","undetermined","resistant","resistant"
"SPT12348","2016","true","1168","null","Ghana","GH","Upper East","Upper East","sensitive","sensitive","sensitive","sensitive","resistant","undetermined"
"SPT12349","2016","true","1168","null","Ghana","GH","Upper East","Upper East","sensitive","sensitive","sensitive","sensitive","resistant","resistant"
"SPT12350","2016","true","1168","null","Ghana","GH","Upper East","Upper East","sensitive","sensitive","undetermined","undetermined","resistant","resistant"
"SPT12351","2016","true","1168","null","Ghana","GH","Upper East","Upper East","undetermined","sensitive","undetermined","undetermined","sensitive","resistant"
"SPT12353","2016","true","1168","null","Ghana","GH","Upper East","Upper East","sensitive","sensitive","undetermined","sensitive","resistant","resistant"
"SPT12354","2016","true","1168","null","Ghana","GH","Upper East","Upper East","undetermined","sensitive","undetermined","undetermined","resistant","undetermined"
"SPT12355","2016","true","1168","null","Ghana","GH","Upper East","Upper East","sensitive","sensitive","undetermined","undetermined","resistant","resistant"
"SPT12356","2016","true","1168","null","Ghana","GH","Upper East","Upper East","sensitive","sensitive","sensitive","sensitive","resistant","resistant"
"SPT12357","2016","true","1168","null","Ghana","GH","Upper East","Upper East","sensitive","sensitive","undetermined","undetermined","resistant","resistant"
"SPT12358","2016","true","1168","null","Ghana","GH","Upper East","Upper East","sensitive","sensitive","sensitive","sensitive","resistant","resistant"
"SPT12359","2016","false","1168","null","Ghana","GH","Upper East","Upper East","null","null","null","null","null","null"
"SPT12360","2016","true","1168","null","Ghana","GH","Upper East","Upper East","undetermined","sensitive","undetermined","undetermined","resistant","resistant"
"SPT12367","2016","true","1168","null","Ghana","GH","Upper East","Upper East","sensitive","sensitive","undetermined","undetermined","resistant","resistant"
"SPT12368","2016","true","1168","null","Ghana","GH","Upper East","Upper East","sensitive","sensitive","undetermined","undetermined","resistant","resistant"
"SPT12370","2016","true","1168","null","Ghana","GH","Upper East","Upper East","sensitive","sensitive","undetermined","undetermined","resistant","undetermined"
"SPT12372","2016","true","1168","null","Ghana","GH","Upper East","Upper East","sensitive","sensitive","undetermined","undetermined","resistant","resistant"
"SPT12450","2016","true","1168","null","Ghana","GH","Upper East","Upper East","sensitive","sensitive","undetermined","undetermined","undetermined","resistant"
"SPT12454","2016","true","1168","null","Ghana","GH","Upper East","Upper East","sensitive","sensitive","undetermined","undetermined","resistant","resistant"
"SPT12455","2016","true","1168","null","Ghana","GH","Upper East","Upper East","sensitive","sensitive","undetermined","undetermined","resistant","resistant"
"SPT12458","2016","true","1168","null","Ghana","GH","Upper East","Upper East","undetermined","sensitive","undetermined","undetermined","resistant","resistant"
"SPT12459","2016","true","1168","null","Ghana","GH","Upper East","Upper East","undetermined","sensitive","undetermined","undetermined","resistant","resistant"
"SPT12460","2016","true","1168","null","Ghana","GH","Upper East","Upper East","sensitive","sensitive","undetermined","undetermined","resistant","resistant"
"SPT12461","2016","true","1168","null","Ghana","GH","Upper East","Upper East","undetermined","sensitive","undetermined","undetermined","resistant","resistant"
"SPT12463","2016","true","1168","null","Ghana","GH","Upper East","Upper East","sensitive","sensitive","undetermined","undetermined","resistant","resistant"
"SPT12465","2016","false","1168","null","Ghana","GH","Upper East","Upper East","null","null","null","null","null","null"
"SPT12467","2016","true","1168","null","Ghana","GH","Upper East","Upper East","undetermined","sensitive","undetermined","undetermined","resistant","resistant"
"SPT12470","2016","true","1168","null","Ghana","GH","Upper East","Upper East","sensitive","sensitive","undetermined","sensitive","undetermined","resistant"
"SPT12471","2016","true","1168","null","Ghana","GH","Upper East","Upper East","sensitive","sensitive","sensitive","sensitive","resistant","resistant"
"SPT12472","2016","true","1168","null","Ghana","GH","Upper East","Upper East","sensitive","sensitive","undetermined","undetermined","resistant","resistant"
"SPT12474","2016","false","1168","null","Ghana","GH","Upper East","Upper East","null","null","null","null","null","null"
"SPT12475","2016","false","1168","null","Ghana","GH","Upper East","Upper East","null","null","null","null","null","null"
"SPT12477","2016","true","1168","null","Ghana","GH","Upper East","Upper East","sensitive","sensitive","undetermined","sensitive","resistant","resistant"
"SPT12478","2016","true","1168","null","Ghana","GH","Upper East","Upper East","sensitive","sensitive","sensitive","sensitive","resistant","resistant"
"SPT12479","2016","true","1168","null","Ghana","GH","Upper East","Upper East","sensitive","sensitive","undetermined","sensitive","resistant","resistant"
"SPT12480","2016","true","1168","null","Ghana","GH","Upper East","Upper East","sensitive","resistant","sensitive","sensitive","resistant","resistant"
"SPT12481","2016","false","1168","null","Ghana","GH","Upper East","Upper East","null","null","null","null","null","null"
"SPT12482","2016","true","1168","null","Ghana","GH","Upper East","Upper East","sensitive","sensitive","sensitive","sensitive","resistant","resistant"
"SPT12483","2016","false","1168","null","Ghana","GH","Upper East","Upper East","null","null","null","null","null","null"
"SPT12485","2016","true","1168","null","Ghana","GH","Upper East","Upper East","sensitive","sensitive","undetermined","undetermined","resistant","resistant"
"SPT12486","2016","true","1168","null","Ghana","GH","Upper East","Upper East","sensitive","sensitive","sensitive","sensitive","resistant","resistant"
"SPT12487","2016","false","1168","null","Ghana","GH","Upper East","Upper East","null","null","null","null","null","null"
"SPT12488","2016","true","1168","null","Ghana","GH","Upper East","Upper East","sensitive","undetermined","undetermined","undetermined","resistant","resistant"
"SPT12489","2016","false","1168","null","Ghana","GH","Upper East","Upper East","null","null","null","null","null","null"
"SPT12490","2016","true","1168","null","Ghana","GH","Upper East","Upper East","sensitive","sensitive","sensitive","sensitive","resistant","resistant"
"SPT12491","2016","false","1168","null","Ghana","GH","Upper East","Upper East","null","null","null","null","null","null"
"SPT12492","2016","true","1168","null","Ghana","GH","Upper East","Upper East","undetermined","sensitive","undetermined","undetermined","resistant","resistant"
"SPT12493","2016","true","1168","null","Ghana","GH","Upper East","Upper East","sensitive","sensitive","undetermined","undetermined","undetermined","resistant"
"SPT12494","2016","true","1168","null","Ghana","GH","Upper East","Upper East","undetermined","sensitive","undetermined","undetermined","resistant","undetermined"
"SPT12495","2016","true","1168","null","Ghana","GH","Upper East","Upper East","sensitive","sensitive","undetermined","undetermined","resistant","resistant"
"SPT12497","2016","true","1168","null","Ghana","GH","Upper East","Upper East","undetermined","sensitive","undetermined","undetermined","resistant","resistant"
"SPT12498","2016","true","1168","null","Ghana","GH","Upper East","Upper East","undetermined","sensitive","undetermined","undetermined","resistant","resistant"
"SPT12499","2016","true","1168","null","Ghana","GH","Upper East","Upper East","sensitive","sensitive","undetermined","undetermined","undetermined","resistant"
"SPT12500","2016","true","1168","null","Ghana","GH","Upper East","Upper East","sensitive","sensitive","undetermined","undetermined","resistant","resistant"
"SPT12501","2016","false","1168","null","Ghana","GH","Upper East","Upper East","null","null","null","null","null","null"
"SPT12502","2016","true","1168","null","Ghana","GH","Upper East","Upper East","sensitive","sensitive","undetermined","sensitive","resistant","resistant"
"SPT12504","2016","false","1168","null","Ghana","GH","Upper East","Upper East","null","null","null","null","null","null"
"SPT12505","2016","true","1168","null","Ghana","GH","Upper East","Upper East","undetermined","sensitive","undetermined","undetermined","resistant","resistant"
"SPT12506","2016","true","1168","null","Ghana","GH","Upper East","Upper East","sensitive","sensitive","undetermined","undetermined","resistant","resistant"
"SPT12507","2016","true","1168","null","Ghana","GH","Upper East","Upper East","sensitive","sensitive","undetermined","undetermined","resistant","sensitive"
"SPT12508","2016","true","1168","null","Ghana","GH","Upper East","Upper East","sensitive","sensitive","undetermined","undetermined","undetermined","resistant"
"SPT12510","2016","true","1168","null","Ghana","GH","Upper East","Upper East","sensitive","sensitive","undetermined","undetermined","resistant","resistant"
"SPT12512","2016","false","1168","null","Ghana","GH","Upper East","Upper East","null","null","null","null","null","null"
"SPT12513","2016","true","1168","null","Ghana","GH","Upper East","Upper East","sensitive","sensitive","undetermined","sensitive","resistant","resistant"
"SPT12514","2016","true","1168","null","Ghana","GH","Upper East","Upper East","undetermined","sensitive","undetermined","undetermined","resistant","resistant"
"SPT12515","2016","true","1168","null","Ghana","GH","Upper East","Upper East","sensitive","sensitive","undetermined","undetermined","undetermined","resistant"
"SPT12516","2016","true","1168","null","Ghana","GH","Upper East","Upper East","sensitive","sensitive","undetermined","sensitive","resistant","resistant"
"SPT12517","2016","true","1168","null","Ghana","GH","Upper East","Upper East","sensitive","sensitive","undetermined","undetermined","resistant","sensitive"
"SPT12518","2016","true","1168","null","Ghana","GH","Upper East","Upper East","undetermined","sensitive","undetermined","undetermined","undetermined","resistant"
"SPT12519","2016","true","1168","null","Ghana","GH","Upper East","Upper East","sensitive","sensitive","undetermined","undetermined","resistant","sensitive"
"SPT12520","2016","true","1168","null","Ghana","GH","Upper East","Upper East","sensitive","sensitive","undetermined","undetermined","resistant","resistant"
"SPT12521","2016","true","1168","null","Ghana","GH","Upper East","Upper East","sensitive","sensitive","undetermined","undetermined","resistant","resistant"
"SPT12522","2016","true","1168","null","Ghana","GH","Upper East","Upper East","sensitive","sensitive","undetermined","undetermined","resistant","resistant"
"SPT12523","2016","true","1168","null","Ghana","GH","Upper East","Upper East","sensitive","sensitive","undetermined","undetermined","sensitive","resistant"
"SPT12524","2016","true","1168","null","Ghana","GH","Upper East","Upper East","sensitive","sensitive","undetermined","undetermined","resistant","resistant"
"SPT12525","2016","true","1168","null","Ghana","GH","Upper East","Upper East","undetermined","sensitive","undetermined","undetermined","resistant","resistant"
"SPT12526","2016","true","1168","null","Ghana","GH","Upper East","Upper East","undetermined","sensitive","undetermined","undetermined","undetermined","resistant"
"SPT12527","2016","true","1168","null","Ghana","GH","Upper East","Upper East","undetermined","sensitive","undetermined","undetermined","resistant","resistant"
"SPT12528","2016","true","1168","null","Ghana","GH","Upper East","Upper East","undetermined","sensitive","undetermined","undetermined","resistant","resistant"
"SPT12529","2016","true","1168","null","Ghana","GH","Upper East","Upper East","sensitive","sensitive","undetermined","undetermined","resistant","resistant"
"SPT12530","2016","false","1168","null","Ghana","GH","Upper East","Upper East","null","null","null","null","null","null"
"SPT12532","2016","false","1168","null","Ghana","GH","Upper East","Upper East","null","null","null","null","null","null"
"SPT12533","2016","false","1168","null","Ghana","GH","Upper East","Upper East","null","null","null","null","null","null"
"SPT12534","2016","false","1168","null","Ghana","GH","Upper East","Upper East","null","null","null","null","null","null"
"SPT12535","2016","true","1168","null","Ghana","GH","Upper East","Upper East","undetermined","sensitive","undetermined","undetermined","resistant","resistant"
"SPT12536","2016","true","1168","null","Ghana","GH","Upper East","Upper East","sensitive","sensitive","undetermined","undetermined","resistant","sensitive"
"SPT12537","2016","true","1168","null","Ghana","GH","Upper East","Upper East","undetermined","sensitive","undetermined","undetermined","resistant","undetermined"
"SPT12540","2016","true","1168","null","Ghana","GH","Upper East","Upper East","undetermined","sensitive","undetermined","undetermined","resistant","resistant"
"SPT12543","2016","true","1168","null","Ghana","GH","Upper East","Upper East","sensitive","sensitive","undetermined","undetermined","resistant","resistant"
"SPT12544","2016","true","1168","null","Ghana","GH","Upper East","Upper East","sensitive","sensitive","undetermined","undetermined","resistant","undetermined"
"SPT12546","2016","false","1168","null","Ghana","GH","Upper East","Upper East","null","null","null","null","null","null"
"SPT12547","2016","false","1168","null","Ghana","GH","Upper East","Upper East","null","null","null","null","null","null"
"SPT12550","2016","false","1168","null","Ghana","GH","Upper East","Upper East","null","null","null","null","null","null"
"SPT12551","2016","false","1168","null","Ghana","GH","Upper East","Upper East","null","null","null","null","null","null"
"SPT12552","2016","true","1168","null","Ghana","GH","Upper East","Upper East","sensitive","sensitive","undetermined","undetermined","resistant","resistant"
"SPT12554","2016","true","1168","null","Ghana","GH","Upper East","Upper East","undetermined","sensitive","undetermined","undetermined","resistant","sensitive"
"SPT12555","2016","true","1168","null","Ghana","GH","Upper East","Upper East","sensitive","sensitive","undetermined","undetermined","resistant","resistant"
"SPT12556","2016","true","1168","null","Ghana","GH","Upper East","Upper East","sensitive","sensitive","undetermined","undetermined","undetermined","undetermined"
"SPT12557","2016","true","1168","null","Ghana","GH","Upper East","Upper East","undetermined","sensitive","undetermined","undetermined","resistant","resistant"
"SPT12558","2016","true","1168","null","Ghana","GH","Upper East","Upper East","sensitive","sensitive","undetermined","undetermined","resistant","resistant"
"SPT12559","2016","true","1168","null","Ghana","GH","Upper East","Upper East","undetermined","sensitive","undetermined","undetermined","undetermined","resistant"
"SPT12560","2016","true","1168","null","Ghana","GH","Upper East","Upper East","sensitive","sensitive","sensitive","sensitive","resistant","resistant"
"SPT12562","2016","true","1168","null","Ghana","GH","Upper East","Upper East","sensitive","sensitive","undetermined","undetermined","resistant","resistant"
"SPT12563","2016","true","1168","null","Ghana","GH","Upper East","Upper East","sensitive","sensitive","undetermined","undetermined","resistant","resistant"
"SPT12564","2016","true","1168","null","Ghana","GH","Upper East","Upper East","sensitive","undetermined","sensitive","sensitive","resistant","undetermined"
"SPT12565","2016","false","1168","null","Ghana","GH","Upper East","Upper East","null","null","null","null","null","null"
"SPT12566","2016","true","1168","null","Ghana","GH","Upper East","Upper East","sensitive","sensitive","undetermined","sensitive","resistant","resistant"
"SPT12567","2016","false","1168","null","Ghana","GH","Upper East","Upper East","null","null","null","null","null","null"
"SPT12568","2016","true","1168","null","Ghana","GH","Upper East","Upper East","undetermined","sensitive","undetermined","undetermined","resistant","resistant"
"SPT12569","2016","true","1168","null","Ghana","GH","Upper East","Upper East","sensitive","sensitive","sensitive","sensitive","resistant","resistant"
"SPT12570","2016","false","1168","null","Ghana","GH","Upper East","Upper East","null","null","null","null","null","null"
"SPT12572","2016","true","1168","null","Ghana","GH","Upper East","Upper East","sensitive","sensitive","undetermined","sensitive","resistant","sensitive"
"SPT12573","2016","true","1168","null","Ghana","GH","Upper East","Upper East","sensitive","sensitive","undetermined","undetermined","undetermined","resistant"
"SPT12575","2016","false","1168","null","Ghana","GH","Upper East","Upper East","null","null","null","null","null","null"
"SPT12576","2016","true","1168","null","Ghana","GH","Upper East","Upper East","sensitive","sensitive","undetermined","sensitive","resistant","resistant"
"SPT12578","2016","true","1168","null","Ghana","GH","Upper East","Upper East","sensitive","sensitive","sensitive","undetermined","sensitive","resistant"
"SPT12579","2016","true","1168","null","Ghana","GH","Upper East","Upper East","sensitive","sensitive","undetermined","sensitive","undetermined","resistant"
"SPT12580","2016","true","1168","null","Ghana","GH","Upper East","Upper East","sensitive","sensitive","undetermined","undetermined","resistant","resistant"
"SPT12581","2016","true","1168","null","Ghana","GH","Upper East","Upper East","sensitive","undetermined","undetermined","undetermined","resistant","resistant"
"SPT12583","2016","true","1168","null","Ghana","GH","Upper East","Upper East","sensitive","sensitive","sensitive","sensitive","resistant","resistant"
"SPT12584","2016","true","1168","null","Ghana","GH","Upper East","Upper East","sensitive","sensitive","sensitive","undetermined","resistant","resistant"
"SPT12592","2016","false","1168","null","Ghana","GH","Upper East","Upper East","null","null","null","null","null","null"
"SPT12611","2016","false","1168","null","Ghana","GH","Upper East","Upper East","null","null","null","null","null","null"
"SPT12622","2016","true","1168","null","Ghana","GH","Upper East","Upper East","sensitive","sensitive","undetermined","undetermined","undetermined","sensitive"
"SPT12632","2016","false","1168","null","Ghana","GH","Upper East","Upper East","null","null","null","null","null","null"
"SPT12637","2016","false","1168","null","Ghana","GH","Upper East","Upper East","null","null","null","null","null","null"
"SPT12651","2016","false","1168","null","Ghana","GH","Upper East","Upper East","null","null","null","null","null","null"
"SPT12652","2016","true","1168","null","Ghana","GH","Upper East","Upper East","undetermined","sensitive","undetermined","undetermined","resistant","resistant"
"SPT12654","2016","false","1168","null","Ghana","GH","Upper East","Upper East","null","null","null","null","null","null"
"SPT12665","2016","true","1168","null","Ghana","GH","Upper East","Upper East","undetermined","sensitive","undetermined","undetermined","undetermined","resistant"
"SPT12666","2016","false","1168","null","Ghana","GH","Upper East","Upper East","null","null","null","null","null","null"
"SPT12694","2016","false","1168","null","Ghana","GH","Upper East","Upper East","null","null","null","null","null","null"
"SPT12700","2016","false","1168","null","Ghana","GH","Upper East","Upper East","null","null","null","null","null","null"
"SPT12703","2016","false","1168","null","Ghana","GH","Upper East","Upper East","null","null","null","null","null","null"
"SPT12705","2016","true","1168","null","Ghana","GH","Upper East","Upper East","undetermined","sensitive","undetermined","undetermined","undetermined","resistant"
"SPT12719","2016","false","1168","null","Ghana","GH","Upper East","Upper East","null","null","null","null","null","null"
"SPT12721","2016","false","1168","null","Ghana","GH","Upper East","Upper East","null","null","null","null","null","null"
"SPT12723","2016","false","1168","null","Ghana","GH","Upper East","Upper East","null","null","null","null","null","null"
"SPT12724","2016","false","1168","null","Ghana","GH","Upper East","Upper East","null","null","null","null","null","null"
"SPT12727","2016","true","1168","null","Ghana","GH","Upper East","Upper East","undetermined","sensitive","undetermined","undetermined","resistant","resistant"
"SPT12731","2016","false","1168","null","Ghana","GH","Upper East","Upper East","null","null","null","null","null","null"
"SPT12734","2016","false","1168","null","Ghana","GH","Upper East","Upper East","null","null","null","null","null","null"
"SPT12741","2016","true","1168","null","Ghana","GH","Upper East","Upper East","undetermined","sensitive","undetermined","undetermined","undetermined","undetermined"
"SPT12751","2016","false","1168","null","Ghana","GH","Upper East","Upper East","null","null","null","null","null","null"
"SPT12794","2016","false","1168","null","Ghana","GH","Upper East","Upper East","null","null","null","null","null","null"
"SPT12796","2016","true","1168","null","Ghana","GH","Upper East","Upper East","sensitive","sensitive","undetermined","undetermined","resistant","resistant"
"SPT12806","2016","false","1168","null","Ghana","GH","Upper East","Upper East","null","null","null","null","null","null"
"SPT12807","2016","true","1168","null","Ghana","GH","Upper East","Upper East","sensitive","sensitive","undetermined","sensitive","resistant","undetermined"
"SPT12809","2016","false","1168","null","Ghana","GH","Upper East","Upper East","null","null","null","null","null","null"
"SPT12822","2016","false","1168","null","Ghana","GH","Upper East","Upper East","null","null","null","null","null","null"
"SPT12829","2016","false","1168","null","Ghana","GH","Upper East","Upper East","null","null","null","null","null","null"
"SPT12831","2016","false","1168","null","Ghana","GH","Upper East","Upper East","null","null","null","null","null","null"
"SPT12863","2016","true","1168","null","Ghana","GH","Upper East","Upper East","sensitive","undetermined","undetermined","undetermined","resistant","resistant"
"SPT12866","2016","false","1168","null","Ghana","GH","Upper East","Upper East","null","null","null","null","null","null"
"SPT12874","2016","false","1168","null","Ghana","GH","Upper East","Upper East","null","null","null","null","null","null"
"SPT12886","2016","false","1168","null","Ghana","GH","Upper East","Upper East","null","null","null","null","null","null"
"SPT12905","2016","true","1168","null","Ghana","GH","Upper East","Upper East","undetermined","sensitive","undetermined","undetermined","resistant","resistant"
"SPT12912","2016","false","1168","null","Ghana","GH","Upper East","Upper East","null","null","null","null","null","null"
"SPT12916","2016","true","1168","null","Ghana","GH","Upper East","Upper East","sensitive","sensitive","undetermined","undetermined","resistant","resistant"
"SPT12920","2016","true","1168","null","Ghana","GH","Upper East","Upper East","sensitive","sensitive","undetermined","undetermined","resistant","resistant"
"SPT12940","2016","false","1168","null","Ghana","GH","Upper East","Upper East","null","null","null","null","null","null"
"SPT12942","2016","false","1168","null","Ghana","GH","Upper East","Upper East","null","null","null","null","null","null"
"SPT12964","2016","true","1168","null","Ghana","GH","Upper East","Upper East","undetermined","sensitive","undetermined","undetermined","resistant","resistant"
"SPT12969","2016","true","1168","null","Ghana","GH","Upper East","Upper East","sensitive","sensitive","undetermined","undetermined","undetermined","undetermined"
"SPT12972","2016","true","1168","null","Ghana","GH","Upper East","Upper East","sensitive","sensitive","undetermined","undetermined","resistant","resistant"
"SPT12977","2016","false","1168","null","Ghana","GH","Upper East","Upper East","null","null","null","null","null","null"
"SPT12980","2016","true","1168","null","Ghana","GH","Upper East","Upper East","sensitive","sensitive","undetermined","undetermined","undetermined","resistant"
"SPT12981","2016","false","1168","null","Ghana","GH","Upper East","Upper East","null","null","null","null","null","null"
"SPT12982","2016","true","1168","null","Ghana","GH","Upper East","Upper East","undetermined","sensitive","undetermined","undetermined","resistant","resistant"
"SPT12985","2016","true","1168","null","Ghana","GH","Upper East","Upper East","undetermined","sensitive","undetermined","undetermined","resistant","resistant"
"SPT12988","2016","false","1168","null","Ghana","GH","Upper East","Upper East","null","null","null","null","null","null"
"SPT12990","2016","true","1168","null","Ghana","GH","Upper East","Upper East","sensitive","sensitive","undetermined","undetermined","resistant","resistant"
"SPT13003","2016","true","1168","null","Ghana","GH","Upper East","Upper East","undetermined","sensitive","undetermined","undetermined","resistant","resistant"
"SPT13020","2016","false","1168","null","Ghana","GH","Upper East","Upper East","null","null","null","null","null","null"
"SPT13038","2016","true","1168","null","Ghana","GH","Upper East","Upper East","undetermined","sensitive","undetermined","undetermined","resistant","resistant"
"SPT13055","2016","false","1168","null","Ghana","GH","Upper East","Upper East","null","null","null","null","null","null"
"SPT13058","2016","false","1168","null","Ghana","GH","Upper East","Upper East","null","null","null","null","null","null"
"SPT13062","2016","false","1168","null","Ghana","GH","Upper East","Upper East","null","null","null","null","null","null"
"SPT13073","2016","true","1168","null","Ghana","GH","Upper East","Upper East","sensitive","sensitive","undetermined","undetermined","resistant","resistant"
"SPT14937","2014","true","1200","null","Ghana","GH","Ashanti","Ashanti","sensitive","sensitive","sensitive","sensitive","resistant","resistant"
"SPT14938","2015","true","1200","null","Ghana","GH","Ashanti","Ashanti","sensitive","sensitive","sensitive","sensitive","resistant","resistant"
"SPT14939","2014","true","1200","null","Ghana","GH","Ashanti","Ashanti","sensitive","sensitive","sensitive","sensitive","resistant","resistant"
"SPT14940","2015","true","1200","null","Ghana","GH","Ashanti","Ashanti","sensitive","sensitive","sensitive","sensitive","resistant","resistant"
"SPT14941","2014","true","1200","null","Ghana","GH","Ashanti","Ashanti","sensitive","sensitive","sensitive","sensitive","resistant","resistant"
"SPT14942","2015","true","1200","null","Ghana","GH","Ashanti","Ashanti","sensitive","sensitive","sensitive","sensitive","resistant","resistant"
"SPT14944","2015","true","1200","null","Ghana","GH","Ashanti","Ashanti","sensitive","sensitive","sensitive","sensitive","resistant","resistant"
"SPT14945","2014","true","1200","null","Ghana","GH","Ashanti","Ashanti","sensitive","sensitive","sensitive","sensitive","resistant","resistant"
"SPT14946","2014","true","1200","null","Ghana","GH","Ashanti","Ashanti","sensitive","sensitive","sensitive","sensitive","resistant","resistant"
"SPT14947","2013","true","1200","null","Ghana","GH","Ashanti","Ashanti","sensitive","undetermined","sensitive","sensitive","resistant","resistant"
"SPT14948","2014","false","1200","null","Ghana","GH","Ashanti","Ashanti","null","null","null","null","null","null"
"SPT14949","2014","true","1200","null","Ghana","GH","Ashanti","Ashanti","sensitive","sensitive","sensitive","sensitive","resistant","resistant"
"SPT14950","2014","false","1200","null","Ghana","GH","Ashanti","Ashanti","null","null","null","null","null","null"
"SPT14951","2014","true","1200","null","Ghana","GH","Ashanti","Ashanti","sensitive","sensitive","sensitive","sensitive","resistant","resistant"
"SPT14952","2014","true","1200","null","Ghana","GH","Ashanti","Ashanti","sensitive","sensitive","sensitive","sensitive","resistant","resistant"
"SPT14953","2014","true","1200","null","Ghana","GH","Ashanti","Ashanti","sensitive","sensitive","sensitive","sensitive","resistant","resistant"
"SPT14954","2014","true","1200","null","Ghana","GH","Ashanti","Ashanti","sensitive","sensitive","sensitive","sensitive","sensitive","resistant"
"SPT14955","2014","true","1200","null","Ghana","GH","Ashanti","Ashanti","sensitive","sensitive","sensitive","sensitive","resistant","resistant"
"SPT14956","2014","true","1200","null","Ghana","GH","Ashanti","Ashanti","sensitive","sensitive","sensitive","sensitive","sensitive","resistant"
"SPT14957","2014","true","1200","null","Ghana","GH","Ashanti","Ashanti","sensitive","sensitive","sensitive","sensitive","resistant","undetermined"
"SPT14958","2014","true","1200","null","Ghana","GH","Ashanti","Ashanti","sensitive","sensitive","sensitive","sensitive","resistant","resistant"
"SPT14959","2014","true","1200","null","Ghana","GH","Ashanti","Ashanti","sensitive","sensitive","sensitive","sensitive","undetermined","undetermined"
"SPT14960","2014","true","1200","null","Ghana","GH","Ashanti","Ashanti","sensitive","sensitive","sensitive","sensitive","resistant","resistant"
"SPT14961","2014","true","1200","null","Ghana","GH","Ashanti","Ashanti","sensitive","sensitive","sensitive","sensitive","resistant","resistant"
"SPT14962","2014","true","1200","null","Ghana","GH","Ashanti","Ashanti","sensitive","sensitive","sensitive","sensitive","resistant","resistant"
"SPT14963","2014","true","1200","null","Ghana","GH","Ashanti","Ashanti","sensitive","resistant","sensitive","sensitive","resistant","resistant"
"SPT14964","2014","true","1200","null","Ghana","GH","Ashanti","Ashanti","sensitive","sensitive","sensitive","sensitive","sensitive","resistant"
"SPT14965","2014","true","1200","null","Ghana","GH","Ashanti","Ashanti","sensitive","sensitive","sensitive","sensitive","resistant","resistant"
"SPT14966","2014","true","1200","null","Ghana","GH","Ashanti","Ashanti","sensitive","sensitive","sensitive","sensitive","resistant","resistant"
"SPT14967","2014","true","1200","null","Ghana","GH","Ashanti","Ashanti","sensitive","undetermined","sensitive","sensitive","resistant","undetermined"
"SPT14968","2014","true","1200","null","Ghana","GH","Ashanti","Ashanti","sensitive","sensitive","sensitive","sensitive","resistant","resistant"
"SPT14969","2014","true","1200","null","Ghana","GH","Ashanti","Ashanti","sensitive","sensitive","sensitive","sensitive","resistant","resistant"
"SPT14970","2014","true","1200","null","Ghana","GH","Ashanti","Ashanti","sensitive","resistant","sensitive","sensitive","resistant","resistant"
"SPT14971","2014","true","1200","null","Ghana","GH","Ashanti","Ashanti","sensitive","resistant","sensitive","sensitive","resistant","resistant"
"SPT14972","2014","true","1200","null","Ghana","GH","Ashanti","Ashanti","sensitive","sensitive","sensitive","sensitive","resistant","resistant"
"SPT14973","2014","true","1200","null","Ghana","GH","Ashanti","Ashanti","sensitive","sensitive","sensitive","sensitive","resistant","resistant"
"SPT14974","2014","true","1200","null","Ghana","GH","Ashanti","Ashanti","sensitive","sensitive","sensitive","sensitive","resistant","resistant"
"SPT14975","2014","true","1200","null","Ghana","GH","Ashanti","Ashanti","sensitive","undetermined","sensitive","sensitive","sensitive","resistant"
"SPT14976","2014","true","1200","null","Ghana","GH","Ashanti","Ashanti","sensitive","sensitive","sensitive","sensitive","resistant","resistant"
"SPT14977","2014","true","1200","null","Ghana","GH","Ashanti","Ashanti","sensitive","sensitive","sensitive","sensitive","undetermined","resistant"
"SPT14978","2014","true","1200","null","Ghana","GH","Ashanti","Ashanti","sensitive","sensitive","sensitive","sensitive","resistant","undetermined"
"SPT14979","2014","true","1200","null","Ghana","GH","Ashanti","Ashanti","sensitive","sensitive","sensitive","sensitive","resistant","resistant"
"SPT14980","2014","true","1200","null","Ghana","GH","Ashanti","Ashanti","sensitive","resistant","sensitive","sensitive","resistant","resistant"
"SPT14981","2014","true","1200","null","Ghana","GH","Ashanti","Ashanti","sensitive","sensitive","sensitive","sensitive","resistant","resistant"
"SPT14982","2014","true","1200","null","Ghana","GH","Ashanti","Ashanti","sensitive","sensitive","sensitive","undetermined","resistant","resistant"
"SPT14983","2014","true","1200","null","Ghana","GH","Ashanti","Ashanti","sensitive","undetermined","sensitive","sensitive","undetermined","resistant"
"SPT14984","2014","true","1200","null","Ghana","GH","Ashanti","Ashanti","sensitive","sensitive","sensitive","sensitive","resistant","resistant"
"SPT14985","2014","true","1200","null","Ghana","GH","Ashanti","Ashanti","sensitive","sensitive","sensitive","sensitive","resistant","resistant"
"SPT14986","2014","true","1200","null","Ghana","GH","Ashanti","Ashanti","sensitive","sensitive","sensitive","sensitive","undetermined","undetermined"
"SPT14987","2014","true","1200","null","Ghana","GH","Ashanti","Ashanti","sensitive","sensitive","sensitive","sensitive","resistant","resistant"
"SPT14988","2014","true","1200","null","Ghana","GH","Ashanti","Ashanti","sensitive","sensitive","sensitive","sensitive","resistant","resistant"
"SPT14989","2014","true","1200","null","Ghana","GH","Ashanti","Ashanti","sensitive","sensitive","sensitive","sensitive","undetermined","resistant"
"SPT14990","2014","true","1200","null","Ghana","GH","Ashanti","Ashanti","sensitive","sensitive","sensitive","sensitive","resistant","resistant"
"SPT14991","2014","true","1200","null","Ghana","GH","Ashanti","Ashanti","sensitive","sensitive","sensitive","sensitive","resistant","resistant"
"SPT14992","2014","true","1200","null","Ghana","GH","Ashanti","Ashanti","sensitive","sensitive","sensitive","sensitive","resistant","resistant"
"SPT14993","2014","true","1200","null","Ghana","GH","Ashanti","Ashanti","sensitive","sensitive","sensitive","sensitive","resistant","resistant"
"SPT14994","2014","true","1200","null","Ghana","GH","Ashanti","Ashanti","sensitive","sensitive","sensitive","sensitive","resistant","resistant"
"SPT14995","2014","true","1200","null","Ghana","GH","Ashanti","Ashanti","sensitive","sensitive","sensitive","sensitive","undetermined","resistant"
"SPT14996","2014","true","1200","null","Ghana","GH","Ashanti","Ashanti","sensitive","sensitive","sensitive","sensitive","undetermined","resistant"
"SPT14997","2014","true","1200","null","Ghana","GH","Ashanti","Ashanti","sensitive","sensitive","sensitive","sensitive","resistant","resistant"
"SPT14998","2015","true","1200","null","Ghana","GH","Ashanti","Ashanti","sensitive","sensitive","sensitive","sensitive","resistant","resistant"
"SPT15000","2015","true","1200","null","Ghana","GH","Ashanti","Ashanti","sensitive","sensitive","sensitive","sensitive","resistant","resistant"
"SPT15001","2015","true","1200","null","Ghana","GH","Ashanti","Ashanti","sensitive","sensitive","sensitive","sensitive","resistant","resistant"
"SPT15002","2015","true","1200","null","Ghana","GH","Ashanti","Ashanti","sensitive","sensitive","sensitive","sensitive","resistant","resistant"
"SPT15003","2015","true","1200","null","Ghana","GH","Ashanti","Ashanti","sensitive","sensitive","sensitive","sensitive","sensitive","resistant"
"SPT15004","2015","true","1200","null","Ghana","GH","Ashanti","Ashanti","sensitive","sensitive","sensitive","sensitive","resistant","resistant"
"SPT15005","2015","true","1200","null","Ghana","GH","Ashanti","Ashanti","sensitive","sensitive","sensitive","sensitive","resistant","resistant"
"SPT15006","2015","true","1200","null","Ghana","GH","Ashanti","Ashanti","sensitive","sensitive","sensitive","sensitive","resistant","resistant"
"SPT15007","2015","true","1200","null","Ghana","GH","Ashanti","Ashanti","sensitive","sensitive","sensitive","sensitive","sensitive","resistant"
"SPT15008","2015","true","1200","null","Ghana","GH","Ashanti","Ashanti","sensitive","sensitive","sensitive","sensitive","resistant","resistant"
"SPT15009","2015","true","1200","null","Ghana","GH","Ashanti","Ashanti","sensitive","sensitive","sensitive","sensitive","resistant","resistant"
"SPT15010","2015","true","1200","null","Ghana","GH","Ashanti","Ashanti","sensitive","sensitive","sensitive","sensitive","resistant","resistant"
"SPT15011","2015","true","1200","null","Ghana","GH","Ashanti","Ashanti","sensitive","sensitive","sensitive","sensitive","resistant","resistant"
"SPT15013","2015","true","1200","null","Ghana","GH","Ashanti","Ashanti","sensitive","sensitive","sensitive","sensitive","resistant","resistant"
"SPT15014","2015","true","1200","null","Ghana","GH","Ashanti","Ashanti","sensitive","sensitive","sensitive","sensitive","resistant","resistant"
"SPT15015","2015","true","1200","null","Ghana","GH","Ashanti","Ashanti","sensitive","sensitive","sensitive","sensitive","resistant","resistant"
"SPT15016","2015","true","1200","null","Ghana","GH","Ashanti","Ashanti","sensitive","sensitive","sensitive","sensitive","resistant","resistant"
"SPT15017","2015","true","1200","null","Ghana","GH","Ashanti","Ashanti","sensitive","sensitive","sensitive","sensitive","resistant","resistant"
"SPT15018","2015","true","1200","null","Ghana","GH","Ashanti","Ashanti","sensitive","sensitive","sensitive","sensitive","resistant","undetermined"
"SPT15019","2015","true","1200","null","Ghana","GH","Ashanti","Ashanti","sensitive","sensitive","sensitive","sensitive","resistant","resistant"
"SPT15020","2015","true","1200","null","Ghana","GH","Ashanti","Ashanti","sensitive","sensitive","sensitive","sensitive","sensitive","resistant"
"SPT15021","2015","true","1200","null","Ghana","GH","Ashanti","Ashanti","sensitive","sensitive","sensitive","sensitive","resistant","resistant"
"SPT15022","2015","true","1200","null","Ghana","GH","Ashanti","Ashanti","sensitive","sensitive","sensitive","sensitive","sensitive","sensitive"
"SPT15023","2015","true","1200","null","Ghana","GH","Ashanti","Ashanti","sensitive","sensitive","sensitive","sensitive","resistant","resistant"
"SPT15024","2015","true","1200","null","Ghana","GH","Ashanti","Ashanti","sensitive","sensitive","sensitive","sensitive","resistant","undetermined"
"SPT15025","2015","true","1200","null","Ghana","GH","Ashanti","Ashanti","sensitive","sensitive","sensitive","sensitive","sensitive","resistant"
"SPT15026","2015","true","1200","null","Ghana","GH","Ashanti","Ashanti","sensitive","sensitive","sensitive","sensitive","resistant","resistant"
"SPT15027","2015","true","1200","null","Ghana","GH","Ashanti","Ashanti","sensitive","undetermined","sensitive","sensitive","resistant","resistant"
"SPT15028","2015","true","1200","null","Ghana","GH","Ashanti","Ashanti","sensitive","sensitive","sensitive","sensitive","resistant","resistant"
"SPT15029","2015","true","1200","null","Ghana","GH","Ashanti","Ashanti","sensitive","sensitive","sensitive","sensitive","resistant","resistant"
"SPT15030","2015","true","1200","null","Ghana","GH","Ashanti","Ashanti","sensitive","sensitive","sensitive","sensitive","resistant","resistant"
"SPT15031","2015","true","1200","null","Ghana","GH","Ashanti","Ashanti","sensitive","sensitive","sensitive","sensitive","resistant","resistant"
"SPT15032","2014","true","1200","null","Ghana","GH","Ashanti","Ashanti","sensitive","sensitive","sensitive","sensitive","resistant","resistant"
"SPT15033","2014","true","1200","null","Ghana","GH","Ashanti","Ashanti","sensitive","resistant","sensitive","sensitive","resistant","resistant"
"SPT15034","2015","true","1200","null","Ghana","GH","Ashanti","Ashanti","sensitive","undetermined","sensitive","sensitive","undetermined","resistant"
"SPT15035","2014","true","1200","null","Ghana","GH","Ashanti","Ashanti","sensitive","sensitive","sensitive","sensitive","resistant","resistant"
"SPT15036","2014","true","1200","null","Ghana","GH","Ashanti","Ashanti","sensitive","undetermined","sensitive","sensitive","resistant","resistant"
"SPT15037","2014","true","1200","null","Ghana","GH","Ashanti","Ashanti","sensitive","sensitive","sensitive","sensitive","resistant","resistant"
"SPT15038","2014","true","1200","null","Ghana","GH","Ashanti","Ashanti","sensitive","sensitive","sensitive","sensitive","undetermined","resistant"
"SPT15039","2015","true","1200","null","Ghana","GH","Ashanti","Ashanti","sensitive","sensitive","sensitive","sensitive","resistant","resistant"
"SPT15040","2015","true","1200","null","Ghana","GH","Ashanti","Ashanti","sensitive","sensitive","sensitive","sensitive","resistant","resistant"
"SPT15041","2014","true","1200","null","Ghana","GH","Ashanti","Ashanti","sensitive","sensitive","sensitive","undetermined","resistant","resistant"
"SPT15042","2014","true","1200","null","Ghana","GH","Ashanti","Ashanti","sensitive","sensitive","sensitive","sensitive","resistant","resistant"
"SPT15043","2013","false","1200","null","Ghana","GH","Ashanti","Ashanti","null","null","null","null","null","null"
"SPT15044","2014","true","1200","null","Ghana","GH","Ashanti","Ashanti","sensitive","sensitive","sensitive","sensitive","resistant","resistant"
"SPT15045","2014","true","1200","null","Ghana","GH","Ashanti","Ashanti","sensitive","sensitive","undetermined","undetermined","resistant","undetermined"
"SPT15046","2014","true","1200","null","Ghana","GH","Ashanti","Ashanti","sensitive","sensitive","sensitive","sensitive","resistant","resistant"
"SPT15047","2014","true","1200","null","Ghana","GH","Ashanti","Ashanti","sensitive","sensitive","sensitive","sensitive","resistant","resistant"
"SPT15048","2014","true","1200","null","Ghana","GH","Ashanti","Ashanti","sensitive","sensitive","sensitive","sensitive","resistant","resistant"
"SPT15049","2014","true","1200","null","Ghana","GH","Ashanti","Ashanti","sensitive","sensitive","sensitive","sensitive","resistant","resistant"
"SPT15050","2014","true","1200","null","Ghana","GH","Ashanti","Ashanti","sensitive","undetermined","sensitive","sensitive","resistant","resistant"
"SPT15051","2014","true","1200","null","Ghana","GH","Ashanti","Ashanti","sensitive","sensitive","sensitive","sensitive","resistant","resistant"
"SPT15052","2015","true","1200","null","Ghana","GH","Ashanti","Ashanti","sensitive","sensitive","sensitive","sensitive","resistant","resistant"
"SPT15053","2015","true","1200","null","Ghana","GH","Ashanti","Ashanti","sensitive","sensitive","sensitive","sensitive","resistant","resistant"
"SPT15054","2015","true","1200","null","Ghana","GH","Ashanti","Ashanti","sensitive","sensitive","sensitive","sensitive","undetermined","undetermined"
"SPT15055","2015","true","1200","null","Ghana","GH","Ashanti","Ashanti","sensitive","sensitive","sensitive","sensitive","resistant","undetermined"
"SPT15056","2014","true","1200","null","Ghana","GH","Ashanti","Ashanti","sensitive","undetermined","sensitive","sensitive","resistant","resistant"
"SPT15057","2014","true","1200","null","Ghana","GH","Ashanti","Ashanti","sensitive","sensitive","sensitive","sensitive","resistant","resistant"
"SPT15058","2015","true","1200","null","Ghana","GH","Ashanti","Ashanti","sensitive","sensitive","sensitive","sensitive","resistant","undetermined"
"SPT15059","2014","true","1200","null","Ghana","GH","Ashanti","Ashanti","sensitive","sensitive","sensitive","sensitive","undetermined","undetermined"
"SPT15060","2014","true","1200","null","Ghana","GH","Ashanti","Ashanti","sensitive","sensitive","sensitive","sensitive","resistant","resistant"
"SPT15061","2014","true","1200","null","Ghana","GH","Ashanti","Ashanti","sensitive","sensitive","sensitive","sensitive","sensitive","resistant"
"SPT15062","2015","true","1200","null","Ghana","GH","Ashanti","Ashanti","sensitive","sensitive","sensitive","sensitive","resistant","undetermined"
"SPT15063","2014","true","1200","null","Ghana","GH","Ashanti","Ashanti","sensitive","resistant","sensitive","sensitive","resistant","resistant"
"SPT15064","2014","true","1200","null","Ghana","GH","Ashanti","Ashanti","sensitive","resistant","sensitive","sensitive","resistant","resistant"
"SPT15065","2014","true","1200","null","Ghana","GH","Ashanti","Ashanti","sensitive","sensitive","sensitive","sensitive","resistant","resistant"
"SPT15066","2014","true","1200","null","Ghana","GH","Ashanti","Ashanti","sensitive","sensitive","sensitive","sensitive","resistant","resistant"
"SPT15067","2014","true","1200","null","Ghana","GH","Ashanti","Ashanti","sensitive","undetermined","sensitive","sensitive","undetermined","resistant"
"SPT15068","2014","true","1200","null","Ghana","GH","Ashanti","Ashanti","sensitive","sensitive","sensitive","sensitive","resistant","resistant"
"SPT15069","2015","true","1200","null","Ghana","GH","Ashanti","Ashanti","sensitive","sensitive","undetermined","undetermined","resistant","resistant"
"SPT15070","2015","true","1200","null","Ghana","GH","Ashanti","Ashanti","sensitive","sensitive","sensitive","sensitive","resistant","resistant"
"SPT15071","2015","true","1200","null","Ghana","GH","Ashanti","Ashanti","sensitive","sensitive","sensitive","sensitive","resistant","resistant"
"SPT15073","2015","true","1200","null","Ghana","GH","Ashanti","Ashanti","sensitive","resistant","sensitive","sensitive","resistant","resistant"
"SPT15074","2015","true","1200","null","Ghana","GH","Ashanti","Ashanti","sensitive","sensitive","sensitive","sensitive","resistant","resistant"
"SPT15075","2015","true","1200","null","Ghana","GH","Ashanti","Ashanti","sensitive","sensitive","sensitive","sensitive","resistant","resistant"
"SPT15076","2013","true","1200","null","Ghana","GH","Ashanti","Ashanti","sensitive","sensitive","sensitive","sensitive","resistant","resistant"
"SPT15077","2014","true","1200","null","Ghana","GH","Ashanti","Ashanti","sensitive","sensitive","sensitive","sensitive","resistant","resistant"
"SPT15078","2014","true","1200","null","Ghana","GH","Ashanti","Ashanti","sensitive","sensitive","sensitive","sensitive","resistant","resistant"
"SPT15079","2015","true","1200","null","Ghana","GH","Ashanti","Ashanti","sensitive","sensitive","sensitive","sensitive","resistant","resistant"
"SPT15080","2015","true","1200","null","Ghana","GH","Ashanti","Ashanti","sensitive","sensitive","sensitive","sensitive","resistant","resistant"
"SPT15081","2015","true","1200","null","Ghana","GH","Ashanti","Ashanti","sensitive","sensitive","sensitive","sensitive","resistant","resistant"
"SPT15082","2015","true","1200","null","Ghana","GH","Ashanti","Ashanti","sensitive","sensitive","sensitive","sensitive","resistant","resistant"
"SPT15083","2014","true","1200","null","Ghana","GH","Ashanti","Ashanti","sensitive","sensitive","sensitive","sensitive","resistant","resistant"
"SPT15084","2015","true","1200","null","Ghana","GH","Ashanti","Ashanti","sensitive","sensitive","sensitive","sensitive","resistant","resistant"
"SPT15085","2015","true","1200","null","Ghana","GH","Ashanti","Ashanti","sensitive","sensitive","sensitive","sensitive","undetermined","resistant"
"SPT15086","2014","true","1200","null","Ghana","GH","Ashanti","Ashanti","sensitive","sensitive","sensitive","sensitive","resistant","resistant"
"SPT15087","2014","true","1200","null","Ghana","GH","Ashanti","Ashanti","sensitive","undetermined","sensitive","sensitive","resistant","resistant"
"SPT15088","2014","true","1200","null","Ghana","GH","Ashanti","Ashanti","sensitive","sensitive","sensitive","sensitive","resistant","resistant"
"SPT15089","2014","true","1200","null","Ghana","GH","Ashanti","Ashanti","sensitive","sensitive","sensitive","sensitive","resistant","resistant"
"SPT15090","2014","true","1200","null","Ghana","GH","Ashanti","Ashanti","sensitive","sensitive","sensitive","sensitive","resistant","resistant"
"SPT15091","2014","true","1200","null","Ghana","GH","Ashanti","Ashanti","sensitive","sensitive","undetermined","sensitive","resistant","undetermined"
"SPT15092","2014","true","1200","null","Ghana","GH","Ashanti","Ashanti","sensitive","undetermined","sensitive","sensitive","resistant","resistant"
"SPT15093","2014","true","1200","null","Ghana","GH","Ashanti","Ashanti","sensitive","sensitive","sensitive","sensitive","resistant","resistant"
"SPT15094","2015","true","1200","null","Ghana","GH","Ashanti","Ashanti","sensitive","sensitive","sensitive","sensitive","resistant","resistant"
"SPT15095","2015","true","1200","null","Ghana","GH","Ashanti","Ashanti","sensitive","sensitive","sensitive","sensitive","resistant","resistant"
"SPT15096","2015","true","1200","null","Ghana","GH","Ashanti","Ashanti","sensitive","sensitive","sensitive","sensitive","resistant","resistant"
"SPT15097","2015","true","1200","null","Ghana","GH","Ashanti","Ashanti","sensitive","sensitive","sensitive","sensitive","resistant","resistant"
"SPT15098","2014","true","1200","null","Ghana","GH","Ashanti","Ashanti","sensitive","sensitive","sensitive","sensitive","resistant","resistant"
"SPT15099","2014","true","1200","null","Ghana","GH","Ashanti","Ashanti","sensitive","sensitive","sensitive","sensitive","resistant","resistant"
"SPT15100","2014","true","1200","null","Ghana","GH","Ashanti","Ashanti","sensitive","sensitive","sensitive","sensitive","resistant","resistant"
"SPT15101","2014","true","1200","null","Ghana","GH","Ashanti","Ashanti","sensitive","undetermined","sensitive","undetermined","resistant","resistant"
"SPT15102","2014","true","1200","null","Ghana","GH","Ashanti","Ashanti","sensitive","sensitive","sensitive","sensitive","resistant","resistant"
"SPT15103","2014","true","1200","null","Ghana","GH","Ashanti","Ashanti","sensitive","sensitive","sensitive","sensitive","resistant","resistant"
"SPT15104","2014","true","1200","null","Ghana","GH","Ashanti","Ashanti","sensitive","sensitive","sensitive","sensitive","resistant","resistant"
"SPT15105","2015","true","1200","null","Ghana","GH","Ashanti","Ashanti","sensitive","sensitive","sensitive","sensitive","resistant","resistant"
"SPT15106","2014","true","1200","null","Ghana","GH","Ashanti","Ashanti","sensitive","sensitive","sensitive","sensitive","resistant","resistant"
"SPT15107","2014","true","1200","null","Ghana","GH","Ashanti","Ashanti","sensitive","undetermined","sensitive","sensitive","resistant","resistant"
"SPT15108","2014","true","1200","null","Ghana","GH","Ashanti","Ashanti","sensitive","sensitive","sensitive","sensitive","resistant","resistant"
"SPT15109","2014","true","1200","null","Ghana","GH","Ashanti","Ashanti","sensitive","sensitive","undetermined","sensitive","resistant","resistant"
"SPT15110","2014","true","1200","null","Ghana","GH","Ashanti","Ashanti","sensitive","sensitive","sensitive","sensitive","resistant","resistant"
"SPT15111","2014","true","1200","null","Ghana","GH","Ashanti","Ashanti","sensitive","sensitive","sensitive","sensitive","resistant","resistant"
"SPT15112","2015","true","1200","null","Ghana","GH","Ashanti","Ashanti","sensitive","sensitive","sensitive","sensitive","resistant","resistant"
"SPT15113","2015","true","1200","null","Ghana","GH","Ashanti","Ashanti","sensitive","sensitive","sensitive","sensitive","resistant","resistant"
"SPT15114","2014","true","1200","null","Ghana","GH","Ashanti","Ashanti","sensitive","sensitive","sensitive","sensitive","resistant","undetermined"
"SPT15115","2014","true","1200","null","Ghana","GH","Ashanti","Ashanti","sensitive","sensitive","sensitive","sensitive","resistant","resistant"
"SPT15116","2014","true","1200","null","Ghana","GH","Ashanti","Ashanti","sensitive","sensitive","sensitive","sensitive","undetermined","resistant"
"SPT15117","2014","true","1200","null","Ghana","GH","Ashanti","Ashanti","sensitive","sensitive","sensitive","sensitive","undetermined","resistant"
"SPT15118","2014","true","1200","null","Ghana","GH","Ashanti","Ashanti","sensitive","sensitive","sensitive","sensitive","sensitive","resistant"
"SPT15119","2015","true","1200","null","Ghana","GH","Ashanti","Ashanti","sensitive","sensitive","sensitive","sensitive","resistant","resistant"
"SPT15120","2015","true","1200","null","Ghana","GH","Ashanti","Ashanti","sensitive","sensitive","sensitive","sensitive","resistant","resistant"
"SPT15121","2014","true","1200","null","Ghana","GH","Ashanti","Ashanti","sensitive","sensitive","sensitive","sensitive","resistant","resistant"
"SPT15122","2014","true","1200","null","Ghana","GH","Ashanti","Ashanti","sensitive","sensitive","sensitive","sensitive","undetermined","resistant"
"SPT15123","2014","true","1200","null","Ghana","GH","Ashanti","Ashanti","sensitive","sensitive","sensitive","sensitive","resistant","resistant"
"SPT15124","2014","true","1200","null","Ghana","GH","Ashanti","Ashanti","sensitive","sensitive","sensitive","sensitive","resistant","resistant"
"SPT15125","2014","true","1200","null","Ghana","GH","Ashanti","Ashanti","sensitive","sensitive","sensitive","sensitive","resistant","resistant"
"SPT15126","2015","true","1200","null","Ghana","GH","Ashanti","Ashanti","sensitive","sensitive","sensitive","sensitive","resistant","resistant"
"SPT15127","2014","true","1200","null","Ghana","GH","Ashanti","Ashanti","sensitive","sensitive","sensitive","sensitive","resistant","resistant"
"SPT15128","2014","true","1200","null","Ghana","GH","Ashanti","Ashanti","sensitive","sensitive","sensitive","sensitive","sensitive","resistant"
"SPT15129","2015","true","1200","null","Ghana","GH","Ashanti","Ashanti","sensitive","sensitive","sensitive","sensitive","resistant","undetermined"
"SPT15130","2014","true","1200","null","Ghana","GH","Ashanti","Ashanti","sensitive","sensitive","sensitive","sensitive","resistant","resistant"
"SPT15131","2014","true","1200","null","Ghana","GH","Ashanti","Ashanti","sensitive","sensitive","sensitive","sensitive","resistant","resistant"
"SPT15132","2014","true","1200","null","Ghana","GH","Ashanti","Ashanti","sensitive","sensitive","sensitive","sensitive","resistant","resistant"
"SPT15133","2014","true","1200","null","Ghana","GH","Ashanti","Ashanti","sensitive","sensitive","sensitive","sensitive","resistant","resistant"
"SPT15134","2015","true","1200","null","Ghana","GH","Ashanti","Ashanti","sensitive","sensitive","sensitive","sensitive","resistant","resistant"
"SPT15135","2014","true","1200","null","Ghana","GH","Ashanti","Ashanti","sensitive","sensitive","sensitive","sensitive","resistant","undetermined"
"SPT15136","2014","true","1200","null","Ghana","GH","Ashanti","Ashanti","sensitive","sensitive","sensitive","sensitive","resistant","resistant"
"SPT15137","2014","true","1200","null","Ghana","GH","Ashanti","Ashanti","sensitive","sensitive","sensitive","sensitive","resistant","undetermined"
"SPT15138","2015","true","1200","null","Ghana","GH","Ashanti","Ashanti","sensitive","sensitive","sensitive","sensitive","undetermined","resistant"
"SPT15139","2015","true","1200","null","Ghana","GH","Ashanti","Ashanti","sensitive","sensitive","sensitive","sensitive","undetermined","undetermined"
"SPT15140","2015","true","1200","null","Ghana","GH","Ashanti","Ashanti","sensitive","sensitive","sensitive","sensitive","resistant","resistant"
"SPT15141","2014","true","1200","null","Ghana","GH","Ashanti","Ashanti","sensitive","sensitive","sensitive","sensitive","resistant","resistant"
"SPT15142","2014","false","1200","null","Ghana","GH","Ashanti","Ashanti","null","null","null","null","null","null"
"SPT15143","2014","true","1200","null","Ghana","GH","Ashanti","Ashanti","sensitive","sensitive","sensitive","sensitive","resistant","resistant"
"SPT15144","2015","true","1200","null","Ghana","GH","Ashanti","Ashanti","sensitive","resistant","sensitive","sensitive","resistant","sensitive"
"SPT15145","2015","false","1200","null","Ghana","GH","Ashanti","Ashanti","null","null","null","null","null","null"
"SPT15146","2014","true","1200","null","Ghana","GH","Ashanti","Ashanti","sensitive","sensitive","sensitive","sensitive","resistant","resistant"
"SPT15147","2014","true","1200","null","Ghana","GH","Ashanti","Ashanti","sensitive","sensitive","sensitive","sensitive","resistant","resistant"
"SPT15148","2014","true","1200","null","Ghana","GH","Ashanti","Ashanti","sensitive","sensitive","sensitive","sensitive","resistant","resistant"
"SPT15149","2014","true","1200","null","Ghana","GH","Ashanti","Ashanti","sensitive","sensitive","sensitive","sensitive","resistant","undetermined"
"SPT15150","2015","true","1200","null","Ghana","GH","Ashanti","Ashanti","sensitive","sensitive","sensitive","sensitive","undetermined","resistant"
"SPT15151","2014","true","1200","null","Ghana","GH","Ashanti","Ashanti","sensitive","sensitive","sensitive","sensitive","resistant","resistant"
"SPT15152","2014","true","1200","null","Ghana","GH","Ashanti","Ashanti","sensitive","sensitive","sensitive","sensitive","resistant","resistant"
"SPT15153","2014","true","1200","null","Ghana","GH","Ashanti","Ashanti","sensitive","sensitive","sensitive","sensitive","resistant","resistant"
"SPT15154","2014","true","1200","null","Ghana","GH","Ashanti","Ashanti","sensitive","sensitive","sensitive","sensitive","resistant","resistant"
"SPT15155","2014","true","1200","null","Ghana","GH","Ashanti","Ashanti","sensitive","sensitive","sensitive","sensitive","undetermined","resistant"
"SPT15156","2014","true","1200","null","Ghana","GH","Ashanti","Ashanti","sensitive","resistant","sensitive","sensitive","resistant","resistant"
"SPT15157","2014","true","1200","null","Ghana","GH","Ashanti","Ashanti","sensitive","sensitive","sensitive","sensitive","resistant","resistant"
"SPT15158","2014","true","1200","null","Ghana","GH","Ashanti","Ashanti","sensitive","sensitive","sensitive","sensitive","resistant","resistant"
"SPT15159","2014","true","1200","null","Ghana","GH","Ashanti","Ashanti","sensitive","sensitive","sensitive","sensitive","sensitive","resistant"
"SPT15160","2015","true","1200","null","Ghana","GH","Ashanti","Ashanti","sensitive","sensitive","sensitive","sensitive","resistant","resistant"
"SPT15173","2016","true","1168","null","Ghana","GH","Upper East","Upper East","sensitive","sensitive","undetermined","sensitive","resistant","resistant"
"SPT15174","2016","true","1183","null","Ghana","GH","Greater Accra","Greater Accra","sensitive","sensitive","undetermined","sensitive","resistant","resistant"
"SPT15175","2016","true","1183","null","Ghana","GH","Greater Accra","Greater Accra","sensitive","sensitive","undetermined","undetermined","resistant","sensitive"
"SPT15176","2016","true","1183","null","Ghana","GH","Greater Accra","Greater Accra","sensitive","resistant","undetermined","undetermined","resistant","resistant"
"SPT15177","2016","true","1183","null","Ghana","GH","Volta","Volta","sensitive","sensitive","sensitive","sensitive","resistant","resistant"
"SPT15178","2017","true","1183","null","Ghana","GH","Greater Accra","Greater Accra","sensitive","sensitive","sensitive","sensitive","resistant","resistant"
"SPT15180","2016","true","1183","null","Ghana","GH","Greater Accra","Greater Accra","sensitive","sensitive","undetermined","undetermined","resistant","resistant"
"SPT15181","2016","true","1183","null","Ghana","GH","Greater Accra","Greater Accra","sensitive","sensitive","undetermined","undetermined","resistant","resistant"
"SPT15182","2017","true","1183","null","Ghana","GH","Greater Accra","Greater Accra","sensitive","sensitive","undetermined","undetermined","resistant","resistant"
"SPT15183","2016","true","1183","null","Ghana","GH","Greater Accra","Greater Accra","sensitive","sensitive","undetermined","undetermined","resistant","resistant"
"SPT15184","2016","true","1183","null","Ghana","GH","Greater Accra","Greater Accra","sensitive","sensitive","undetermined","undetermined","resistant","resistant"
"SPT15185","2016","true","1183","null","Ghana","GH","Volta","Volta","sensitive","sensitive","undetermined","sensitive","resistant","resistant"
"SPT15186","2017","true","1183","null","Ghana","GH","Greater Accra","Greater Accra","sensitive","sensitive","undetermined","undetermined","resistant","resistant"
"SPT15187","2016","true","1183","null","Ghana","GH","Greater Accra","Greater Accra","sensitive","sensitive","undetermined","undetermined","resistant","resistant"
"SPT15188","2016","true","1183","null","Ghana","GH","Greater Accra","Greater Accra","undetermined","sensitive","undetermined","undetermined","resistant","resistant"
"SPT15189","2016","false","1183","null","Ghana","GH","Greater Accra","Greater Accra","null","null","null","null","null","null"
"SPT15190","2017","true","1183","null","Ghana","GH","Greater Accra","Greater Accra","sensitive","sensitive","undetermined","undetermined","resistant","resistant"
"SPT15191","2017","true","1183","null","Ghana","GH","Greater Accra","Greater Accra","sensitive","sensitive","undetermined","undetermined","resistant","resistant"
"SPT15192","2016","true","1183","null","Ghana","GH","Greater Accra","Greater Accra","sensitive","sensitive","undetermined","undetermined","resistant","resistant"
"SPT15193","2016","true","1183","null","Ghana","GH","Greater Accra","Greater Accra","sensitive","sensitive","undetermined","undetermined","resistant","resistant"
"SPT15194","2016","true","1183","null","Ghana","GH","Volta","Volta","sensitive","sensitive","undetermined","sensitive","resistant","resistant"
"SPT15195","2016","true","1183","null","Ghana","GH","Volta","Volta","sensitive","sensitive","undetermined","sensitive","resistant","resistant"
"SPT15196","2017","true","1183","null","Ghana","GH","Greater Accra","Greater Accra","sensitive","sensitive","undetermined","undetermined","resistant","resistant"
"SPT15197","2016","true","1183","null","Ghana","GH","Volta","Volta","sensitive","sensitive","undetermined","undetermined","resistant","resistant"
"SPT15198","2016","true","1183","null","Ghana","GH","Volta","Volta","sensitive","sensitive","undetermined","undetermined","resistant","resistant"
"SPT15199","2016","true","1183","null","Ghana","GH","Volta","Volta","sensitive","sensitive","undetermined","undetermined","resistant","undetermined"
"SPT15200","2016","true","1183","null","Ghana","GH","Volta","Volta","sensitive","sensitive","undetermined","undetermined","resistant","resistant"
"SPT15201","2016","true","1183","null","Ghana","GH","Volta","Volta","sensitive","sensitive","sensitive","sensitive","resistant","resistant"
"SPT15202","2017","true","1183","null","Ghana","GH","Greater Accra","Greater Accra","sensitive","sensitive","sensitive","sensitive","resistant","resistant"
"SPT15203","2016","true","1183","null","Ghana","GH","Volta","Volta","sensitive","sensitive","undetermined","undetermined","resistant","resistant"
"SPT15204","2016","true","1183","null","Ghana","GH","Volta","Volta","sensitive","sensitive","undetermined","undetermined","resistant","resistant"
"SPT15205","2017","true","1183","null","Ghana","GH","Greater Accra","Greater Accra","sensitive","sensitive","undetermined","undetermined","undetermined","resistant"
"SPT15206","2016","true","1183","null","Ghana","GH","Volta","Volta","sensitive","sensitive","undetermined","undetermined","resistant","resistant"
"SPT15207","2016","true","1183","null","Ghana","GH","Volta","Volta","sensitive","sensitive","undetermined","sensitive","resistant","resistant"
"SPT15208","2016","true","1183","null","Ghana","GH","Volta","Volta","sensitive","sensitive","sensitive","sensitive","resistant","resistant"
"SPT15209","2016","true","1183","null","Ghana","GH","Volta","Volta","sensitive","sensitive","sensitive","sensitive","resistant","resistant"
"SPT15210","2016","true","1183","null","Ghana","GH","Greater Accra","Greater Accra","sensitive","sensitive","undetermined","undetermined","resistant","resistant"
"SPT15211","2017","true","1183","null","Ghana","GH","Greater Accra","Greater Accra","sensitive","sensitive","sensitive","sensitive","resistant","resistant"
"SPT15212","2016","true","1183","null","Ghana","GH","Volta","Volta","sensitive","sensitive","sensitive","sensitive","resistant","resistant"
"SPT15213","2016","true","1183","null","Ghana","GH","Volta","Volta","sensitive","sensitive","undetermined","undetermined","resistant","resistant"
"SPT15214","2016","true","1183","null","Ghana","GH","Volta","Volta","sensitive","sensitive","undetermined","undetermined","resistant","resistant"
"SPT15215","2016","true","1183","null","Ghana","GH","Volta","Volta","sensitive","sensitive","undetermined","undetermined","resistant","resistant"
"SPT15216","2017","true","1183","null","Ghana","GH","Greater Accra","Greater Accra","sensitive","sensitive","undetermined","undetermined","sensitive","resistant"
"SPT15217","2016","true","1183","null","Ghana","GH","Greater Accra","Greater Accra","sensitive","sensitive","undetermined","undetermined","resistant","resistant"
"SPT15218","2016","true","1183","null","Ghana","GH","Volta","Volta","sensitive","sensitive","sensitive","sensitive","resistant","resistant"
"SPT15219","2016","true","1183","null","Ghana","GH","Volta","Volta","sensitive","sensitive","undetermined","undetermined","resistant","resistant"
"SPT15220","2016","true","1183","null","Ghana","GH","Volta","Volta","sensitive","sensitive","undetermined","sensitive","resistant","resistant"
"SPT15221","2016","true","1183","null","Ghana","GH","Volta","Volta","sensitive","sensitive","undetermined","undetermined","resistant","resistant"
"SPT15222","2016","true","1183","null","Ghana","GH","Volta","Volta","undetermined","sensitive","undetermined","undetermined","resistant","resistant"
"SPT15223","2016","true","1183","null","Ghana","GH","Volta","Volta","sensitive","sensitive","sensitive","sensitive","resistant","resistant"
"SPT15224","2016","true","1183","null","Ghana","GH","Volta","Volta","sensitive","sensitive","undetermined","undetermined","resistant","resistant"
"SPT15225","2016","true","1183","null","Ghana","GH","Volta","Volta","sensitive","sensitive","undetermined","undetermined","resistant","resistant"
"SPT15226","2016","true","1183","null","Ghana","GH","Greater Accra","Greater Accra","undetermined","sensitive","undetermined","sensitive","resistant","resistant"
"SPT15227","2016","true","1183","null","Ghana","GH","Volta","Volta","sensitive","sensitive","undetermined","undetermined","resistant","sensitive"
"SPT15228","2016","true","1183","null","Ghana","GH","Volta","Volta","sensitive","sensitive","sensitive","sensitive","resistant","resistant"
"SPT15229","2016","true","1183","null","Ghana","GH","Volta","Volta","undetermined","sensitive","undetermined","sensitive","resistant","resistant"
"SPT15230","2016","true","1183","null","Ghana","GH","Volta","Volta","sensitive","sensitive","sensitive","sensitive","resistant","resistant"
"SPT15231","2016","true","1183","null","Ghana","GH","Volta","Volta","sensitive","sensitive","sensitive","sensitive","resistant","resistant"
"SPT15232","2016","true","1183","null","Ghana","GH","Volta","Volta","sensitive","sensitive","undetermined","undetermined","resistant","undetermined"
"SPT15233","2016","true","1183","null","Ghana","GH","Volta","Volta","sensitive","sensitive","undetermined","undetermined","resistant","resistant"
"SPT15234","2017","true","1183","null","Ghana","GH","Greater Accra","Greater Accra","sensitive","sensitive","undetermined","undetermined","resistant","resistant"
"SPT15235","2017","true","1183","null","Ghana","GH","Greater Accra","Greater Accra","sensitive","sensitive","undetermined","undetermined","resistant","resistant"
"SPT15236","2016","true","1183","null","Ghana","GH","Greater Accra","Greater Accra","sensitive","sensitive","undetermined","undetermined","resistant","resistant"
"SPT15237","2016","true","1183","null","Ghana","GH","Greater Accra","Greater Accra","sensitive","sensitive","undetermined","undetermined","resistant","resistant"
"SPT15238","2016","false","1183","null","Ghana","GH","Greater Accra","Greater Accra","null","null","null","null","null","null"
"SPT15239","2016","true","1183","null","Ghana","GH","Volta","Volta","sensitive","sensitive","undetermined","undetermined","resistant","resistant"
"SPT15240","2017","true","1183","null","Ghana","GH","Greater Accra","Greater Accra","sensitive","sensitive","undetermined","undetermined","resistant","resistant"
"SPT15241","2016","true","1183","null","Ghana","GH","Greater Accra","Greater Accra","sensitive","sensitive","undetermined","undetermined","resistant","resistant"
"SPT15242","2016","true","1183","null","Ghana","GH","Volta","Volta","sensitive","sensitive","sensitive","sensitive","resistant","resistant"
"SPT15243","2016","true","1183","null","Ghana","GH","Greater Accra","Greater Accra","sensitive","sensitive","undetermined","undetermined","resistant","resistant"
"SPT15244","2016","true","1183","null","Ghana","GH","Volta","Volta","sensitive","sensitive","sensitive","sensitive","resistant","resistant"
"SPT15245","2016","true","1183","null","Ghana","GH","Greater Accra","Greater Accra","sensitive","sensitive","undetermined","sensitive","resistant","resistant"
"SPT15246","2017","true","1183","null","Ghana","GH","Greater Accra","Greater Accra","sensitive","sensitive","undetermined","undetermined","resistant","resistant"
"SPT15247","2017","true","1183","null","Ghana","GH","Greater Accra","Greater Accra","sensitive","sensitive","undetermined","undetermined","resistant","resistant"
"SPT15248","2016","true","1183","null","Ghana","GH","Greater Accra","Greater Accra","sensitive","sensitive","undetermined","undetermined","resistant","resistant"
"SPT15249","2017","true","1183","null","Ghana","GH","Greater Accra","Greater Accra","sensitive","sensitive","undetermined","undetermined","resistant","resistant"
"SPT15250","2016","true","1183","null","Ghana","GH","Greater Accra","Greater Accra","sensitive","sensitive","undetermined","undetermined","resistant","resistant"
"SPT15251","2016","true","1183","null","Ghana","GH","Volta","Volta","sensitive","sensitive","undetermined","sensitive","resistant","resistant"
"SPT15252","2017","true","1183","null","Ghana","GH","Greater Accra","Greater Accra","sensitive","sensitive","undetermined","undetermined","resistant","resistant"
"SPT15253","2017","true","1183","null","Ghana","GH","Greater Accra","Greater Accra","sensitive","sensitive","undetermined","undetermined","resistant","undetermined"
"SPT15254","2016","true","1183","null","Ghana","GH","Volta","Volta","sensitive","sensitive","undetermined","undetermined","resistant","resistant"
"SPT15255","2016","true","1183","null","Ghana","GH","Greater Accra","Greater Accra","undetermined","sensitive","undetermined","undetermined","resistant","resistant"
"SPT15256","2016","true","1183","null","Ghana","GH","Greater Accra","Greater Accra","sensitive","sensitive","undetermined","undetermined","resistant","resistant"
"SPT15257","2017","true","1183","null","Ghana","GH","Greater Accra","Greater Accra","sensitive","sensitive","undetermined","sensitive","resistant","resistant"
"SPT15258","2017","true","1183","null","Ghana","GH","Greater Accra","Greater Accra","sensitive","sensitive","undetermined","undetermined","resistant","resistant"
"SPT15259","2016","true","1183","null","Ghana","GH","Volta","Volta","sensitive","sensitive","undetermined","undetermined","resistant","resistant"
"SPT15260","2016","true","1183","null","Ghana","GH","Greater Accra","Greater Accra","undetermined","resistant","undetermined","undetermined","resistant","resistant"
"SPT15261","2016","true","1183","null","Ghana","GH","Greater Accra","Greater Accra","sensitive","sensitive","undetermined","undetermined","resistant","resistant"
"SPT15262","2016","true","1183","null","Ghana","GH","Greater Accra","Greater Accra","sensitive","sensitive","undetermined","undetermined","resistant","resistant"
"SPT15263","2017","true","1183","null","Ghana","GH","Greater Accra","Greater Accra","sensitive","sensitive","undetermined","sensitive","resistant","resistant"
"SPT15264","2016","true","1183","null","Ghana","GH","Greater Accra","Greater Accra","sensitive","sensitive","undetermined","sensitive","resistant","resistant"
"SPT15265","2016","true","1183","null","Ghana","GH","Volta","Volta","sensitive","sensitive","undetermined","sensitive","resistant","resistant"
"SPT15266","2016","false","1183","null","Ghana","GH","Greater Accra","Greater Accra","null","null","null","null","null","null"
"SPT16868","2015","true","1168","null","Ghana","GH","Upper East","Upper East","sensitive","sensitive","undetermined","undetermined","resistant","resistant"
"SPT16869","2015","true","1168","null","Ghana","GH","Upper East","Upper East","sensitive","resistant","undetermined","undetermined","resistant","resistant"
"SPT16870","2015","true","1168","null","Ghana","GH","Upper East","Upper East","sensitive","sensitive","undetermined","undetermined","resistant","resistant"
"SPT16871","2015","true","1168","null","Ghana","GH","Upper East","Upper East","sensitive","sensitive","undetermined","sensitive","resistant","sensitive"
"SPT16872","2015","true","1168","null","Ghana","GH","Upper East","Upper East","sensitive","undetermined","undetermined","sensitive","resistant","undetermined"
"SPT16873","2015","true","1168","null","Ghana","GH","Upper East","Upper East","sensitive","sensitive","undetermined","undetermined","resistant","resistant"
"SPT16874","2015","true","1168","null","Ghana","GH","Upper East","Upper East","sensitive","undetermined","sensitive","undetermined","resistant","resistant"
"SPT16875","2015","true","1168","null","Ghana","GH","Upper East","Upper East","sensitive","sensitive","undetermined","undetermined","sensitive","resistant"
"SPT16876","2015","true","1168","null","Ghana","GH","Upper East","Upper East","sensitive","sensitive","undetermined","undetermined","undetermined","resistant"
"SPT16877","2015","true","1168","null","Ghana","GH","Upper East","Upper East","sensitive","sensitive","undetermined","undetermined","resistant","resistant"
"SPT16878","2015","true","1168","null","Ghana","GH","Upper East","Upper East","sensitive","sensitive","undetermined","undetermined","sensitive","resistant"
"SPT16879","2015","true","1168","null","Ghana","GH","Upper East","Upper East","sensitive","resistant","undetermined","undetermined","resistant","resistant"
"SPT16880","2015","true","1168","null","Ghana","GH","Upper East","Upper East","sensitive","sensitive","undetermined","undetermined","resistant","undetermined"
"SPT16881","2015","false","1168","null","Ghana","GH","Upper East","Upper East","null","null","null","null","null","null"
"SPT16882","2015","true","1168","null","Ghana","GH","Upper East","Upper East","sensitive","sensitive","sensitive","sensitive","resistant","sensitive"
"SPT16883","2015","true","1168","null","Ghana","GH","Upper East","Upper East","sensitive","undetermined","undetermined","undetermined","resistant","resistant"
"SPT16884","2015","true","1168","null","Ghana","GH","Upper East","Upper East","sensitive","sensitive","undetermined","undetermined","sensitive","resistant"
"SPT16885","2015","true","1168","null","Ghana","GH","Upper East","Upper East","sensitive","sensitive","undetermined","undetermined","resistant","undetermined"
"SPT16886","2015","true","1168","null","Ghana","GH","Upper East","Upper East","sensitive","sensitive","undetermined","undetermined","resistant","resistant"
"SPT16887","2015","true","1168","null","Ghana","GH","Upper East","Upper East","sensitive","sensitive","undetermined","undetermined","sensitive","resistant"
"SPT16888","2015","true","1168","null","Ghana","GH","Upper East","Upper East","sensitive","sensitive","undetermined","undetermined","resistant","resistant"
"SPT16889","2015","true","1168","null","Ghana","GH","Upper East","Upper East","sensitive","sensitive","undetermined","undetermined","resistant","resistant"
"SPT16890","2015","true","1168","null","Ghana","GH","Upper East","Upper East","sensitive","sensitive","undetermined","undetermined","undetermined","resistant"
"SPT16891","2015","true","1168","null","Ghana","GH","Upper East","Upper East","sensitive","sensitive","undetermined","undetermined","undetermined","resistant"
"SPT16892","2015","false","1168","null","Ghana","GH","Upper East","Upper East","null","null","null","null","null","null"
"SPT16893","2015","true","1168","null","Ghana","GH","Upper East","Upper East","sensitive","sensitive","undetermined","undetermined","resistant","sensitive"
"SPT16894","2015","true","1168","null","Ghana","GH","Upper East","Upper East","sensitive","sensitive","undetermined","sensitive","resistant","resistant"
"SPT16896","2015","true","1168","null","Ghana","GH","Upper East","Upper East","sensitive","sensitive","undetermined","undetermined","resistant","resistant"
"SPT16897","2015","true","1168","null","Ghana","GH","Upper East","Upper East","sensitive","sensitive","undetermined","undetermined","resistant","resistant"
"SPT16898","2015","true","1168","null","Ghana","GH","Upper East","Upper East","sensitive","sensitive","undetermined","sensitive","resistant","resistant"
"SPT16899","2015","true","1168","null","Ghana","GH","Upper East","Upper East","sensitive","sensitive","undetermined","undetermined","resistant","resistant"
"SPT16900","2015","true","1168","null","Ghana","GH","Upper East","Upper East","sensitive","sensitive","undetermined","sensitive","resistant","resistant"
"SPT16901","2015","true","1168","null","Ghana","GH","Upper East","Upper East","sensitive","sensitive","undetermined","undetermined","resistant","resistant"
"SPT16902","2015","true","1168","null","Ghana","GH","Upper East","Upper East","sensitive","sensitive","undetermined","undetermined","resistant","resistant"
"SPT16903","2015","true","1168","null","Ghana","GH","Upper East","Upper East","undetermined","sensitive","undetermined","undetermined","undetermined","resistant"
"SPT16904","2015","true","1168","null","Ghana","GH","Upper East","Upper East","sensitive","sensitive","undetermined","undetermined","resistant","resistant"
"SPT16905","2015","true","1168","null","Ghana","GH","Upper East","Upper East","sensitive","sensitive","undetermined","undetermined","resistant","resistant"
"SPT16906","2015","true","1168","null","Ghana","GH","Upper East","Upper East","sensitive","sensitive","undetermined","undetermined","resistant","resistant"
"SPT16907","2015","true","1168","null","Ghana","GH","Upper East","Upper East","sensitive","sensitive","undetermined","undetermined","resistant","resistant"
"SPT16908","2015","true","1168","null","Ghana","GH","Upper East","Upper East","sensitive","sensitive","undetermined","undetermined","undetermined","resistant"
"SPT16909","2015","true","1168","null","Ghana","GH","Upper East","Upper East","sensitive","resistant","undetermined","undetermined","resistant","resistant"
"SPT16910","2015","true","1168","null","Ghana","GH","Upper East","Upper East","sensitive","sensitive","undetermined","undetermined","resistant","sensitive"
"SPT16911","2015","true","1168","null","Ghana","GH","Upper East","Upper East","sensitive","sensitive","undetermined","undetermined","resistant","resistant"
"SPT16912","2015","true","1168","null","Ghana","GH","Upper East","Upper East","sensitive","sensitive","undetermined","undetermined","resistant","sensitive"
"SPT16913","2015","false","1168","null","Ghana","GH","Upper East","Upper East","null","null","null","null","null","null"
"SPT16914","2015","true","1168","null","Ghana","GH","Upper East","Upper East","sensitive","resistant","undetermined","undetermined","sensitive","undetermined"
"SPT16915","2015","true","1168","null","Ghana","GH","Upper East","Upper East","sensitive","sensitive","undetermined","undetermined","resistant","undetermined"
"SPT16916","2015","true","1168","null","Ghana","GH","Upper East","Upper East","sensitive","sensitive","undetermined","undetermined","resistant","resistant"
"SPT16917","2015","true","1168","null","Ghana","GH","Upper East","Upper East","sensitive","sensitive","undetermined","undetermined","undetermined","undetermined"
"SPT16918","2015","false","1168","null","Ghana","GH","Upper East","Upper East","null","null","null","null","null","null"
"SPT16919","2015","true","1168","null","Ghana","GH","Upper East","Upper East","sensitive","undetermined","undetermined","undetermined","undetermined","undetermined"
"SPT16920","2015","true","1168","null","Ghana","GH","Upper East","Upper East","sensitive","sensitive","undetermined","sensitive","resistant","resistant"
"SPT16921","2015","true","1168","null","Ghana","GH","Upper East","Upper East","undetermined","sensitive","undetermined","undetermined","sensitive","sensitive"
"SPT16922","2015","true","1168","null","Ghana","GH","Upper East","Upper East","sensitive","sensitive","undetermined","undetermined","undetermined","resistant"
"SPT16923","2015","true","1168","null","Ghana","GH","Upper East","Upper East","sensitive","sensitive","undetermined","undetermined","sensitive","resistant"
"SPT16924","2015","true","1168","null","Ghana","GH","Upper East","Upper East","undetermined","sensitive","undetermined","undetermined","resistant","resistant"
"SPT16925","2015","true","1168","null","Ghana","GH","Upper East","Upper East","sensitive","sensitive","undetermined","undetermined","sensitive","resistant"
"SPT16926","2015","true","1168","null","Ghana","GH","Upper East","Upper East","sensitive","sensitive","undetermined","undetermined","resistant","resistant"
"SPT16927","2015","true","1168","null","Ghana","GH","Upper East","Upper East","sensitive","sensitive","undetermined","undetermined","resistant","resistant"
"SPT16928","2015","true","1168","null","Ghana","GH","Upper East","Upper East","sensitive","sensitive","undetermined","undetermined","resistant","resistant"
"SPT16929","2015","true","1168","null","Ghana","GH","Upper East","Upper East","undetermined","sensitive","undetermined","undetermined","resistant","resistant"
"SPT16931","2015","false","1168","null","Ghana","GH","Upper East","Upper East","null","null","null","null","null","null"
"SPT16932","2015","true","1168","null","Ghana","GH","Upper East","Upper East","sensitive","undetermined","undetermined","undetermined","resistant","resistant"
"SPT16933","2015","false","1168","null","Ghana","GH","Upper East","Upper East","null","null","null","null","null","null"
"SPT16934","2015","true","1168","null","Ghana","GH","Upper East","Upper East","sensitive","sensitive","undetermined","undetermined","resistant","sensitive"
"SPT16935","2015","false","1168","null","Ghana","GH","Upper East","Upper East","null","null","null","null","null","null"
"SPT16936","2015","true","1168","null","Ghana","GH","Upper East","Upper East","sensitive","sensitive","undetermined","undetermined","resistant","resistant"
"SPT16937","2015","true","1168","null","Ghana","GH","Upper East","Upper East","sensitive","sensitive","undetermined","undetermined","resistant","resistant"
"SPT16938","2015","true","1168","null","Ghana","GH","Upper East","Upper East","sensitive","sensitive","undetermined","undetermined","resistant","resistant"
"SPT16939","2015","true","1168","null","Ghana","GH","Upper East","Upper East","sensitive","sensitive","undetermined","undetermined","resistant","resistant"
"SPT16940","2015","true","1168","null","Ghana","GH","Upper East","Upper East","sensitive","sensitive","undetermined","undetermined","resistant","resistant"
"SPT16941","2015","true","1168","null","Ghana","GH","Upper East","Upper East","sensitive","sensitive","undetermined","undetermined","resistant","resistant"
"SPT16942","2015","true","1168","null","Ghana","GH","Upper East","Upper East","sensitive","resistant","undetermined","undetermined","resistant","resistant"
"SPT16943","2015","true","1168","null","Ghana","GH","Upper East","Upper East","sensitive","sensitive","undetermined","undetermined","sensitive","resistant"
"SPT16944","2015","true","1168","null","Ghana","GH","Upper East","Upper East","undetermined","sensitive","undetermined","undetermined","resistant","sensitive"
"SPT16945","2015","false","1168","null","Ghana","GH","Upper East","Upper East","null","null","null","null","null","null"
"SPT16946","2015","true","1168","null","Ghana","GH","Upper East","Upper East","sensitive","sensitive","undetermined","undetermined","resistant","sensitive"
"SPT16947","2015","true","1168","null","Ghana","GH","Upper East","Upper East","sensitive","sensitive","undetermined","undetermined","resistant","resistant"
"SPT16948","2015","true","1168","null","Ghana","GH","Upper East","Upper East","sensitive","sensitive","undetermined","undetermined","resistant","resistant"
"SPT16949","2015","true","1168","null","Ghana","GH","Upper East","Upper East","sensitive","sensitive","undetermined","undetermined","resistant","resistant"
"SPT16950","2015","true","1168","null","Ghana","GH","Upper East","Upper East","sensitive","sensitive","undetermined","undetermined","resistant","resistant"
"SPT16951","2015","true","1168","null","Ghana","GH","Upper East","Upper East","undetermined","sensitive","undetermined","undetermined","undetermined","resistant"
"SPT16952","2015","false","1168","null","Ghana","GH","Upper East","Upper East","null","null","null","null","null","null"
"SPT16953","2015","true","1168","null","Ghana","GH","Upper East","Upper East","sensitive","sensitive","undetermined","undetermined","resistant","resistant"
"SPT16954","2015","true","1168","null","Ghana","GH","Upper East","Upper East","sensitive","sensitive","undetermined","undetermined","resistant","resistant"
"SPT16955","2015","true","1168","null","Ghana","GH","Upper East","Upper East","sensitive","sensitive","undetermined","undetermined","resistant","resistant"
"SPT16957","2015","true","1168","null","Ghana","GH","Upper East","Upper East","sensitive","sensitive","undetermined","undetermined","undetermined","resistant"
"SPT16958","2015","true","1168","null","Ghana","GH","Upper East","Upper East","undetermined","sensitive","undetermined","undetermined","resistant","resistant"
"SPT16959","2015","true","1168","null","Ghana","GH","Upper East","Upper East","sensitive","sensitive","undetermined","undetermined","resistant","resistant"
"SPT16960","2015","false","1168","null","Ghana","GH","Upper East","Upper East","null","null","null","null","null","null"
"SPT16961","2015","true","1168","null","Ghana","GH","Upper East","Upper East","undetermined","sensitive","undetermined","undetermined","resistant","resistant"
"SPT16962","2015","true","1168","null","Ghana","GH","Upper East","Upper East","sensitive","sensitive","undetermined","undetermined","resistant","resistant"
"SPT16963","2015","true","1168","null","Ghana","GH","Upper East","Upper East","sensitive","sensitive","undetermined","undetermined","resistant","sensitive"
"SPT16964","2015","true","1168","null","Ghana","GH","Upper East","Upper East","sensitive","sensitive","undetermined","undetermined","resistant","resistant"
"SPT16965","2015","false","1168","null","Ghana","GH","Upper East","Upper East","null","null","null","null","null","null"
"SPT16966","2015","true","1168","null","Ghana","GH","Upper East","Upper East","sensitive","sensitive","undetermined","undetermined","resistant","undetermined"
"SPT16967","2015","true","1168","null","Ghana","GH","Upper East","Upper East","sensitive","resistant","undetermined","sensitive","resistant","resistant"
"SPT16968","2015","true","1168","null","Ghana","GH","Upper East","Upper East","sensitive","sensitive","sensitive","sensitive","resistant","undetermined"
"SPT16969","2015","true","1168","null","Ghana","GH","Upper East","Upper East","sensitive","sensitive","sensitive","sensitive","resistant","resistant"
"SPT16970","2015","true","1168","null","Ghana","GH","Upper East","Upper East","sensitive","sensitive","sensitive","sensitive","undetermined","undetermined"
"SPT16971","2015","true","1168","null","Ghana","GH","Upper East","Upper East","sensitive","sensitive","undetermined","undetermined","resistant","sensitive"
"SPT16972","2015","true","1168","null","Ghana","GH","Upper East","Upper East","sensitive","sensitive","undetermined","undetermined","resistant","resistant"
"SPT16973","2015","true","1168","null","Ghana","GH","Upper East","Upper East","undetermined","sensitive","undetermined","undetermined","resistant","resistant"
"SPT16975","2015","false","1168","null","Ghana","GH","Upper East","Upper East","null","null","null","null","null","null"
"SPT16976","2015","true","1168","null","Ghana","GH","Upper East","Upper East","sensitive","sensitive","undetermined","undetermined","undetermined","resistant"
"SPT16977","2015","true","1168","null","Ghana","GH","Upper East","Upper East","sensitive","sensitive","undetermined","sensitive","resistant","resistant"
"SPT16978","2015","true","1168","null","Ghana","GH","Upper East","Upper East","sensitive","sensitive","sensitive","sensitive","resistant","sensitive"
"SPT16979","2015","false","1168","null","Ghana","GH","Upper East","Upper East","null","null","null","null","null","null"
"SPT16981","2015","false","1168","null","Ghana","GH","Upper East","Upper East","null","null","null","null","null","null"
"SPT16982","2015","true","1168","null","Ghana","GH","Upper East","Upper East","sensitive","sensitive","undetermined","undetermined","undetermined","resistant"
"SPT16983","2015","true","1168","null","Ghana","GH","Upper East","Upper East","sensitive","sensitive","undetermined","undetermined","undetermined","resistant"
"SPT16984","2015","false","1168","null","Ghana","GH","Upper East","Upper East","null","null","null","null","null","null"
"SPT16985","2015","true","1168","null","Ghana","GH","Upper East","Upper East","sensitive","sensitive","undetermined","undetermined","resistant","resistant"
"SPT16986","2015","true","1168","null","Ghana","GH","Upper East","Upper East","sensitive","sensitive","undetermined","undetermined","resistant","resistant"
"SPT16987","2015","true","1168","null","Ghana","GH","Upper East","Upper East","sensitive","sensitive","undetermined","undetermined","resistant","resistant"
"SPT16988","2015","true","1168","null","Ghana","GH","Upper East","Upper East","sensitive","sensitive","undetermined","sensitive","resistant","resistant"
"SPT16989","2015","true","1168","null","Ghana","GH","Upper East","Upper East","undetermined","sensitive","undetermined","undetermined","sensitive","resistant"
"SPT16990","2015","false","1168","null","Ghana","GH","Upper East","Upper East","null","null","null","null","null","null"
"SPT16991","2015","false","1168","null","Ghana","GH","Upper East","Upper East","null","null","null","null","null","null"
"SPT16992","2015","false","1168","null","Ghana","GH","Upper East","Upper East","null","null","null","null","null","null"
"SPT16993","2015","false","1168","null","Ghana","GH","Upper East","Upper East","null","null","null","null","null","null"
"SPT16994","2015","true","1168","null","Ghana","GH","Upper East","Upper East","sensitive","sensitive","sensitive","sensitive","resistant","resistant"
"SPT16995","2015","true","1168","null","Ghana","GH","Upper East","Upper East","sensitive","sensitive","undetermined","sensitive","resistant","resistant"
"SPT16996","2015","true","1168","null","Ghana","GH","Upper East","Upper East","sensitive","sensitive","undetermined","undetermined","resistant","resistant"
"SPT16997","2015","true","1168","null","Ghana","GH","Upper East","Upper East","sensitive","sensitive","undetermined","undetermined","resistant","resistant"
"SPT16998","2015","true","1168","null","Ghana","GH","Upper East","Upper East","sensitive","sensitive","undetermined","undetermined","resistant","sensitive"
"SPT16999","2015","true","1168","null","Ghana","GH","Upper East","Upper East","sensitive","sensitive","undetermined","sensitive","resistant","resistant"
"SPT17000","2015","true","1168","null","Ghana","GH","Upper East","Upper East","undetermined","sensitive","undetermined","undetermined","resistant","resistant"
"SPT17001","2015","true","1168","null","Ghana","GH","Upper East","Upper East","sensitive","sensitive","sensitive","sensitive","sensitive","sensitive"
"SPT17002","2015","true","1168","null","Ghana","GH","Upper East","Upper East","sensitive","sensitive","sensitive","undetermined","resistant","resistant"
"SPT17003","2015","true","1168","null","Ghana","GH","Upper East","Upper East","sensitive","sensitive","undetermined","sensitive","resistant","resistant"
"SPT17004","2015","true","1168","null","Ghana","GH","Upper East","Upper East","sensitive","sensitive","undetermined","undetermined","resistant","resistant"
"SPT17005","2015","false","1168","null","Ghana","GH","Upper East","Upper East","null","null","null","null","null","null"
"SPT17006","2015","true","1168","null","Ghana","GH","Upper East","Upper East","sensitive","sensitive","undetermined","undetermined","resistant","sensitive"
"SPT17007","2015","true","1168","null","Ghana","GH","Upper East","Upper East","sensitive","sensitive","undetermined","sensitive","resistant","resistant"
"SPT17008","2015","false","1168","null","Ghana","GH","Upper East","Upper East","null","null","null","null","null","null"
"SPT17009","2015","true","1168","null","Ghana","GH","Upper East","Upper East","undetermined","sensitive","undetermined","undetermined","resistant","resistant"
"SPT17010","2015","true","1168","null","Ghana","GH","Upper East","Upper East","undetermined","sensitive","undetermined","undetermined","resistant","resistant"
"SPT17011","2015","true","1168","null","Ghana","GH","Upper East","Upper East","sensitive","sensitive","undetermined","sensitive","undetermined","resistant"
"SPT17012","2015","true","1168","null","Ghana","GH","Upper East","Upper East","sensitive","resistant","undetermined","sensitive","resistant","resistant"
"SPT17013","2015","true","1168","null","Ghana","GH","Upper East","Upper East","undetermined","sensitive","undetermined","undetermined","resistant","resistant"
"SPT17015","2015","true","1168","null","Ghana","GH","Upper East","Upper East","sensitive","sensitive","undetermined","sensitive","sensitive","resistant"
"SPT17016","2015","true","1168","null","Ghana","GH","Upper East","Upper East","undetermined","sensitive","undetermined","undetermined","resistant","resistant"
"SPT17017","2015","true","1168","null","Ghana","GH","Upper East","Upper East","sensitive","sensitive","undetermined","undetermined","resistant","resistant"
"SPT17018","2015","true","1168","null","Ghana","GH","Upper East","Upper East","sensitive","sensitive","undetermined","undetermined","resistant","resistant"
"SPT17019","2015","false","1168","null","Ghana","GH","Upper East","Upper East","null","null","null","null","null","null"
"SPT17020","2015","true","1168","null","Ghana","GH","Upper East","Upper East","sensitive","sensitive","undetermined","sensitive","sensitive","resistant"
"SPT17021","2015","true","1168","null","Ghana","GH","Upper East","Upper East","undetermined","sensitive","undetermined","undetermined","resistant","resistant"
"SPT17022","2015","true","1168","null","Ghana","GH","Upper East","Upper East","sensitive","sensitive","undetermined","undetermined","resistant","resistant"
"SPT17023","2015","true","1168","null","Ghana","GH","Upper East","Upper East","sensitive","sensitive","undetermined","undetermined","resistant","resistant"
"SPT17024","2015","false","1168","null","Ghana","GH","Upper East","Upper East","null","null","null","null","null","null"
"SPT17025","2015","true","1168","null","Ghana","GH","Upper East","Upper East","sensitive","sensitive","undetermined","sensitive","resistant","resistant"
"SPT17026","2015","false","1168","null","Ghana","GH","Upper East","Upper East","null","null","null","null","null","null"
"SPT17027","2015","true","1168","null","Ghana","GH","Upper East","Upper East","sensitive","sensitive","undetermined","undetermined","resistant","resistant"
"SPT17028","2015","true","1168","null","Ghana","GH","Upper East","Upper East","sensitive","sensitive","undetermined","undetermined","resistant","sensitive"
"SPT17029","2015","true","1168","null","Ghana","GH","Upper East","Upper East","sensitive","sensitive","undetermined","undetermined","resistant","resistant"
"SPT17030","2015","true","1168","null","Ghana","GH","Upper East","Upper East","sensitive","sensitive","undetermined","undetermined","resistant","resistant"
"SPT17031","2015","true","1168","null","Ghana","GH","Upper East","Upper East","undetermined","sensitive","undetermined","undetermined","resistant","undetermined"
"SPT17032","2015","false","1168","null","Ghana","GH","Upper East","Upper East","null","null","null","null","null","null"
"SPT17033","2015","false","1168","null","Ghana","GH","Upper East","Upper East","null","null","null","null","null","null"
"SPT17034","2015","true","1168","null","Ghana","GH","Upper East","Upper East","sensitive","sensitive","undetermined","undetermined","resistant","resistant"
"SPT17035","2015","true","1168","null","Ghana","GH","Upper East","Upper East","sensitive","sensitive","undetermined","sensitive","resistant","resistant"
"SPT17036","2015","true","1168","null","Ghana","GH","Upper East","Upper East","sensitive","sensitive","undetermined","undetermined","resistant","resistant"
"SPT17037","2015","true","1168","null","Ghana","GH","Upper East","Upper East","sensitive","sensitive","undetermined","sensitive","sensitive","resistant"
"SPT17038","2015","false","1168","null","Ghana","GH","Upper East","Upper East","null","null","null","null","null","null"
"SPT17039","2015","true","1168","null","Ghana","GH","Upper East","Upper East","sensitive","sensitive","undetermined","undetermined","undetermined","resistant"
"SPT17040","2015","true","1168","null","Ghana","GH","Upper East","Upper East","sensitive","sensitive","undetermined","undetermined","undetermined","undetermined"
"SPT17041","2015","false","1168","null","Ghana","GH","Upper East","Upper East","null","null","null","null","null","null"
"SPT17042","2015","true","1168","null","Ghana","GH","Upper East","Upper East","undetermined","sensitive","undetermined","undetermined","resistant","resistant"
"SPT17043","2015","true","1168","null","Ghana","GH","Upper East","Upper East","sensitive","sensitive","undetermined","sensitive","resistant","resistant"
"SPT17044","2015","true","1168","null","Ghana","GH","Upper East","Upper East","sensitive","sensitive","undetermined","undetermined","resistant","resistant"
"SPT17045","2015","true","1168","null","Ghana","GH","Upper East","Upper East","sensitive","sensitive","undetermined","undetermined","resistant","sensitive"
"SPT17046","2015","true","1168","null","Ghana","GH","Upper East","Upper East","sensitive","sensitive","undetermined","undetermined","resistant","resistant"
"SPT17047","2015","true","1168","null","Ghana","GH","Upper East","Upper East","sensitive","sensitive","sensitive","sensitive","resistant","resistant"
"SPT17048","2015","false","1168","null","Ghana","GH","Upper East","Upper East","null","null","null","null","null","null"
"SPT17049","2015","true","1168","null","Ghana","GH","Upper East","Upper East","sensitive","sensitive","undetermined","undetermined","resistant","sensitive"
"SPT17050","2015","true","1168","null","Ghana","GH","Upper East","Upper East","undetermined","sensitive","undetermined","undetermined","resistant","undetermined"
"SPT17051","2015","true","1168","null","Ghana","GH","Upper East","Upper East","sensitive","sensitive","undetermined","undetermined","undetermined","resistant"
"SPT17052","2015","true","1168","null","Ghana","GH","Upper East","Upper East","sensitive","sensitive","undetermined","sensitive","resistant","undetermined"
"SPT17053","2015","true","1168","null","Ghana","GH","Upper East","Upper East","sensitive","sensitive","undetermined","undetermined","resistant","resistant"
"SPT17054","2015","true","1168","null","Ghana","GH","Upper East","Upper East","sensitive","sensitive","undetermined","undetermined","resistant","resistant"
"SPT17055","2016","true","1168","null","Ghana","GH","Upper East","Upper East","sensitive","sensitive","undetermined","undetermined","resistant","sensitive"
"SPT17056","2016","true","1168","null","Ghana","GH","Upper East","Upper East","undetermined","sensitive","undetermined","sensitive","resistant","resistant"
"SPT17057","2016","true","1168","null","Ghana","GH","Upper East","Upper East","sensitive","sensitive","undetermined","undetermined","resistant","resistant"
"SPT17058","2016","true","1168","null","Ghana","GH","Upper East","Upper East","sensitive","undetermined","undetermined","sensitive","resistant","resistant"
"SPT17059","2016","true","1168","null","Ghana","GH","Upper East","Upper East","sensitive","sensitive","undetermined","undetermined","resistant","resistant"
"SPT17060","2016","true","1168","null","Ghana","GH","Upper East","Upper East","sensitive","sensitive","undetermined","sensitive","resistant","undetermined"
"SPT17061","2016","true","1168","null","Ghana","GH","Upper East","Upper East","sensitive","sensitive","undetermined","undetermined","resistant","resistant"
"SPT17062","2016","true","1168","null","Ghana","GH","Upper East","Upper East","undetermined","sensitive","undetermined","undetermined","resistant","resistant"
"SPT17063","2016","true","1168","null","Ghana","GH","Upper East","Upper East","sensitive","sensitive","undetermined","undetermined","undetermined","undetermined"
"SPT17064","2016","true","1168","null","Ghana","GH","Upper East","Upper East","sensitive","sensitive","undetermined","undetermined","undetermined","resistant"
"SPT17065","2016","true","1168","null","Ghana","GH","Upper East","Upper East","sensitive","sensitive","undetermined","undetermined","resistant","resistant"
"SPT17066","2016","true","1168","null","Ghana","GH","Upper East","Upper East","sensitive","sensitive","undetermined","undetermined","sensitive","resistant"
"SPT17067","2016","true","1168","null","Ghana","GH","Upper East","Upper East","sensitive","sensitive","undetermined","undetermined","resistant","resistant"
"SPT17068","2016","false","1168","null","Ghana","GH","Upper East","Upper East","null","null","null","null","null","null"
"SPT17069","2016","true","1168","null","Ghana","GH","Upper East","Upper East","sensitive","sensitive","undetermined","undetermined","resistant","resistant"
"SPT17070","2016","true","1168","null","Ghana","GH","Upper East","Upper East","sensitive","sensitive","sensitive","sensitive","resistant","resistant"
"SPT17072","2016","true","1168","null","Ghana","GH","Upper East","Upper East","sensitive","sensitive","undetermined","sensitive","resistant","resistant"
"SPT17073","2016","true","1168","null","Ghana","GH","Upper East","Upper East","sensitive","sensitive","sensitive","sensitive","resistant","resistant"
"SPT17074","2016","false","1168","null","Ghana","GH","Upper East","Upper East","null","null","null","null","null","null"
"SPT17075","2016","true","1168","null","Ghana","GH","Upper East","Upper East","sensitive","sensitive","undetermined","sensitive","resistant","resistant"
"SPT17076","2016","true","1168","null","Ghana","GH","Upper East","Upper East","sensitive","sensitive","sensitive","sensitive","resistant","resistant"
"SPT17077","2016","true","1168","null","Ghana","GH","Upper East","Upper East","sensitive","sensitive","undetermined","undetermined","undetermined","undetermined"
"SPT17078","2016","true","1168","null","Ghana","GH","Upper East","Upper East","sensitive","sensitive","sensitive","sensitive","resistant","resistant"
"SPT17079","2016","true","1168","null","Ghana","GH","Upper East","Upper East","sensitive","sensitive","undetermined","undetermined","resistant","resistant"
"SPT17780","2014","false","1168","null","Ghana","GH","Upper East","Upper East","null","null","null","null","null","null"
"SPT17781","2014","false","1168","null","Ghana","GH","Upper East","Upper East","null","null","null","null","null","null"
"SPT17782","2014","false","1168","null","Ghana","GH","Upper East","Upper East","null","null","null","null","null","null"
"SPT17784","2014","false","1168","null","Ghana","GH","Upper East","Upper East","null","null","null","null","null","null"
"SPT17787","2014","false","1168","null","Ghana","GH","Upper East","Upper East","null","null","null","null","null","null"
"SPT17791","2014","false","1168","null","Ghana","GH","Upper East","Upper East","null","null","null","null","null","null"
"SPT17793","2014","true","1168","null","Ghana","GH","Upper East","Upper East","undetermined","sensitive","undetermined","undetermined","resistant","resistant"
"SPT17794","2014","true","1168","null","Ghana","GH","Upper East","Upper East","undetermined","sensitive","undetermined","undetermined","resistant","resistant"
"SPT17795","2014","true","1168","null","Ghana","GH","Upper East","Upper East","undetermined","sensitive","undetermined","undetermined","resistant","resistant"
"SPT17796","2014","false","1168","null","Ghana","GH","Upper East","Upper East","null","null","null","null","null","null"
"SPT17798","2014","false","1168","null","Ghana","GH","Upper East","Upper East","null","null","null","null","null","null"
"SPT17799","2014","false","1168","null","Ghana","GH","Upper East","Upper East","null","null","null","null","null","null"
"SPT17800","2014","true","1168","null","Ghana","GH","Upper East","Upper East","undetermined","sensitive","undetermined","undetermined","resistant","resistant"
"SPT17801","2014","false","1168","null","Ghana","GH","Upper East","Upper East","null","null","null","null","null","null"
"SPT17802","2014","true","1168","null","Ghana","GH","Upper East","Upper East","undetermined","sensitive","undetermined","undetermined","undetermined","resistant"
"SPT17803","2014","true","1168","null","Ghana","GH","Upper East","Upper East","sensitive","sensitive","undetermined","undetermined","sensitive","resistant"
"SPT17804","2014","true","1168","null","Ghana","GH","Upper East","Upper East","sensitive","sensitive","undetermined","undetermined","resistant","resistant"
"SPT17805","2014","true","1168","null","Ghana","GH","Upper East","Upper East","sensitive","sensitive","undetermined","undetermined","resistant","resistant"
"SPT17806","2014","true","1168","null","Ghana","GH","Upper East","Upper East","sensitive","undetermined","undetermined","undetermined","resistant","resistant"
"SPT17807","2014","true","1168","null","Ghana","GH","Upper East","Upper East","undetermined","sensitive","undetermined","undetermined","resistant","resistant"
"SPT17808","2014","true","1168","null","Ghana","GH","Upper East","Upper East","undetermined","sensitive","undetermined","undetermined","undetermined","resistant"
"SPT17809","2014","false","1168","null","Ghana","GH","Upper East","Upper East","null","null","null","null","null","null"
"SPT17810","2014","true","1168","null","Ghana","GH","Upper East","Upper East","sensitive","sensitive","undetermined","undetermined","resistant","resistant"
"SPT17811","2014","true","1168","null","Ghana","GH","Upper East","Upper East","sensitive","sensitive","undetermined","undetermined","resistant","resistant"
"SPT17812","2014","true","1168","null","Ghana","GH","Upper East","Upper East","sensitive","sensitive","undetermined","undetermined","resistant","resistant"
"SPT17813","2014","true","1168","null","Ghana","GH","Upper East","Upper East","undetermined","sensitive","undetermined","undetermined","undetermined","resistant"
"SPT17815","2014","false","1168","null","Ghana","GH","Upper East","Upper East","null","null","null","null","null","null"
"SPT17816","2014","true","1168","null","Ghana","GH","Upper East","Upper East","sensitive","sensitive","undetermined","undetermined","resistant","resistant"
"SPT17817","2014","true","1168","null","Ghana","GH","Upper East","Upper East","sensitive","sensitive","undetermined","undetermined","resistant","resistant"
"SPT17818","2014","true","1168","null","Ghana","GH","Upper East","Upper East","sensitive","undetermined","undetermined","undetermined","resistant","resistant"
"SPT17819","2014","true","1168","null","Ghana","GH","Upper East","Upper East","sensitive","sensitive","undetermined","undetermined","undetermined","undetermined"
"SPT17821","2014","true","1168","null","Ghana","GH","Upper East","Upper East","sensitive","sensitive","undetermined","undetermined","resistant","resistant"
"SPT17823","2014","true","1168","null","Ghana","GH","Upper East","Upper East","sensitive","sensitive","undetermined","undetermined","resistant","sensitive"
"SPT17824","2014","false","1168","null","Ghana","GH","Upper East","Upper East","null","null","null","null","null","null"
"SPT17825","2014","true","1168","null","Ghana","GH","Upper East","Upper East","sensitive","sensitive","undetermined","undetermined","resistant","sensitive"
"SPT17826","2014","true","1168","null","Ghana","GH","Upper East","Upper East","sensitive","sensitive","undetermined","undetermined","resistant","resistant"
"SPT17828","2014","true","1168","null","Ghana","GH","Upper East","Upper East","sensitive","sensitive","undetermined","undetermined","resistant","resistant"
"SPT17829","2014","true","1168","null","Ghana","GH","Upper East","Upper East","undetermined","undetermined","undetermined","undetermined","undetermined","resistant"
"SPT17830","2014","true","1168","null","Ghana","GH","Upper East","Upper East","sensitive","sensitive","undetermined","undetermined","resistant","resistant"
"SPT17832","2014","true","1168","null","Ghana","GH","Upper East","Upper East","undetermined","sensitive","undetermined","undetermined","resistant","undetermined"
"SPT17833","2014","true","1168","null","Ghana","GH","Upper East","Upper East","sensitive","sensitive","undetermined","undetermined","resistant","resistant"
"SPT17835","2014","false","1168","null","Ghana","GH","Upper East","Upper East","null","null","null","null","null","null"
"SPT17836","2014","true","1168","null","Ghana","GH","Upper East","Upper East","undetermined","sensitive","undetermined","undetermined","undetermined","resistant"
"SPT17837","2014","true","1168","null","Ghana","GH","Upper East","Upper East","undetermined","sensitive","undetermined","undetermined","undetermined","undetermined"
"SPT17838","2014","true","1168","null","Ghana","GH","Upper East","Upper East","sensitive","sensitive","undetermined","undetermined","resistant","resistant"
"SPT17840","2014","false","1168","null","Ghana","GH","Upper East","Upper East","null","null","null","null","null","null"
"SPT17841","2014","true","1168","null","Ghana","GH","Upper East","Upper East","sensitive","sensitive","undetermined","undetermined","resistant","resistant"
"SPT17843","2014","true","1168","null","Ghana","GH","Upper East","Upper East","sensitive","sensitive","undetermined","undetermined","sensitive","resistant"
"SPT17844","2014","true","1168","null","Ghana","GH","Upper East","Upper East","undetermined","sensitive","undetermined","undetermined","undetermined","resistant"
"SPT17845","2014","true","1168","null","Ghana","GH","Upper East","Upper East","sensitive","undetermined","undetermined","undetermined","resistant","resistant"
"SPT17847","2014","false","1168","null","Ghana","GH","Upper East","Upper East","null","null","null","null","null","null"
"SPT17848","2014","false","1168","null","Ghana","GH","Upper East","Upper East","null","null","null","null","null","null"
"SPT17849","2014","false","1168","null","Ghana","GH","Upper East","Upper East","null","null","null","null","null","null"
"SPT17850","2014","false","1168","null","Ghana","GH","Upper East","Upper East","null","null","null","null","null","null"
"SPT17852","2014","true","1168","null","Ghana","GH","Upper East","Upper East","sensitive","sensitive","undetermined","undetermined","sensitive","resistant"
"SPT17853","2014","true","1168","null","Ghana","GH","Upper East","Upper East","sensitive","resistant","undetermined","undetermined","resistant","resistant"
"SPT17854","2014","false","1168","null","Ghana","GH","Upper East","Upper East","null","null","null","null","null","null"
"SPT17855","2014","true","1168","null","Ghana","GH","Upper East","Upper East","undetermined","sensitive","undetermined","undetermined","undetermined","resistant"
"SPT17866","2014","true","1168","null","Ghana","GH","Upper East","Upper East","sensitive","sensitive","undetermined","undetermined","resistant","undetermined"
"SPT17867","2014","true","1168","null","Ghana","GH","Upper East","Upper East","undetermined","sensitive","undetermined","undetermined","sensitive","resistant"
"SPT17868","2014","false","1168","null","Ghana","GH","Upper East","Upper East","null","null","null","null","null","null"
"SPT17869","2014","false","1168","null","Ghana","GH","Upper East","Upper East","null","null","null","null","null","null"
"SPT17870","2014","true","1168","null","Ghana","GH","Upper East","Upper East","undetermined","sensitive","undetermined","undetermined","resistant","undetermined"
"SPT17871","2014","true","1168","null","Ghana","GH","Upper East","Upper East","sensitive","sensitive","undetermined","undetermined","undetermined","resistant"
"SPT17872","2014","true","1168","null","Ghana","GH","Upper East","Upper East","undetermined","sensitive","undetermined","undetermined","undetermined","resistant"
"SPT17873","2014","true","1168","null","Ghana","GH","Upper East","Upper East","sensitive","sensitive","sensitive","undetermined","undetermined","resistant"
"SPT17874","2014","false","1168","null","Ghana","GH","Upper East","Upper East","null","null","null","null","null","null"
"SPT17875","2014","false","1168","null","Ghana","GH","Upper East","Upper East","null","null","null","null","null","null"
"SPT17876","2014","true","1168","null","Ghana","GH","Upper East","Upper East","undetermined","sensitive","undetermined","undetermined","sensitive","resistant"
"SPT17878","2014","true","1168","null","Ghana","GH","Upper East","Upper East","undetermined","sensitive","undetermined","undetermined","undetermined","resistant"
"SPT17879","2014","false","1168","null","Ghana","GH","Upper East","Upper East","null","null","null","null","null","null"
"SPT17881","2014","true","1168","null","Ghana","GH","Upper East","Upper East","undetermined","sensitive","undetermined","undetermined","resistant","sensitive"
"SPT17882","2014","false","1168","null","Ghana","GH","Upper East","Upper East","null","null","null","null","null","null"
"SPT17894","2014","true","1168","null","Ghana","GH","Upper East","Upper East","undetermined","sensitive","undetermined","undetermined","resistant","resistant"
"SPT17896","2014","false","1168","null","Ghana","GH","Upper East","Upper East","null","null","null","null","null","null"
"SPT17899","2014","false","1168","null","Ghana","GH","Upper East","Upper East","null","null","null","null","null","null"
"SPT17901","2014","false","1168","null","Ghana","GH","Upper East","Upper East","null","null","null","null","null","null"
"SPT17902","2014","true","1168","null","Ghana","GH","Upper East","Upper East","undetermined","sensitive","undetermined","undetermined","resistant","resistant"
"SPT17907","2014","false","1168","null","Ghana","GH","Upper East","Upper East","null","null","null","null","null","null"
"SPT17909","2014","false","1168","null","Ghana","GH","Upper East","Upper East","null","null","null","null","null","null"
"SPT17911","2014","false","1168","null","Ghana","GH","Upper East","Upper East","null","null","null","null","null","null"
"SPT17912","2014","false","1168","null","Ghana","GH","Upper East","Upper East","null","null","null","null","null","null"
"SPT17913","2014","false","1168","null","Ghana","GH","Upper East","Upper East","null","null","null","null","null","null"
"SPT17914","2014","false","1168","null","Ghana","GH","Upper East","Upper East","null","null","null","null","null","null"
"SPT17915","2014","false","1168","null","Ghana","GH","Upper East","Upper East","null","null","null","null","null","null"
"SPT17916","2014","true","1168","null","Ghana","GH","Upper East","Upper East","undetermined","sensitive","undetermined","undetermined","sensitive","undetermined"
"SPT17917","2014","true","1168","null","Ghana","GH","Upper East","Upper East","undetermined","sensitive","undetermined","undetermined","resistant","resistant"
"SPT17918","2014","true","1168","null","Ghana","GH","Upper East","Upper East","undetermined","sensitive","undetermined","undetermined","resistant","resistant"
"SPT17919","2014","false","1168","null","Ghana","GH","Upper East","Upper East","null","null","null","null","null","null"
"SPT17920","2014","false","1168","null","Ghana","GH","Upper East","Upper East","null","null","null","null","null","null"
"SPT17922","2014","true","1168","null","Ghana","GH","Upper East","Upper East","undetermined","sensitive","undetermined","sensitive","resistant","resistant"
"SPT17923","2014","false","1168","null","Ghana","GH","Upper East","Upper East","null","null","null","null","null","null"
"SPT17924","2014","true","1168","null","Ghana","GH","Upper East","Upper East","undetermined","sensitive","undetermined","undetermined","undetermined","resistant"
"SPT17925","2014","false","1168","null","Ghana","GH","Upper East","Upper East","null","null","null","null","null","null"
"SPT17926","2014","false","1168","null","Ghana","GH","Upper East","Upper East","null","null","null","null","null","null"
"SPT17927","2014","true","1168","null","Ghana","GH","Upper East","Upper East","undetermined","sensitive","undetermined","undetermined","resistant","resistant"
"SPT17928","2014","false","1168","null","Ghana","GH","Upper East","Upper East","null","null","null","null","null","null"
"SPT17929","2014","true","1168","null","Ghana","GH","Upper East","Upper East","undetermined","sensitive","undetermined","undetermined","resistant","resistant"
"SPT17930","2014","false","1168","null","Ghana","GH","Upper East","Upper East","null","null","null","null","null","null"
"SPT17931","2014","true","1168","null","Ghana","GH","Upper East","Upper East","undetermined","sensitive","undetermined","undetermined","resistant","resistant"
"SPT17932","2014","true","1168","null","Ghana","GH","Upper East","Upper East","undetermined","sensitive","undetermined","undetermined","undetermined","undetermined"
"SPT17933","2014","true","1168","null","Ghana","GH","Upper East","Upper East","undetermined","sensitive","undetermined","undetermined","resistant","undetermined"
"SPT17936","2014","true","1168","null","Ghana","GH","Upper East","Upper East","undetermined","resistant","undetermined","undetermined","undetermined","resistant"
"SPT17937","2014","true","1168","null","Ghana","GH","Upper East","Upper East","sensitive","resistant","undetermined","undetermined","undetermined","undetermined"
"SPT17938","2014","true","1168","null","Ghana","GH","Upper East","Upper East","undetermined","sensitive","undetermined","undetermined","resistant","resistant"
"SPT17939","2014","false","1168","null","Ghana","GH","Upper East","Upper East","null","null","null","null","null","null"
"SPT17940","2014","true","1168","null","Ghana","GH","Upper East","Upper East","undetermined","sensitive","undetermined","undetermined","resistant","undetermined"
"SPT17941","2014","true","1168","null","Ghana","GH","Upper East","Upper East","undetermined","resistant","undetermined","undetermined","resistant","resistant"
"SPT17942","2014","true","1168","null","Ghana","GH","Upper East","Upper East","undetermined","sensitive","undetermined","undetermined","resistant","resistant"
"SPT17943","2014","true","1168","null","Ghana","GH","Upper East","Upper East","undetermined","sensitive","undetermined","undetermined","undetermined","resistant"
"SPT17944","2014","true","1168","null","Ghana","GH","Upper East","Upper East","undetermined","sensitive","undetermined","undetermined","sensitive","resistant"
"SPT17945","2014","true","1168","null","Ghana","GH","Upper East","Upper East","undetermined","sensitive","undetermined","sensitive","resistant","resistant"
"SPT17946","2014","false","1168","null","Ghana","GH","Upper East","Upper East","null","null","null","null","null","null"
"SPT17947","2014","true","1168","null","Ghana","GH","Upper East","Upper East","undetermined","resistant","undetermined","undetermined","resistant","sensitive"
"SPT17948","2014","false","1168","null","Ghana","GH","Upper East","Upper East","null","null","null","null","null","null"
"SPT17949","2014","true","1168","null","Ghana","GH","Upper East","Upper East","undetermined","sensitive","undetermined","undetermined","resistant","resistant"
"SPT17950","2014","true","1168","null","Ghana","GH","Upper East","Upper East","undetermined","sensitive","undetermined","undetermined","sensitive","undetermined"
"SPT17951","2014","true","1168","null","Ghana","GH","Upper East","Upper East","undetermined","sensitive","undetermined","undetermined","undetermined","resistant"
"SPT17952","2014","true","1168","null","Ghana","GH","Upper East","Upper East","undetermined","sensitive","undetermined","undetermined","resistant","resistant"
"SPT17953","2014","false","1168","null","Ghana","GH","Upper East","Upper East","null","null","null","null","null","null"
"SPT17954","2014","true","1168","null","Ghana","GH","Upper East","Upper East","undetermined","sensitive","undetermined","undetermined","undetermined","undetermined"
"SPT17955","2014","true","1168","null","Ghana","GH","Upper East","Upper East","undetermined","sensitive","undetermined","undetermined","resistant","resistant"
"SPT17956","2014","true","1168","null","Ghana","GH","Upper East","Upper East","sensitive","sensitive","undetermined","undetermined","resistant","resistant"
"SPT17957","2014","false","1168","null","Ghana","GH","Upper East","Upper East","null","null","null","null","null","null"
"SPT17958","2014","true","1168","null","Ghana","GH","Upper East","Upper East","undetermined","sensitive","undetermined","sensitive","sensitive","sensitive"
"SPT17960","2014","true","1168","null","Ghana","GH","Upper East","Upper East","sensitive","sensitive","undetermined","undetermined","resistant","resistant"
"SPT17961","2014","false","1168","null","Ghana","GH","Upper East","Upper East","null","null","null","null","null","null"
"SPT17962","2014","false","1168","null","Ghana","GH","Upper East","Upper East","null","null","null","null","null","null"
"SPT17963","2014","true","1168","null","Ghana","GH","Upper East","Upper East","undetermined","undetermined","undetermined","undetermined","resistant","undetermined"
"SPT17964","2014","false","1168","null","Ghana","GH","Upper East","Upper East","null","null","null","null","null","null"
"SPT17965","2014","true","1168","null","Ghana","GH","Upper East","Upper East","undetermined","sensitive","undetermined","undetermined","sensitive","resistant"
"SPT17966","2014","true","1168","null","Ghana","GH","Upper East","Upper East","undetermined","sensitive","undetermined","undetermined","resistant","resistant"
"SPT17967","2014","false","1168","null","Ghana","GH","Upper East","Upper East","null","null","null","null","null","null"
"SPT17968","2014","false","1168","null","Ghana","GH","Upper East","Upper East","null","null","null","null","null","null"
"SPT17969","2014","true","1168","null","Ghana","GH","Upper East","Upper East","undetermined","sensitive","undetermined","undetermined","undetermined","undetermined"
"SPT17970","2014","true","1168","null","Ghana","GH","Upper East","Upper East","undetermined","sensitive","undetermined","undetermined","resistant","resistant"
"SPT17971","2014","false","1168","null","Ghana","GH","Upper East","Upper East","null","null","null","null","null","null"
"SPT17972","2014","true","1168","null","Ghana","GH","Upper East","Upper East","undetermined","sensitive","undetermined","undetermined","resistant","resistant"
"SPT17974","2014","false","1168","null","Ghana","GH","Upper East","Upper East","null","null","null","null","null","null"
"SPT17975","2014","true","1168","null","Ghana","GH","Upper East","Upper East","undetermined","sensitive","undetermined","undetermined","resistant","resistant"
"SPT17976","2014","false","1168","null","Ghana","GH","Upper East","Upper East","null","null","null","null","null","null"
"SPT17977","2014","false","1168","null","Ghana","GH","Upper East","Upper East","null","null","null","null","null","null"
"SPT17978","2014","true","1168","null","Ghana","GH","Upper East","Upper East","undetermined","sensitive","undetermined","undetermined","resistant","resistant"
"SPT17979","2014","false","1168","null","Ghana","GH","Upper East","Upper East","null","null","null","null","null","null"
"SPT17980","2014","false","1168","null","Ghana","GH","Upper East","Upper East","null","null","null","null","null","null"
"SPT17981","2014","true","1168","null","Ghana","GH","Upper East","Upper East","undetermined","sensitive","undetermined","undetermined","undetermined","undetermined"
"SPT17982","2014","false","1168","null","Ghana","GH","Upper East","Upper East","null","null","null","null","null","null"
"SPT17983","2014","false","1168","null","Ghana","GH","Upper East","Upper East","null","null","null","null","null","null"
"SPT17984","2014","false","1168","null","Ghana","GH","Upper East","Upper East","null","null","null","null","null","null"
"SPT17985","2014","false","1168","null","Ghana","GH","Upper East","Upper East","null","null","null","null","null","null"
"SPT17986","2014","false","1168","null","Ghana","GH","Upper East","Upper East","null","null","null","null","null","null"
"SPT17987","2014","true","1168","null","Ghana","GH","Upper East","Upper East","undetermined","sensitive","undetermined","undetermined","sensitive","undetermined"
"SPT17988","2014","false","1168","null","Ghana","GH","Upper East","Upper East","null","null","null","null","null","null"
"SPT17989","2014","true","1168","null","Ghana","GH","Upper East","Upper East","undetermined","sensitive","undetermined","undetermined","undetermined","resistant"
"SPT17990","2014","true","1168","null","Ghana","GH","Upper East","Upper East","undetermined","sensitive","undetermined","undetermined","sensitive","resistant"
"SPT17991","2014","false","1168","null","Ghana","GH","Upper East","Upper East","null","null","null","null","null","null"
"SPT17992","2014","false","1168","null","Ghana","GH","Upper East","Upper East","null","null","null","null","null","null"
"SPT17993","2014","true","1168","null","Ghana","GH","Upper East","Upper East","sensitive","sensitive","undetermined","undetermined","resistant","resistant"
"SPT17994","2014","false","1168","null","Ghana","GH","Upper East","Upper East","null","null","null","null","null","null"
"SPT17995","2014","true","1168","null","Ghana","GH","Upper East","Upper East","undetermined","sensitive","undetermined","undetermined","sensitive","resistant"
"SPT17998","2014","false","1168","null","Ghana","GH","Upper East","Upper East","null","null","null","null","null","null"
"SPT17999","2014","false","1168","null","Ghana","GH","Upper East","Upper East","null","null","null","null","null","null"
"SPT18000","2014","false","1168","null","Ghana","GH","Upper East","Upper East","null","null","null","null","null","null"
"SPT18001","2014","true","1168","null","Ghana","GH","Upper East","Upper East","undetermined","sensitive","undetermined","undetermined","resistant","resistant"
"SPT18002","2014","true","1168","null","Ghana","GH","Upper East","Upper East","undetermined","sensitive","undetermined","undetermined","resistant","resistant"
"SPT18003","2014","true","1168","null","Ghana","GH","Upper East","Upper East","undetermined","sensitive","undetermined","undetermined","resistant","resistant"
"SPT18004","2014","false","1168","null","Ghana","GH","Upper East","Upper East","null","null","null","null","null","null"
"SPT18005","2014","false","1168","null","Ghana","GH","Upper East","Upper East","null","null","null","null","null","null"
"SPT18011","2014","false","1168","null","Ghana","GH","Upper East","Upper East","null","null","null","null","null","null"
"SPT18012","2014","false","1168","null","Ghana","GH","Upper East","Upper East","null","null","null","null","null","null"
"SPT18013","2014","false","1168","null","Ghana","GH","Upper East","Upper East","null","null","null","null","null","null"
"SPT18014","2014","false","1168","null","Ghana","GH","Upper East","Upper East","null","null","null","null","null","null"
"SPT18015","2014","false","1168","null","Ghana","GH","Upper East","Upper East","null","null","null","null","null","null"
"SPT18016","2014","false","1168","null","Ghana","GH","Upper East","Upper East","null","null","null","null","null","null"
"SPT18017","2014","true","1168","null","Ghana","GH","Upper East","Upper East","undetermined","sensitive","undetermined","undetermined","resistant","resistant"
"SPT18018","2014","true","1168","null","Ghana","GH","Upper East","Upper East","undetermined","sensitive","undetermined","undetermined","sensitive","resistant"
"SPT18019","2014","false","1168","null","Ghana","GH","Upper East","Upper East","null","null","null","null","null","null"
"SPT18020","2014","false","1168","null","Ghana","GH","Upper East","Upper East","null","null","null","null","null","null"
"SPT18021","2014","false","1168","null","Ghana","GH","Upper East","Upper East","null","null","null","null","null","null"
"SPT18022","2014","false","1168","null","Ghana","GH","Upper East","Upper East","null","null","null","null","null","null"
"SPT18023","2014","false","1168","null","Ghana","GH","Upper East","Upper East","null","null","null","null","null","null"
"SPT18024","2014","false","1168","null","Ghana","GH","Upper East","Upper East","null","null","null","null","null","null"
"SPT18026","2014","true","1168","null","Ghana","GH","Upper East","Upper East","undetermined","undetermined","undetermined","undetermined","sensitive","undetermined"
"SPT18027","2014","false","1168","null","Ghana","GH","Upper East","Upper East","null","null","null","null","null","null"
"SPT18032","2014","false","1168","null","Ghana","GH","Upper East","Upper East","null","null","null","null","null","null"
"SPT18034","2014","false","1168","null","Ghana","GH","Upper East","Upper East","null","null","null","null","null","null"
"SPT18035","2014","false","1168","null","Ghana","GH","Upper East","Upper East","null","null","null","null","null","null"
"SPT18036","2014","false","1168","null","Ghana","GH","Upper East","Upper East","null","null","null","null","null","null"
"SPT18037","2014","true","1168","null","Ghana","GH","Upper East","Upper East","undetermined","sensitive","undetermined","undetermined","undetermined","undetermined"
"SPT18038","2014","false","1168","null","Ghana","GH","Upper East","Upper East","null","null","null","null","null","null"
"SPT18039","2014","false","1168","null","Ghana","GH","Upper East","Upper East","null","null","null","null","null","null"
"SPT18042","2014","true","1168","null","Ghana","GH","Upper East","Upper East","undetermined","sensitive","undetermined","undetermined","undetermined","undetermined"
"SPT18043","2014","false","1168","null","Ghana","GH","Upper East","Upper East","null","null","null","null","null","null"
"SPT18044","2014","false","1168","null","Ghana","GH","Upper East","Upper East","null","null","null","null","null","null"
"SPT18045","2014","true","1168","null","Ghana","GH","Upper East","Upper East","undetermined","undetermined","undetermined","undetermined","undetermined","resistant"
"SPT18046","2014","false","1168","null","Ghana","GH","Upper East","Upper East","null","null","null","null","null","null"
"SPT18047","2014","false","1168","null","Ghana","GH","Upper East","Upper East","null","null","null","null","null","null"
"SPT18048","2014","false","1168","null","Ghana","GH","Upper East","Upper East","null","null","null","null","null","null"
"SPT18049","2014","true","1168","null","Ghana","GH","Upper East","Upper East","undetermined","sensitive","undetermined","undetermined","undetermined","undetermined"
"SPT18050","2014","true","1168","null","Ghana","GH","Upper East","Upper East","undetermined","sensitive","undetermined","undetermined","undetermined","resistant"
"SPT18051","2014","true","1168","null","Ghana","GH","Upper East","Upper East","undetermined","resistant","undetermined","undetermined","undetermined","resistant"
"SPT18052","2014","true","1168","null","Ghana","GH","Upper East","Upper East","undetermined","sensitive","undetermined","undetermined","resistant","resistant"
"SPT18053","2014","false","1168","null","Ghana","GH","Upper East","Upper East","null","null","null","null","null","null"
"SPT18054","2014","false","1168","null","Ghana","GH","Upper East","Upper East","null","null","null","null","null","null"
"SPT18055","2014","true","1168","null","Ghana","GH","Upper East","Upper East","undetermined","sensitive","undetermined","undetermined","resistant","undetermined"
"SPT18056","2014","true","1168","null","Ghana","GH","Upper East","Upper East","undetermined","sensitive","undetermined","undetermined","undetermined","undetermined"
"SPT18057","2014","true","1168","null","Ghana","GH","Upper East","Upper East","undetermined","sensitive","undetermined","undetermined","undetermined","resistant"
"SPT18058","2014","true","1168","null","Ghana","GH","Upper East","Upper East","undetermined","sensitive","undetermined","undetermined","resistant","sensitive"
"SPT18059","2014","false","1168","null","Ghana","GH","Upper East","Upper East","null","null","null","null","null","null"
"SPT18061","2014","false","1168","null","Ghana","GH","Upper East","Upper East","null","null","null","null","null","null"
"SPT18063","2014","false","1168","null","Ghana","GH","Upper East","Upper East","null","null","null","null","null","null"
"SPT18066","2014","true","1168","null","Ghana","GH","Upper East","Upper East","undetermined","sensitive","undetermined","undetermined","resistant","resistant"
"SPT18098","2014","false","1168","null","Ghana","GH","Upper East","Upper East","null","null","null","null","null","null"
"SPT18100","2014","false","1168","null","Ghana","GH","Upper East","Upper East","null","null","null","null","null","null"
"SPT18101","2014","true","1168","null","Ghana","GH","Upper East","Upper East","undetermined","sensitive","undetermined","undetermined","resistant","resistant"
"SPT18102","2014","true","1168","null","Ghana","GH","Upper East","Upper East","undetermined","sensitive","undetermined","undetermined","resistant","resistant"
"SPT18103","2014","false","1168","null","Ghana","GH","Upper East","Upper East","null","null","null","null","null","null"
"SPT18106","2014","false","1168","null","Ghana","GH","Upper East","Upper East","null","null","null","null","null","null"
"SPT18108","2014","true","1168","null","Ghana","GH","Upper East","Upper East","undetermined","sensitive","undetermined","undetermined","resistant","resistant"
"SPT18109","2014","true","1168","null","Ghana","GH","Upper East","Upper East","undetermined","sensitive","undetermined","undetermined","resistant","resistant"
"SPT18110","2014","false","1168","null","Ghana","GH","Upper East","Upper East","null","null","null","null","null","null"
"SPT18111","2014","true","1168","null","Ghana","GH","Upper East","Upper East","undetermined","sensitive","undetermined","undetermined","undetermined","undetermined"
"SPT18112","2014","true","1168","null","Ghana","GH","Upper East","Upper East","undetermined","sensitive","undetermined","undetermined","resistant","resistant"
"SPT18113","2014","false","1168","null","Ghana","GH","Upper East","Upper East","null","null","null","null","null","null"
"SPT18115","2014","true","1168","null","Ghana","GH","Upper East","Upper East","undetermined","undetermined","undetermined","undetermined","resistant","resistant"
"SPT18116","2014","false","1168","null","Ghana","GH","Upper East","Upper East","null","null","null","null","null","null"
"SPT18118","2014","true","1168","null","Ghana","GH","Upper East","Upper East","undetermined","sensitive","undetermined","undetermined","undetermined","resistant"
"SPT18119","2014","true","1168","null","Ghana","GH","Upper East","Upper East","undetermined","sensitive","undetermined","undetermined","undetermined","resistant"
"SPT18120","2014","true","1168","null","Ghana","GH","Upper East","Upper East","undetermined","sensitive","undetermined","undetermined","resistant","resistant"
"SPT18121","2014","false","1168","null","Ghana","GH","Upper East","Upper East","null","null","null","null","null","null"
"SPT18122","2014","true","1168","null","Ghana","GH","Upper East","Upper East","undetermined","sensitive","undetermined","undetermined","undetermined","undetermined"
"SPT18123","2014","true","1168","null","Ghana","GH","Upper East","Upper East","undetermined","sensitive","undetermined","undetermined","resistant","undetermined"
"SPT18124","2014","false","1168","null","Ghana","GH","Upper East","Upper East","null","null","null","null","null","null"
"SPT18125","2014","false","1168","null","Ghana","GH","Upper East","Upper East","null","null","null","null","null","null"
"SPT18126","2014","false","1168","null","Ghana","GH","Upper East","Upper East","null","null","null","null","null","null"
"SPT18127","2014","false","1168","null","Ghana","GH","Upper East","Upper East","null","null","null","null","null","null"
"SPT18129","2014","true","1168","null","Ghana","GH","Upper East","Upper East","undetermined","sensitive","undetermined","undetermined","resistant","sensitive"
"SPT18130","2014","false","1168","null","Ghana","GH","Upper East","Upper East","null","null","null","null","null","null"
"SPT18131","2014","false","1168","null","Ghana","GH","Upper East","Upper East","null","null","null","null","null","null"
"SPT18133","2014","true","1168","null","Ghana","GH","Upper East","Upper East","undetermined","sensitive","undetermined","undetermined","resistant","resistant"
"SPT18134","2014","false","1168","null","Ghana","GH","Upper East","Upper East","null","null","null","null","null","null"
"SPT18135","2014","false","1168","null","Ghana","GH","Upper East","Upper East","null","null","null","null","null","null"
"SPT18136","2014","false","1168","null","Ghana","GH","Upper East","Upper East","null","null","null","null","null","null"
"SPT18138","2014","true","1168","null","Ghana","GH","Upper East","Upper East","undetermined","sensitive","undetermined","undetermined","sensitive","sensitive"
"SPT18139","2014","false","1168","null","Ghana","GH","Upper East","Upper East","null","null","null","null","null","null"
"SPT18140","2014","true","1168","null","Ghana","GH","Upper East","Upper East","undetermined","sensitive","undetermined","undetermined","undetermined","resistant"
"SPT18145","2014","true","1168","null","Ghana","GH","Upper East","Upper East","undetermined","sensitive","undetermined","undetermined","undetermined","resistant"
"SPT18146","2014","false","1168","null","Ghana","GH","Upper East","Upper East","null","null","null","null","null","null"
"SPT18147","2014","true","1168","null","Ghana","GH","Upper East","Upper East","undetermined","sensitive","undetermined","undetermined","resistant","resistant"
"SPT18148","2014","true","1168","null","Ghana","GH","Upper East","Upper East","undetermined","sensitive","undetermined","undetermined","undetermined","resistant"
"SPT18149","2014","false","1168","null","Ghana","GH","Upper East","Upper East","null","null","null","null","null","null"
"SPT18150","2014","false","1168","null","Ghana","GH","Upper East","Upper East","null","null","null","null","null","null"
"SPT18151","2014","false","1168","null","Ghana","GH","Upper East","Upper East","null","null","null","null","null","null"
"SPT18152","2014","true","1168","null","Ghana","GH","Upper East","Upper East","undetermined","sensitive","undetermined","undetermined","undetermined","resistant"
"SPT18153","2014","false","1168","null","Ghana","GH","Upper East","Upper East","null","null","null","null","null","null"
"SPT18156","2014","true","1168","null","Ghana","GH","Upper East","Upper East","undetermined","sensitive","undetermined","undetermined","sensitive","resistant"
"SPT18158","2014","true","1168","null","Ghana","GH","Upper East","Upper East","sensitive","sensitive","undetermined","undetermined","resistant","resistant"
"SPT18159","2014","true","1168","null","Ghana","GH","Upper East","Upper East","undetermined","sensitive","undetermined","undetermined","resistant","resistant"
"SPT18160","2014","true","1168","null","Ghana","GH","Upper East","Upper East","undetermined","sensitive","undetermined","undetermined","resistant","undetermined"
"SPT18161","2014","false","1168","null","Ghana","GH","Upper East","Upper East","null","null","null","null","null","null"
"SPT18162","2014","true","1168","null","Ghana","GH","Upper East","Upper East","sensitive","sensitive","undetermined","undetermined","undetermined","undetermined"
"SPT18163","2014","true","1168","null","Ghana","GH","Upper East","Upper East","undetermined","sensitive","undetermined","undetermined","undetermined","resistant"
"SPT18164","2014","true","1168","null","Ghana","GH","Upper East","Upper East","undetermined","sensitive","undetermined","undetermined","undetermined","resistant"
"SPT18165","2014","false","1168","null","Ghana","GH","Upper East","Upper East","null","null","null","null","null","null"
"SPT18166","2014","true","1168","null","Ghana","GH","Upper East","Upper East","sensitive","resistant","undetermined","undetermined","resistant","resistant"
"SPT18167","2014","true","1168","null","Ghana","GH","Upper East","Upper East","undetermined","sensitive","undetermined","undetermined","resistant","resistant"
"SPT18168","2014","false","1168","null","Ghana","GH","Upper East","Upper East","null","null","null","null","null","null"
"SPT18170","2014","false","1168","null","Ghana","GH","Upper East","Upper East","null","null","null","null","null","null"
"SPT18171","2014","true","1168","null","Ghana","GH","Upper East","Upper East","sensitive","sensitive","undetermined","undetermined","resistant","resistant"
"SPT18172","2014","false","1168","null","Ghana","GH","Upper East","Upper East","null","null","null","null","null","null"
"SPT18173","2014","false","1168","null","Ghana","GH","Upper East","Upper East","null","null","null","null","null","null"
"SPT18174","2014","true","1168","null","Ghana","GH","Upper East","Upper East","undetermined","sensitive","undetermined","undetermined","resistant","resistant"
"SPT18175","2014","true","1168","null","Ghana","GH","Upper East","Upper East","undetermined","sensitive","undetermined","undetermined","undetermined","undetermined"
"SPT18177","2014","true","1168","null","Ghana","GH","Upper East","Upper East","undetermined","sensitive","undetermined","undetermined","resistant","sensitive"
"SPT18178","2014","true","1168","null","Ghana","GH","Upper East","Upper East","sensitive","sensitive","undetermined","undetermined","resistant","resistant"
"SPT18179","2014","true","1168","null","Ghana","GH","Upper East","Upper East","undetermined","sensitive","undetermined","undetermined","undetermined","resistant"
"SPT18180","2014","false","1168","null","Ghana","GH","Upper East","Upper East","null","null","null","null","null","null"
"SPT18181","2014","true","1168","null","Ghana","GH","Upper East","Upper East","sensitive","sensitive","undetermined","undetermined","sensitive","resistant"
"SPT18182","2014","true","1168","null","Ghana","GH","Upper East","Upper East","undetermined","sensitive","undetermined","undetermined","resistant","resistant"
"SPT18183","2014","true","1168","null","Ghana","GH","Upper East","Upper East","undetermined","sensitive","undetermined","undetermined","resistant","resistant"
"SPT18184","2014","true","1168","null","Ghana","GH","Upper East","Upper East","undetermined","sensitive","undetermined","undetermined","resistant","resistant"
"SPT18185","2014","true","1168","null","Ghana","GH","Upper East","Upper East","sensitive","sensitive","undetermined","sensitive","resistant","resistant"
"SPT18186","2014","true","1168","null","Ghana","GH","Upper East","Upper East","sensitive","sensitive","undetermined","undetermined","resistant","sensitive"
"SPT18188","2014","true","1168","null","Ghana","GH","Upper East","Upper East","sensitive","sensitive","undetermined","sensitive","resistant","resistant"
"SPT18189","2014","true","1168","null","Ghana","GH","Upper East","Upper East","undetermined","sensitive","undetermined","undetermined","resistant","resistant"
"SPT18190","2014","false","1168","null","Ghana","GH","Upper East","Upper East","null","null","null","null","null","null"
"SPT18191","2014","false","1168","null","Ghana","GH","Upper East","Upper East","null","null","null","null","null","null"
"SPT18192","2014","false","1168","null","Ghana","GH","Upper East","Upper East","null","null","null","null","null","null"
"SPT18193","2014","false","1168","null","Ghana","GH","Upper East","Upper East","null","null","null","null","null","null"
"SPT18194","2014","true","1168","null","Ghana","GH","Upper East","Upper East","sensitive","sensitive","undetermined","undetermined","resistant","resistant"
"SPT18195","2014","false","1168","null","Ghana","GH","Upper East","Upper East","null","null","null","null","null","null"
"SPT18196","2014","false","1168","null","Ghana","GH","Upper East","Upper East","null","null","null","null","null","null"
"SPT18197","2014","true","1168","null","Ghana","GH","Upper East","Upper East","undetermined","sensitive","undetermined","undetermined","sensitive","sensitive"
"SPT18198","2014","true","1168","null","Ghana","GH","Upper East","Upper East","sensitive","sensitive","undetermined","undetermined","resistant","sensitive"
"SPT18199","2014","true","1168","null","Ghana","GH","Upper East","Upper East","sensitive","sensitive","undetermined","undetermined","resistant","resistant"
"SPT18200","2014","false","1168","null","Ghana","GH","Upper East","Upper East","null","null","null","null","null","null"
"SPT18205","2014","false","1168","null","Ghana","GH","Upper East","Upper East","null","null","null","null","null","null"
"SPT18207","2014","true","1168","null","Ghana","GH","Upper East","Upper East","undetermined","sensitive","undetermined","undetermined","resistant","sensitive"
"SPT18208","2014","true","1168","null","Ghana","GH","Upper East","Upper East","undetermined","sensitive","undetermined","undetermined","undetermined","undetermined"
"SPT18209","2014","true","1168","null","Ghana","GH","Upper East","Upper East","undetermined","sensitive","undetermined","undetermined","resistant","resistant"
"SPT18212","2014","true","1168","null","Ghana","GH","Upper East","Upper East","undetermined","undetermined","undetermined","undetermined","undetermined","undetermined"
"SPT18213","2014","false","1168","null","Ghana","GH","Upper East","Upper East","null","null","null","null","null","null"
"SPT18214","2014","true","1168","null","Ghana","GH","Upper East","Upper East","undetermined","undetermined","undetermined","undetermined","resistant","resistant"
"SPT18215","2014","true","1168","null","Ghana","GH","Upper East","Upper East","undetermined","sensitive","undetermined","undetermined","resistant","undetermined"
"SPT18216","2014","true","1168","null","Ghana","GH","Upper East","Upper East","undetermined","sensitive","undetermined","undetermined","resistant","resistant"
"SPT18217","2014","false","1168","null","Ghana","GH","Upper East","Upper East","null","null","null","null","null","null"
"SPT18218","2014","true","1168","null","Ghana","GH","Upper East","Upper East","undetermined","sensitive","undetermined","undetermined","resistant","undetermined"
"SPT18219","2014","true","1168","null","Ghana","GH","Upper East","Upper East","sensitive","sensitive","undetermined","undetermined","sensitive","resistant"
"SPT18220","2014","false","1168","null","Ghana","GH","Upper East","Upper East","null","null","null","null","null","null"
"SPT18221","2014","true","1168","null","Ghana","GH","Upper East","Upper East","undetermined","sensitive","undetermined","undetermined","undetermined","resistant"
"SPT18222","2014","true","1168","null","Ghana","GH","Upper East","Upper East","sensitive","sensitive","undetermined","undetermined","undetermined","resistant"
"SPT18223","2014","true","1168","null","Ghana","GH","Upper East","Upper East","undetermined","sensitive","undetermined","undetermined","undetermined","resistant"
"SPT18225","2014","true","1168","null","Ghana","GH","Upper East","Upper East","undetermined","sensitive","undetermined","undetermined","resistant","resistant"
"SPT18226","2014","true","1168","null","Ghana","GH","Upper East","Upper East","sensitive","sensitive","undetermined","undetermined","resistant","sensitive"
"SPT18227","2014","true","1168","null","Ghana","GH","Upper East","Upper East","undetermined","sensitive","undetermined","undetermined","resistant","resistant"
"SPT18228","2014","false","1168","null","Ghana","GH","Upper East","Upper East","null","null","null","null","null","null"
"SPT18229","2014","true","1168","null","Ghana","GH","Upper East","Upper East","undetermined","sensitive","undetermined","undetermined","resistant","resistant"
"SPT18230","2014","true","1168","null","Ghana","GH","Upper East","Upper East","undetermined","sensitive","undetermined","undetermined","resistant","resistant"
"SPT18231","2014","false","1168","null","Ghana","GH","Upper East","Upper East","null","null","null","null","null","null"
"SPT18232","2014","false","1168","null","Ghana","GH","Upper East","Upper East","null","null","null","null","null","null"
"SPT18233","2014","false","1168","null","Ghana","GH","Upper East","Upper East","null","null","null","null","null","null"
"SPT18234","2014","true","1168","null","Ghana","GH","Upper East","Upper East","undetermined","sensitive","undetermined","undetermined","resistant","undetermined"
"SPT18236","2014","true","1168","null","Ghana","GH","Upper East","Upper East","undetermined","sensitive","undetermined","undetermined","sensitive","resistant"
"SPT18237","2014","false","1168","null","Ghana","GH","Upper East","Upper East","null","null","null","null","null","null"
"SPT18238","2014","true","1168","null","Ghana","GH","Upper East","Upper East","sensitive","sensitive","undetermined","undetermined","undetermined","resistant"
"SPT18239","2014","false","1168","null","Ghana","GH","Upper East","Upper East","null","null","null","null","null","null"
"SPT18240","2014","true","1168","null","Ghana","GH","Upper East","Upper East","sensitive","sensitive","undetermined","undetermined","resistant","resistant"
"SPT18241","2014","true","1168","null","Ghana","GH","Upper East","Upper East","sensitive","sensitive","undetermined","undetermined","resistant","resistant"
"SPT18242","2014","true","1168","null","Ghana","GH","Upper East","Upper East","undetermined","sensitive","undetermined","undetermined","undetermined","resistant"
"SPT18243","2014","false","1168","null","Ghana","GH","Upper East","Upper East","null","null","null","null","null","null"
"SPT18244","2014","true","1168","null","Ghana","GH","Upper East","Upper East","undetermined","sensitive","undetermined","undetermined","undetermined","resistant"
"SPT18245","2014","false","1168","null","Ghana","GH","Upper East","Upper East","null","null","null","null","null","null"
"SPT18247","2014","true","1168","null","Ghana","GH","Upper East","Upper East","sensitive","sensitive","undetermined","undetermined","resistant","resistant"
"SPT18248","2014","false","1168","null","Ghana","GH","Upper East","Upper East","null","null","null","null","null","null"
"SPT18249","2014","true","1168","null","Ghana","GH","Upper East","Upper East","undetermined","sensitive","undetermined","undetermined","resistant","undetermined"
"SPT18250","2014","false","1168","null","Ghana","GH","Upper East","Upper East","null","null","null","null","null","null"
"SPT18251","2014","false","1168","null","Ghana","GH","Upper East","Upper East","null","null","null","null","null","null"
"SPT18252","2014","false","1168","null","Ghana","GH","Upper East","Upper East","null","null","null","null","null","null"
"SPT18253","2014","true","1168","null","Ghana","GH","Upper East","Upper East","undetermined","sensitive","undetermined","undetermined","undetermined","undetermined"
"SPT18254","2014","false","1168","null","Ghana","GH","Upper East","Upper East","null","null","null","null","null","null"
"SPT18255","2014","true","1168","null","Ghana","GH","Upper East","Upper East","undetermined","sensitive","undetermined","undetermined","undetermined","resistant"
"SPT18256","2014","true","1168","null","Ghana","GH","Upper East","Upper East","undetermined","sensitive","undetermined","undetermined","resistant","resistant"
"SPT18258","2014","false","1168","null","Ghana","GH","Upper East","Upper East","null","null","null","null","null","null"
"SPT18259","2014","false","1168","null","Ghana","GH","Upper East","Upper East","null","null","null","null","null","null"
"SPT18260","2014","false","1168","null","Ghana","GH","Upper East","Upper East","null","null","null","null","null","null"
"SPT18261","2014","false","1168","null","Ghana","GH","Upper East","Upper East","null","null","null","null","null","null"
"SPT18262","2014","false","1168","null","Ghana","GH","Upper East","Upper East","null","null","null","null","null","null"
"SPT18263","2014","true","1168","null","Ghana","GH","Upper East","Upper East","undetermined","sensitive","undetermined","undetermined","undetermined","resistant"
"SPT18264","2014","true","1168","null","Ghana","GH","Upper East","Upper East","undetermined","sensitive","undetermined","undetermined","sensitive","resistant"
"SPT18265","2014","true","1168","null","Ghana","GH","Upper East","Upper East","undetermined","sensitive","undetermined","undetermined","resistant","resistant"
"SPT18266","2014","false","1168","null","Ghana","GH","Upper East","Upper East","null","null","null","null","null","null"
"SPT18267","2014","false","1168","null","Ghana","GH","Upper East","Upper East","null","null","null","null","null","null"
"SPT18268","2014","false","1168","null","Ghana","GH","Upper East","Upper East","null","null","null","null","null","null"
"SPT18269","2014","false","1168","null","Ghana","GH","Upper East","Upper East","null","null","null","null","null","null"
"SPT18270","2014","false","1168","null","Ghana","GH","Upper East","Upper East","null","null","null","null","null","null"
"SPT18271","2014","true","1168","null","Ghana","GH","Upper East","Upper East","undetermined","sensitive","undetermined","sensitive","resistant","resistant"
"SPT18272","2014","true","1168","null","Ghana","GH","Upper East","Upper East","undetermined","sensitive","undetermined","undetermined","undetermined","resistant"
"SPT18273","2014","true","1168","null","Ghana","GH","Upper East","Upper East","undetermined","sensitive","undetermined","undetermined","resistant","undetermined"
"SPT18274","2014","true","1168","null","Ghana","GH","Upper East","Upper East","sensitive","sensitive","undetermined","undetermined","resistant","resistant"
"SPT18275","2014","true","1168","null","Ghana","GH","Upper East","Upper East","sensitive","sensitive","undetermined","undetermined","resistant","resistant"
"SPT18276","2014","true","1168","null","Ghana","GH","Upper East","Upper East","undetermined","sensitive","undetermined","undetermined","resistant","undetermined"
"SPT18277","2014","false","1168","null","Ghana","GH","Upper East","Upper East","null","null","null","null","null","null"
"SPT18278","2014","true","1168","null","Ghana","GH","Upper East","Upper East","undetermined","sensitive","undetermined","undetermined","sensitive","resistant"
"SPT18279","2014","true","1168","null","Ghana","GH","Upper East","Upper East","undetermined","sensitive","undetermined","undetermined","undetermined","undetermined"
"SPT18280","2014","true","1168","null","Ghana","GH","Upper East","Upper East","undetermined","sensitive","undetermined","undetermined","resistant","resistant"
"SPT18281","2014","true","1168","null","Ghana","GH","Upper East","Upper East","sensitive","sensitive","undetermined","undetermined","resistant","resistant"
"SPT18282","2014","true","1168","null","Ghana","GH","Upper East","Upper East","sensitive","sensitive","undetermined","undetermined","resistant","undetermined"
"SPT18283","2014","true","1168","null","Ghana","GH","Upper East","Upper East","sensitive","undetermined","undetermined","undetermined","resistant","resistant"
"SPT18284","2014","true","1168","null","Ghana","GH","Upper East","Upper East","sensitive","sensitive","undetermined","undetermined","resistant","resistant"
"SPT18285","2014","true","1168","null","Ghana","GH","Upper East","Upper East","sensitive","undetermined","undetermined","undetermined","resistant","resistant"
"SPT18286","2014","true","1168","null","Ghana","GH","Upper East","Upper East","undetermined","sensitive","undetermined","undetermined","sensitive","resistant"
"SPT18287","2014","true","1168","null","Ghana","GH","Upper East","Upper East","undetermined","undetermined","undetermined","undetermined","resistant","undetermined"
"SPT18288","2014","true","1168","null","Ghana","GH","Upper East","Upper East","undetermined","undetermined","undetermined","undetermined","undetermined","resistant"
"SPT18289","2014","false","1168","null","Ghana","GH","Upper East","Upper East","null","null","null","null","null","null"
"SPT18290","2014","true","1168","null","Ghana","GH","Upper East","Upper East","undetermined","sensitive","undetermined","undetermined","resistant","undetermined"
"SPT18291","2014","false","1168","null","Ghana","GH","Upper East","Upper East","null","null","null","null","null","null"
"SPT18292","2014","false","1168","null","Ghana","GH","Upper East","Upper East","null","null","null","null","null","null"
"SPT18293","2014","true","1168","null","Ghana","GH","Upper East","Upper East","sensitive","sensitive","undetermined","undetermined","resistant","resistant"
"SPT18294","2014","false","1168","null","Ghana","GH","Upper East","Upper East","null","null","null","null","null","null"
"SPT18295","2014","false","1168","null","Ghana","GH","Upper East","Upper East","null","null","null","null","null","null"
"SPT18296","2014","true","1168","null","Ghana","GH","Upper East","Upper East","sensitive","sensitive","undetermined","undetermined","resistant","resistant"
"SPT18297","2014","true","1168","null","Ghana","GH","Upper East","Upper East","undetermined","sensitive","undetermined","undetermined","sensitive","sensitive"
"SPT18298","2014","true","1168","null","Ghana","GH","Upper East","Upper East","sensitive","resistant","undetermined","undetermined","resistant","sensitive"
"SPT18299","2014","true","1168","null","Ghana","GH","Upper East","Upper East","undetermined","sensitive","undetermined","undetermined","resistant","resistant"
"SPT18300","2014","true","1168","null","Ghana","GH","Upper East","Upper East","sensitive","sensitive","undetermined","undetermined","resistant","undetermined"
"SPT18301","2014","true","1168","null","Ghana","GH","Upper East","Upper East","undetermined","sensitive","undetermined","undetermined","resistant","undetermined"
"SPT18302","2014","false","1168","null","Ghana","GH","Upper East","Upper East","null","null","null","null","null","null"
"SPT18303","2014","true","1168","null","Ghana","GH","Upper East","Upper East","undetermined","sensitive","undetermined","undetermined","resistant","resistant"
"SPT18304","2014","true","1168","null","Ghana","GH","Upper East","Upper East","undetermined","sensitive","undetermined","undetermined","resistant","resistant"
"SPT18305","2014","true","1168","null","Ghana","GH","Upper East","Upper East","sensitive","sensitive","undetermined","undetermined","resistant","resistant"
"SPT18306","2014","false","1168","null","Ghana","GH","Upper East","Upper East","null","null","null","null","null","null"
"SPT18307","2014","true","1168","null","Ghana","GH","Upper East","Upper East","undetermined","sensitive","undetermined","undetermined","resistant","resistant"
"SPT18308","2014","true","1168","null","Ghana","GH","Upper East","Upper East","sensitive","resistant","undetermined","undetermined","resistant","resistant"
"SPT18309","2014","true","1168","null","Ghana","GH","Upper East","Upper East","undetermined","sensitive","undetermined","undetermined","sensitive","sensitive"
"SPT18310","2014","true","1168","null","Ghana","GH","Upper East","Upper East","undetermined","sensitive","undetermined","undetermined","undetermined","undetermined"
"SPT18311","2014","true","1168","null","Ghana","GH","Upper East","Upper East","undetermined","sensitive","undetermined","sensitive","undetermined","resistant"
"SPT18312","2014","true","1168","null","Ghana","GH","Upper East","Upper East","undetermined","sensitive","undetermined","undetermined","resistant","resistant"
"SPT18313","2014","true","1168","null","Ghana","GH","Upper East","Upper East","sensitive","resistant","undetermined","sensitive","resistant","undetermined"
"SPT18314","2014","true","1168","null","Ghana","GH","Upper East","Upper East","sensitive","sensitive","undetermined","undetermined","resistant","resistant"
"SPT18315","2014","false","1168","null","Ghana","GH","Upper East","Upper East","null","null","null","null","null","null"
"SPT18316","2014","true","1168","null","Ghana","GH","Upper East","Upper East","undetermined","sensitive","undetermined","undetermined","resistant","resistant"
"SPT18317","2014","true","1168","null","Ghana","GH","Upper East","Upper East","sensitive","sensitive","undetermined","undetermined","sensitive","resistant"
"SPT18318","2014","false","1168","null","Ghana","GH","Upper East","Upper East","null","null","null","null","null","null"
"SPT18319","2014","true","1168","null","Ghana","GH","Upper East","Upper East","undetermined","sensitive","undetermined","undetermined","resistant","resistant"
"SPT18320","2014","true","1168","null","Ghana","GH","Upper East","Upper East","undetermined","undetermined","undetermined","undetermined","resistant","resistant"
"SPT18321","2014","false","1168","null","Ghana","GH","Upper East","Upper East","null","null","null","null","null","null"
"SPT18322","2014","true","1168","null","Ghana","GH","Upper East","Upper East","undetermined","undetermined","undetermined","undetermined","sensitive","undetermined"
"SPT18323","2014","true","1168","null","Ghana","GH","Upper East","Upper East","undetermined","sensitive","undetermined","undetermined","resistant","resistant"
"SPT18324","2014","false","1168","null","Ghana","GH","Upper East","Upper East","null","null","null","null","null","null"
"SPT18325","2014","true","1168","null","Ghana","GH","Upper East","Upper East","undetermined","resistant","undetermined","undetermined","resistant","sensitive"
"SPT18326","2014","true","1168","null","Ghana","GH","Upper East","Upper East","undetermined","sensitive","undetermined","undetermined","undetermined","resistant"
"SPT18327","2014","false","1168","null","Ghana","GH","Upper East","Upper East","null","null","null","null","null","null"
"SPT18328","2014","true","1168","null","Ghana","GH","Upper East","Upper East","undetermined","resistant","undetermined","undetermined","resistant","sensitive"
"SPT18330","2014","false","1168","null","Ghana","GH","Upper East","Upper East","null","null","null","null","null","null"
"SPT18331","2014","false","1168","null","Ghana","GH","Upper East","Upper East","null","null","null","null","null","null"
"SPT18332","2014","false","1168","null","Ghana","GH","Upper East","Upper East","null","null","null","null","null","null"
"SPT18333","2014","false","1168","null","Ghana","GH","Upper East","Upper East","null","null","null","null","null","null"
"SPT18334","2014","true","1168","null","Ghana","GH","Upper East","Upper East","undetermined","sensitive","undetermined","undetermined","resistant","resistant"
"SPT18335","2014","true","1168","null","Ghana","GH","Upper East","Upper East","undetermined","sensitive","undetermined","undetermined","resistant","resistant"
"SPT18336","2014","true","1168","null","Ghana","GH","Upper East","Upper East","undetermined","sensitive","undetermined","undetermined","sensitive","resistant"
"SPT18337","2014","true","1168","null","Ghana","GH","Upper East","Upper East","undetermined","sensitive","undetermined","undetermined","sensitive","resistant"
"SPT18338","2014","false","1168","null","Ghana","GH","Upper East","Upper East","null","null","null","null","null","null"
"SPT18339","2014","true","1168","null","Ghana","GH","Upper East","Upper East","undetermined","sensitive","undetermined","undetermined","undetermined","resistant"
"SPT18340","2014","false","1168","null","Ghana","GH","Upper East","Upper East","null","null","null","null","null","null"
"SPT18341","2014","false","1168","null","Ghana","GH","Upper East","Upper East","null","null","null","null","null","null"
"SPT18342","2014","false","1168","null","Ghana","GH","Upper East","Upper East","null","null","null","null","null","null"
"SPT18343","2014","true","1168","null","Ghana","GH","Upper East","Upper East","sensitive","sensitive","undetermined","undetermined","resistant","resistant"
"SPT18344","2014","true","1168","null","Ghana","GH","Upper East","Upper East","undetermined","sensitive","undetermined","undetermined","resistant","sensitive"
"SPT18345","2014","true","1168","null","Ghana","GH","Upper East","Upper East","undetermined","undetermined","undetermined","undetermined","undetermined","undetermined"
"SPT18346","2014","false","1168","null","Ghana","GH","Upper East","Upper East","null","null","null","null","null","null"
"SPT19487","2017","true","1168","null","Ghana","GH","Upper East","Upper East","undetermined","sensitive","undetermined","undetermined","resistant","resistant"
"SPT19489","2017","true","1168","null","Ghana","GH","Upper East","Upper East","sensitive","sensitive","undetermined","undetermined","undetermined","undetermined"
"SPT19490","2017","false","1168","null","Ghana","GH","Upper East","Upper East","null","null","null","null","null","null"
"SPT19491","2017","false","1168","null","Ghana","GH","Upper East","Upper East","null","null","null","null","null","null"
"SPT19492","2017","true","1168","null","Ghana","GH","Upper East","Upper East","sensitive","sensitive","undetermined","undetermined","undetermined","undetermined"
"SPT19493","2017","true","1168","null","Ghana","GH","Upper East","Upper East","sensitive","sensitive","undetermined","sensitive","resistant","resistant"
"SPT19494","2017","true","1168","null","Ghana","GH","Upper East","Upper East","undetermined","sensitive","undetermined","undetermined","resistant","resistant"
"SPT19495","2017","true","1168","null","Ghana","GH","Upper East","Upper East","sensitive","sensitive","undetermined","undetermined","sensitive","resistant"
"SPT19496","2017","true","1168","null","Ghana","GH","Upper East","Upper East","undetermined","sensitive","undetermined","undetermined","resistant","undetermined"
"SPT19497","2017","false","1168","null","Ghana","GH","Upper East","Upper East","null","null","null","null","null","null"
"SPT19498","2017","true","1168","null","Ghana","GH","Upper East","Upper East","sensitive","sensitive","undetermined","undetermined","sensitive","sensitive"
"SPT19499","2017","true","1168","null","Ghana","GH","Upper East","Upper East","sensitive","sensitive","undetermined","undetermined","resistant","resistant"
"SPT19500","2017","true","1168","null","Ghana","GH","Upper East","Upper East","undetermined","sensitive","undetermined","undetermined","resistant","undetermined"
"SPT19501","2017","false","1168","null","Ghana","GH","Upper East","Upper East","null","null","null","null","null","null"
"SPT19503","2017","true","1168","null","Ghana","GH","Upper East","Upper East","undetermined","sensitive","undetermined","undetermined","undetermined","resistant"
"SPT19505","2017","true","1168","null","Ghana","GH","Upper East","Upper East","sensitive","sensitive","undetermined","undetermined","resistant","resistant"
"SPT19506","2017","true","1168","null","Ghana","GH","Upper East","Upper East","sensitive","sensitive","undetermined","undetermined","resistant","undetermined"
"SPT19508","2017","false","1168","null","Ghana","GH","Upper East","Upper East","null","null","null","null","null","null"
"SPT19510","2017","true","1168","null","Ghana","GH","Upper East","Upper East","sensitive","sensitive","undetermined","undetermined","resistant","resistant"
"SPT19512","2017","true","1168","null","Ghana","GH","Upper East","Upper East","sensitive","sensitive","undetermined","undetermined","resistant","resistant"
"SPT19513","2017","false","1168","null","Ghana","GH","Upper East","Upper East","null","null","null","null","null","null"
"SPT19514","2017","true","1168","null","Ghana","GH","Upper East","Upper East","sensitive","sensitive","undetermined","undetermined","undetermined","resistant"
"SPT19516","2017","false","1168","null","Ghana","GH","Upper East","Upper East","null","null","null","null","null","null"
"SPT19517","2017","true","1168","null","Ghana","GH","Upper East","Upper East","sensitive","sensitive","undetermined","undetermined","resistant","resistant"
"SPT19518","2017","false","1168","null","Ghana","GH","Upper East","Upper East","null","null","null","null","null","null"
"SPT19519","2017","false","1168","null","Ghana","GH","Upper East","Upper East","null","null","null","null","null","null"
"SPT19520","2017","false","1168","null","Ghana","GH","Upper East","Upper East","null","null","null","null","null","null"
"SPT19521","2017","true","1168","null","Ghana","GH","Upper East","Upper East","sensitive","sensitive","undetermined","undetermined","sensitive","resistant"
"SPT19522","2017","false","1168","null","Ghana","GH","Upper East","Upper East","null","null","null","null","null","null"
"SPT19524","2017","true","1168","null","Ghana","GH","Upper East","Upper East","undetermined","sensitive","undetermined","undetermined","undetermined","resistant"
"SPT19525","2017","true","1168","null","Ghana","GH","Upper East","Upper East","sensitive","sensitive","undetermined","undetermined","resistant","resistant"
"SPT19526","2017","false","1168","null","Ghana","GH","Upper East","Upper East","null","null","null","null","null","null"
"SPT19527","2017","true","1168","null","Ghana","GH","Upper East","Upper East","sensitive","sensitive","undetermined","undetermined","resistant","resistant"
"SPT19529","2017","true","1168","null","Ghana","GH","Upper East","Upper East","sensitive","sensitive","undetermined","undetermined","resistant","resistant"
"SPT19530","2017","true","1168","null","Ghana","GH","Upper East","Upper East","sensitive","sensitive","undetermined","undetermined","resistant","resistant"
"SPT19532","2017","true","1168","null","Ghana","GH","Upper East","Upper East","sensitive","sensitive","undetermined","undetermined","resistant","resistant"
"SPT19533","2017","true","1168","null","Ghana","GH","Upper East","Upper East","sensitive","sensitive","sensitive","sensitive","resistant","resistant"
"SPT19534","2017","false","1168","null","Ghana","GH","Upper East","Upper East","null","null","null","null","null","null"
"SPT19535","2017","false","1168","null","Ghana","GH","Upper East","Upper East","null","null","null","null","null","null"
"SPT19536","2017","true","1168","null","Ghana","GH","Upper East","Upper East","undetermined","sensitive","undetermined","undetermined","resistant","resistant"
"SPT19537","2017","false","1168","null","Ghana","GH","Upper East","Upper East","null","null","null","null","null","null"
"SPT19538","2017","false","1168","null","Ghana","GH","Upper East","Upper East","null","null","null","null","null","null"
"SPT19539","2017","true","1168","null","Ghana","GH","Upper East","Upper East","undetermined","sensitive","undetermined","undetermined","resistant","resistant"
"SPT19540","2017","true","1168","null","Ghana","GH","Upper East","Upper East","sensitive","sensitive","undetermined","undetermined","resistant","resistant"
"SPT19542","2017","true","1168","null","Ghana","GH","Upper East","Upper East","sensitive","sensitive","undetermined","undetermined","resistant","undetermined"
"SPT19544","2017","false","1168","null","Ghana","GH","Upper East","Upper East","null","null","null","null","null","null"
"SPT19545","2017","true","1168","null","Ghana","GH","Upper East","Upper East","undetermined","sensitive","undetermined","undetermined","undetermined","resistant"
"SPT19546","2017","false","1168","null","Ghana","GH","Upper East","Upper East","null","null","null","null","null","null"
"SPT19547","2017","true","1168","null","Ghana","GH","Upper East","Upper East","undetermined","sensitive","undetermined","undetermined","undetermined","undetermined"
"SPT19548","2017","true","1168","null","Ghana","GH","Upper East","Upper East","sensitive","sensitive","undetermined","undetermined","sensitive","resistant"
"SPT19549","2017","true","1168","null","Ghana","GH","Upper East","Upper East","sensitive","sensitive","undetermined","undetermined","resistant","resistant"
"SPT19550","2017","true","1168","null","Ghana","GH","Upper East","Upper East","sensitive","sensitive","undetermined","undetermined","undetermined","undetermined"
"SPT19553","2017","false","1168","null","Ghana","GH","Upper East","Upper East","null","null","null","null","null","null"
"SPT19554","2017","false","1168","null","Ghana","GH","Upper East","Upper East","null","null","null","null","null","null"
"SPT19556","2017","false","1168","null","Ghana","GH","Upper East","Upper East","null","null","null","null","null","null"
"SPT19558","2017","true","1168","null","Ghana","GH","Upper East","Upper East","sensitive","sensitive","undetermined","undetermined","sensitive","undetermined"
"SPT19559","2017","true","1168","null","Ghana","GH","Upper East","Upper East","sensitive","sensitive","undetermined","undetermined","undetermined","undetermined"
"SPT19560","2017","false","1168","null","Ghana","GH","Upper East","Upper East","null","null","null","null","null","null"
"SPT19562","2017","false","1168","null","Ghana","GH","Upper East","Upper East","null","null","null","null","null","null"
"SPT19563","2017","false","1168","null","Ghana","GH","Upper East","Upper East","null","null","null","null","null","null"
"SPT19564","2017","true","1168","null","Ghana","GH","Upper East","Upper East","sensitive","sensitive","sensitive","sensitive","resistant","resistant"
"SPT19565","2017","true","1168","null","Ghana","GH","Upper East","Upper East","sensitive","sensitive","undetermined","undetermined","resistant","resistant"
"SPT19567","2017","true","1168","null","Ghana","GH","Upper East","Upper East","sensitive","sensitive","undetermined","undetermined","undetermined","undetermined"
"SPT19569","2017","true","1168","null","Ghana","GH","Upper East","Upper East","sensitive","sensitive","undetermined","undetermined","sensitive","sensitive"
"SPT19570","2017","false","1168","null","Ghana","GH","Upper East","Upper East","null","null","null","null","null","null"
"SPT19571","2017","false","1168","null","Ghana","GH","Upper East","Upper East","null","null","null","null","null","null"
"SPT19573","2017","true","1168","null","Ghana","GH","Upper East","Upper East","undetermined","sensitive","undetermined","undetermined","resistant","resistant"
"SPT19575","2017","true","1168","null","Ghana","GH","Upper East","Upper East","undetermined","undetermined","undetermined","undetermined","undetermined","undetermined"
"SPT19579","2017","false","1168","null","Ghana","GH","Upper East","Upper East","null","null","null","null","null","null"
"SPT19580","2017","false","1168","null","Ghana","GH","Upper East","Upper East","null","null","null","null","null","null"
"SPT19581","2017","true","1168","null","Ghana","GH","Upper East","Upper East","sensitive","sensitive","undetermined","undetermined","sensitive","resistant"
"SPT19582","2017","true","1168","null","Ghana","GH","Upper East","Upper East","sensitive","sensitive","undetermined","sensitive","resistant","resistant"
"SPT19584","2017","false","1168","null","Ghana","GH","Upper East","Upper East","null","null","null","null","null","null"
"SPT19585","2017","false","1168","null","Ghana","GH","Upper East","Upper East","null","null","null","null","null","null"
"SPT19586","2017","false","1168","null","Ghana","GH","Upper East","Upper East","null","null","null","null","null","null"
"SPT19587","2017","true","1168","null","Ghana","GH","Upper East","Upper East","sensitive","sensitive","undetermined","undetermined","resistant","resistant"
"SPT19588","2017","true","1168","null","Ghana","GH","Upper East","Upper East","sensitive","sensitive","undetermined","undetermined","resistant","resistant"
"SPT19589","2017","true","1168","null","Ghana","GH","Upper East","Upper East","undetermined","sensitive","undetermined","undetermined","sensitive","resistant"
"SPT19592","2017","false","1168","null","Ghana","GH","Upper East","Upper East","null","null","null","null","null","null"
"SPT19593","2017","true","1168","null","Ghana","GH","Upper East","Upper East","sensitive","sensitive","undetermined","undetermined","sensitive","resistant"
"SPT19594","2017","true","1168","null","Ghana","GH","Upper East","Upper East","sensitive","sensitive","undetermined","undetermined","resistant","resistant"
"SPT19595","2017","true","1168","null","Ghana","GH","Upper East","Upper East","undetermined","sensitive","undetermined","undetermined","resistant","resistant"
"SPT19597","2017","true","1168","null","Ghana","GH","Upper East","Upper East","sensitive","sensitive","undetermined","undetermined","resistant","undetermined"
"SPT19599","2017","false","1168","null","Ghana","GH","Upper East","Upper East","null","null","null","null","null","null"
"SPT19600","2017","true","1168","null","Ghana","GH","Upper East","Upper East","sensitive","sensitive","undetermined","sensitive","resistant","resistant"
"SPT19601","2017","true","1168","null","Ghana","GH","Upper East","Upper East","sensitive","sensitive","undetermined","undetermined","resistant","resistant"
"SPT19602","2017","true","1168","null","Ghana","GH","Upper East","Upper East","sensitive","sensitive","undetermined","undetermined","undetermined","undetermined"
"SPT19603","2017","true","1168","null","Ghana","GH","Upper East","Upper East","sensitive","sensitive","undetermined","sensitive","resistant","resistant"
"SPT19604","2017","true","1168","null","Ghana","GH","Upper East","Upper East","sensitive","sensitive","undetermined","undetermined","resistant","undetermined"
"SPT19606","2017","true","1168","null","Ghana","GH","Upper East","Upper East","undetermined","sensitive","undetermined","undetermined","undetermined","resistant"
"SPT19607","2017","true","1168","null","Ghana","GH","Upper East","Upper East","sensitive","sensitive","undetermined","undetermined","resistant","resistant"
"SPT19609","2017","false","1168","null","Ghana","GH","Upper East","Upper East","null","null","null","null","null","null"
"SPT19610","2017","true","1168","null","Ghana","GH","Upper East","Upper East","sensitive","sensitive","undetermined","undetermined","undetermined","resistant"
"SPT19611","2017","false","1168","null","Ghana","GH","Upper East","Upper East","null","null","null","null","null","null"
"SPT19612","2017","true","1168","null","Ghana","GH","Upper East","Upper East","sensitive","sensitive","undetermined","undetermined","resistant","resistant"
"SPT19613","2017","true","1168","null","Ghana","GH","Upper East","Upper East","undetermined","sensitive","undetermined","undetermined","resistant","resistant"
"SPT19614","2017","true","1168","null","Ghana","GH","Upper East","Upper East","sensitive","sensitive","undetermined","undetermined","resistant","resistant"
"SPT19615","2017","false","1168","null","Ghana","GH","Upper East","Upper East","null","null","null","null","null","null"
"SPT19616","2017","true","1168","null","Ghana","GH","Upper East","Upper East","sensitive","sensitive","undetermined","undetermined","resistant","resistant"
"SPT19617","2017","false","1168","null","Ghana","GH","Upper East","Upper East","null","null","null","null","null","null"
"SPT19618","2017","true","1168","null","Ghana","GH","Upper East","Upper East","sensitive","sensitive","undetermined","undetermined","resistant","sensitive"
"SPT19619","2017","false","1168","null","Ghana","GH","Upper East","Upper East","null","null","null","null","null","null"
"SPT19621","2017","true","1168","null","Ghana","GH","Upper East","Upper East","undetermined","sensitive","undetermined","undetermined","resistant","resistant"
"SPT19623","2017","false","1168","null","Ghana","GH","Upper East","Upper East","null","null","null","null","null","null"
"SPT19625","2017","false","1168","null","Ghana","GH","Upper East","Upper East","null","null","null","null","null","null"
"SPT19627","2017","true","1168","null","Ghana","GH","Upper East","Upper East","undetermined","sensitive","undetermined","undetermined","undetermined","resistant"
"SPT19628","2017","false","1168","null","Ghana","GH","Upper East","Upper East","null","null","null","null","null","null"
"SPT19629","2017","true","1168","null","Ghana","GH","Upper East","Upper East","undetermined","sensitive","undetermined","undetermined","resistant","resistant"
"SPT19631","2017","true","1168","null","Ghana","GH","Upper East","Upper East","sensitive","sensitive","undetermined","undetermined","resistant","undetermined"
"SPT19632","2017","false","1168","null","Ghana","GH","Upper East","Upper East","null","null","null","null","null","null"
"SPT19636","2017","true","1168","null","Ghana","GH","Upper East","Upper East","sensitive","sensitive","undetermined","undetermined","resistant","resistant"
"SPT19637","2017","true","1168","null","Ghana","GH","Upper East","Upper East","sensitive","sensitive","undetermined","undetermined","resistant","resistant"
"SPT19639","2017","false","1168","null","Ghana","GH","Upper East","Upper East","null","null","null","null","null","null"
"SPT19640","2017","false","1168","null","Ghana","GH","Upper East","Upper East","null","null","null","null","null","null"
"SPT19641","2017","true","1168","null","Ghana","GH","Upper East","Upper East","undetermined","sensitive","undetermined","undetermined","resistant","resistant"
"SPT19642","2017","false","1168","null","Ghana","GH","Upper East","Upper East","null","null","null","null","null","null"
"SPT19645","2017","true","1168","null","Ghana","GH","Upper East","Upper East","undetermined","sensitive","undetermined","undetermined","resistant","resistant"
"SPT19646","2017","true","1168","null","Ghana","GH","Upper East","Upper East","sensitive","sensitive","undetermined","undetermined","resistant","resistant"
"SPT19649","2017","true","1168","null","Ghana","GH","Upper East","Upper East","sensitive","sensitive","undetermined","undetermined","undetermined","resistant"
"SPT19651","2017","false","1168","null","Ghana","GH","Upper East","Upper East","null","null","null","null","null","null"
"SPT19655","2017","false","1168","null","Ghana","GH","Upper East","Upper East","null","null","null","null","null","null"
"SPT19656","2017","true","1168","null","Ghana","GH","Upper East","Upper East","sensitive","sensitive","undetermined","undetermined","resistant","resistant"
"SPT19657","2017","true","1168","null","Ghana","GH","Upper East","Upper East","sensitive","sensitive","undetermined","undetermined","resistant","resistant"
"SPT19658","2017","true","1168","null","Ghana","GH","Upper East","Upper East","sensitive","sensitive","undetermined","undetermined","resistant","resistant"
"SPT19659","2017","true","1168","null","Ghana","GH","Upper East","Upper East","undetermined","sensitive","undetermined","undetermined","sensitive","resistant"
"SPT19660","2017","true","1168","null","Ghana","GH","Upper East","Upper East","undetermined","sensitive","undetermined","undetermined","resistant","resistant"
"SPT19664","2017","false","1168","null","Ghana","GH","Upper East","Upper East","null","null","null","null","null","null"
"SPT19665","2017","true","1168","null","Ghana","GH","Upper East","Upper East","sensitive","sensitive","undetermined","undetermined","resistant","resistant"
"SPT19666","2017","false","1168","null","Ghana","GH","Upper East","Upper East","null","null","null","null","null","null"
"SPT19667","2017","false","1168","null","Ghana","GH","Upper East","Upper East","null","null","null","null","null","null"
"SPT19668","2017","true","1168","null","Ghana","GH","Upper East","Upper East","undetermined","sensitive","undetermined","undetermined","resistant","resistant"
"SPT19669","2017","false","1168","null","Ghana","GH","Upper East","Upper East","null","null","null","null","null","null"
"SPT19673","2017","true","1168","null","Ghana","GH","Upper East","Upper East","sensitive","sensitive","undetermined","undetermined","resistant","resistant"
"SPT19675","2017","false","1168","null","Ghana","GH","Upper East","Upper East","null","null","null","null","null","null"
"SPT19676","2017","false","1168","null","Ghana","GH","Upper East","Upper East","null","null","null","null","null","null"
"SPT19677","2017","true","1168","null","Ghana","GH","Upper East","Upper East","undetermined","sensitive","undetermined","undetermined","resistant","resistant"
"SPT19678","2017","true","1168","null","Ghana","GH","Upper East","Upper East","sensitive","sensitive","undetermined","undetermined","resistant","undetermined"
"SPT19679","2017","true","1168","null","Ghana","GH","Upper East","Upper East","undetermined","sensitive","undetermined","undetermined","resistant","sensitive"
"SPT19680","2017","true","1168","null","Ghana","GH","Upper East","Upper East","sensitive","sensitive","undetermined","undetermined","resistant","undetermined"
"SPT19681","2017","true","1168","null","Ghana","GH","Upper East","Upper East","undetermined","sensitive","undetermined","undetermined","resistant","undetermined"
"SPT19682","2017","true","1168","null","Ghana","GH","Upper East","Upper East","undetermined","sensitive","undetermined","undetermined","undetermined","sensitive"
"SPT19683","2017","false","1168","null","Ghana","GH","Upper East","Upper East","null","null","null","null","null","null"
"SPT19685","2017","true","1168","null","Ghana","GH","Upper East","Upper East","sensitive","sensitive","undetermined","undetermined","resistant","resistant"
"SPT19688","2017","false","1168","null","Ghana","GH","Upper East","Upper East","null","null","null","null","null","null"
"SPT19689","2017","true","1168","null","Ghana","GH","Upper East","Upper East","undetermined","sensitive","undetermined","undetermined","undetermined","undetermined"
"SPT19690","2017","false","1168","null","Ghana","GH","Upper East","Upper East","null","null","null","null","null","null"
"SPT19691","2017","true","1168","null","Ghana","GH","Upper East","Upper East","sensitive","sensitive","undetermined","undetermined","undetermined","undetermined"
"SPT19692","2017","true","1168","null","Ghana","GH","Upper East","Upper East","undetermined","sensitive","undetermined","undetermined","resistant","resistant"
"SPT19693","2017","true","1168","null","Ghana","GH","Upper East","Upper East","undetermined","sensitive","undetermined","undetermined","undetermined","resistant"
"SPT19694","2017","true","1168","null","Ghana","GH","Upper East","Upper East","undetermined","undetermined","undetermined","undetermined","resistant","resistant"
"SPT19696","2017","true","1168","null","Ghana","GH","Upper East","Upper East","undetermined","sensitive","undetermined","undetermined","undetermined","resistant"
"SPT19697","2017","false","1168","null","Ghana","GH","Upper East","Upper East","null","null","null","null","null","null"
"SPT19699","2017","true","1168","null","Ghana","GH","Upper East","Upper East","undetermined","sensitive","undetermined","undetermined","resistant","undetermined"
"SPT19700","2017","false","1168","null","Ghana","GH","Upper East","Upper East","null","null","null","null","null","null"
"SPT19701","2017","true","1168","null","Ghana","GH","Upper East","Upper East","sensitive","sensitive","undetermined","undetermined","undetermined","resistant"
"SPT19702","2017","false","1168","null","Ghana","GH","Upper East","Upper East","null","null","null","null","null","null"
"SPT19703","2017","false","1168","null","Ghana","GH","Upper East","Upper East","null","null","null","null","null","null"
"SPT19704","2017","true","1168","null","Ghana","GH","Upper East","Upper East","sensitive","sensitive","undetermined","undetermined","resistant","resistant"
"SPT19705","2017","false","1168","null","Ghana","GH","Upper East","Upper East","null","null","null","null","null","null"
"SPT19706","2017","true","1168","null","Ghana","GH","Upper East","Upper East","sensitive","sensitive","undetermined","undetermined","sensitive","resistant"
"SPT19707","2017","false","1168","null","Ghana","GH","Upper East","Upper East","null","null","null","null","null","null"
"SPT19708","2017","true","1168","null","Ghana","GH","Upper East","Upper East","undetermined","sensitive","undetermined","undetermined","resistant","undetermined"
"SPT19709","2017","false","1168","null","Ghana","GH","Upper East","Upper East","null","null","null","null","null","null"
"SPT19710","2017","false","1168","null","Ghana","GH","Upper East","Upper East","null","null","null","null","null","null"
"SPT19712","2017","true","1168","null","Ghana","GH","Upper East","Upper East","undetermined","sensitive","undetermined","undetermined","undetermined","resistant"
"SPT19713","2017","false","1168","null","Ghana","GH","Upper East","Upper East","null","null","null","null","null","null"
"SPT19714","2017","false","1168","null","Ghana","GH","Upper East","Upper East","null","null","null","null","null","null"
"SPT19715","2017","true","1168","null","Ghana","GH","Upper East","Upper East","undetermined","sensitive","undetermined","undetermined","resistant","resistant"
"SPT19716","2017","true","1168","null","Ghana","GH","Upper East","Upper East","undetermined","sensitive","undetermined","undetermined","undetermined","undetermined"
"SPT19717","2017","false","1168","null","Ghana","GH","Upper East","Upper East","null","null","null","null","null","null"
"SPT19718","2017","true","1168","null","Ghana","GH","Upper East","Upper East","sensitive","sensitive","undetermined","undetermined","resistant","resistant"
"SPT19719","2017","false","1168","null","Ghana","GH","Upper East","Upper East","null","null","null","null","null","null"
"SPT19720","2017","true","1168","null","Ghana","GH","Upper East","Upper East","sensitive","sensitive","undetermined","undetermined","resistant","resistant"
"SPT19721","2017","true","1168","null","Ghana","GH","Upper East","Upper East","sensitive","sensitive","undetermined","sensitive","undetermined","undetermined"
"SPT19722","2017","false","1168","null","Ghana","GH","Upper East","Upper East","null","null","null","null","null","null"
"SPT19724","2017","false","1168","null","Ghana","GH","Upper East","Upper East","null","null","null","null","null","null"
"SPT19725","2017","false","1168","null","Ghana","GH","Upper East","Upper East","null","null","null","null","null","null"
"SPT19727","2017","false","1168","null","Ghana","GH","Upper East","Upper East","null","null","null","null","null","null"
"SPT19728","2017","true","1168","null","Ghana","GH","Upper East","Upper East","undetermined","resistant","undetermined","undetermined","undetermined","undetermined"
"SPT19729","2017","true","1168","null","Ghana","GH","Upper East","Upper East","undetermined","sensitive","undetermined","undetermined","undetermined","sensitive"
"SPT19731","2017","false","1168","null","Ghana","GH","Upper East","Upper East","null","null","null","null","null","null"
"SPT19732","2017","false","1168","null","Ghana","GH","Upper East","Upper East","null","null","null","null","null","null"
"SPT19733","2017","true","1168","null","Ghana","GH","Upper East","Upper East","undetermined","sensitive","undetermined","undetermined","resistant","undetermined"
"SPT19735","2017","false","1168","null","Ghana","GH","Upper East","Upper East","null","null","null","null","null","null"
"SPT19738","2017","false","1168","null","Ghana","GH","Upper East","Upper East","null","null","null","null","null","null"
"SPT19740","2017","false","1168","null","Ghana","GH","Upper East","Upper East","null","null","null","null","null","null"
"SPT19741","2017","false","1168","null","Ghana","GH","Upper East","Upper East","null","null","null","null","null","null"
"SPT19742","2017","true","1168","null","Ghana","GH","Upper East","Upper East","sensitive","sensitive","undetermined","undetermined","resistant","resistant"
"SPT19743","2017","true","1168","null","Ghana","GH","Upper East","Upper East","undetermined","sensitive","undetermined","undetermined","resistant","resistant"
"SPT19744","2017","false","1168","null","Ghana","GH","Upper East","Upper East","null","null","null","null","null","null"
"SPT19745","2017","false","1168","null","Ghana","GH","Upper East","Upper East","null","null","null","null","null","null"
"SPT19746","2017","true","1168","null","Ghana","GH","Upper East","Upper East","undetermined","sensitive","undetermined","undetermined","resistant","resistant"
"SPT19747","2017","false","1168","null","Ghana","GH","Upper East","Upper East","null","null","null","null","null","null"
"SPT19749","2017","true","1168","null","Ghana","GH","Upper East","Upper East","sensitive","sensitive","undetermined","undetermined","resistant","resistant"
"SPT19750","2017","false","1168","null","Ghana","GH","Upper East","Upper East","null","null","null","null","null","null"
"SPT19751","2017","false","1168","null","Ghana","GH","Upper East","Upper East","null","null","null","null","null","null"
"SPT19753","2017","true","1168","null","Ghana","GH","Upper East","Upper East","undetermined","sensitive","undetermined","undetermined","sensitive","resistant"
"SPT19755","2017","true","1168","null","Ghana","GH","Upper East","Upper East","undetermined","sensitive","undetermined","undetermined","resistant","resistant"
"SPT19756","2017","true","1168","null","Ghana","GH","Upper East","Upper East","undetermined","sensitive","undetermined","undetermined","resistant","resistant"
"SPT19757","2017","true","1168","null","Ghana","GH","Upper East","Upper East","undetermined","sensitive","undetermined","undetermined","resistant","resistant"
"SPT19758","2017","false","1168","null","Ghana","GH","Upper East","Upper East","null","null","null","null","null","null"
"SPT19759","2017","false","1168","null","Ghana","GH","Upper East","Upper East","null","null","null","null","null","null"
"SPT19760","2017","false","1168","null","Ghana","GH","Upper East","Upper East","null","null","null","null","null","null"
"SPT19761","2017","false","1168","null","Ghana","GH","Upper East","Upper East","null","null","null","null","null","null"
"SPT19762","2017","false","1168","null","Ghana","GH","Upper East","Upper East","null","null","null","null","null","null"
"SPT19763","2017","true","1168","null","Ghana","GH","Upper East","Upper East","undetermined","sensitive","undetermined","undetermined","sensitive","resistant"
"SPT19764","2017","true","1168","null","Ghana","GH","Upper East","Upper East","sensitive","sensitive","undetermined","undetermined","resistant","undetermined"
"SPT19765","2017","true","1168","null","Ghana","GH","Upper East","Upper East","undetermined","sensitive","undetermined","undetermined","resistant","sensitive"
"SPT19766","2017","true","1168","null","Ghana","GH","Upper East","Upper East","sensitive","sensitive","undetermined","undetermined","resistant","sensitive"
"SPT19767","2017","true","1168","null","Ghana","GH","Upper East","Upper East","undetermined","sensitive","undetermined","undetermined","resistant","sensitive"
"SPT19768","2017","true","1168","null","Ghana","GH","Upper East","Upper East","sensitive","sensitive","undetermined","undetermined","resistant","resistant"
"SPT19769","2017","false","1168","null","Ghana","GH","Upper East","Upper East","null","null","null","null","null","null"
"SPT19770","2017","false","1168","null","Ghana","GH","Upper East","Upper East","null","null","null","null","null","null"
"SPT19771","2017","false","1168","null","Ghana","GH","Upper East","Upper East","null","null","null","null","null","null"
"SPT19772","2017","true","1168","null","Ghana","GH","Upper East","Upper East","undetermined","sensitive","undetermined","undetermined","resistant","resistant"
"SPT19774","2017","true","1168","null","Ghana","GH","Upper East","Upper East","sensitive","sensitive","undetermined","undetermined","resistant","undetermined"
"SPT19782","2017","true","1168","null","Ghana","GH","Upper East","Upper East","undetermined","sensitive","undetermined","undetermined","resistant","resistant"
"SPT19784","2017","false","1168","null","Ghana","GH","Upper East","Upper East","null","null","null","null","null","null"
"SPT19785","2017","false","1168","null","Ghana","GH","Upper East","Upper East","null","null","null","null","null","null"
"SPT19786","2017","false","1168","null","Ghana","GH","Upper East","Upper East","null","null","null","null","null","null"
"SPT19787","2017","false","1168","null","Ghana","GH","Upper East","Upper East","null","null","null","null","null","null"
"SPT19789","2017","true","1168","null","Ghana","GH","Upper East","Upper East","sensitive","sensitive","undetermined","undetermined","resistant","resistant"
"SPT19790","2017","true","1168","null","Ghana","GH","Upper East","Upper East","undetermined","sensitive","undetermined","undetermined","resistant","resistant"
"SPT19791","2017","true","1168","null","Ghana","GH","Upper East","Upper East","undetermined","sensitive","undetermined","undetermined","resistant","resistant"
"SPT19792","2017","true","1168","null","Ghana","GH","Upper East","Upper East","sensitive","sensitive","undetermined","undetermined","resistant","resistant"
"SPT19793","2017","false","1168","null","Ghana","GH","Upper East","Upper East","null","null","null","null","null","null"
"SPT19795","2017","false","1168","null","Ghana","GH","Upper East","Upper East","null","null","null","null","null","null"
"SPT19796","2017","false","1168","null","Ghana","GH","Upper East","Upper East","null","null","null","null","null","null"
"SPT19797","2017","false","1168","null","Ghana","GH","Upper East","Upper East","null","null","null","null","null","null"
"SPT19807","2017","false","1168","null","Ghana","GH","Upper East","Upper East","null","null","null","null","null","null"
"SPT19808","2017","false","1168","null","Ghana","GH","Upper East","Upper East","null","null","null","null","null","null"
"SPT19811","2017","true","1168","null","Ghana","GH","Upper East","Upper East","undetermined","sensitive","undetermined","undetermined","resistant","resistant"
"SPT19816","2017","false","1168","null","Ghana","GH","Upper East","Upper East","null","null","null","null","null","null"
"SPT19821","2017","true","1168","null","Ghana","GH","Upper East","Upper East","sensitive","sensitive","undetermined","undetermined","resistant","resistant"
"SPT19822","2017","false","1168","null","Ghana","GH","Upper East","Upper East","null","null","null","null","null","null"
"SPT19824","2017","true","1168","null","Ghana","GH","Upper East","Upper East","undetermined","sensitive","undetermined","undetermined","undetermined","resistant"
"SPT19827","2017","false","1168","null","Ghana","GH","Upper East","Upper East","null","null","null","null","null","null"
"SPT19831","2017","false","1168","null","Ghana","GH","Upper East","Upper East","null","null","null","null","null","null"
"SPT19832","2017","true","1168","null","Ghana","GH","Upper East","Upper East","sensitive","sensitive","undetermined","undetermined","resistant","resistant"
"SPT19833","2017","false","1168","null","Ghana","GH","Upper East","Upper East","null","null","null","null","null","null"
"SPT19834","2017","false","1168","null","Ghana","GH","Upper East","Upper East","null","null","null","null","null","null"
"SPT19835","2017","true","1168","null","Ghana","GH","Upper East","Upper East","sensitive","sensitive","undetermined","undetermined","resistant","undetermined"
"SPT19837","2017","false","1168","null","Ghana","GH","Upper East","Upper East","null","null","null","null","null","null"
"SPT19838","2017","false","1168","null","Ghana","GH","Upper East","Upper East","null","null","null","null","null","null"
"SPT19840","2017","true","1168","null","Ghana","GH","Upper East","Upper East","sensitive","sensitive","undetermined","undetermined","resistant","resistant"
"SPT19841","2017","true","1168","null","Ghana","GH","Upper East","Upper East","sensitive","sensitive","undetermined","undetermined","resistant","sensitive"
"SPT19842","2017","true","1168","null","Ghana","GH","Upper East","Upper East","sensitive","sensitive","undetermined","undetermined","resistant","resistant"
"SPT19843","2017","true","1168","null","Ghana","GH","Upper East","Upper East","sensitive","sensitive","undetermined","undetermined","resistant","resistant"
"SPT19844","2017","false","1168","null","Ghana","GH","Upper East","Upper East","null","null","null","null","null","null"
"SPT19845","2017","true","1168","null","Ghana","GH","Upper East","Upper East","sensitive","sensitive","undetermined","undetermined","resistant","undetermined"
"SPT19846","2017","true","1168","null","Ghana","GH","Upper East","Upper East","sensitive","sensitive","undetermined","undetermined","resistant","resistant"
"SPT19847","2017","true","1168","null","Ghana","GH","Upper East","Upper East","sensitive","sensitive","undetermined","undetermined","resistant","resistant"
"SPT19848","2017","false","1168","null","Ghana","GH","Upper East","Upper East","null","null","null","null","null","null"
"SPT19850","2017","true","1168","null","Ghana","GH","Upper East","Upper East","sensitive","sensitive","undetermined","undetermined","sensitive","sensitive"
"SPT19851","2017","true","1168","null","Ghana","GH","Upper East","Upper East","undetermined","sensitive","undetermined","undetermined","resistant","sensitive"
"SPT19853","2017","false","1168","null","Ghana","GH","Upper East","Upper East","null","null","null","null","null","null"
"SPT19854","2017","true","1168","null","Ghana","GH","Upper East","Upper East","sensitive","sensitive","undetermined","undetermined","resistant","resistant"
"SPT19855","2017","true","1168","null","Ghana","GH","Upper East","Upper East","sensitive","sensitive","undetermined","sensitive","resistant","resistant"
"SPT19856","2017","true","1168","null","Ghana","GH","Upper East","Upper East","sensitive","sensitive","sensitive","sensitive","resistant","resistant"
"SPT19857","2017","true","1168","null","Ghana","GH","Upper East","Upper East","undetermined","sensitive","sensitive","sensitive","resistant","resistant"
"SPT19859","2017","true","1168","null","Ghana","GH","Upper East","Upper East","sensitive","sensitive","undetermined","sensitive","resistant","resistant"
"SPT19860","2017","true","1168","null","Ghana","GH","Upper East","Upper East","undetermined","sensitive","undetermined","undetermined","resistant","resistant"
"SPT19861","2017","false","1168","null","Ghana","GH","Upper East","Upper East","null","null","null","null","null","null"
"SPT19862","2017","false","1168","null","Ghana","GH","Upper East","Upper East","null","null","null","null","null","null"
"SPT19863","2017","true","1168","null","Ghana","GH","Upper East","Upper East","sensitive","sensitive","undetermined","undetermined","resistant","resistant"
"SPT19864","2017","true","1168","null","Ghana","GH","Upper East","Upper East","sensitive","sensitive","undetermined","undetermined","resistant","resistant"
"SPT19865","2017","true","1168","null","Ghana","GH","Upper East","Upper East","sensitive","sensitive","sensitive","sensitive","resistant","resistant"
"SPT19866","2017","false","1168","null","Ghana","GH","Upper East","Upper East","null","null","null","null","null","null"
"SPT19867","2017","true","1168","null","Ghana","GH","Upper East","Upper East","undetermined","sensitive","undetermined","undetermined","sensitive","undetermined"
"SPT19868","2017","true","1168","null","Ghana","GH","Upper East","Upper East","sensitive","sensitive","sensitive","sensitive","undetermined","resistant"
"SPT19869","2017","true","1168","null","Ghana","GH","Upper East","Upper East","sensitive","sensitive","undetermined","undetermined","sensitive","resistant"
"SPT19870","2017","true","1168","null","Ghana","GH","Upper East","Upper East","sensitive","sensitive","undetermined","sensitive","resistant","resistant"
"SPT19871","2017","true","1168","null","Ghana","GH","Upper East","Upper East","sensitive","sensitive","sensitive","sensitive","resistant","resistant"
"SPT19872","2017","true","1168","null","Ghana","GH","Upper East","Upper East","sensitive","sensitive","undetermined","undetermined","resistant","resistant"
"SPT19873","2017","false","1168","null","Ghana","GH","Upper East","Upper East","null","null","null","null","null","null"
"SPT19874","2017","true","1168","null","Ghana","GH","Upper East","Upper East","sensitive","sensitive","sensitive","sensitive","sensitive","resistant"
"SPT19875","2017","true","1168","null","Ghana","GH","Upper East","Upper East","sensitive","sensitive","undetermined","undetermined","undetermined","resistant"
"SPT19876","2017","true","1168","null","Ghana","GH","Upper East","Upper East","sensitive","sensitive","undetermined","undetermined","sensitive","sensitive"
"SPT19877","2017","false","1168","null","Ghana","GH","Upper East","Upper East","null","null","null","null","null","null"
"SPT19878","2017","false","1168","null","Ghana","GH","Upper East","Upper East","null","null","null","null","null","null"
"SPT19879","2017","false","1168","null","Ghana","GH","Upper East","Upper East","null","null","null","null","null","null"
"SPT19880","2017","true","1168","null","Ghana","GH","Upper East","Upper East","sensitive","sensitive","undetermined","undetermined","resistant","resistant"
"SPT19882","2017","true","1168","null","Ghana","GH","Upper East","Upper East","sensitive","sensitive","sensitive","sensitive","resistant","resistant"
"SPT19883","2017","true","1168","null","Ghana","GH","Upper East","Upper East","undetermined","sensitive","undetermined","undetermined","resistant","resistant"
"SPT19884","2017","true","1168","null","Ghana","GH","Upper East","Upper East","sensitive","sensitive","undetermined","undetermined","resistant","resistant"
"SPT19885","2017","false","1168","null","Ghana","GH","Upper East","Upper East","null","null","null","null","null","null"
"SPT19886","2017","true","1168","null","Ghana","GH","Upper East","Upper East","sensitive","sensitive","undetermined","sensitive","sensitive","resistant"
"SPT19887","2017","false","1168","null","Ghana","GH","Upper East","Upper East","null","null","null","null","null","null"
"SPT19888","2017","true","1168","null","Ghana","GH","Upper East","Upper East","sensitive","sensitive","sensitive","sensitive","resistant","resistant"
"SPT19889","2017","true","1168","null","Ghana","GH","Upper East","Upper East","sensitive","sensitive","sensitive","sensitive","undetermined","resistant"
"SPT19890","2017","true","1168","null","Ghana","GH","Upper East","Upper East","sensitive","sensitive","sensitive","sensitive","resistant","resistant"
"SPT19891","2017","true","1168","null","Ghana","GH","Upper East","Upper East","sensitive","sensitive","sensitive","sensitive","undetermined","resistant"
"SPT19892","2017","true","1168","null","Ghana","GH","Upper East","Upper East","sensitive","sensitive","undetermined","undetermined","resistant","resistant"
"SPT19893","2017","true","1168","null","Ghana","GH","Upper East","Upper East","sensitive","sensitive","sensitive","sensitive","resistant","resistant"
"SPT19894","2017","false","1168","null","Ghana","GH","Upper East","Upper East","null","null","null","null","null","null"
"SPT19895","2017","true","1168","null","Ghana","GH","Upper East","Upper East","sensitive","sensitive","undetermined","undetermined","resistant","undetermined"
"SPT19896","2017","true","1168","null","Ghana","GH","Upper East","Upper East","sensitive","sensitive","sensitive","sensitive","resistant","resistant"
"SPT19897","2017","true","1168","null","Ghana","GH","Upper East","Upper East","sensitive","sensitive","sensitive","sensitive","resistant","resistant"
"SPT19898","2017","false","1168","null","Ghana","GH","Upper East","Upper East","null","null","null","null","null","null"
"SPT19899","2017","true","1168","null","Ghana","GH","Upper East","Upper East","sensitive","sensitive","undetermined","undetermined","resistant","undetermined"
"SPT19900","2017","false","1168","null","Ghana","GH","Upper East","Upper East","null","null","null","null","null","null"
"SPT19901","2017","false","1168","null","Ghana","GH","Upper East","Upper East","null","null","null","null","null","null"
"SPT19902","2017","true","1168","null","Ghana","GH","Upper East","Upper East","sensitive","sensitive","undetermined","undetermined","resistant","undetermined"
"SPT19903","2017","true","1168","null","Ghana","GH","Upper East","Upper East","undetermined","resistant","undetermined","undetermined","resistant","resistant"
"SPT19904","2017","false","1168","null","Ghana","GH","Upper East","Upper East","null","null","null","null","null","null"
"SPT19905","2017","true","1168","null","Ghana","GH","Upper East","Upper East","sensitive","undetermined","undetermined","undetermined","resistant","resistant"
"SPT19906","2017","true","1168","null","Ghana","GH","Upper East","Upper East","sensitive","sensitive","undetermined","undetermined","resistant","resistant"
"SPT19907","2017","true","1168","null","Ghana","GH","Upper East","Upper East","sensitive","sensitive","undetermined","undetermined","resistant","resistant"
"SPT19908","2017","true","1168","null","Ghana","GH","Upper East","Upper East","sensitive","sensitive","undetermined","undetermined","resistant","resistant"
"SPT19909","2017","true","1168","null","Ghana","GH","Upper East","Upper East","undetermined","sensitive","undetermined","undetermined","resistant","undetermined"
"SPT19910","2017","true","1168","null","Ghana","GH","Upper East","Upper East","undetermined","sensitive","undetermined","undetermined","resistant","resistant"
"SPT19911","2017","false","1168","null","Ghana","GH","Upper East","Upper East","null","null","null","null","null","null"
"SPT19912","2017","false","1168","null","Ghana","GH","Upper East","Upper East","null","null","null","null","null","null"
"SPT19913","2017","false","1168","null","Ghana","GH","Upper East","Upper East","null","null","null","null","null","null"
"SPT19914","2017","true","1168","null","Ghana","GH","Upper East","Upper East","sensitive","sensitive","sensitive","sensitive","sensitive","resistant"
"SPT19915","2017","false","1168","null","Ghana","GH","Upper East","Upper East","null","null","null","null","null","null"
"SPT19916","2017","false","1168","null","Ghana","GH","Upper East","Upper East","null","null","null","null","null","null"
"SPT19917","2017","false","1168","null","Ghana","GH","Upper East","Upper East","null","null","null","null","null","null"
"SPT19918","2017","false","1168","null","Ghana","GH","Upper East","Upper East","null","null","null","null","null","null"
"SPT19919","2017","true","1168","null","Ghana","GH","Upper East","Upper East","sensitive","sensitive","undetermined","sensitive","resistant","resistant"
"SPT19920","2017","true","1168","null","Ghana","GH","Upper East","Upper East","sensitive","sensitive","sensitive","sensitive","resistant","resistant"
"SPT19921","2017","true","1168","null","Ghana","GH","Upper East","Upper East","sensitive","sensitive","undetermined","undetermined","resistant","resistant"
"SPT19922","2017","true","1168","null","Ghana","GH","Upper East","Upper East","sensitive","sensitive","sensitive","sensitive","resistant","resistant"
"SPT19923","2017","false","1168","null","Ghana","GH","Upper East","Upper East","null","null","null","null","null","null"
"SPT19924","2017","true","1168","null","Ghana","GH","Upper East","Upper East","sensitive","sensitive","sensitive","sensitive","resistant","undetermined"
"SPT19925","2017","true","1168","null","Ghana","GH","Upper East","Upper East","sensitive","sensitive","sensitive","sensitive","resistant","resistant"
"SPT19926","2017","false","1168","null","Ghana","GH","Upper East","Upper East","null","null","null","null","null","null"
"SPT19927","2017","true","1168","null","Ghana","GH","Upper East","Upper East","sensitive","sensitive","sensitive","undetermined","resistant","resistant"
"SPT19928","2017","true","1168","null","Ghana","GH","Upper East","Upper East","sensitive","sensitive","undetermined","undetermined","resistant","resistant"
"SPT19929","2017","true","1168","null","Ghana","GH","Upper East","Upper East","sensitive","sensitive","sensitive","sensitive","sensitive","resistant"
"SPT19930","2017","true","1168","null","Ghana","GH","Upper East","Upper East","sensitive","sensitive","undetermined","undetermined","resistant","undetermined"
"SPT19931","2017","true","1168","null","Ghana","GH","Upper East","Upper East","undetermined","sensitive","undetermined","undetermined","resistant","resistant"
"SPT19932","2017","true","1168","null","Ghana","GH","Upper East","Upper East","sensitive","sensitive","sensitive","sensitive","undetermined","resistant"
"SPT19935","2017","true","1168","null","Ghana","GH","Upper East","Upper East","sensitive","sensitive","undetermined","undetermined","resistant","resistant"
"SPT19936","2017","true","1168","null","Ghana","GH","Upper East","Upper East","sensitive","sensitive","sensitive","sensitive","resistant","resistant"
"SPT19937","2017","false","1168","null","Ghana","GH","Upper East","Upper East","null","null","null","null","null","null"
"SPT19938","2017","true","1168","null","Ghana","GH","Upper East","Upper East","sensitive","sensitive","sensitive","sensitive","resistant","resistant"
"SPT19939","2017","true","1168","null","Ghana","GH","Upper East","Upper East","sensitive","sensitive","sensitive","sensitive","sensitive","resistant"
"SPT19940","2017","true","1168","null","Ghana","GH","Upper East","Upper East","sensitive","sensitive","sensitive","sensitive","sensitive","resistant"
"SPT19941","2017","true","1168","null","Ghana","GH","Upper East","Upper East","sensitive","sensitive","undetermined","undetermined","resistant","resistant"
"SPT19943","2017","true","1168","null","Ghana","GH","Upper East","Upper East","undetermined","sensitive","undetermined","undetermined","resistant","resistant"
"SPT19944","2017","true","1168","null","Ghana","GH","Upper East","Upper East","sensitive","sensitive","sensitive","sensitive","resistant","resistant"
"SPT19945","2017","true","1168","null","Ghana","GH","Upper East","Upper East","sensitive","sensitive","sensitive","undetermined","resistant","resistant"
"SPT19946","2017","true","1168","null","Ghana","GH","Upper East","Upper East","sensitive","sensitive","sensitive","sensitive","undetermined","resistant"
"SPT19947","2017","true","1168","null","Ghana","GH","Upper East","Upper East","sensitive","sensitive","undetermined","undetermined","resistant","resistant"
"SPT19948","2017","false","1168","null","Ghana","GH","Upper East","Upper East","null","null","null","null","null","null"
"SPT19949","2017","true","1168","null","Ghana","GH","Upper East","Upper East","sensitive","sensitive","sensitive","sensitive","resistant","resistant"
"SPT19950","2017","true","1168","null","Ghana","GH","Upper East","Upper East","undetermined","undetermined","undetermined","undetermined","undetermined","resistant"
"SPT19951","2017","true","1168","null","Ghana","GH","Upper East","Upper East","sensitive","sensitive","undetermined","undetermined","resistant","resistant"
"SPT19952","2017","true","1168","null","Ghana","GH","Upper East","Upper East","sensitive","sensitive","sensitive","sensitive","sensitive","resistant"
"SPT19953","2017","true","1168","null","Ghana","GH","Upper East","Upper East","sensitive","undetermined","undetermined","undetermined","resistant","resistant"
"SPT19954","2017","true","1168","null","Ghana","GH","Upper East","Upper East","sensitive","sensitive","sensitive","sensitive","resistant","resistant"
"SPT19955","2017","true","1168","null","Ghana","GH","Upper East","Upper East","sensitive","sensitive","undetermined","undetermined","resistant","resistant"
"SPT19956","2017","true","1168","null","Ghana","GH","Upper East","Upper East","sensitive","sensitive","undetermined","undetermined","sensitive","resistant"
"SPT19957","2017","true","1168","null","Ghana","GH","Upper East","Upper East","undetermined","sensitive","undetermined","undetermined","resistant","resistant"
"SPT19958","2017","false","1168","null","Ghana","GH","Upper East","Upper East","null","null","null","null","null","null"
"SPT19959","2017","true","1168","null","Ghana","GH","Upper East","Upper East","sensitive","sensitive","undetermined","undetermined","sensitive","resistant"
"SPT19960","2017","true","1168","null","Ghana","GH","Upper East","Upper East","sensitive","sensitive","undetermined","undetermined","resistant","resistant"
"SPT19961","2017","true","1168","null","Ghana","GH","Upper East","Upper East","undetermined","sensitive","undetermined","undetermined","resistant","resistant"
"SPT19962","2017","true","1168","null","Ghana","GH","Upper East","Upper East","sensitive","sensitive","undetermined","undetermined","resistant","resistant"
"SPT19963","2017","true","1168","null","Ghana","GH","Upper East","Upper East","sensitive","sensitive","undetermined","undetermined","resistant","resistant"
"SPT19964","2017","true","1168","null","Ghana","GH","Upper East","Upper East","sensitive","sensitive","undetermined","undetermined","resistant","resistant"
"SPT19965","2017","false","1168","null","Ghana","GH","Upper East","Upper East","null","null","null","null","null","null"
"SPT19966","2017","true","1168","null","Ghana","GH","Upper East","Upper East","undetermined","sensitive","undetermined","undetermined","undetermined","undetermined"
"SPT19967","2017","true","1168","null","Ghana","GH","Upper East","Upper East","sensitive","sensitive","undetermined","undetermined","resistant","undetermined"
"SPT19968","2017","true","1168","null","Ghana","GH","Upper East","Upper East","sensitive","sensitive","undetermined","undetermined","undetermined","resistant"
"SPT19969","2017","true","1168","null","Ghana","GH","Upper East","Upper East","sensitive","sensitive","undetermined","undetermined","resistant","resistant"
"SPT19970","2017","true","1168","null","Ghana","GH","Upper East","Upper East","undetermined","sensitive","undetermined","undetermined","resistant","resistant"
"SPT19971","2017","true","1168","null","Ghana","GH","Upper East","Upper East","sensitive","sensitive","undetermined","undetermined","undetermined","resistant"
"SPT19972","2017","true","1168","null","Ghana","GH","Upper East","Upper East","undetermined","sensitive","undetermined","sensitive","resistant","resistant"
"SPT19973","2017","true","1168","null","Ghana","GH","Upper East","Upper East","sensitive","sensitive","undetermined","undetermined","undetermined","resistant"
"SPT19974","2017","true","1168","null","Ghana","GH","Upper East","Upper East","sensitive","sensitive","undetermined","undetermined","resistant","resistant"
"SPT19975","2017","false","1168","null","Ghana","GH","Upper East","Upper East","null","null","null","null","null","null"
"SPT19976","2017","true","1168","null","Ghana","GH","Upper East","Upper East","sensitive","sensitive","undetermined","undetermined","resistant","resistant"
"SPT19977","2017","true","1168","null","Ghana","GH","Upper East","Upper East","sensitive","sensitive","undetermined","undetermined","resistant","resistant"
"SPT19978","2017","false","1168","null","Ghana","GH","Upper East","Upper East","null","null","null","null","null","null"
"SPT19979","2017","true","1168","null","Ghana","GH","Upper East","Upper East","undetermined","sensitive","undetermined","undetermined","resistant","resistant"
"SPT19980","2017","true","1168","null","Ghana","GH","Upper East","Upper East","sensitive","sensitive","sensitive","undetermined","undetermined","resistant"
"SPT19981","2017","true","1168","null","Ghana","GH","Upper East","Upper East","sensitive","sensitive","undetermined","undetermined","resistant","resistant"
"SPT19982","2017","false","1168","null","Ghana","GH","Upper East","Upper East","null","null","null","null","null","null"
"SPT19983","2017","true","1168","null","Ghana","GH","Upper East","Upper East","sensitive","sensitive","undetermined","sensitive","undetermined","resistant"
"SPT19984","2017","false","1168","null","Ghana","GH","Upper East","Upper East","null","null","null","null","null","null"
"SPT19985","2017","true","1168","null","Ghana","GH","Upper East","Upper East","sensitive","sensitive","undetermined","undetermined","resistant","resistant"
"SPT19987","2017","true","1168","null","Ghana","GH","Upper East","Upper East","sensitive","sensitive","undetermined","sensitive","resistant","undetermined"
"SPT19988","2017","true","1168","null","Ghana","GH","Upper East","Upper East","sensitive","sensitive","undetermined","undetermined","undetermined","resistant"
"SPT19989","2017","false","1168","null","Ghana","GH","Upper East","Upper East","null","null","null","null","null","null"
"SPT19990","2017","true","1168","null","Ghana","GH","Upper East","Upper East","sensitive","sensitive","undetermined","undetermined","resistant","resistant"
"SPT19991","2017","true","1168","null","Ghana","GH","Upper East","Upper East","sensitive","sensitive","sensitive","sensitive","resistant","undetermined"
"SPT19992","2017","true","1168","null","Ghana","GH","Upper East","Upper East","sensitive","sensitive","undetermined","undetermined","resistant","resistant"
"SPT19995","2017","true","1168","null","Ghana","GH","Upper East","Upper East","undetermined","sensitive","undetermined","undetermined","resistant","undetermined"
"SPT19996","2017","true","1168","null","Ghana","GH","Upper East","Upper East","undetermined","sensitive","undetermined","undetermined","resistant","resistant"
"SPT19997","2017","true","1168","null","Ghana","GH","Upper East","Upper East","sensitive","sensitive","undetermined","undetermined","resistant","resistant"
"SPT19998","2017","true","1168","null","Ghana","GH","Upper East","Upper East","sensitive","sensitive","undetermined","undetermined","resistant","resistant"
"SPT19999","2017","true","1168","null","Ghana","GH","Upper East","Upper East","sensitive","sensitive","undetermined","undetermined","resistant","resistant"
"SPT20000","2017","true","1168","null","Ghana","GH","Upper East","Upper East","undetermined","sensitive","undetermined","undetermined","resistant","resistant"
"SPT20001","2017","true","1168","null","Ghana","GH","Upper East","Upper East","undetermined","sensitive","undetermined","undetermined","sensitive","resistant"
"SPT20002","2017","true","1168","null","Ghana","GH","Upper East","Upper East","sensitive","sensitive","undetermined","undetermined","resistant","resistant"
"SPT20003","2017","true","1168","null","Ghana","GH","Upper East","Upper East","undetermined","sensitive","undetermined","undetermined","resistant","resistant"
"SPT20004","2017","false","1168","null","Ghana","GH","Upper East","Upper East","null","null","null","null","null","null"
"SPT20005","2017","true","1168","null","Ghana","GH","Upper East","Upper East","undetermined","sensitive","undetermined","undetermined","resistant","resistant"
"SPT20006","2017","true","1168","null","Ghana","GH","Upper East","Upper East","undetermined","sensitive","undetermined","undetermined","resistant","resistant"
"SPT20007","2017","true","1168","null","Ghana","GH","Upper East","Upper East","undetermined","sensitive","undetermined","undetermined","resistant","resistant"
"SPT20008","2017","true","1168","null","Ghana","GH","Upper East","Upper East","sensitive","sensitive","undetermined","undetermined","resistant","resistant"
"SPT20009","2017","true","1168","null","Ghana","GH","Upper East","Upper East","sensitive","sensitive","undetermined","undetermined","resistant","undetermined"
"SPT20010","2017","false","1168","null","Ghana","GH","Upper East","Upper East","null","null","null","null","null","null"
"SPT20011","2017","true","1168","null","Ghana","GH","Upper East","Upper East","sensitive","sensitive","sensitive","sensitive","resistant","resistant"
"SPT20012","2017","true","1168","null","Ghana","GH","Upper East","Upper East","undetermined","sensitive","undetermined","undetermined","sensitive","resistant"
"SPT20013","2017","true","1168","null","Ghana","GH","Upper East","Upper East","sensitive","sensitive","undetermined","undetermined","resistant","resistant"
"SPT20014","2017","true","1168","null","Ghana","GH","Upper East","Upper East","sensitive","sensitive","undetermined","undetermined","resistant","resistant"
"SPT20015","2017","true","1168","null","Ghana","GH","Upper East","Upper East","sensitive","sensitive","undetermined","undetermined","resistant","undetermined"
"SPT20016","2017","true","1168","null","Ghana","GH","Upper East","Upper East","undetermined","sensitive","undetermined","undetermined","resistant","resistant"
"SPT20017","2017","true","1168","null","Ghana","GH","Upper East","Upper East","undetermined","sensitive","undetermined","undetermined","resistant","resistant"
"SPT20018","2017","false","1168","null","Ghana","GH","Upper East","Upper East","null","null","null","null","null","null"
"SPT20019","2017","true","1168","null","Ghana","GH","Upper East","Upper East","undetermined","sensitive","undetermined","undetermined","undetermined","resistant"
"SPT20020","2017","true","1168","null","Ghana","GH","Upper East","Upper East","undetermined","sensitive","undetermined","undetermined","resistant","resistant"
"SPT20021","2017","false","1168","null","Ghana","GH","Upper East","Upper East","null","null","null","null","null","null"
"SPT20022","2017","false","1168","null","Ghana","GH","Upper East","Upper East","null","null","null","null","null","null"
"SPT20024","2017","false","1168","null","Ghana","GH","Upper East","Upper East","null","null","null","null","null","null"
"SPT20025","2017","true","1168","null","Ghana","GH","Upper East","Upper East","undetermined","sensitive","undetermined","undetermined","resistant","sensitive"
"SPT20026","2017","true","1168","null","Ghana","GH","Upper East","Upper East","undetermined","sensitive","undetermined","undetermined","undetermined","resistant"
"SPT20027","2017","false","1168","null","Ghana","GH","Upper East","Upper East","null","null","null","null","null","null"
"SPT20028","2017","true","1168","null","Ghana","GH","Upper East","Upper East","sensitive","sensitive","undetermined","undetermined","resistant","resistant"
"SPT20029","2017","true","1168","null","Ghana","GH","Upper East","Upper East","undetermined","sensitive","undetermined","undetermined","resistant","resistant"
"SPT20030","2017","true","1168","null","Ghana","GH","Upper East","Upper East","sensitive","sensitive","undetermined","undetermined","resistant","resistant"
"SPT20031","2017","true","1168","null","Ghana","GH","Upper East","Upper East","sensitive","sensitive","undetermined","undetermined","resistant","resistant"
"SPT20032","2017","true","1168","null","Ghana","GH","Upper East","Upper East","sensitive","sensitive","undetermined","sensitive","resistant","resistant"
"SPT20033","2017","false","1168","null","Ghana","GH","Upper East","Upper East","null","null","null","null","null","null"
"SPT20034","2017","false","1168","null","Ghana","GH","Upper East","Upper East","null","null","null","null","null","null"
"SPT20035","2017","false","1168","null","Ghana","GH","Upper East","Upper East","null","null","null","null","null","null"
"SPT20036","2017","true","1168","null","Ghana","GH","Upper East","Upper East","sensitive","sensitive","undetermined","undetermined","resistant","resistant"
"SPT20037","2017","true","1168","null","Ghana","GH","Upper East","Upper East","undetermined","sensitive","undetermined","undetermined","resistant","undetermined"
"SPT20038","2017","true","1168","null","Ghana","GH","Upper East","Upper East","undetermined","sensitive","undetermined","undetermined","resistant","resistant"
"SPT20039","2017","false","1168","null","Ghana","GH","Upper East","Upper East","null","null","null","null","null","null"
"SPT20040","2017","true","1168","null","Ghana","GH","Upper East","Upper East","sensitive","sensitive","undetermined","undetermined","resistant","resistant"
"SPT20041","2017","false","1168","null","Ghana","GH","Upper East","Upper East","null","null","null","null","null","null"
"SPT20042","2017","true","1168","null","Ghana","GH","Upper East","Upper East","sensitive","sensitive","undetermined","undetermined","resistant","resistant"
"SPT20043","2017","true","1168","null","Ghana","GH","Upper East","Upper East","sensitive","sensitive","undetermined","undetermined","undetermined","resistant"
"SPT20044","2017","true","1168","null","Ghana","GH","Upper East","Upper East","sensitive","sensitive","undetermined","undetermined","resistant","resistant"
"SPT20045","2017","true","1168","null","Ghana","GH","Upper East","Upper East","sensitive","sensitive","undetermined","undetermined","resistant","undetermined"
"SPT20488","2017","false","1168","null","Ghana","GH","Upper East","Upper East","null","null","null","null","null","null"
"SPT20489","2017","true","1168","null","Ghana","GH","Upper East","Upper East","undetermined","sensitive","undetermined","undetermined","resistant","sensitive"
"SPT20490","2017","true","1168","null","Ghana","GH","Upper East","Upper East","sensitive","sensitive","undetermined","undetermined","resistant","resistant"
"SPT20491","2017","true","1168","null","Ghana","GH","Upper East","Upper East","sensitive","sensitive","undetermined","undetermined","undetermined","resistant"
"SPT20492","2017","true","1168","null","Ghana","GH","Upper East","Upper East","undetermined","sensitive","undetermined","undetermined","resistant","undetermined"
"SPT20493","2017","false","1168","null","Ghana","GH","Upper East","Upper East","null","null","null","null","null","null"
"SPT20494","2017","true","1168","null","Ghana","GH","Upper East","Upper East","sensitive","sensitive","sensitive","undetermined","resistant","resistant"
"SPT20495","2017","true","1168","null","Ghana","GH","Upper East","Upper East","sensitive","sensitive","undetermined","undetermined","resistant","resistant"
"SPT20496","2017","true","1168","null","Ghana","GH","Upper East","Upper East","sensitive","sensitive","undetermined","undetermined","resistant","resistant"
"SPT20497","2017","true","1168","null","Ghana","GH","Upper East","Upper East","sensitive","sensitive","undetermined","sensitive","resistant","resistant"
"SPT20498","2017","true","1168","null","Ghana","GH","Upper East","Upper East","undetermined","sensitive","undetermined","undetermined","resistant","resistant"
"SPT20499","2017","true","1168","null","Ghana","GH","Upper East","Upper East","sensitive","sensitive","undetermined","undetermined","resistant","resistant"
"SPT20500","2017","true","1168","null","Ghana","GH","Upper East","Upper East","sensitive","sensitive","undetermined","undetermined","resistant","resistant"
"SPT20501","2017","true","1168","null","Ghana","GH","Upper East","Upper East","sensitive","sensitive","undetermined","sensitive","resistant","resistant"
"SPT20502","2017","false","1168","null","Ghana","GH","Upper East","Upper East","null","null","null","null","null","null"
"SPT20503","2017","true","1168","null","Ghana","GH","Upper East","Upper East","sensitive","sensitive","undetermined","undetermined","resistant","resistant"
"SPT20504","2017","true","1168","null","Ghana","GH","Upper East","Upper East","sensitive","sensitive","undetermined","undetermined","resistant","resistant"
"SPT20505","2017","true","1168","null","Ghana","GH","Upper East","Upper East","sensitive","sensitive","undetermined","undetermined","resistant","resistant"
"SPT20506","2017","true","1168","null","Ghana","GH","Upper East","Upper East","sensitive","sensitive","undetermined","undetermined","resistant","resistant"
"SPT20507","2017","true","1168","null","Ghana","GH","Upper East","Upper East","sensitive","sensitive","undetermined","undetermined","resistant","undetermined"
"SPT20508","2017","false","1168","null","Ghana","GH","Upper East","Upper East","null","null","null","null","null","null"
"SPT20509","2017","true","1168","null","Ghana","GH","Upper East","Upper East","sensitive","sensitive","undetermined","undetermined","resistant","resistant"
"SPT20510","2017","true","1168","null","Ghana","GH","Upper East","Upper East","sensitive","sensitive","undetermined","undetermined","resistant","resistant"
"SPT20511","2017","true","1168","null","Ghana","GH","Upper East","Upper East","sensitive","sensitive","undetermined","undetermined","resistant","resistant"
"SPT20512","2017","true","1168","null","Ghana","GH","Upper East","Upper East","sensitive","sensitive","sensitive","sensitive","resistant","resistant"
"SPT20513","2017","true","1168","null","Ghana","GH","Upper East","Upper East","sensitive","sensitive","undetermined","undetermined","resistant","sensitive"
"SPT20515","2017","false","1168","null","Ghana","GH","Upper East","Upper East","null","null","null","null","null","null"
"SPT20516","2017","false","1168","null","Ghana","GH","Upper East","Upper East","null","null","null","null","null","null"
"SPT20517","2017","true","1168","null","Ghana","GH","Upper East","Upper East","sensitive","sensitive","sensitive","sensitive","undetermined","undetermined"
"SPT20518","2017","false","1168","null","Ghana","GH","Upper East","Upper East","null","null","null","null","null","null"
"SPT20519","2017","true","1168","null","Ghana","GH","Upper East","Upper East","sensitive","sensitive","undetermined","undetermined","undetermined","resistant"
"SPT20520","2017","true","1168","null","Ghana","GH","Upper East","Upper East","sensitive","sensitive","undetermined","undetermined","undetermined","resistant"
"SPT20521","2017","true","1168","null","Ghana","GH","Upper East","Upper East","sensitive","sensitive","sensitive","sensitive","resistant","resistant"
"SPT20522","2017","false","1168","null","Ghana","GH","Upper East","Upper East","null","null","null","null","null","null"
"SPT20523","2017","true","1168","null","Ghana","GH","Upper East","Upper East","sensitive","sensitive","sensitive","sensitive","resistant","resistant"
"SPT20524","2017","true","1168","null","Ghana","GH","Upper East","Upper East","sensitive","sensitive","undetermined","undetermined","resistant","resistant"
"SPT20525","2017","false","1168","null","Ghana","GH","Upper East","Upper East","null","null","null","null","null","null"
"SPT20526","2017","true","1168","null","Ghana","GH","Upper East","Upper East","sensitive","sensitive","undetermined","undetermined","resistant","sensitive"
"SPT20527","2017","true","1168","null","Ghana","GH","Upper East","Upper East","sensitive","sensitive","sensitive","undetermined","resistant","resistant"
"SPT20528","2017","false","1168","null","Ghana","GH","Upper East","Upper East","null","null","null","null","null","null"
"SPT20529","2017","true","1168","null","Ghana","GH","Upper East","Upper East","sensitive","sensitive","undetermined","undetermined","resistant","resistant"
"SPT20530","2017","true","1168","null","Ghana","GH","Upper East","Upper East","sensitive","sensitive","undetermined","undetermined","resistant","resistant"
"SPT20531","2017","true","1168","null","Ghana","GH","Upper East","Upper East","undetermined","sensitive","undetermined","undetermined","resistant","undetermined"
"SPT20532","2017","true","1168","null","Ghana","GH","Upper East","Upper East","sensitive","sensitive","undetermined","undetermined","resistant","resistant"
"SPT20533","2017","true","1168","null","Ghana","GH","Upper East","Upper East","sensitive","sensitive","undetermined","undetermined","resistant","resistant"
"SPT20534","2017","true","1168","null","Ghana","GH","Upper East","Upper East","undetermined","undetermined","undetermined","undetermined","resistant","resistant"
"SPT20535","2017","false","1168","null","Ghana","GH","Upper East","Upper East","null","null","null","null","null","null"
"SPT20536","2017","true","1168","null","Ghana","GH","Upper East","Upper East","sensitive","sensitive","undetermined","undetermined","resistant","resistant"
"SPT20537","2017","true","1168","null","Ghana","GH","Upper East","Upper East","sensitive","sensitive","undetermined","undetermined","undetermined","resistant"
"SPT20538","2017","true","1168","null","Ghana","GH","Upper East","Upper East","sensitive","sensitive","undetermined","undetermined","resistant","undetermined"
"SPT20539","2017","true","1168","null","Ghana","GH","Upper East","Upper East","sensitive","sensitive","sensitive","undetermined","undetermined","resistant"
"SPT20540","2017","true","1168","null","Ghana","GH","Upper East","Upper East","sensitive","sensitive","undetermined","undetermined","resistant","undetermined"
"SPT20541","2017","true","1168","null","Ghana","GH","Upper East","Upper East","sensitive","sensitive","undetermined","undetermined","resistant","resistant"
"SPT20542","2017","true","1168","null","Ghana","GH","Upper East","Upper East","sensitive","sensitive","undetermined","undetermined","resistant","resistant"
"SPT20543","2017","true","1168","null","Ghana","GH","Upper East","Upper East","undetermined","sensitive","undetermined","undetermined","resistant","resistant"
"SPT20544","2017","true","1168","null","Ghana","GH","Upper East","Upper East","sensitive","sensitive","sensitive","sensitive","resistant","undetermined"
"SPT20545","2017","true","1168","null","Ghana","GH","Upper East","Upper East","undetermined","sensitive","undetermined","undetermined","resistant","resistant"
"SPT20546","2017","true","1168","null","Ghana","GH","Upper East","Upper East","sensitive","sensitive","undetermined","undetermined","resistant","undetermined"
"SPT20547","2017","true","1168","null","Ghana","GH","Upper East","Upper East","sensitive","sensitive","undetermined","undetermined","resistant","resistant"
"SPT20548","2017","true","1168","null","Ghana","GH","Upper East","Upper East","sensitive","sensitive","undetermined","undetermined","resistant","undetermined"
"SPT20549","2017","true","1168","null","Ghana","GH","Upper East","Upper East","sensitive","sensitive","undetermined","undetermined","resistant","resistant"
"SPT20550","2017","true","1168","null","Ghana","GH","Upper East","Upper East","sensitive","sensitive","undetermined","sensitive","resistant","resistant"
"SPT20551","2017","true","1168","null","Ghana","GH","Upper East","Upper East","sensitive","sensitive","undetermined","undetermined","undetermined","resistant"
"SPT20552","2017","true","1168","null","Ghana","GH","Upper East","Upper East","sensitive","sensitive","undetermined","undetermined","resistant","resistant"
"SPT20553","2017","true","1168","null","Ghana","GH","Upper East","Upper East","sensitive","sensitive","undetermined","undetermined","undetermined","undetermined"
"SPT20554","2017","true","1168","null","Ghana","GH","Upper East","Upper East","undetermined","sensitive","undetermined","undetermined","resistant","resistant"
"SPT20555","2017","true","1168","null","Ghana","GH","Upper East","Upper East","sensitive","sensitive","undetermined","sensitive","sensitive","sensitive"
"SPT20556","2017","true","1168","null","Ghana","GH","Upper East","Upper East","sensitive","undetermined","undetermined","undetermined","resistant","undetermined"
"SPT20557","2017","true","1168","null","Ghana","GH","Upper East","Upper East","sensitive","sensitive","undetermined","undetermined","resistant","resistant"
"SPT20558","2017","true","1168","null","Ghana","GH","Upper East","Upper East","sensitive","sensitive","undetermined","undetermined","resistant","resistant"
"SPT20559","2017","true","1168","null","Ghana","GH","Upper East","Upper East","sensitive","sensitive","undetermined","undetermined","resistant","resistant"
"SPT20560","2017","true","1168","null","Ghana","GH","Upper East","Upper East","sensitive","sensitive","undetermined","undetermined","resistant","resistant"
"SPT20561","2017","true","1168","null","Ghana","GH","Upper East","Upper East","sensitive","sensitive","sensitive","undetermined","sensitive","resistant"
"SPT20562","2017","true","1168","null","Ghana","GH","Upper East","Upper East","sensitive","sensitive","undetermined","undetermined","resistant","resistant"
"SPT20563","2017","true","1168","null","Ghana","GH","Upper East","Upper East","sensitive","sensitive","undetermined","undetermined","resistant","resistant"
"SPT20564","2017","true","1168","null","Ghana","GH","Upper East","Upper East","sensitive","sensitive","undetermined","undetermined","resistant","resistant"
"SPT20565","2017","true","1168","null","Ghana","GH","Upper East","Upper East","undetermined","sensitive","undetermined","undetermined","undetermined","undetermined"
"SPT20566","2017","true","1168","null","Ghana","GH","Upper East","Upper East","undetermined","sensitive","undetermined","undetermined","resistant","resistant"
"SPT20567","2017","true","1168","null","Ghana","GH","Upper East","Upper East","sensitive","sensitive","undetermined","undetermined","resistant","resistant"
"SPT20568","2017","true","1168","null","Ghana","GH","Upper East","Upper East","sensitive","sensitive","undetermined","undetermined","resistant","undetermined"
"SPT20569","2017","true","1168","null","Ghana","GH","Upper East","Upper East","sensitive","sensitive","sensitive","sensitive","undetermined","undetermined"
"SPT20570","2017","false","1168","null","Ghana","GH","Upper East","Upper East","null","null","null","null","null","null"
"SPT20571","2017","true","1168","null","Ghana","GH","Upper East","Upper East","sensitive","sensitive","sensitive","sensitive","resistant","resistant"
"SPT21248","2017","false","1168","null","Ghana","GH","Upper East","Upper East","null","null","null","null","null","null"
"SPT21249","2017","true","1168","null","Ghana","GH","Upper East","Upper East","sensitive","sensitive","undetermined","undetermined","resistant","resistant"
"SPT21250","2017","true","1168","null","Ghana","GH","Upper East","Upper East","sensitive","sensitive","undetermined","undetermined","resistant","resistant"
"SPT21251","2017","true","1168","null","Ghana","GH","Upper East","Upper East","sensitive","sensitive","sensitive","sensitive","undetermined","resistant"
"SPT21252","2017","false","1168","null","Ghana","GH","Upper East","Upper East","null","null","null","null","null","null"
"SPT21255","2017","true","1168","null","Ghana","GH","Upper East","Upper East","sensitive","sensitive","undetermined","undetermined","resistant","resistant"
"SPT21261","2017","true","1168","null","Ghana","GH","Upper East","Upper East","sensitive","sensitive","undetermined","undetermined","resistant","resistant"
"SPT21270","2017","true","1168","null","Ghana","GH","Upper East","Upper East","sensitive","sensitive","undetermined","undetermined","resistant","resistant"
"SPT21271","2017","true","1168","null","Ghana","GH","Upper East","Upper East","sensitive","sensitive","undetermined","undetermined","resistant","resistant"
"SPT21272","2017","false","1168","null","Ghana","GH","Upper East","Upper East","null","null","null","null","null","null"
"SPT21277","2017","true","1168","null","Ghana","GH","Upper East","Upper East","sensitive","sensitive","undetermined","undetermined","resistant","resistant"
"SPT21278","2017","true","1168","null","Ghana","GH","Upper East","Upper East","sensitive","sensitive","undetermined","undetermined","resistant","resistant"
"SPT21279","2017","true","1168","null","Ghana","GH","Upper East","Upper East","sensitive","sensitive","undetermined","undetermined","resistant","resistant"
"SPT21281","2017","true","1168","null","Ghana","GH","Upper East","Upper East","sensitive","sensitive","undetermined","undetermined","resistant","resistant"
"SPT21283","2017","true","1168","null","Ghana","GH","Upper East","Upper East","sensitive","sensitive","sensitive","undetermined","resistant","resistant"
"SPT21284","2017","true","1168","null","Ghana","GH","Upper East","Upper East","sensitive","sensitive","undetermined","sensitive","resistant","resistant"
"SPT21294","2017","true","1168","null","Ghana","GH","Upper East","Upper East","sensitive","sensitive","sensitive","undetermined","resistant","sensitive"
"SPT21295","2017","true","1168","null","Ghana","GH","Upper East","Upper East","sensitive","sensitive","undetermined","undetermined","resistant","undetermined"
"SPT21300","2017","true","1168","null","Ghana","GH","Upper East","Upper East","sensitive","sensitive","undetermined","undetermined","resistant","resistant"
"SPT21302","2017","true","1168","null","Ghana","GH","Upper East","Upper East","sensitive","sensitive","undetermined","undetermined","resistant","resistant"
"SPT21305","2017","true","1168","null","Ghana","GH","Upper East","Upper East","sensitive","sensitive","undetermined","undetermined","resistant","resistant"
"SPT21306","2017","true","1168","null","Ghana","GH","Upper East","Upper East","sensitive","sensitive","undetermined","undetermined","sensitive","resistant"
"SPT21308","2017","false","1168","null","Ghana","GH","Upper East","Upper East","null","null","null","null","null","null"
"SPT21309","2017","true","1168","null","Ghana","GH","Upper East","Upper East","sensitive","sensitive","sensitive","sensitive","sensitive","sensitive"
"SPT21319","2017","true","1168","null","Ghana","GH","Upper East","Upper East","sensitive","sensitive","undetermined","undetermined","undetermined","resistant"
"SPT21321","2017","true","1168","null","Ghana","GH","Upper East","Upper East","sensitive","sensitive","undetermined","sensitive","resistant","resistant"
"SPT21322","2017","true","1168","null","Ghana","GH","Upper East","Upper East","undetermined","sensitive","undetermined","undetermined","sensitive","sensitive"
"SPT21323","2017","true","1168","null","Ghana","GH","Upper East","Upper East","undetermined","sensitive","undetermined","undetermined","resistant","undetermined"
"SPT21324","2017","true","1168","null","Ghana","GH","Upper East","Upper East","undetermined","sensitive","undetermined","undetermined","undetermined","resistant"
"SPT21326","2017","true","1168","null","Ghana","GH","Upper East","Upper East","sensitive","sensitive","undetermined","undetermined","resistant","resistant"
"SPT21331","2017","true","1168","null","Ghana","GH","Upper East","Upper East","sensitive","sensitive","sensitive","sensitive","sensitive","undetermined"
"SPT21979","2017","true","1168","null","Ghana","GH","Upper East","Upper East","undetermined","sensitive","undetermined","undetermined","undetermined","resistant"
"SPT22403","2017","false","1168","null","Ghana","GH","Upper East","Upper East","null","null","null","null","null","null"
"SPT22406","2017","false","1168","null","Ghana","GH","Upper East","Upper East","null","null","null","null","null","null"
"SPT22407","2017","true","1168","null","Ghana","GH","Upper East","Upper East","sensitive","sensitive","sensitive","undetermined","resistant","resistant"
"SPT22410","2017","true","1168","null","Ghana","GH","Upper East","Upper East","sensitive","sensitive","undetermined","undetermined","resistant","resistant"
"SPT22412","2017","false","1168","null","Ghana","GH","Upper East","Upper East","null","null","null","null","null","null"
"SPT22415","2017","true","1168","null","Ghana","GH","Upper East","Upper East","sensitive","sensitive","undetermined","undetermined","resistant","resistant"
"SPT22416","2017","true","1168","null","Ghana","GH","Upper East","Upper East","sensitive","sensitive","undetermined","undetermined","resistant","sensitive"
"SPT22422","2017","true","1168","null","Ghana","GH","Upper East","Upper East","sensitive","sensitive","undetermined","undetermined","resistant","resistant"
"SPT22432","2017","false","1168","null","Ghana","GH","Upper East","Upper East","null","null","null","null","null","null"
"SPT22435","2017","false","1168","null","Ghana","GH","Upper East","Upper East","null","null","null","null","null","null"
"SPT22438","2017","true","1168","null","Ghana","GH","Upper East","Upper East","sensitive","sensitive","undetermined","undetermined","resistant","resistant"
"SPT22441","2017","true","1168","null","Ghana","GH","Upper East","Upper East","sensitive","sensitive","undetermined","undetermined","resistant","resistant"
"SPT22442","2017","false","1168","null","Ghana","GH","Upper East","Upper East","null","null","null","null","null","null"
"SPT22444","2017","false","1168","null","Ghana","GH","Upper East","Upper East","null","null","null","null","null","null"
"SPT22445","2017","true","1168","null","Ghana","GH","Upper East","Upper East","sensitive","sensitive","undetermined","undetermined","resistant","resistant"
"SPT22447","2017","true","1168","null","Ghana","GH","Upper East","Upper East","sensitive","undetermined","undetermined","sensitive","resistant","resistant"
"SPT22449","2017","true","1168","null","Ghana","GH","Upper East","Upper East","sensitive","sensitive","sensitive","sensitive","resistant","resistant"
"SPT22456","2017","true","1168","null","Ghana","GH","Upper East","Upper East","sensitive","sensitive","undetermined","undetermined","sensitive","resistant"
"SPT22457","2017","true","1168","null","Ghana","GH","Upper East","Upper East","sensitive","sensitive","undetermined","undetermined","resistant","resistant"
"SPT22467","2017","true","1168","null","Ghana","GH","Upper East","Upper East","sensitive","sensitive","undetermined","undetermined","resistant","resistant"
"SPT22469","2017","true","1168","null","Ghana","GH","Upper East","Upper East","sensitive","sensitive","undetermined","sensitive","resistant","resistant"
"SPT22471","2017","true","1168","null","Ghana","GH","Upper East","Upper East","sensitive","sensitive","undetermined","undetermined","resistant","resistant"
"SPT22474","2017","true","1168","null","Ghana","GH","Upper East","Upper East","sensitive","sensitive","undetermined","undetermined","resistant","resistant"
"SPT22480","2017","true","1168","null","Ghana","GH","Upper East","Upper East","sensitive","sensitive","sensitive","undetermined","resistant","resistant"
"SPT22481","2017","false","1168","null","Ghana","GH","Upper East","Upper East","null","null","null","null","null","null"
"SPT22485","2017","true","1168","null","Ghana","GH","Upper East","Upper East","sensitive","sensitive","undetermined","undetermined","sensitive","sensitive"
"SPT22489","2017","true","1168","null","Ghana","GH","Upper East","Upper East","sensitive","sensitive","undetermined","undetermined","resistant","resistant"
"SPT22500","2017","true","1168","null","Ghana","GH","Upper East","Upper East","sensitive","sensitive","sensitive","sensitive","resistant","resistant"
"SPT22503","2017","true","1168","null","Ghana","GH","Upper East","Upper East","undetermined","sensitive","undetermined","undetermined","resistant","resistant"
"SPT22509","2017","true","1168","null","Ghana","GH","Upper East","Upper East","sensitive","sensitive","sensitive","sensitive","resistant","resistant"
"SPT22510","2017","true","1168","null","Ghana","GH","Upper East","Upper East","sensitive","sensitive","sensitive","sensitive","resistant","resistant"
"SPT22511","2017","true","1168","null","Ghana","GH","Upper East","Upper East","sensitive","sensitive","undetermined","undetermined","resistant","resistant"
"SPT22518","2017","true","1168","null","Ghana","GH","Upper East","Upper East","sensitive","sensitive","sensitive","sensitive","resistant","resistant"
"SPT22520","2017","true","1168","null","Ghana","GH","Upper East","Upper East","undetermined","sensitive","undetermined","undetermined","resistant","undetermined"
"SPT22522","2017","false","1168","null","Ghana","GH","Upper East","Upper East","null","null","null","null","null","null"
"SPT22524","2017","false","1168","null","Ghana","GH","Upper East","Upper East","null","null","null","null","null","null"
"SPT22525","2017","true","1168","null","Ghana","GH","Upper East","Upper East","sensitive","sensitive","undetermined","undetermined","resistant","resistant"
"SPT22526","2017","true","1168","null","Ghana","GH","Upper East","Upper East","sensitive","sensitive","undetermined","undetermined","sensitive","resistant"
"SPT22527","2017","true","1168","null","Ghana","GH","Upper East","Upper East","sensitive","sensitive","sensitive","sensitive","resistant","undetermined"
"SPT22529","2017","true","1168","null","Ghana","GH","Upper East","Upper East","sensitive","sensitive","sensitive","undetermined","resistant","resistant"
"SPT22536","2017","true","1168","null","Ghana","GH","Upper East","Upper East","sensitive","sensitive","sensitive","sensitive","resistant","resistant"
"SPT22539","2017","true","1168","null","Ghana","GH","Upper East","Upper East","sensitive","sensitive","sensitive","undetermined","resistant","resistant"
"SPT22541","2017","false","1168","null","Ghana","GH","Upper East","Upper East","null","null","null","null","null","null"
"SPT22545","2017","true","1168","null","Ghana","GH","Upper East","Upper East","sensitive","sensitive","sensitive","sensitive","resistant","resistant"
"SPT22547","2017","true","1168","null","Ghana","GH","Upper East","Upper East","sensitive","sensitive","sensitive","sensitive","resistant","resistant"
"SPT22551","2017","true","1168","null","Ghana","GH","Upper East","Upper East","sensitive","sensitive","sensitive","undetermined","resistant","resistant"
"SPT22552","2017","true","1168","null","Ghana","GH","Upper East","Upper East","sensitive","sensitive","undetermined","undetermined","resistant","resistant"
"SPT22553","2017","true","1168","null","Ghana","GH","Upper East","Upper East","sensitive","sensitive","sensitive","sensitive","resistant","resistant"
"SPT22554","2017","true","1168","null","Ghana","GH","Upper East","Upper East","sensitive","sensitive","undetermined","undetermined","resistant","resistant"
"SPT22555","2017","true","1168","null","Ghana","GH","Upper East","Upper East","sensitive","sensitive","undetermined","undetermined","resistant","resistant"
"SPT22556","2017","true","1168","null","Ghana","GH","Upper East","Upper East","undetermined","sensitive","undetermined","undetermined","resistant","resistant"
"SPT22557","2017","true","1168","null","Ghana","GH","Upper East","Upper East","undetermined","sensitive","undetermined","undetermined","undetermined","resistant"
"SPT22558","2017","true","1168","null","Ghana","GH","Upper East","Upper East","sensitive","sensitive","sensitive","undetermined","resistant","resistant"
"SPT22559","2017","true","1168","null","Ghana","GH","Upper East","Upper East","sensitive","sensitive","sensitive","sensitive","resistant","resistant"
"SPT22562","2017","true","1168","null","Ghana","GH","Upper East","Upper East","undetermined","sensitive","undetermined","undetermined","resistant","sensitive"
"SPT22565","2017","true","1168","null","Ghana","GH","Upper East","Upper East","sensitive","undetermined","sensitive","sensitive","resistant","resistant"
"SPT22566","2017","true","1168","null","Ghana","GH","Upper East","Upper East","undetermined","sensitive","undetermined","undetermined","resistant","resistant"
"SPT22567","2017","true","1168","null","Ghana","GH","Upper East","Upper East","sensitive","sensitive","sensitive","undetermined","resistant","resistant"
"SPT22568","2017","true","1168","null","Ghana","GH","Upper East","Upper East","sensitive","sensitive","sensitive","undetermined","resistant","resistant"
"SPT22570","2017","true","1168","null","Ghana","GH","Upper East","Upper East","sensitive","sensitive","sensitive","sensitive","resistant","undetermined"
"SPT22571","2017","true","1168","null","Ghana","GH","Upper East","Upper East","sensitive","sensitive","undetermined","undetermined","undetermined","resistant"
"SPT22572","2017","true","1168","null","Ghana","GH","Upper East","Upper East","sensitive","sensitive","sensitive","sensitive","resistant","undetermined"
"SPT22574","2017","true","1168","null","Ghana","GH","Upper East","Upper East","sensitive","sensitive","undetermined","undetermined","resistant","resistant"
"SPT22575","2017","true","1168","null","Ghana","GH","Upper East","Upper East","sensitive","sensitive","sensitive","sensitive","resistant","resistant"
"SPT22577","2017","true","1168","null","Ghana","GH","Upper East","Upper East","sensitive","sensitive","undetermined","undetermined","undetermined","resistant"
"SPT22578","2017","true","1168","null","Ghana","GH","Upper East","Upper East","sensitive","sensitive","undetermined","undetermined","resistant","undetermined"
"SPT22579","2017","false","1168","null","Ghana","GH","Upper East","Upper East","null","null","null","null","null","null"
"SPT22580","2017","true","1168","null","Ghana","GH","Upper East","Upper East","sensitive","undetermined","sensitive","sensitive","resistant","resistant"
"SPT22583","2017","false","1168","null","Ghana","GH","Upper East","Upper East","null","null","null","null","null","null"
"SPT22584","2017","true","1168","null","Ghana","GH","Upper East","Upper East","sensitive","sensitive","undetermined","sensitive","resistant","resistant"
"SPT22587","2017","true","1168","null","Ghana","GH","Upper East","Upper East","sensitive","sensitive","undetermined","undetermined","resistant","resistant"
"SPT22588","2017","true","1168","null","Ghana","GH","Upper East","Upper East","sensitive","sensitive","undetermined","undetermined","resistant","resistant"
"SPT22589","2017","false","1168","null","Ghana","GH","Upper East","Upper East","null","null","null","null","null","null"
"SPT22591","2017","true","1168","null","Ghana","GH","Upper East","Upper East","sensitive","sensitive","undetermined","undetermined","resistant","resistant"
"SPT22592","2017","true","1168","null","Ghana","GH","Upper East","Upper East","undetermined","sensitive","undetermined","undetermined","resistant","undetermined"
"SPT22593","2017","true","1168","null","Ghana","GH","Upper East","Upper East","sensitive","sensitive","undetermined","undetermined","undetermined","resistant"
"SPT22594","2017","true","1168","null","Ghana","GH","Upper East","Upper East","sensitive","sensitive","undetermined","undetermined","resistant","resistant"
"SPT22598","2017","true","1168","null","Ghana","GH","Upper East","Upper East","sensitive","sensitive","undetermined","undetermined","resistant","undetermined"
"SPT22600","2017","true","1168","null","Ghana","GH","Upper East","Upper East","undetermined","sensitive","undetermined","undetermined","resistant","resistant"
"SPT22601","2017","false","1168","null","Ghana","GH","Upper East","Upper East","null","null","null","null","null","null"
"SPT22603","2017","false","1168","null","Ghana","GH","Upper East","Upper East","null","null","null","null","null","null"
"SPT22604","2017","false","1168","null","Ghana","GH","Upper East","Upper East","null","null","null","null","null","null"
"SPT22605","2017","true","1168","null","Ghana","GH","Upper East","Upper East","sensitive","sensitive","undetermined","undetermined","resistant","resistant"
"SPT22606","2017","true","1168","null","Ghana","GH","Upper East","Upper East","sensitive","sensitive","undetermined","undetermined","undetermined","undetermined"
"SPT22607","2017","true","1168","null","Ghana","GH","Upper East","Upper East","sensitive","sensitive","undetermined","undetermined","resistant","resistant"
"SPT22608","2017","true","1168","null","Ghana","GH","Upper East","Upper East","undetermined","sensitive","undetermined","undetermined","resistant","resistant"
"SPT22610","2017","true","1168","null","Ghana","GH","Upper East","Upper East","sensitive","sensitive","undetermined","undetermined","resistant","resistant"
"SPT22611","2017","false","1168","null","Ghana","GH","Upper East","Upper East","null","null","null","null","null","null"
"SPT22612","2017","true","1168","null","Ghana","GH","Upper East","Upper East","sensitive","sensitive","undetermined","sensitive","resistant","resistant"
"SPT22613","2017","true","1168","null","Ghana","GH","Upper East","Upper East","sensitive","sensitive","undetermined","undetermined","resistant","resistant"
"SPT22614","2017","false","1168","null","Ghana","GH","Upper East","Upper East","null","null","null","null","null","null"
"SPT22615","2017","true","1168","null","Ghana","GH","Upper East","Upper East","sensitive","resistant","undetermined","undetermined","resistant","resistant"
"SPT22616","2017","true","1168","null","Ghana","GH","Upper East","Upper East","sensitive","sensitive","undetermined","undetermined","resistant","resistant"
"SPT22617","2017","true","1168","null","Ghana","GH","Upper East","Upper East","undetermined","sensitive","undetermined","undetermined","undetermined","resistant"
"SPT22619","2017","true","1168","null","Ghana","GH","Upper East","Upper East","sensitive","sensitive","undetermined","sensitive","resistant","resistant"
"SPT22620","2017","true","1168","null","Ghana","GH","Upper East","Upper East","sensitive","sensitive","undetermined","undetermined","resistant","resistant"
"SPT22621","2017","true","1168","null","Ghana","GH","Upper East","Upper East","sensitive","sensitive","sensitive","sensitive","resistant","resistant"
"SPT22628","2017","true","1168","null","Ghana","GH","Upper East","Upper East","undetermined","sensitive","undetermined","undetermined","undetermined","resistant"
"SPT22629","2017","false","1168","null","Ghana","GH","Upper East","Upper East","null","null","null","null","null","null"
"SPT22634","2017","true","1168","null","Ghana","GH","Upper East","Upper East","sensitive","sensitive","undetermined","undetermined","resistant","undetermined"
"SPT22637","2017","true","1168","null","Ghana","GH","Upper East","Upper East","sensitive","sensitive","undetermined","undetermined","resistant","undetermined"
"SPT22638","2017","true","1168","null","Ghana","GH","Upper East","Upper East","sensitive","sensitive","sensitive","undetermined","resistant","resistant"
"SPT22640","2017","true","1168","null","Ghana","GH","Upper East","Upper East","sensitive","sensitive","undetermined","undetermined","resistant","resistant"
"SPT22642","2017","true","1168","null","Ghana","GH","Upper East","Upper East","sensitive","sensitive","undetermined","sensitive","resistant","resistant"
"SPT22646","2017","false","1168","null","Ghana","GH","Upper East","Upper East","null","null","null","null","null","null"
"SPT22649","2017","true","1168","null","Ghana","GH","Upper East","Upper East","sensitive","sensitive","undetermined","undetermined","resistant","resistant"
"SPT22651","2017","false","1168","null","Ghana","GH","Upper East","Upper East","null","null","null","null","null","null"
"SPT26830","2017","false","1168","null","Ghana","GH","Upper East","Upper East","null","null","null","null","null","null"
"SPT26833","2017","true","1168","null","Ghana","GH","Upper East","Upper East","undetermined","sensitive","undetermined","undetermined","resistant","resistant"
"SPT26835","2017","true","1168","null","Ghana","GH","Upper East","Upper East","undetermined","sensitive","undetermined","undetermined","undetermined","resistant"
"SPT26836","2017","false","1168","null","Ghana","GH","Upper East","Upper East","null","null","null","null","null","null"
"SPT26837","2017","true","1168","null","Ghana","GH","Upper East","Upper East","undetermined","sensitive","undetermined","undetermined","resistant","resistant"
"SPT26839","2017","false","1168","null","Ghana","GH","Upper East","Upper East","null","null","null","null","null","null"
"SPT26840","2017","false","1168","null","Ghana","GH","Upper East","Upper East","null","null","null","null","null","null"
"SPT26842","2017","false","1168","null","Ghana","GH","Upper East","Upper East","null","null","null","null","null","null"
"SPT26844","2017","false","1168","null","Ghana","GH","Upper East","Upper East","null","null","null","null","null","null"
"SPT26845","2017","false","1168","null","Ghana","GH","Upper East","Upper East","null","null","null","null","null","null"
"SPT26846","2017","true","1168","null","Ghana","GH","Upper East","Upper East","undetermined","sensitive","undetermined","undetermined","undetermined","resistant"
"SPT26847","2017","true","1168","null","Ghana","GH","Upper East","Upper East","sensitive","sensitive","sensitive","sensitive","resistant","resistant"
"SPT26848","2017","false","1168","null","Ghana","GH","Upper East","Upper East","null","null","null","null","null","null"
"SPT26849","2017","true","1168","null","Ghana","GH","Upper East","Upper East","sensitive","sensitive","undetermined","undetermined","resistant","resistant"
"SPT26850","2017","false","1168","null","Ghana","GH","Upper East","Upper East","null","null","null","null","null","null"
"SPT26851","2017","false","1168","null","Ghana","GH","Upper East","Upper East","null","null","null","null","null","null"
"SPT26852","2017","false","1168","null","Ghana","GH","Upper East","Upper East","null","null","null","null","null","null"
"SPT26853","2017","true","1168","null","Ghana","GH","Upper East","Upper East","undetermined","sensitive","undetermined","undetermined","resistant","resistant"
"SPT26854","2017","false","1168","null","Ghana","GH","Upper East","Upper East","null","null","null","null","null","null"
"SPT26855","2017","false","1168","null","Ghana","GH","Upper East","Upper East","null","null","null","null","null","null"
"SPT26856","2017","false","1168","null","Ghana","GH","Upper East","Upper East","null","null","null","null","null","null"
"SPT26857","2017","true","1168","null","Ghana","GH","Upper East","Upper East","sensitive","sensitive","undetermined","undetermined","resistant","resistant"
"SPT26858","2017","false","1168","null","Ghana","GH","Upper East","Upper East","null","null","null","null","null","null"
"SPT26859","2017","true","1168","null","Ghana","GH","Upper East","Upper East","undetermined","sensitive","undetermined","undetermined","resistant","resistant"
"SPT26860","2017","true","1168","null","Ghana","GH","Upper East","Upper East","undetermined","sensitive","undetermined","undetermined","resistant","resistant"
"SPT26861","2017","true","1168","null","Ghana","GH","Upper East","Upper East","sensitive","sensitive","undetermined","undetermined","resistant","undetermined"
"SPT26862","2017","true","1168","null","Ghana","GH","Upper East","Upper East","sensitive","sensitive","undetermined","undetermined","resistant","resistant"
"SPT26863","2017","false","1168","null","Ghana","GH","Upper East","Upper East","null","null","null","null","null","null"
"SPT26864","2017","true","1168","null","Ghana","GH","Upper East","Upper East","undetermined","sensitive","undetermined","undetermined","resistant","resistant"
"SPT26865","2017","true","1168","null","Ghana","GH","Upper East","Upper East","sensitive","sensitive","undetermined","undetermined","resistant","resistant"
"SPT26866","2017","true","1168","null","Ghana","GH","Upper East","Upper East","undetermined","sensitive","undetermined","undetermined","sensitive","resistant"
"SPT26867","2017","true","1168","null","Ghana","GH","Upper East","Upper East","sensitive","sensitive","sensitive","sensitive","resistant","resistant"
"SPT26868","2017","true","1168","null","Ghana","GH","Upper East","Upper East","sensitive","sensitive","undetermined","undetermined","resistant","sensitive"
"SPT26869","2017","false","1168","null","Ghana","GH","Upper East","Upper East","null","null","null","null","null","null"
"SPT26870","2017","true","1168","null","Ghana","GH","Upper East","Upper East","undetermined","sensitive","undetermined","undetermined","sensitive","sensitive"
"SPT26871","2017","false","1168","null","Ghana","GH","Upper East","Upper East","null","null","null","null","null","null"
"SPT26872","2017","false","1168","null","Ghana","GH","Upper East","Upper East","null","null","null","null","null","null"
"SPT26873","2017","false","1168","null","Ghana","GH","Upper East","Upper East","null","null","null","null","null","null"
"SPT26874","2017","true","1168","null","Ghana","GH","Upper East","Upper East","sensitive","sensitive","undetermined","undetermined","resistant","resistant"
"SPT26875","2017","true","1168","null","Ghana","GH","Upper East","Upper East","sensitive","sensitive","sensitive","undetermined","sensitive","resistant"
"SPT26876","2017","false","1168","null","Ghana","GH","Upper East","Upper East","null","null","null","null","null","null"
"SPT26877","2017","true","1168","null","Ghana","GH","Upper East","Upper East","sensitive","sensitive","undetermined","undetermined","resistant","resistant"
"SPT26878","2017","true","1168","null","Ghana","GH","Upper East","Upper East","sensitive","sensitive","undetermined","sensitive","resistant","resistant"
"SPT26879","2017","true","1168","null","Ghana","GH","Upper East","Upper East","undetermined","sensitive","undetermined","undetermined","resistant","resistant"
"SPT26880","2017","false","1168","null","Ghana","GH","Upper East","Upper East","null","null","null","null","null","null"
"SPT26881","2017","false","1168","null","Ghana","GH","Upper East","Upper East","null","null","null","null","null","null"
"SPT26882","2017","false","1168","null","Ghana","GH","Upper East","Upper East","null","null","null","null","null","null"
"SPT26883","2017","true","1168","null","Ghana","GH","Upper East","Upper East","sensitive","sensitive","undetermined","undetermined","undetermined","undetermined"
"SPT26884","2017","true","1168","null","Ghana","GH","Upper East","Upper East","sensitive","sensitive","undetermined","undetermined","resistant","resistant"
"SPT26885","2017","true","1168","null","Ghana","GH","Upper East","Upper East","sensitive","sensitive","undetermined","undetermined","resistant","resistant"
"SPT26886","2017","true","1168","null","Ghana","GH","Upper East","Upper East","sensitive","sensitive","undetermined","undetermined","undetermined","resistant"
"SPT26887","2017","false","1168","null","Ghana","GH","Upper East","Upper East","null","null","null","null","null","null"
"SPT26888","2017","true","1168","null","Ghana","GH","Upper East","Upper East","sensitive","sensitive","sensitive","sensitive","resistant","undetermined"
"SPT26889","2017","true","1168","null","Ghana","GH","Upper East","Upper East","undetermined","sensitive","undetermined","undetermined","resistant","undetermined"
"SPT26890","2017","false","1168","null","Ghana","GH","Upper East","Upper East","null","null","null","null","null","null"
"SPT26891","2017","true","1168","null","Ghana","GH","Upper East","Upper East","undetermined","sensitive","undetermined","undetermined","sensitive","undetermined"
"SPT26892","2017","true","1168","null","Ghana","GH","Upper East","Upper East","sensitive","sensitive","sensitive","sensitive","resistant","resistant"
"SPT26893","2017","false","1168","null","Ghana","GH","Upper East","Upper East","null","null","null","null","null","null"
"SPT26894","2017","true","1168","null","Ghana","GH","Upper East","Upper East","undetermined","sensitive","undetermined","undetermined","sensitive","resistant"
"SPT26895","2017","true","1168","null","Ghana","GH","Upper East","Upper East","sensitive","sensitive","undetermined","undetermined","resistant","undetermined"
"SPT26896","2017","false","1168","null","Ghana","GH","Upper East","Upper East","null","null","null","null","null","null"
"SPT26897","2017","true","1168","null","Ghana","GH","Upper East","Upper East","sensitive","sensitive","undetermined","undetermined","resistant","resistant"
"SPT26899","2017","true","1168","null","Ghana","GH","Upper East","Upper East","undetermined","sensitive","undetermined","undetermined","resistant","resistant"
"SPT26900","2017","true","1168","null","Ghana","GH","Upper East","Upper East","undetermined","sensitive","undetermined","undetermined","sensitive","sensitive"
"SPT26901","2017","false","1168","null","Ghana","GH","Upper East","Upper East","null","null","null","null","null","null"
"SPT26902","2017","false","1168","null","Ghana","GH","Upper East","Upper East","null","null","null","null","null","null"
"SPT26903","2017","false","1168","null","Ghana","GH","Upper East","Upper East","null","null","null","null","null","null"
"SPT26904","2017","true","1168","null","Ghana","GH","Upper East","Upper East","sensitive","sensitive","undetermined","undetermined","resistant","resistant"
"SPT26905","2017","false","1168","null","Ghana","GH","Upper East","Upper East","null","null","null","null","null","null"
"SPT26906","2017","true","1168","null","Ghana","GH","Upper East","Upper East","sensitive","sensitive","undetermined","undetermined","resistant","resistant"
"SPT26907","2017","true","1168","null","Ghana","GH","Upper East","Upper East","sensitive","sensitive","sensitive","sensitive","resistant","resistant"
"SPT26908","2017","true","1168","null","Ghana","GH","Upper East","Upper East","undetermined","sensitive","undetermined","undetermined","undetermined","resistant"
"SPT26909","2017","true","1168","null","Ghana","GH","Upper East","Upper East","undetermined","sensitive","undetermined","undetermined","undetermined","resistant"
"SPT26910","2017","true","1168","null","Ghana","GH","Upper East","Upper East","sensitive","sensitive","undetermined","undetermined","sensitive","sensitive"
"SPT26911","2017","true","1168","null","Ghana","GH","Upper East","Upper East","undetermined","sensitive","undetermined","undetermined","resistant","resistant"
"SPT26912","2017","false","1168","null","Ghana","GH","Upper East","Upper East","null","null","null","null","null","null"
"SPT26913","2017","false","1168","null","Ghana","GH","Upper East","Upper East","null","null","null","null","null","null"
"SPT26914","2017","false","1168","null","Ghana","GH","Upper East","Upper East","null","null","null","null","null","null"
"SPT26915","2017","true","1168","null","Ghana","GH","Upper East","Upper East","undetermined","sensitive","undetermined","undetermined","resistant","resistant"
"SPT26918","2017","true","1168","null","Ghana","GH","Upper East","Upper East","undetermined","sensitive","undetermined","undetermined","resistant","resistant"
"SPT26919","2017","true","1168","null","Ghana","GH","Upper East","Upper East","sensitive","sensitive","undetermined","sensitive","resistant","resistant"
"SPT26920","2017","false","1168","null","Ghana","GH","Upper East","Upper East","null","null","null","null","null","null"
"SPT26921","2017","false","1168","null","Ghana","GH","Upper East","Upper East","null","null","null","null","null","null"
"SPT26922","2017","true","1168","null","Ghana","GH","Upper East","Upper East","undetermined","sensitive","undetermined","undetermined","resistant","resistant"
"SPT26923","2017","false","1168","null","Ghana","GH","Upper East","Upper East","null","null","null","null","null","null"
"SPT26924","2017","false","1168","null","Ghana","GH","Upper East","Upper East","null","null","null","null","null","null"
"SPT26925","2017","true","1168","null","Ghana","GH","Upper East","Upper East","sensitive","sensitive","undetermined","undetermined","resistant","resistant"
"SPT26926","2017","true","1168","null","Ghana","GH","Upper East","Upper East","sensitive","resistant","undetermined","undetermined","resistant","resistant"
"SPT26927","2017","true","1168","null","Ghana","GH","Upper East","Upper East","sensitive","sensitive","undetermined","undetermined","resistant","resistant"
"SPT26928","2017","true","1168","null","Ghana","GH","Upper East","Upper East","sensitive","sensitive","undetermined","undetermined","resistant","resistant"
"SPT26929","2017","true","1168","null","Ghana","GH","Upper East","Upper East","sensitive","sensitive","undetermined","undetermined","resistant","resistant"
"SPT26931","2017","true","1168","null","Ghana","GH","Upper East","Upper East","sensitive","sensitive","undetermined","undetermined","resistant","resistant"
"SPT26932","2017","true","1168","null","Ghana","GH","Upper East","Upper East","undetermined","sensitive","undetermined","undetermined","resistant","resistant"
"SPT26933","2017","false","1168","null","Ghana","GH","Upper East","Upper East","null","null","null","null","null","null"
"SPT26934","2017","false","1168","null","Ghana","GH","Upper East","Upper East","null","null","null","null","null","null"
"SPT26935","2017","true","1168","null","Ghana","GH","Upper East","Upper East","sensitive","sensitive","undetermined","undetermined","resistant","undetermined"
"SPT26936","2017","true","1168","null","Ghana","GH","Upper East","Upper East","sensitive","sensitive","sensitive","sensitive","sensitive","undetermined"
"SPT26937","2017","true","1168","null","Ghana","GH","Upper East","Upper East","sensitive","sensitive","undetermined","undetermined","resistant","sensitive"
"SPT26938","2017","true","1168","null","Ghana","GH","Upper East","Upper East","undetermined","undetermined","undetermined","undetermined","resistant","resistant"
"SPT26939","2017","true","1168","null","Ghana","GH","Upper East","Upper East","sensitive","undetermined","undetermined","undetermined","resistant","resistant"
"SPT26940","2017","true","1168","null","Ghana","GH","Upper East","Upper East","undetermined","sensitive","undetermined","undetermined","resistant","resistant"
"SPT26942","2017","true","1168","null","Ghana","GH","Upper East","Upper East","sensitive","sensitive","undetermined","undetermined","resistant","resistant"
"SPT26943","2017","true","1168","null","Ghana","GH","Upper East","Upper East","sensitive","sensitive","undetermined","sensitive","resistant","sensitive"
"SPT26944","2017","true","1168","null","Ghana","GH","Upper East","Upper East","sensitive","sensitive","undetermined","sensitive","resistant","resistant"
"SPT26945","2017","true","1168","null","Ghana","GH","Upper East","Upper East","sensitive","sensitive","undetermined","undetermined","resistant","resistant"
"SPT26946","2017","true","1168","null","Ghana","GH","Upper East","Upper East","sensitive","sensitive","undetermined","undetermined","resistant","resistant"
"SPT26947","2017","true","1168","null","Ghana","GH","Upper East","Upper East","sensitive","sensitive","undetermined","undetermined","undetermined","resistant"
"SPT26949","2017","false","1168","null","Ghana","GH","Upper East","Upper East","null","null","null","null","null","null"
"SPT26950","2017","true","1168","null","Ghana","GH","Upper East","Upper East","sensitive","sensitive","undetermined","undetermined","resistant","resistant"
"SPT26951","2017","true","1168","null","Ghana","GH","Upper East","Upper East","sensitive","sensitive","undetermined","undetermined","resistant","resistant"
"SPT26952","2017","false","1168","null","Ghana","GH","Upper East","Upper East","null","null","null","null","null","null"
"SPT26953","2017","false","1168","null","Ghana","GH","Upper East","Upper East","null","null","null","null","null","null"
"SPT26955","2017","true","1168","null","Ghana","GH","Upper East","Upper East","sensitive","sensitive","undetermined","undetermined","resistant","resistant"
"SPT26956","2017","false","1168","null","Ghana","GH","Upper East","Upper East","null","null","null","null","null","null"
"SPT26957","2017","false","1168","null","Ghana","GH","Upper East","Upper East","null","null","null","null","null","null"
"SPT26958","2017","false","1168","null","Ghana","GH","Upper East","Upper East","null","null","null","null","null","null"
"SPT26959","2017","false","1168","null","Ghana","GH","Upper East","Upper East","null","null","null","null","null","null"
"SPT26960","2017","false","1168","null","Ghana","GH","Upper East","Upper East","null","null","null","null","null","null"
"SPT26961","2017","true","1168","null","Ghana","GH","Upper East","Upper East","undetermined","sensitive","undetermined","undetermined","undetermined","resistant"
"SPT26962","2017","false","1168","null","Ghana","GH","Upper East","Upper East","null","null","null","null","null","null"
"SPT26963","2017","true","1168","null","Ghana","GH","Upper East","Upper East","sensitive","sensitive","undetermined","undetermined","resistant","resistant"
"SPT26964","2017","false","1168","null","Ghana","GH","Upper East","Upper East","null","null","null","null","null","null"
"SPT26965","2017","false","1168","null","Ghana","GH","Upper East","Upper East","null","null","null","null","null","null"
"SPT26966","2017","false","1168","null","Ghana","GH","Upper East","Upper East","null","null","null","null","null","null"
"SPT26967","2017","false","1168","null","Ghana","GH","Upper East","Upper East","null","null","null","null","null","null"
"SPT26968","2017","true","1168","null","Ghana","GH","Upper East","Upper East","sensitive","sensitive","undetermined","sensitive","undetermined","resistant"
"SPT26969","2017","false","1168","null","Ghana","GH","Upper East","Upper East","null","null","null","null","null","null"
"SPT26970","2017","false","1168","null","Ghana","GH","Upper East","Upper East","null","null","null","null","null","null"
"SPT26971","2017","false","1168","null","Ghana","GH","Upper East","Upper East","null","null","null","null","null","null"
"SPT26972","2017","true","1168","null","Ghana","GH","Upper East","Upper East","sensitive","sensitive","sensitive","sensitive","resistant","resistant"
"SPT26973","2017","true","1168","null","Ghana","GH","Upper East","Upper East","sensitive","sensitive","sensitive","sensitive","resistant","resistant"
"SPT26974","2017","false","1168","null","Ghana","GH","Upper East","Upper East","null","null","null","null","null","null"
"SPT26975","2017","false","1168","null","Ghana","GH","Upper East","Upper East","null","null","null","null","null","null"
"SPT26976","2017","true","1168","null","Ghana","GH","Upper East","Upper East","sensitive","sensitive","undetermined","undetermined","resistant","sensitive"
"SPT26977","2017","false","1168","null","Ghana","GH","Upper East","Upper East","null","null","null","null","null","null"
"SPT26978","2017","true","1168","null","Ghana","GH","Upper East","Upper East","sensitive","sensitive","undetermined","sensitive","sensitive","resistant"
"SPT26979","2017","true","1168","null","Ghana","GH","Upper East","Upper East","sensitive","sensitive","undetermined","undetermined","resistant","resistant"
"SPT26980","2017","false","1168","null","Ghana","GH","Upper East","Upper East","null","null","null","null","null","null"
"SPT26981","2017","false","1168","null","Ghana","GH","Upper East","Upper East","null","null","null","null","null","null"
"SPT26982","2017","false","1168","null","Ghana","GH","Upper East","Upper East","null","null","null","null","null","null"
"SPT26983","2017","false","1168","null","Ghana","GH","Upper East","Upper East","null","null","null","null","null","null"
"SPT26984","2017","false","1168","null","Ghana","GH","Upper East","Upper East","null","null","null","null","null","null"
"SPT34340","2017","true","1168","null","Ghana","GH","Upper East","Upper East","sensitive","sensitive","undetermined","undetermined","resistant","resistant"
"SPT34341","2017","false","1168","null","Ghana","GH","Upper East","Upper East","null","null","null","null","null","null"
"SPT34342","2017","false","1168","null","Ghana","GH","Upper East","Upper East","null","null","null","null","null","null"
"SPT34343","2017","false","1168","null","Ghana","GH","Upper East","Upper East","null","null","null","null","null","null"
"SPT34344","2017","true","1168","null","Ghana","GH","Upper East","Upper East","sensitive","sensitive","sensitive","sensitive","resistant","resistant"
"SPT34345","2017","true","1168","null","Ghana","GH","Upper East","Upper East","undetermined","sensitive","undetermined","undetermined","undetermined","resistant"
"SPT34346","2017","false","1168","null","Ghana","GH","Upper East","Upper East","null","null","null","null","null","null"
"SPT34347","2017","false","1168","null","Ghana","GH","Upper East","Upper East","null","null","null","null","null","null"
"SPT34348","2017","false","1168","null","Ghana","GH","Upper East","Upper East","null","null","null","null","null","null"
"SPT34349","2017","true","1168","null","Ghana","GH","Upper East","Upper East","sensitive","sensitive","undetermined","undetermined","undetermined","resistant"
"SPT34350","2017","false","1168","null","Ghana","GH","Upper East","Upper East","null","null","null","null","null","null"
"SPT34351","2017","false","1168","null","Ghana","GH","Upper East","Upper East","null","null","null","null","null","null"
"SPT34352","2017","true","1168","null","Ghana","GH","Upper East","Upper East","undetermined","sensitive","undetermined","undetermined","resistant","resistant"
"SPT34353","2017","true","1168","null","Ghana","GH","Upper East","Upper East","undetermined","sensitive","undetermined","undetermined","resistant","resistant"
"SPT34354","2017","false","1168","null","Ghana","GH","Upper East","Upper East","null","null","null","null","null","null"
"SPT34355","2017","true","1168","null","Ghana","GH","Upper East","Upper East","sensitive","resistant","sensitive","sensitive","resistant","resistant"
"SPT34356","2017","true","1168","null","Ghana","GH","Upper East","Upper East","sensitive","sensitive","sensitive","sensitive","undetermined","resistant"
"SPT34357","2017","true","1168","null","Ghana","GH","Upper East","Upper East","sensitive","sensitive","undetermined","undetermined","resistant","resistant"
"SPT34358","2017","true","1168","null","Ghana","GH","Upper East","Upper East","sensitive","sensitive","undetermined","undetermined","resistant","resistant"
"SPT34359","2017","true","1168","null","Ghana","GH","Upper East","Upper East","sensitive","sensitive","undetermined","undetermined","resistant","resistant"
"SPT34360","2017","false","1168","null","Ghana","GH","Upper East","Upper East","null","null","null","null","null","null"
"SPT34361","2017","false","1168","null","Ghana","GH","Upper East","Upper East","null","null","null","null","null","null"
"SPT34362","2017","true","1168","null","Ghana","GH","Upper East","Upper East","sensitive","sensitive","sensitive","sensitive","resistant","resistant"
"SPT34363","2017","true","1168","null","Ghana","GH","Upper East","Upper East","sensitive","sensitive","undetermined","undetermined","sensitive","sensitive"
"SPT34364","2017","false","1168","null","Ghana","GH","Upper East","Upper East","null","null","null","null","null","null"
"SPT34365","2017","false","1168","null","Ghana","GH","Upper East","Upper East","null","null","null","null","null","null"
"SPT34366","2017","true","1168","null","Ghana","GH","Upper East","Upper East","sensitive","sensitive","sensitive","sensitive","resistant","resistant"
"SPT34367","2017","false","1168","null","Ghana","GH","Upper East","Upper East","null","null","null","null","null","null"
"SPT34368","2017","true","1168","null","Ghana","GH","Upper East","Upper East","sensitive","sensitive","sensitive","sensitive","resistant","resistant"
"SPT34369","2017","true","1168","null","Ghana","GH","Upper East","Upper East","sensitive","sensitive","sensitive","sensitive","sensitive","resistant"
"SPT34370","2017","true","1168","null","Ghana","GH","Upper East","Upper East","sensitive","sensitive","sensitive","sensitive","resistant","resistant"
"SPT34371","2017","true","1168","null","Ghana","GH","Upper East","Upper East","sensitive","sensitive","sensitive","sensitive","undetermined","resistant"
"SPT34372","2017","true","1168","null","Ghana","GH","Upper East","Upper East","sensitive","sensitive","undetermined","undetermined","resistant","resistant"
"SPT34373","2017","true","1168","null","Ghana","GH","Upper East","Upper East","sensitive","sensitive","sensitive","sensitive","resistant","sensitive"
"SPT34374","2017","false","1168","null","Ghana","GH","Upper East","Upper East","null","null","null","null","null","null"
"SPT34375","2017","false","1168","null","Ghana","GH","Upper East","Upper East","null","null","null","null","null","null"
"SPT34376","2017","false","1168","null","Ghana","GH","Upper East","Upper East","null","null","null","null","null","null"
"SPT34377","2017","true","1168","null","Ghana","GH","Upper East","Upper East","sensitive","sensitive","sensitive","sensitive","resistant","resistant"
"SPT34378","2017","true","1168","null","Ghana","GH","Upper East","Upper East","sensitive","sensitive","sensitive","sensitive","resistant","resistant"
"SPT34379","2017","true","1168","null","Ghana","GH","Upper East","Upper East","sensitive","sensitive","sensitive","sensitive","resistant","sensitive"
"SPT34380","2017","true","1168","null","Ghana","GH","Upper East","Upper East","sensitive","sensitive","undetermined","undetermined","resistant","resistant"
"SPT34381","2017","true","1168","null","Ghana","GH","Upper East","Upper East","sensitive","sensitive","sensitive","sensitive","resistant","resistant"
"SPT34382","2017","true","1168","null","Ghana","GH","Upper East","Upper East","sensitive","sensitive","undetermined","sensitive","resistant","resistant"
"SPT34383","2017","true","1168","null","Ghana","GH","Upper East","Upper East","sensitive","sensitive","sensitive","sensitive","resistant","resistant"
"SPT34384","2017","false","1168","null","Ghana","GH","Upper East","Upper East","null","null","null","null","null","null"
"SPT34386","2017","true","1168","null","Ghana","GH","Upper East","Upper East","sensitive","sensitive","sensitive","sensitive","resistant","resistant"
"SPT34387","2017","true","1168","null","Ghana","GH","Upper East","Upper East","sensitive","sensitive","sensitive","sensitive","resistant","resistant"
"SPT34388","2017","true","1168","null","Ghana","GH","Upper East","Upper East","sensitive","sensitive","undetermined","sensitive","resistant","resistant"
"SPT34389","2017","true","1168","null","Ghana","GH","Upper East","Upper East","sensitive","undetermined","sensitive","sensitive","undetermined","resistant"
"SPT34390","2017","true","1168","null","Ghana","GH","Upper East","Upper East","sensitive","sensitive","sensitive","sensitive","sensitive","resistant"
"SPT34391","2017","true","1168","null","Ghana","GH","Upper East","Upper East","sensitive","sensitive","sensitive","sensitive","resistant","resistant"
"SPT34393","2017","true","1168","null","Ghana","GH","Upper East","Upper East","sensitive","sensitive","undetermined","sensitive","resistant","resistant"
"SPT34394","2017","true","1168","null","Ghana","GH","Upper East","Upper East","sensitive","sensitive","undetermined","undetermined","sensitive","resistant"
"SPT34395","2017","true","1168","null","Ghana","GH","Upper East","Upper East","sensitive","sensitive","undetermined","undetermined","resistant","resistant"
"SPT34396","2017","true","1168","null","Ghana","GH","Upper East","Upper East","sensitive","sensitive","undetermined","sensitive","resistant","resistant"
"SPT34398","2017","true","1168","null","Ghana","GH","Upper East","Upper East","sensitive","sensitive","sensitive","sensitive","resistant","resistant"
"SPT34399","2017","true","1168","null","Ghana","GH","Upper East","Upper East","sensitive","sensitive","undetermined","undetermined","resistant","resistant"
"SPT34400","2017","true","1168","null","Ghana","GH","Upper East","Upper East","undetermined","sensitive","undetermined","undetermined","resistant","resistant"
"SPT34401","2017","false","1168","null","Ghana","GH","Upper East","Upper East","null","null","null","null","null","null"
"SPT34402","2017","true","1168","null","Ghana","GH","Upper East","Upper East","sensitive","sensitive","sensitive","sensitive","resistant","resistant"
"SPT34403","2017","false","1168","null","Ghana","GH","Upper East","Upper East","null","null","null","null","null","null"
"SPT34404","2017","true","1168","null","Ghana","GH","Upper East","Upper East","sensitive","sensitive","undetermined","undetermined","sensitive","resistant"
"SPT34405","2017","true","1168","null","Ghana","GH","Upper East","Upper East","sensitive","sensitive","sensitive","sensitive","resistant","resistant"
"SPT34406","2017","true","1168","null","Ghana","GH","Upper East","Upper East","sensitive","sensitive","sensitive","sensitive","resistant","resistant"
"SPT34407","2017","true","1168","null","Ghana","GH","Upper East","Upper East","sensitive","sensitive","undetermined","undetermined","resistant","resistant"
"SPT34408","2017","true","1168","null","Ghana","GH","Upper East","Upper East","sensitive","sensitive","undetermined","undetermined","resistant","sensitive"
"SPT34409","2017","false","1168","null","Ghana","GH","Upper East","Upper East","null","null","null","null","null","null"
"SPT34410","2017","true","1168","null","Ghana","GH","Upper East","Upper East","sensitive","sensitive","sensitive","sensitive","resistant","resistant"
"SPT34411","2017","true","1168","null","Ghana","GH","Upper East","Upper East","undetermined","sensitive","undetermined","undetermined","sensitive","resistant"
"SPT34412","2017","true","1168","null","Ghana","GH","Upper East","Upper East","sensitive","sensitive","sensitive","sensitive","resistant","resistant"
"SPT34413","2017","true","1168","null","Ghana","GH","Upper East","Upper East","sensitive","sensitive","undetermined","undetermined","resistant","resistant"
"SPT34414","2017","true","1168","null","Ghana","GH","Upper East","Upper East","sensitive","sensitive","sensitive","sensitive","resistant","resistant"
"SPT34415","2017","true","1168","null","Ghana","GH","Upper East","Upper East","sensitive","sensitive","sensitive","sensitive","resistant","resistant"
"SPT34416","2017","true","1168","null","Ghana","GH","Upper East","Upper East","sensitive","sensitive","sensitive","sensitive","resistant","resistant"
"SPT34417","2017","true","1168","null","Ghana","GH","Upper East","Upper East","sensitive","sensitive","undetermined","undetermined","resistant","resistant"
"SPT34418","2017","true","1168","null","Ghana","GH","Upper East","Upper East","sensitive","sensitive","undetermined","undetermined","resistant","resistant"
"SPT34419","2017","false","1168","null","Ghana","GH","Upper East","Upper East","null","null","null","null","null","null"
"SPT34420","2017","true","1168","null","Ghana","GH","Upper East","Upper East","sensitive","sensitive","undetermined","sensitive","resistant","resistant"
"SPT34421","2017","true","1168","null","Ghana","GH","Upper East","Upper East","sensitive","sensitive","undetermined","sensitive","resistant","resistant"
"SPT34423","2017","false","1168","null","Ghana","GH","Upper East","Upper East","null","null","null","null","null","null"
"SPT34424","2017","true","1168","null","Ghana","GH","Upper East","Upper East","sensitive","sensitive","undetermined","undetermined","resistant","resistant"
"SPT34426","2017","true","1168","null","Ghana","GH","Upper East","Upper East","sensitive","sensitive","sensitive","sensitive","resistant","resistant"
"SPT34427","2017","true","1168","null","Ghana","GH","Upper East","Upper East","sensitive","undetermined","undetermined","undetermined","resistant","undetermined"
"SPT34428","2017","true","1168","null","Ghana","GH","Upper East","Upper East","sensitive","sensitive","undetermined","undetermined","resistant","sensitive"
"SPT34429","2017","true","1168","null","Ghana","GH","Upper East","Upper East","sensitive","sensitive","sensitive","sensitive","resistant","resistant"
"SPT34430","2017","false","1168","null","Ghana","GH","Upper East","Upper East","null","null","null","null","null","null"
"SPT34431","2017","true","1168","null","Ghana","GH","Upper East","Upper East","sensitive","sensitive","undetermined","undetermined","resistant","resistant"
"SPT34432","2017","false","1168","null","Ghana","GH","Upper East","Upper East","null","null","null","null","null","null"
"SPT34433","2017","true","1168","null","Ghana","GH","Upper East","Upper East","sensitive","sensitive","sensitive","sensitive","undetermined","undetermined"
"SPT34434","2017","true","1168","null","Ghana","GH","Upper East","Upper East","sensitive","undetermined","undetermined","sensitive","resistant","resistant"
"SPT34435","2017","true","1168","null","Ghana","GH","Upper East","Upper East","sensitive","sensitive","undetermined","sensitive","resistant","resistant"
"SPT34436","2017","true","1168","null","Ghana","GH","Upper East","Upper East","sensitive","sensitive","undetermined","undetermined","resistant","undetermined"
"SPT34437","2017","true","1168","null","Ghana","GH","Upper East","Upper East","sensitive","sensitive","undetermined","undetermined","resistant","resistant"
"SPT34438","2017","true","1168","null","Ghana","GH","Upper East","Upper East","sensitive","sensitive","undetermined","undetermined","resistant","resistant"
"SPT34439","2017","true","1168","null","Ghana","GH","Upper East","Upper East","sensitive","sensitive","undetermined","undetermined","resistant","resistant"
"SPT34440","2017","true","1168","null","Ghana","GH","Upper East","Upper East","sensitive","sensitive","undetermined","undetermined","resistant","resistant"
"SPT34441","2017","true","1168","null","Ghana","GH","Upper East","Upper East","sensitive","sensitive","undetermined","sensitive","sensitive","resistant"
"SPT34442","2017","false","1168","null","Ghana","GH","Upper East","Upper East","null","null","null","null","null","null"
"SPT34443","2017","true","1168","null","Ghana","GH","Upper East","Upper East","sensitive","sensitive","undetermined","undetermined","resistant","resistant"
"SPT34444","2017","true","1168","null","Ghana","GH","Upper East","Upper East","sensitive","resistant","sensitive","sensitive","resistant","resistant"
"SPT34445","2017","true","1168","null","Ghana","GH","Upper East","Upper East","sensitive","sensitive","sensitive","sensitive","resistant","resistant"
"SPT34446","2017","false","1168","null","Ghana","GH","Upper East","Upper East","null","null","null","null","null","null"
"SPT34447","2017","false","1168","null","Ghana","GH","Upper East","Upper East","null","null","null","null","null","null"
"SPT34448","2017","false","1168","null","Ghana","GH","Upper East","Upper East","null","null","null","null","null","null"
"SPT34449","2017","true","1168","null","Ghana","GH","Upper East","Upper East","sensitive","sensitive","undetermined","undetermined","resistant","sensitive"
"SPT34450","2017","true","1168","null","Ghana","GH","Upper East","Upper East","undetermined","sensitive","undetermined","undetermined","resistant","resistant"
"SPT34451","2017","true","1168","null","Ghana","GH","Upper East","Upper East","undetermined","sensitive","undetermined","undetermined","resistant","resistant"
"SPT34452","2017","true","1168","null","Ghana","GH","Upper East","Upper East","sensitive","sensitive","undetermined","undetermined","sensitive","resistant"
"SPT34453","2017","true","1168","null","Ghana","GH","Upper East","Upper East","sensitive","sensitive","undetermined","undetermined","resistant","resistant"
"SPT34454","2017","false","1168","null","Ghana","GH","Upper East","Upper East","null","null","null","null","null","null"
"SPT34455","2017","false","1168","null","Ghana","GH","Upper East","Upper East","null","null","null","null","null","null"
"SPT34456","2017","false","1168","null","Ghana","GH","Upper East","Upper East","null","null","null","null","null","null"
"SPT34457","2017","false","1168","null","Ghana","GH","Upper East","Upper East","null","null","null","null","null","null"
"SPT34458","2017","false","1168","null","Ghana","GH","Upper East","Upper East","null","null","null","null","null","null"
"SPT34459","2017","true","1168","null","Ghana","GH","Upper East","Upper East","undetermined","sensitive","undetermined","undetermined","undetermined","resistant"
"SPT34460","2017","true","1168","null","Ghana","GH","Upper East","Upper East","sensitive","sensitive","undetermined","undetermined","resistant","resistant"
"SPT34461","2017","true","1168","null","Ghana","GH","Upper East","Upper East","undetermined","sensitive","undetermined","undetermined","resistant","resistant"
"SPT34462","2017","false","1168","null","Ghana","GH","Upper East","Upper East","null","null","null","null","null","null"
"SPT34463","2017","true","1168","null","Ghana","GH","Upper East","Upper East","sensitive","sensitive","undetermined","sensitive","resistant","resistant"
"SPT34464","2017","true","1168","null","Ghana","GH","Upper East","Upper East","sensitive","sensitive","undetermined","undetermined","resistant","resistant"
"SPT34465","2017","true","1168","null","Ghana","GH","Upper East","Upper East","sensitive","sensitive","undetermined","undetermined","resistant","resistant"
"SPT34466","2017","true","1168","null","Ghana","GH","Upper East","Upper East","sensitive","undetermined","undetermined","undetermined","resistant","resistant"
"SPT34467","2017","true","1168","null","Ghana","GH","Upper East","Upper East","sensitive","sensitive","undetermined","sensitive","resistant","resistant"
"SPT34468","2017","true","1168","null","Ghana","GH","Upper East","Upper East","sensitive","sensitive","undetermined","undetermined","resistant","resistant"
"SPT34469","2017","true","1168","null","Ghana","GH","Upper East","Upper East","sensitive","sensitive","undetermined","undetermined","resistant","resistant"
"SPT34470","2017","true","1168","null","Ghana","GH","Upper East","Upper East","sensitive","sensitive","undetermined","undetermined","resistant","resistant"
"SPT34471","2017","true","1168","null","Ghana","GH","Upper East","Upper East","sensitive","sensitive","sensitive","sensitive","resistant","resistant"
"SPT34472","2017","true","1168","null","Ghana","GH","Upper East","Upper East","sensitive","sensitive","undetermined","undetermined","resistant","resistant"
"SPT34473","2017","true","1168","null","Ghana","GH","Upper East","Upper East","sensitive","sensitive","undetermined","sensitive","resistant","undetermined"
"SPT34474","2017","true","1168","null","Ghana","GH","Upper East","Upper East","sensitive","sensitive","undetermined","undetermined","resistant","resistant"
"SPT34475","2017","true","1168","null","Ghana","GH","Upper East","Upper East","sensitive","sensitive","sensitive","sensitive","sensitive","resistant"
"SPT34476","2017","true","1168","null","Ghana","GH","Upper East","Upper East","sensitive","sensitive","sensitive","sensitive","resistant","resistant"
"SPT34477","2017","false","1168","null","Ghana","GH","Upper East","Upper East","null","null","null","null","null","null"
"SPT34478","2017","false","1168","null","Ghana","GH","Upper East","Upper East","null","null","null","null","null","null"
"SPT34479","2017","true","1168","null","Ghana","GH","Upper East","Upper East","sensitive","sensitive","sensitive","sensitive","resistant","resistant"
"SPT34480","2017","true","1168","null","Ghana","GH","Upper East","Upper East","sensitive","sensitive","sensitive","sensitive","undetermined","resistant"
"SPT34481","2017","true","1168","null","Ghana","GH","Upper East","Upper East","sensitive","sensitive","undetermined","undetermined","resistant","sensitive"
"SPT34482","2017","true","1168","null","Ghana","GH","Upper East","Upper East","sensitive","sensitive","sensitive","sensitive","sensitive","resistant"
"SPT34483","2017","false","1168","null","Ghana","GH","Upper East","Upper East","null","null","null","null","null","null"
"SPT34484","2017","true","1168","null","Ghana","GH","Upper East","Upper East","sensitive","sensitive","undetermined","sensitive","resistant","sensitive"
"SPT34485","2017","true","1168","null","Ghana","GH","Upper East","Upper East","sensitive","sensitive","sensitive","sensitive","resistant","resistant"
"SPT34486","2017","true","1168","null","Ghana","GH","Upper East","Upper East","sensitive","sensitive","undetermined","sensitive","resistant","resistant"
"SPT34487","2017","true","1168","null","Ghana","GH","Upper East","Upper East","sensitive","sensitive","sensitive","sensitive","resistant","resistant"
"SPT34489","2017","true","1168","null","Ghana","GH","Upper East","Upper East","sensitive","sensitive","undetermined","undetermined","resistant","resistant"
"SPT34490","2017","true","1168","null","Ghana","GH","Upper East","Upper East","sensitive","sensitive","undetermined","undetermined","resistant","undetermined"
"SPT34491","2017","true","1168","null","Ghana","GH","Upper East","Upper East","sensitive","sensitive","undetermined","undetermined","resistant","resistant"
"SPT34492","2017","true","1168","null","Ghana","GH","Upper East","Upper East","sensitive","sensitive","undetermined","undetermined","sensitive","resistant"
"SPT34493","2017","true","1168","null","Ghana","GH","Upper East","Upper East","undetermined","sensitive","undetermined","undetermined","resistant","resistant"
"SPT34494","2017","true","1168","null","Ghana","GH","Upper East","Upper East","sensitive","sensitive","undetermined","undetermined","undetermined","resistant"
"SPT34495","2017","true","1168","null","Ghana","GH","Upper East","Upper East","sensitive","sensitive","sensitive","sensitive","resistant","resistant"
"SPT34496","2017","true","1168","null","Ghana","GH","Upper East","Upper East","sensitive","sensitive","sensitive","sensitive","resistant","resistant"
"SPT34497","2017","true","1168","null","Ghana","GH","Upper East","Upper East","sensitive","sensitive","sensitive","sensitive","resistant","resistant"
"SPT34498","2017","true","1168","null","Ghana","GH","Upper East","Upper East","sensitive","sensitive","undetermined","undetermined","resistant","resistant"
"SPT34499","2017","true","1168","null","Ghana","GH","Upper East","Upper East","sensitive","sensitive","undetermined","undetermined","resistant","resistant"
"SPT34500","2017","true","1168","null","Ghana","GH","Upper East","Upper East","sensitive","sensitive","undetermined","undetermined","resistant","undetermined"
"SPT34501","2017","true","1168","null","Ghana","GH","Upper East","Upper East","sensitive","sensitive","undetermined","sensitive","sensitive","sensitive"
"SPT34502","2017","true","1168","null","Ghana","GH","Upper East","Upper East","sensitive","sensitive","sensitive","sensitive","resistant","resistant"
"SPT34503","2017","true","1168","null","Ghana","GH","Upper East","Upper East","sensitive","sensitive","sensitive","undetermined","sensitive","resistant"
"SPT34504","2017","true","1168","null","Ghana","GH","Upper East","Upper East","sensitive","sensitive","undetermined","sensitive","resistant","resistant"
"SPT34505","2017","false","1168","null","Ghana","GH","Upper East","Upper East","null","null","null","null","null","null"
"SPT34506","2017","false","1168","null","Ghana","GH","Upper East","Upper East","null","null","null","null","null","null"
"SPT34507","2017","true","1168","null","Ghana","GH","Upper East","Upper East","sensitive","sensitive","undetermined","undetermined","resistant","resistant"
"SPT34508","2017","true","1168","null","Ghana","GH","Upper East","Upper East","sensitive","sensitive","undetermined","undetermined","resistant","resistant"
"SPT34509","2017","true","1168","null","Ghana","GH","Upper East","Upper East","sensitive","sensitive","undetermined","undetermined","resistant","resistant"
"SPT34510","2017","true","1168","null","Ghana","GH","Upper East","Upper East","sensitive","sensitive","undetermined","undetermined","sensitive","resistant"
"SPT34511","2017","false","1168","null","Ghana","GH","Upper East","Upper East","null","null","null","null","null","null"
"SPT34512","2017","true","1168","null","Ghana","GH","Upper East","Upper East","sensitive","sensitive","undetermined","undetermined","resistant","resistant"
"SPT34513","2017","true","1168","null","Ghana","GH","Upper East","Upper East","sensitive","sensitive","sensitive","sensitive","resistant","resistant"
"SPT34514","2017","true","1168","null","Ghana","GH","Upper East","Upper East","sensitive","sensitive","undetermined","undetermined","resistant","resistant"
"SPT34515","2017","true","1168","null","Ghana","GH","Upper East","Upper East","sensitive","sensitive","sensitive","sensitive","resistant","resistant"
"SPT34516","2017","false","1168","null","Ghana","GH","Upper East","Upper East","null","null","null","null","null","null"
"SPT34517","2017","true","1168","null","Ghana","GH","Upper East","Upper East","sensitive","sensitive","sensitive","sensitive","sensitive","resistant"
"SPT34518","2017","true","1168","null","Ghana","GH","Upper East","Upper East","sensitive","sensitive","undetermined","undetermined","resistant","resistant"
"SPT34519","2017","true","1168","null","Ghana","GH","Upper East","Upper East","sensitive","sensitive","undetermined","undetermined","resistant","resistant"
"SPT34520","2017","true","1168","null","Ghana","GH","Upper East","Upper East","sensitive","sensitive","undetermined","undetermined","resistant","resistant"
"SPT34521","2018","true","1241","null","Ghana","GH","Greater Accra","Greater Accra","undetermined","sensitive","undetermined","undetermined","resistant","resistant"
"SPT34522","2018","true","1241","null","Ghana","GH","Greater Accra","Greater Accra","undetermined","sensitive","undetermined","undetermined","resistant","resistant"
"SPT34523","2018","true","1241","null","Ghana","GH","Greater Accra","Greater Accra","sensitive","sensitive","undetermined","undetermined","resistant","resistant"
"SPT34524","2018","true","1241","null","Ghana","GH","Greater Accra","Greater Accra","undetermined","sensitive","undetermined","undetermined","undetermined","undetermined"
"SPT34525","2018","false","1241","null","Ghana","GH","Greater Accra","Greater Accra","null","null","null","null","null","null"
"SPT34526","2018","true","1241","null","Ghana","GH","Greater Accra","Greater Accra","sensitive","sensitive","undetermined","undetermined","resistant","resistant"
"SPT34527","2018","false","1241","null","Ghana","GH","Greater Accra","Greater Accra","null","null","null","null","null","null"
"SPT34528","2018","true","1241","null","Ghana","GH","Greater Accra","Greater Accra","undetermined","sensitive","undetermined","undetermined","resistant","resistant"
"SPT34529","2018","true","1241","null","Ghana","GH","Greater Accra","Greater Accra","sensitive","sensitive","undetermined","undetermined","resistant","resistant"
"SPT34530","2018","true","1241","null","Ghana","GH","Greater Accra","Greater Accra","sensitive","sensitive","undetermined","undetermined","resistant","resistant"
"SPT34531","2018","false","1241","null","Ghana","GH","Greater Accra","Greater Accra","null","null","null","null","null","null"
"SPT34532","2018","true","1241","null","Ghana","GH","Greater Accra","Greater Accra","undetermined","sensitive","undetermined","undetermined","resistant","resistant"
"SPT34533","2018","true","1241","null","Ghana","GH","Eastern","Eastern","undetermined","sensitive","undetermined","undetermined","resistant","resistant"
"SPT34534","2018","true","1241","null","Ghana","GH","Greater Accra","Greater Accra","undetermined","sensitive","undetermined","undetermined","resistant","resistant"
"SPT34535","2018","false","1241","null","Ghana","GH","Greater Accra","Greater Accra","null","null","null","null","null","null"
"SPT34536","2018","false","1241","null","Ghana","GH","Greater Accra","Greater Accra","null","null","null","null","null","null"
"SPT34537","2018","true","1241","null","Ghana","GH","Greater Accra","Greater Accra","undetermined","sensitive","undetermined","undetermined","resistant","resistant"
"SPT34538","2018","true","1241","null","Ghana","GH","Greater Accra","Greater Accra","undetermined","sensitive","undetermined","undetermined","resistant","sensitive"
"SPT34540","2018","true","1241","null","Ghana","GH","Greater Accra","Greater Accra","undetermined","sensitive","undetermined","undetermined","resistant","resistant"
"SPT34541","2018","false","1241","null","Ghana","GH","Greater Accra","Greater Accra","null","null","null","null","null","null"
"SPT34542","2018","true","1241","null","Ghana","GH","Greater Accra","Greater Accra","sensitive","sensitive","sensitive","sensitive","resistant","resistant"
"SPT34543","2018","true","1241","null","Ghana","GH","Greater Accra","Greater Accra","sensitive","resistant","undetermined","undetermined","resistant","resistant"
"SPT34544","2018","false","1241","null","Ghana","GH","Eastern","Eastern","null","null","null","null","null","null"
"SPT34545","2018","true","1241","null","Ghana","GH","Greater Accra","Greater Accra","undetermined","sensitive","undetermined","undetermined","resistant","resistant"
"SPT34546","2018","true","1241","null","Ghana","GH","Greater Accra","Greater Accra","undetermined","sensitive","undetermined","undetermined","resistant","resistant"
"SPT34547","2018","true","1241","null","Ghana","GH","Greater Accra","Greater Accra","undetermined","sensitive","undetermined","undetermined","resistant","resistant"
"SPT34548","2018","true","1241","null","Ghana","GH","Greater Accra","Greater Accra","undetermined","sensitive","undetermined","undetermined","resistant","resistant"
"SPT34549","2018","true","1241","null","Ghana","GH","Greater Accra","Greater Accra","undetermined","sensitive","undetermined","undetermined","undetermined","undetermined"
"SPT34550","2018","false","1241","null","Ghana","GH","Greater Accra","Greater Accra","null","null","null","null","null","null"
"SPT34551","2018","true","1241","null","Ghana","GH","Greater Accra","Greater Accra","undetermined","sensitive","undetermined","undetermined","resistant","resistant"
"SPT34552","2018","true","1241","null","Ghana","GH","Greater Accra","Greater Accra","undetermined","sensitive","undetermined","undetermined","resistant","resistant"
"SPT34553","2018","true","1241","null","Ghana","GH","Greater Accra","Greater Accra","sensitive","sensitive","undetermined","undetermined","resistant","undetermined"
"SPT34554","2018","true","1241","null","Ghana","GH","Greater Accra","Greater Accra","sensitive","sensitive","undetermined","undetermined","resistant","resistant"
"SPT34555","2018","true","1241","null","Ghana","GH","Greater Accra","Greater Accra","undetermined","sensitive","undetermined","undetermined","resistant","resistant"
"SPT34556","2018","true","1241","null","Ghana","GH","Greater Accra","Greater Accra","undetermined","sensitive","undetermined","undetermined","sensitive","resistant"
"SPT34557","2018","true","1241","null","Ghana","GH","Greater Accra","Greater Accra","sensitive","sensitive","undetermined","undetermined","resistant","resistant"
"SPT34558","2018","false","1241","null","Ghana","GH","Greater Accra","Greater Accra","null","null","null","null","null","null"
"SPT34559","2018","true","1241","null","Ghana","GH","Greater Accra","Greater Accra","undetermined","sensitive","undetermined","undetermined","resistant","resistant"
"SPT34560","2018","true","1241","null","Ghana","GH","Greater Accra","Greater Accra","sensitive","sensitive","undetermined","undetermined","resistant","resistant"
"SPT34561","2018","true","1241","null","Ghana","GH","Greater Accra","Greater Accra","undetermined","sensitive","undetermined","undetermined","resistant","resistant"
"SPT34562","2018","false","1241","null","Ghana","GH","Greater Accra","Greater Accra","null","null","null","null","null","null"
"SPT34563","2018","true","1241","null","Ghana","GH","Greater Accra","Greater Accra","undetermined","sensitive","undetermined","undetermined","resistant","resistant"
"SPT34564","2018","true","1241","null","Ghana","GH","Greater Accra","Greater Accra","undetermined","sensitive","undetermined","undetermined","undetermined","resistant"
"SPT34565","2018","true","1241","null","Ghana","GH","Greater Accra","Greater Accra","undetermined","sensitive","undetermined","undetermined","resistant","resistant"
"SPT34566","2018","true","1241","null","Ghana","GH","Greater Accra","Greater Accra","undetermined","sensitive","undetermined","undetermined","resistant","resistant"
"SPT34567","2018","true","1241","null","Ghana","GH","Greater Accra","Greater Accra","sensitive","sensitive","undetermined","undetermined","resistant","resistant"
"SPT34568","2018","true","1241","null","Ghana","GH","Greater Accra","Greater Accra","sensitive","sensitive","undetermined","undetermined","resistant","resistant"
"SPT34569","2018","true","1241","null","Ghana","GH","Greater Accra","Greater Accra","undetermined","undetermined","undetermined","undetermined","resistant","resistant"
"SPT34570","2018","true","1241","null","Ghana","GH","Greater Accra","Greater Accra","undetermined","sensitive","undetermined","undetermined","undetermined","sensitive"
"SPT34571","2018","true","1241","null","Ghana","GH","Greater Accra","Greater Accra","undetermined","sensitive","undetermined","undetermined","resistant","resistant"
"SPT34572","2018","true","1241","null","Ghana","GH","Greater Accra","Greater Accra","undetermined","sensitive","undetermined","undetermined","resistant","sensitive"
"SPT34573","2018","true","1241","null","Ghana","GH","Greater Accra","Greater Accra","undetermined","resistant","undetermined","undetermined","resistant","resistant"
"SPT34574","2018","true","1241","null","Ghana","GH","Greater Accra","Greater Accra","undetermined","sensitive","undetermined","undetermined","resistant","resistant"
"SPT34575","2018","true","1241","null","Ghana","GH","Greater Accra","Greater Accra","undetermined","sensitive","undetermined","undetermined","resistant","resistant"
"SPT34576","2018","false","1241","null","Ghana","GH","Greater Accra","Greater Accra","null","null","null","null","null","null"
"SPT34577","2018","true","1241","null","Ghana","GH","Greater Accra","Greater Accra","sensitive","sensitive","sensitive","undetermined","resistant","resistant"
"SPT34578","2018","true","1241","null","Ghana","GH","Greater Accra","Greater Accra","undetermined","sensitive","undetermined","undetermined","resistant","resistant"
"SPT34579","2018","true","1241","null","Ghana","GH","Greater Accra","Greater Accra","sensitive","sensitive","sensitive","undetermined","resistant","resistant"
"SPT34580","2018","true","1241","null","Ghana","GH","Greater Accra","Greater Accra","sensitive","sensitive","undetermined","undetermined","resistant","resistant"
"SPT34581","2018","false","1241","null","Ghana","GH","Greater Accra","Greater Accra","null","null","null","null","null","null"
"SPT34582","2018","true","1241","null","Ghana","GH","Greater Accra","Greater Accra","sensitive","sensitive","undetermined","undetermined","resistant","resistant"
"SPT34583","2018","true","1241","null","Ghana","GH","Greater Accra","Greater Accra","undetermined","sensitive","undetermined","undetermined","resistant","resistant"
"SPT34584","2018","true","1241","null","Ghana","GH","Greater Accra","Greater Accra","sensitive","sensitive","undetermined","undetermined","resistant","resistant"
"SPT34585","2018","true","1241","null","Ghana","GH","Greater Accra","Greater Accra","sensitive","sensitive","sensitive","sensitive","resistant","resistant"
"SPT34586","2018","true","1241","null","Ghana","GH","Greater Accra","Greater Accra","undetermined","resistant","undetermined","undetermined","resistant","resistant"
"SPT34587","2018","true","1241","null","Ghana","GH","Greater Accra","Greater Accra","sensitive","resistant","undetermined","undetermined","resistant","resistant"
"SPT34588","2018","true","1241","null","Ghana","GH","Greater Accra","Greater Accra","undetermined","sensitive","undetermined","undetermined","undetermined","resistant"
"SPT34589","2018","true","1241","null","Ghana","GH","Greater Accra","Greater Accra","undetermined","sensitive","undetermined","undetermined","undetermined","undetermined"
"SPT34590","2018","true","1241","null","Ghana","GH","Greater Accra","Greater Accra","undetermined","sensitive","undetermined","undetermined","resistant","resistant"
"SPT34591","2018","true","1241","null","Ghana","GH","Greater Accra","Greater Accra","undetermined","sensitive","undetermined","undetermined","resistant","resistant"
"SPT34592","2018","false","1241","null","Ghana","GH","Greater Accra","Greater Accra","null","null","null","null","null","null"
"SPT34593","2018","true","1241","null","Ghana","GH","Greater Accra","Greater Accra","sensitive","sensitive","undetermined","undetermined","resistant","resistant"
"SPT34594","2018","true","1241","null","Ghana","GH","Greater Accra","Greater Accra","sensitive","sensitive","undetermined","undetermined","resistant","resistant"
"SPT34595","2018","true","1241","null","Ghana","GH","Greater Accra","Greater Accra","undetermined","resistant","undetermined","undetermined","resistant","resistant"
"SPT34596","2018","true","1241","null","Ghana","GH","Greater Accra","Greater Accra","sensitive","sensitive","undetermined","undetermined","resistant","resistant"
"SPT34597","2018","true","1241","null","Ghana","GH","Greater Accra","Greater Accra","sensitive","sensitive","undetermined","undetermined","resistant","resistant"
"SPT34598","2018","true","1241","null","Ghana","GH","Greater Accra","Greater Accra","sensitive","sensitive","undetermined","undetermined","resistant","resistant"
"SPT34599","2018","true","1241","null","Ghana","GH","Greater Accra","Greater Accra","undetermined","sensitive","undetermined","undetermined","resistant","resistant"
"SPT34600","2018","true","1241","null","Ghana","GH","Greater Accra","Greater Accra","undetermined","sensitive","undetermined","undetermined","undetermined","resistant"
"SPT34601","2018","true","1241","null","Ghana","GH","Greater Accra","Greater Accra","sensitive","sensitive","undetermined","undetermined","resistant","resistant"
"SPT34602","2018","true","1241","null","Ghana","GH","Greater Accra","Greater Accra","undetermined","sensitive","undetermined","undetermined","undetermined","resistant"
"SPT34603","2018","true","1241","null","Ghana","GH","Greater Accra","Greater Accra","sensitive","sensitive","undetermined","undetermined","resistant","resistant"
"SPT34604","2018","false","1241","null","Ghana","GH","Greater Accra","Greater Accra","null","null","null","null","null","null"
"SPT34605","2018","true","1241","null","Ghana","GH","Greater Accra","Greater Accra","undetermined","sensitive","undetermined","undetermined","resistant","resistant"
"SPT34606","2018","true","1241","null","Ghana","GH","Eastern","Eastern","undetermined","sensitive","undetermined","undetermined","resistant","resistant"
"SPT34607","2018","true","1241","null","Ghana","GH","Eastern","Eastern","sensitive","sensitive","sensitive","undetermined","resistant","resistant"
"SPT34608","2018","true","1241","null","Ghana","GH","Greater Accra","Greater Accra","sensitive","sensitive","undetermined","undetermined","resistant","resistant"
"SPT34609","2018","false","1241","null","Ghana","GH","Greater Accra","Greater Accra","null","null","null","null","null","null"
"SPT34610","2018","true","1241","null","Ghana","GH","Greater Accra","Greater Accra","sensitive","sensitive","undetermined","undetermined","resistant","resistant"
"SPT34611","2018","true","1241","null","Ghana","GH","Greater Accra","Greater Accra","undetermined","sensitive","undetermined","undetermined","undetermined","undetermined"
"SPT34612","2018","true","1241","null","Ghana","GH","Greater Accra","Greater Accra","sensitive","sensitive","undetermined","undetermined","resistant","resistant"
"SPT34613","2018","false","1241","null","Ghana","GH","Greater Accra","Greater Accra","null","null","null","null","null","null"
"SPT34614","2018","true","1241","null","Ghana","GH","Greater Accra","Greater Accra","undetermined","sensitive","undetermined","undetermined","resistant","resistant"
"SPT34615","2018","true","1241","null","Ghana","GH","Greater Accra","Greater Accra","undetermined","sensitive","undetermined","undetermined","resistant","resistant"
"SPT34616","2018","true","1241","null","Ghana","GH","Greater Accra","Greater Accra","sensitive","sensitive","undetermined","undetermined","resistant","resistant"
"SPT34617","2018","false","1241","null","Ghana","GH","Greater Accra","Greater Accra","null","null","null","null","null","null"
"SPT34618","2018","true","1241","null","Ghana","GH","Greater Accra","Greater Accra","undetermined","sensitive","undetermined","undetermined","resistant","undetermined"
"SPT34619","2018","false","1241","null","Ghana","GH","Greater Accra","Greater Accra","null","null","null","null","null","null"
"SPT34620","2018","true","1241","null","Ghana","GH","Greater Accra","Greater Accra","undetermined","sensitive","undetermined","undetermined","resistant","resistant"
"SPT34621","2018","true","1241","null","Ghana","GH","Greater Accra","Greater Accra","undetermined","sensitive","undetermined","undetermined","resistant","resistant"
"SPT34622","2018","true","1241","null","Ghana","GH","Greater Accra","Greater Accra","sensitive","sensitive","undetermined","undetermined","resistant","resistant"
"SPT34623","2018","true","1241","null","Ghana","GH","Greater Accra","Greater Accra","undetermined","sensitive","undetermined","undetermined","resistant","resistant"
"SPT34624","2018","true","1241","null","Ghana","GH","Greater Accra","Greater Accra","undetermined","sensitive","undetermined","undetermined","resistant","resistant"
"SPT34625","2018","true","1241","null","Ghana","GH","Greater Accra","Greater Accra","sensitive","sensitive","undetermined","undetermined","resistant","resistant"
"SPT34626","2018","true","1241","null","Ghana","GH","Greater Accra","Greater Accra","sensitive","sensitive","undetermined","undetermined","sensitive","resistant"
"SPT34627","2018","true","1241","null","Ghana","GH","Greater Accra","Greater Accra","undetermined","sensitive","undetermined","undetermined","resistant","resistant"
"SPT34628","2018","true","1241","null","Ghana","GH","Greater Accra","Greater Accra","undetermined","sensitive","undetermined","undetermined","undetermined","resistant"
"SPT34629","2018","true","1241","null","Ghana","GH","Greater Accra","Greater Accra","undetermined","sensitive","undetermined","undetermined","resistant","resistant"
"SPT34630","2018","true","1241","null","Ghana","GH","Greater Accra","Greater Accra","sensitive","sensitive","undetermined","undetermined","resistant","resistant"
"SPT34631","2018","true","1241","null","Ghana","GH","Greater Accra","Greater Accra","undetermined","sensitive","undetermined","undetermined","resistant","undetermined"
"SPT34632","2018","true","1241","null","Ghana","GH","Greater Accra","Greater Accra","undetermined","sensitive","undetermined","undetermined","resistant","resistant"
"SPT34663","2018","true","1241","null","Ghana","GH","Greater Accra","Greater Accra","undetermined","sensitive","undetermined","undetermined","resistant","resistant"
"SPT34664","2018","true","1241","null","Ghana","GH","Greater Accra","Greater Accra","undetermined","sensitive","undetermined","undetermined","undetermined","resistant"
"SPT34665","2018","true","1241","null","Ghana","GH","Greater Accra","Greater Accra","sensitive","sensitive","undetermined","undetermined","resistant","resistant"
"SPT34667","2018","true","1241","null","Ghana","GH","Greater Accra","Greater Accra","sensitive","sensitive","undetermined","undetermined","resistant","resistant"
"SPT34668","2018","true","1241","null","Ghana","GH","Greater Accra","Greater Accra","undetermined","sensitive","undetermined","undetermined","resistant","resistant"
"SPT34669","2018","true","1241","null","Ghana","GH","Greater Accra","Greater Accra","sensitive","sensitive","undetermined","undetermined","resistant","resistant"
"SPT34670","2018","true","1241","null","Ghana","GH","Eastern","Eastern","sensitive","sensitive","undetermined","undetermined","sensitive","sensitive"
"SPT34671","2018","true","1241","null","Ghana","GH","Greater Accra","Greater Accra","sensitive","sensitive","undetermined","undetermined","resistant","resistant"
"SPT34672","2018","true","1241","null","Ghana","GH","Greater Accra","Greater Accra","sensitive","sensitive","sensitive","sensitive","resistant","resistant"
"SPT34673","2018","true","1241","null","Ghana","GH","Greater Accra","Greater Accra","sensitive","sensitive","sensitive","sensitive","resistant","resistant"
"SPT34674","2018","true","1241","null","Ghana","GH","Greater Accra","Greater Accra","sensitive","sensitive","sensitive","undetermined","resistant","resistant"
"SPT34675","2018","true","1241","null","Ghana","GH","Greater Accra","Greater Accra","sensitive","resistant","sensitive","sensitive","resistant","resistant"
"SPT34676","2018","true","1241","null","Ghana","GH","Greater Accra","Greater Accra","sensitive","sensitive","undetermined","sensitive","resistant","resistant"
"SPT34677","2018","true","1241","null","Ghana","GH","Greater Accra","Greater Accra","sensitive","sensitive","sensitive","sensitive","resistant","resistant"
"SPT34678","2018","true","1241","null","Ghana","GH","Greater Accra","Greater Accra","sensitive","sensitive","undetermined","undetermined","resistant","resistant"
"SPT34679","2018","true","1241","null","Ghana","GH","Greater Accra","Greater Accra","undetermined","sensitive","undetermined","undetermined","resistant","resistant"
"SPT34680","2018","true","1241","null","Ghana","GH","Greater Accra","Greater Accra","undetermined","sensitive","undetermined","undetermined","resistant","resistant"
"SPT34687","2018","true","1241","null","Ghana","GH","Greater Accra","Greater Accra","sensitive","sensitive","undetermined","undetermined","resistant","resistant"
"SPT34688","2018","true","1241","null","Ghana","GH","Greater Accra","Greater Accra","sensitive","sensitive","undetermined","undetermined","sensitive","resistant"
"SPT34689","2018","true","1241","null","Ghana","GH","Greater Accra","Greater Accra","sensitive","sensitive","undetermined","undetermined","resistant","resistant"
"SPT34690","2018","true","1241","null","Ghana","GH","Greater Accra","Greater Accra","undetermined","sensitive","undetermined","undetermined","resistant","resistant"
"SPT34691","2018","true","1241","null","Ghana","GH","Greater Accra","Greater Accra","sensitive","sensitive","undetermined","undetermined","resistant","resistant"
"SPT34692","2018","true","1241","null","Ghana","GH","Greater Accra","Greater Accra","sensitive","sensitive","undetermined","undetermined","resistant","resistant"
"SPT34693","2018","true","1241","null","Ghana","GH","Greater Accra","Greater Accra","undetermined","sensitive","undetermined","undetermined","resistant","resistant"
"SPT34694","2018","true","1241","null","Ghana","GH","Greater Accra","Greater Accra","sensitive","sensitive","undetermined","undetermined","undetermined","resistant"
"SPT34695","2018","true","1241","null","Ghana","GH","Greater Accra","Greater Accra","sensitive","sensitive","undetermined","undetermined","resistant","resistant"
"SPT34696","2018","true","1241","null","Ghana","GH","Eastern","Eastern","undetermined","sensitive","undetermined","undetermined","resistant","undetermined"
"SPT34697","2018","true","1241","null","Ghana","GH","Greater Accra","Greater Accra","undetermined","sensitive","undetermined","undetermined","resistant","resistant"
"SPT34698","2018","true","1241","null","Ghana","GH","Eastern","Eastern","sensitive","sensitive","undetermined","undetermined","resistant","resistant"
"SPT34699","2018","false","1241","null","Ghana","GH","Greater Accra","Greater Accra","null","null","null","null","null","null"
"SPT34700","2018","true","1241","null","Ghana","GH","Greater Accra","Greater Accra","undetermined","sensitive","undetermined","undetermined","resistant","resistant"
"SPT34701","2018","true","1241","null","Ghana","GH","Greater Accra","Greater Accra","sensitive","resistant","sensitive","sensitive","resistant","resistant"
"SPT34702","2018","false","1241","null","Ghana","GH","Greater Accra","Greater Accra","null","null","null","null","null","null"
"SPT34703","2018","true","1241","null","Ghana","GH","Greater Accra","Greater Accra","sensitive","sensitive","undetermined","undetermined","undetermined","resistant"
"SPT34704","2018","false","1241","null","Ghana","GH","Greater Accra","Greater Accra","null","null","null","null","null","null"
"SPT34705","2018","true","1241","null","Ghana","GH","Greater Accra","Greater Accra","sensitive","sensitive","sensitive","sensitive","resistant","resistant"
"SPT34706","2018","true","1241","null","Ghana","GH","Greater Accra","Greater Accra","sensitive","sensitive","undetermined","undetermined","resistant","resistant"
"SPT34707","2018","true","1241","null","Ghana","GH","Greater Accra","Greater Accra","undetermined","sensitive","undetermined","undetermined","resistant","resistant"
"SPT34708","2018","true","1241","null","Ghana","GH","Greater Accra","Greater Accra","undetermined","sensitive","undetermined","undetermined","resistant","resistant"
"SPT34709","2018","true","1241","null","Ghana","GH","Greater Accra","Greater Accra","sensitive","sensitive","undetermined","undetermined","resistant","resistant"
"SPT34710","2018","true","1241","null","Ghana","GH","Greater Accra","Greater Accra","undetermined","sensitive","undetermined","undetermined","resistant","resistant"
"SPT34711","2018","false","1241","null","Ghana","GH","Greater Accra","Greater Accra","null","null","null","null","null","null"
"SPT34712","2018","true","1241","null","Ghana","GH","Greater Accra","Greater Accra","sensitive","sensitive","undetermined","undetermined","resistant","resistant"
"SPT34713","2018","true","1241","null","Ghana","GH","Greater Accra","Greater Accra","sensitive","sensitive","undetermined","undetermined","resistant","resistant"
"SPT34714","2018","true","1241","null","Ghana","GH","Greater Accra","Greater Accra","sensitive","sensitive","undetermined","undetermined","resistant","resistant"
"SPT34715","2018","true","1241","null","Ghana","GH","Greater Accra","Greater Accra","sensitive","sensitive","undetermined","undetermined","resistant","resistant"
"SPT34716","2018","true","1241","null","Ghana","GH","Greater Accra","Greater Accra","sensitive","sensitive","undetermined","undetermined","resistant","resistant"
"SPT34717","2018","true","1241","null","Ghana","GH","Greater Accra","Greater Accra","undetermined","sensitive","undetermined","undetermined","resistant","resistant"
"SPT34718","2018","true","1241","null","Ghana","GH","Greater Accra","Greater Accra","undetermined","sensitive","undetermined","undetermined","resistant","resistant"
"SPT34719","2018","true","1241","null","Ghana","GH","Greater Accra","Greater Accra","undetermined","sensitive","undetermined","undetermined","resistant","resistant"
"SPT34720","2018","false","1241","null","Ghana","GH","Greater Accra","Greater Accra","null","null","null","null","null","null"
"SPT34721","2018","true","1241","null","Ghana","GH","Eastern","Eastern","sensitive","sensitive","undetermined","undetermined","resistant","resistant"
"SPT34722","2018","true","1241","null","Ghana","GH","Greater Accra","Greater Accra","sensitive","sensitive","undetermined","undetermined","resistant","sensitive"
"SPT34723","2018","true","1241","null","Ghana","GH","Greater Accra","Greater Accra","sensitive","sensitive","undetermined","undetermined","resistant","resistant"
"SPT34725","2018","true","1241","null","Ghana","GH","Greater Accra","Greater Accra","sensitive","sensitive","undetermined","undetermined","resistant","resistant"
"SPT34726","2018","true","1241","null","Ghana","GH","Greater Accra","Greater Accra","sensitive","resistant","undetermined","undetermined","resistant","resistant"
"SPT34727","2018","true","1241","null","Ghana","GH","Greater Accra","Greater Accra","sensitive","sensitive","undetermined","undetermined","resistant","resistant"
"SPT34728","2018","true","1241","null","Ghana","GH","Greater Accra","Greater Accra","undetermined","sensitive","undetermined","undetermined","sensitive","resistant"
"SPT34729","2018","true","1241","null","Ghana","GH","Greater Accra","Greater Accra","undetermined","sensitive","undetermined","undetermined","resistant","resistant"
"SPT34730","2018","true","1241","null","Ghana","GH","Greater Accra","Greater Accra","sensitive","sensitive","undetermined","undetermined","resistant","resistant"
"SPT34731","2018","true","1241","null","Ghana","GH","Greater Accra","Greater Accra","sensitive","sensitive","undetermined","undetermined","resistant","resistant"
"SPT34732","2018","true","1241","null","Ghana","GH","Greater Accra","Greater Accra","sensitive","sensitive","undetermined","undetermined","resistant","resistant"
"SPT34734","2018","false","1241","null","Ghana","GH","Greater Accra","Greater Accra","null","null","null","null","null","null"
"SPT34735","2018","false","1241","null","Ghana","GH","Eastern","Eastern","null","null","null","null","null","null"
"SPT34736","2018","true","1241","null","Ghana","GH","Greater Accra","Greater Accra","undetermined","sensitive","undetermined","undetermined","resistant","resistant"
"SPT34737","2018","true","1241","null","Ghana","GH","Greater Accra","Greater Accra","sensitive","sensitive","undetermined","undetermined","resistant","resistant"
"SPT34738","2018","true","1241","null","Ghana","GH","Greater Accra","Greater Accra","undetermined","sensitive","undetermined","undetermined","resistant","undetermined"
"SPT34739","2018","true","1241","null","Ghana","GH","Greater Accra","Greater Accra","sensitive","sensitive","undetermined","undetermined","resistant","resistant"
"SPT34740","2018","true","1241","null","Ghana","GH","Greater Accra","Greater Accra","sensitive","resistant","undetermined","undetermined","resistant","resistant"
"SPT34741","2018","true","1241","null","Ghana","GH","Greater Accra","Greater Accra","sensitive","sensitive","undetermined","undetermined","resistant","resistant"
"SPT34742","2018","false","1241","null","Ghana","GH","Greater Accra","Greater Accra","null","null","null","null","null","null"
"SPT34743","2018","true","1241","null","Ghana","GH","Greater Accra","Greater Accra","sensitive","sensitive","sensitive","sensitive","resistant","resistant"
"SPT34744","2018","true","1241","null","Ghana","GH","Greater Accra","Greater Accra","undetermined","sensitive","undetermined","undetermined","resistant","resistant"
"SPT34746","2018","true","1241","null","Ghana","GH","Greater Accra","Greater Accra","undetermined","sensitive","undetermined","undetermined","resistant","resistant"
"SPT34747","2018","true","1241","null","Ghana","GH","Greater Accra","Greater Accra","sensitive","sensitive","undetermined","undetermined","resistant","resistant"
"SPT34748","2018","true","1241","null","Ghana","GH","Greater Accra","Greater Accra","sensitive","sensitive","undetermined","undetermined","resistant","resistant"
"SPT34749","2018","true","1241","null","Ghana","GH","Greater Accra","Greater Accra","sensitive","sensitive","undetermined","undetermined","resistant","resistant"
"SPT34750","2018","true","1241","null","Ghana","GH","Greater Accra","Greater Accra","sensitive","sensitive","undetermined","undetermined","resistant","resistant"
"SPT34757","2018","true","1241","null","Ghana","GH","Eastern","Eastern","sensitive","sensitive","undetermined","undetermined","resistant","resistant"
"SPT34758","2018","false","1241","null","Ghana","GH","Greater Accra","Greater Accra","null","null","null","null","null","null"
"SPT34759","2018","true","1241","null","Ghana","GH","Eastern","Eastern","sensitive","sensitive","sensitive","sensitive","resistant","resistant"
"SPT34760","2018","true","1241","null","Ghana","GH","Greater Accra","Greater Accra","sensitive","sensitive","sensitive","undetermined","resistant","resistant"
"SPT34761","2018","true","1241","null","Ghana","GH","Greater Accra","Greater Accra","sensitive","sensitive","sensitive","undetermined","resistant","resistant"
"SPT34762","2018","true","1241","null","Ghana","GH","Greater Accra","Greater Accra","sensitive","resistant","undetermined","undetermined","resistant","resistant"
"SPT34763","2018","true","1241","null","Ghana","GH","Greater Accra","Greater Accra","sensitive","sensitive","undetermined","undetermined","resistant","resistant"
"SPT34765","2018","true","1241","null","Ghana","GH","Greater Accra","Greater Accra","sensitive","sensitive","undetermined","sensitive","resistant","resistant"
"SPT34766","2018","true","1241","null","Ghana","GH","Greater Accra","Greater Accra","sensitive","sensitive","undetermined","undetermined","resistant","resistant"
"SPT34767","2018","true","1241","null","Ghana","GH","Greater Accra","Greater Accra","sensitive","sensitive","undetermined","undetermined","resistant","resistant"
"SPT34768","2018","true","1241","null","Ghana","GH","Greater Accra","Greater Accra","sensitive","sensitive","undetermined","sensitive","resistant","resistant"
"SPT34769","2018","true","1241","null","Ghana","GH","Eastern","Eastern","sensitive","sensitive","undetermined","undetermined","resistant","resistant"
"SPT34770","2018","true","1241","null","Ghana","GH","Greater Accra","Greater Accra","sensitive","sensitive","undetermined","sensitive","resistant","resistant"
"SPT34771","2018","true","1241","null","Ghana","GH","Greater Accra","Greater Accra","sensitive","sensitive","undetermined","sensitive","resistant","resistant"
"SPT34772","2018","true","1241","null","Ghana","GH","Eastern","Eastern","undetermined","sensitive","undetermined","undetermined","resistant","resistant"
"SPT34773","2018","true","1241","null","Ghana","GH","Greater Accra","Greater Accra","undetermined","sensitive","undetermined","undetermined","resistant","resistant"
"SPT34774","2018","true","1241","null","Ghana","GH","Greater Accra","Greater Accra","sensitive","sensitive","undetermined","undetermined","resistant","resistant"
"SPT34775","2018","true","1241","null","Ghana","GH","Greater Accra","Greater Accra","undetermined","sensitive","undetermined","undetermined","resistant","resistant"
"SPT34776","2018","true","1241","null","Ghana","GH","Greater Accra","Greater Accra","sensitive","sensitive","undetermined","undetermined","resistant","resistant"
"SPT34777","2018","true","1241","null","Ghana","GH","Greater Accra","Greater Accra","undetermined","sensitive","undetermined","undetermined","resistant","resistant"
"SPT34778","2018","true","1241","null","Ghana","GH","Greater Accra","Greater Accra","sensitive","sensitive","undetermined","undetermined","resistant","resistant"
"SPT34779","2018","true","1241","null","Ghana","GH","Greater Accra","Greater Accra","sensitive","sensitive","undetermined","undetermined","resistant","resistant"
"SPT34780","2018","true","1241","null","Ghana","GH","Greater Accra","Greater Accra","sensitive","sensitive","undetermined","undetermined","resistant","resistant"
"SPT34781","2018","true","1241","null","Ghana","GH","Greater Accra","Greater Accra","sensitive","sensitive","undetermined","undetermined","resistant","resistant"
"SPT34782","2018","true","1241","null","Ghana","GH","Greater Accra","Greater Accra","sensitive","sensitive","undetermined","undetermined","resistant","resistant"
"SPT34783","2018","true","1241","null","Ghana","GH","Greater Accra","Greater Accra","sensitive","sensitive","undetermined","undetermined","resistant","resistant"
"SPT34784","2018","true","1241","null","Ghana","GH","Greater Accra","Greater Accra","sensitive","sensitive","undetermined","undetermined","resistant","resistant"
"SPT34785","2018","true","1241","null","Ghana","GH","Greater Accra","Greater Accra","sensitive","sensitive","undetermined","undetermined","resistant","resistant"
"SPT34786","2018","true","1241","null","Ghana","GH","Eastern","Eastern","undetermined","sensitive","undetermined","undetermined","undetermined","resistant"
"SPT34787","2018","true","1241","null","Ghana","GH","Greater Accra","Greater Accra","sensitive","sensitive","undetermined","undetermined","sensitive","sensitive"
"SPT34788","2018","true","1241","null","Ghana","GH","Greater Accra","Greater Accra","sensitive","sensitive","undetermined","undetermined","resistant","resistant"
"SPT34789","2018","true","1241","null","Ghana","GH","Greater Accra","Greater Accra","sensitive","sensitive","undetermined","undetermined","resistant","resistant"
"SPT34790","2018","true","1241","null","Ghana","GH","Greater Accra","Greater Accra","undetermined","sensitive","undetermined","undetermined","resistant","resistant"
"SPT34791","2018","true","1241","null","Ghana","GH","Greater Accra","Greater Accra","sensitive","sensitive","undetermined","undetermined","resistant","resistant"
"SPT34792","2018","true","1241","null","Ghana","GH","Greater Accra","Greater Accra","sensitive","sensitive","undetermined","sensitive","resistant","resistant"
"SPT34793","2018","true","1241","null","Ghana","GH","Greater Accra","Greater Accra","sensitive","sensitive","undetermined","undetermined","resistant","resistant"
"SPT34794","2018","true","1241","null","Ghana","GH","Eastern","Eastern","undetermined","sensitive","undetermined","undetermined","resistant","resistant"
"SPT34795","2018","false","1241","null","Ghana","GH","Greater Accra","Greater Accra","null","null","null","null","null","null"
"SPT34796","2018","true","1241","null","Ghana","GH","Eastern","Eastern","sensitive","sensitive","undetermined","undetermined","resistant","resistant"
"SPT34797","2018","true","1241","null","Ghana","GH","Greater Accra","Greater Accra","sensitive","sensitive","undetermined","undetermined","resistant","resistant"
"SPT34798","2018","true","1241","null","Ghana","GH","Greater Accra","Greater Accra","sensitive","sensitive","undetermined","undetermined","resistant","resistant"
"SPT34799","2018","true","1241","null","Ghana","GH","Greater Accra","Greater Accra","sensitive","sensitive","undetermined","undetermined","resistant","resistant"
"SPT34800","2018","true","1241","null","Ghana","GH","Greater Accra","Greater Accra","sensitive","sensitive","undetermined","undetermined","sensitive","resistant"
"SPT34801","2018","true","1241","null","Ghana","GH","Greater Accra","Greater Accra","sensitive","sensitive","undetermined","undetermined","undetermined","resistant"
"SPT34802","2018","false","1241","null","Ghana","GH","Greater Accra","Greater Accra","null","null","null","null","null","null"
"SPT34803","2018","true","1241","null","Ghana","GH","Greater Accra","Greater Accra","undetermined","sensitive","undetermined","undetermined","resistant","resistant"
"SPT34804","2018","true","1241","null","Ghana","GH","Greater Accra","Greater Accra","sensitive","sensitive","undetermined","undetermined","resistant","resistant"
"SPT34805","2018","true","1241","null","Ghana","GH","Eastern","Eastern","sensitive","sensitive","undetermined","undetermined","resistant","resistant"
"SPT34806","2018","true","1241","null","Ghana","GH","Greater Accra","Greater Accra","sensitive","sensitive","undetermined","undetermined","resistant","resistant"
"SPT34807","2018","true","1241","null","Ghana","GH","Greater Accra","Greater Accra","sensitive","sensitive","undetermined","undetermined","resistant","resistant"
"SPT34808","2018","true","1241","null","Ghana","GH","Greater Accra","Greater Accra","sensitive","sensitive","undetermined","undetermined","resistant","resistant"
"SPT34809","2018","true","1241","null","Ghana","GH","Greater Accra","Greater Accra","undetermined","sensitive","undetermined","undetermined","resistant","resistant"
"SPT34810","2018","true","1241","null","Ghana","GH","Greater Accra","Greater Accra","sensitive","sensitive","undetermined","undetermined","resistant","resistant"
"SPT34811","2018","true","1241","null","Ghana","GH","Greater Accra","Greater Accra","undetermined","sensitive","undetermined","undetermined","resistant","undetermined"
"SPT34812","2018","true","1241","null","Ghana","GH","Greater Accra","Greater Accra","undetermined","sensitive","undetermined","undetermined","resistant","resistant"
"SPT34813","2018","true","1241","null","Ghana","GH","Greater Accra","Greater Accra","undetermined","sensitive","undetermined","undetermined","resistant","resistant"
"SPT34814","2018","false","1241","null","Ghana","GH","Greater Accra","Greater Accra","null","null","null","null","null","null"
"SPT34815","2018","true","1241","null","Ghana","GH","Greater Accra","Greater Accra","sensitive","sensitive","undetermined","undetermined","resistant","resistant"
"SPT34816","2018","true","1241","null","Ghana","GH","Greater Accra","Greater Accra","sensitive","sensitive","undetermined","undetermined","resistant","resistant"
"SPT34817","2018","true","1241","null","Ghana","GH","Greater Accra","Greater Accra","sensitive","sensitive","undetermined","undetermined","resistant","undetermined"
"SPT34818","2018","true","1241","null","Ghana","GH","Greater Accra","Greater Accra","undetermined","sensitive","undetermined","undetermined","resistant","resistant"
"SPT34819","2018","true","1241","null","Ghana","GH","Greater Accra","Greater Accra","sensitive","sensitive","undetermined","undetermined","resistant","resistant"
"SPT34820","2018","true","1241","null","Ghana","GH","Greater Accra","Greater Accra","undetermined","sensitive","undetermined","undetermined","resistant","resistant"
"SPT34821","2018","true","1241","null","Ghana","GH","Greater Accra","Greater Accra","undetermined","resistant","undetermined","undetermined","resistant","resistant"
"SPT34822","2018","true","1241","null","Ghana","GH","Eastern","Eastern","sensitive","resistant","undetermined","undetermined","resistant","resistant"
"SPT34823","2018","true","1241","null","Ghana","GH","Greater Accra","Greater Accra","undetermined","sensitive","undetermined","undetermined","resistant","resistant"
"SPT34824","2018","true","1241","null","Ghana","GH","Greater Accra","Greater Accra","sensitive","sensitive","undetermined","undetermined","resistant","resistant"
"SPT34825","2018","true","1241","null","Ghana","GH","Greater Accra","Greater Accra","sensitive","sensitive","undetermined","undetermined","resistant","resistant"
"SPT34826","2018","true","1241","null","Ghana","GH","Greater Accra","Greater Accra","sensitive","sensitive","undetermined","undetermined","resistant","resistant"
"SPT34827","2018","true","1241","null","Ghana","GH","Greater Accra","Greater Accra","sensitive","sensitive","undetermined","undetermined","resistant","resistant"
"SPT34828","2018","true","1241","null","Ghana","GH","Greater Accra","Greater Accra","undetermined","sensitive","undetermined","undetermined","resistant","resistant"
"SPT34829","2018","false","1241","null","Ghana","GH","Greater Accra","Greater Accra","null","null","null","null","null","null"
"SPT34830","2018","true","1241","null","Ghana","GH","Eastern","Eastern","undetermined","sensitive","undetermined","undetermined","resistant","resistant"
"SPT34831","2018","true","1241","null","Ghana","GH","Greater Accra","Greater Accra","undetermined","sensitive","undetermined","undetermined","resistant","resistant"
"SPT34832","2018","true","1241","null","Ghana","GH","Greater Accra","Greater Accra","sensitive","sensitive","undetermined","sensitive","resistant","resistant"
"SPT34833","2018","true","1241","null","Ghana","GH","Greater Accra","Greater Accra","undetermined","sensitive","undetermined","undetermined","resistant","resistant"
"SPT34834","2018","true","1241","null","Ghana","GH","Greater Accra","Greater Accra","sensitive","resistant","undetermined","sensitive","resistant","resistant"
"SPT34835","2018","true","1241","null","Ghana","GH","Greater Accra","Greater Accra","sensitive","sensitive","undetermined","undetermined","resistant","resistant"
"SPT34836","2018","true","1241","null","Ghana","GH","Greater Accra","Greater Accra","sensitive","sensitive","undetermined","undetermined","resistant","resistant"
"SPT34837","2018","true","1241","null","Ghana","GH","Greater Accra","Greater Accra","undetermined","sensitive","undetermined","undetermined","undetermined","resistant"
"SPT34838","2018","true","1241","null","Ghana","GH","Greater Accra","Greater Accra","sensitive","sensitive","undetermined","undetermined","resistant","resistant"
"SPT36041","2018","true","1168","null","Ghana","GH","Upper East","Upper East","sensitive","sensitive","undetermined","undetermined","resistant","resistant"
"SPT36042","2018","false","1168","null","Ghana","GH","Upper East","Upper East","null","null","null","null","null","null"
"SPT36045","2018","true","1168","null","Ghana","GH","Upper East","Upper East","undetermined","sensitive","undetermined","undetermined","resistant","sensitive"
"SPT36046","2018","false","1168","null","Ghana","GH","Upper East","Upper East","null","null","null","null","null","null"
"SPT36049","2018","false","1168","null","Ghana","GH","Upper East","Upper East","null","null","null","null","null","null"
"SPT36050","2018","true","1168","null","Ghana","GH","Upper East","Upper East","sensitive","sensitive","undetermined","sensitive","resistant","resistant"
"SPT36051","2018","true","1168","null","Ghana","GH","Upper East","Upper East","undetermined","sensitive","undetermined","undetermined","resistant","resistant"
"SPT36053","2018","false","1168","null","Ghana","GH","Upper East","Upper East","null","null","null","null","null","null"
"SPT36054","2018","false","1168","null","Ghana","GH","Upper East","Upper East","null","null","null","null","null","null"
"SPT36055","2018","true","1168","null","Ghana","GH","Upper East","Upper East","sensitive","sensitive","undetermined","undetermined","resistant","resistant"
"SPT36056","2018","false","1168","null","Ghana","GH","Upper East","Upper East","null","null","null","null","null","null"
"SPT36057","2018","true","1168","null","Ghana","GH","Upper East","Upper East","undetermined","sensitive","undetermined","undetermined","resistant","resistant"
"SPT36058","2018","true","1168","null","Ghana","GH","Upper East","Upper East","sensitive","sensitive","undetermined","undetermined","resistant","sensitive"
"SPT36059","2018","true","1168","null","Ghana","GH","Upper East","Upper East","undetermined","sensitive","undetermined","undetermined","resistant","resistant"
"SPT36060","2018","true","1168","null","Ghana","GH","Upper East","Upper East","undetermined","sensitive","undetermined","undetermined","resistant","resistant"
"SPT36061","2018","true","1168","null","Ghana","GH","Upper East","Upper East","sensitive","sensitive","undetermined","undetermined","resistant","resistant"
"SPT36066","2018","true","1168","null","Ghana","GH","Upper East","Upper East","undetermined","sensitive","undetermined","undetermined","resistant","resistant"
"SPT36068","2018","true","1168","null","Ghana","GH","Upper East","Upper East","undetermined","sensitive","undetermined","undetermined","resistant","resistant"
"SPT36069","2018","true","1168","null","Ghana","GH","Upper East","Upper East","sensitive","sensitive","undetermined","undetermined","undetermined","resistant"
"SPT36072","2018","true","1168","null","Ghana","GH","Upper East","Upper East","undetermined","sensitive","undetermined","undetermined","undetermined","resistant"
"SPT36076","2018","true","1168","null","Ghana","GH","Upper East","Upper East","undetermined","sensitive","undetermined","undetermined","resistant","undetermined"
"SPT36077","2018","false","1168","null","Ghana","GH","Upper East","Upper East","null","null","null","null","null","null"
"SPT36078","2018","false","1168","null","Ghana","GH","Upper East","Upper East","null","null","null","null","null","null"
"SPT36079","2018","true","1168","null","Ghana","GH","Upper East","Upper East","undetermined","sensitive","undetermined","undetermined","resistant","resistant"
"SPT36080","2018","false","1168","null","Ghana","GH","Upper East","Upper East","null","null","null","null","null","null"
"SPT36085","2018","true","1168","null","Ghana","GH","Upper East","Upper East","undetermined","sensitive","undetermined","undetermined","resistant","resistant"
"SPT36086","2018","false","1168","null","Ghana","GH","Upper East","Upper East","null","null","null","null","null","null"
"SPT36087","2018","true","1168","null","Ghana","GH","Upper East","Upper East","sensitive","sensitive","undetermined","undetermined","resistant","resistant"
"SPT36089","2018","true","1168","null","Ghana","GH","Upper East","Upper East","undetermined","sensitive","undetermined","undetermined","resistant","undetermined"
"SPT36090","2018","true","1168","null","Ghana","GH","Upper East","Upper East","sensitive","sensitive","undetermined","undetermined","resistant","resistant"
"SPT36093","2018","true","1168","null","Ghana","GH","Upper East","Upper East","undetermined","sensitive","undetermined","undetermined","resistant","resistant"
"SPT36094","2018","true","1168","null","Ghana","GH","Upper East","Upper East","undetermined","sensitive","undetermined","undetermined","resistant","undetermined"
"SPT36095","2018","true","1168","null","Ghana","GH","Upper East","Upper East","undetermined","sensitive","undetermined","undetermined","resistant","undetermined"
"SPT36096","2018","true","1168","null","Ghana","GH","Upper East","Upper East","sensitive","sensitive","undetermined","undetermined","resistant","resistant"
"SPT36097","2018","true","1168","null","Ghana","GH","Upper East","Upper East","undetermined","sensitive","undetermined","undetermined","resistant","resistant"
"SPT36098","2018","false","1168","null","Ghana","GH","Upper East","Upper East","null","null","null","null","null","null"
"SPT36099","2018","true","1168","null","Ghana","GH","Upper East","Upper East","sensitive","sensitive","undetermined","undetermined","resistant","resistant"
"SPT36100","2018","false","1168","null","Ghana","GH","Upper East","Upper East","null","null","null","null","null","null"
"SPT36102","2018","true","1168","null","Ghana","GH","Upper East","Upper East","sensitive","sensitive","undetermined","undetermined","resistant","resistant"
"SPT36104","2018","true","1168","null","Ghana","GH","Upper East","Upper East","undetermined","sensitive","undetermined","undetermined","resistant","resistant"
"SPT36105","2018","false","1168","null","Ghana","GH","Upper East","Upper East","null","null","null","null","null","null"
"SPT36106","2018","true","1168","null","Ghana","GH","Upper East","Upper East","sensitive","sensitive","undetermined","undetermined","resistant","resistant"
"SPT36107","2018","true","1168","null","Ghana","GH","Upper East","Upper East","sensitive","sensitive","undetermined","undetermined","resistant","undetermined"
"SPT36108","2018","true","1168","null","Ghana","GH","Upper East","Upper East","sensitive","sensitive","undetermined","undetermined","resistant","resistant"
"SPT36109","2018","true","1168","null","Ghana","GH","Upper East","Upper East","sensitive","sensitive","undetermined","undetermined","resistant","resistant"
"SPT36110","2018","true","1168","null","Ghana","GH","Upper East","Upper East","sensitive","sensitive","undetermined","undetermined","resistant","resistant"
"SPT36111","2018","true","1168","null","Ghana","GH","Upper East","Upper East","sensitive","sensitive","undetermined","sensitive","resistant","resistant"
"SPT36112","2018","false","1168","null","Ghana","GH","Upper East","Upper East","null","null","null","null","null","null"
"SPT36113","2018","true","1168","null","Ghana","GH","Upper East","Upper East","sensitive","sensitive","undetermined","undetermined","resistant","resistant"
"SPT36114","2018","true","1168","null","Ghana","GH","Upper East","Upper East","sensitive","sensitive","undetermined","undetermined","resistant","resistant"
"SPT36115","2018","false","1168","null","Ghana","GH","Upper East","Upper East","null","null","null","null","null","null"
"SPT36116","2018","true","1168","null","Ghana","GH","Upper East","Upper East","sensitive","sensitive","undetermined","sensitive","resistant","resistant"
"SPT36117","2018","true","1168","null","Ghana","GH","Upper East","Upper East","undetermined","sensitive","undetermined","undetermined","resistant","resistant"
"SPT36118","2018","false","1168","null","Ghana","GH","Upper East","Upper East","null","null","null","null","null","null"
"SPT36119","2018","true","1168","null","Ghana","GH","Upper East","Upper East","sensitive","sensitive","undetermined","undetermined","resistant","resistant"
"SPT36121","2018","true","1168","null","Ghana","GH","Upper East","Upper East","undetermined","sensitive","undetermined","undetermined","resistant","resistant"
"SPT36122","2018","true","1168","null","Ghana","GH","Upper East","Upper East","sensitive","sensitive","undetermined","undetermined","resistant","sensitive"
"SPT36123","2018","true","1168","null","Ghana","GH","Upper East","Upper East","undetermined","sensitive","undetermined","undetermined","resistant","sensitive"
"SPT36124","2018","true","1168","null","Ghana","GH","Upper East","Upper East","undetermined","sensitive","undetermined","undetermined","resistant","undetermined"
"SPT36125","2018","false","1168","null","Ghana","GH","Upper East","Upper East","null","null","null","null","null","null"
"SPT36126","2018","true","1168","null","Ghana","GH","Upper East","Upper East","sensitive","sensitive","undetermined","undetermined","resistant","resistant"
"SPT36127","2018","true","1168","null","Ghana","GH","Upper East","Upper East","sensitive","sensitive","undetermined","undetermined","resistant","resistant"
"SPT36128","2018","true","1168","null","Ghana","GH","Upper East","Upper East","sensitive","sensitive","undetermined","undetermined","resistant","resistant"
"SPT36129","2018","false","1168","null","Ghana","GH","Upper East","Upper East","null","null","null","null","null","null"
"SPT36131","2018","false","1168","null","Ghana","GH","Upper East","Upper East","null","null","null","null","null","null"
"SPT36136","2018","false","1168","null","Ghana","GH","Upper East","Upper East","null","null","null","null","null","null"
"SPT36137","2018","false","1168","null","Ghana","GH","Upper East","Upper East","null","null","null","null","null","null"
"SPT36138","2018","false","1168","null","Ghana","GH","Upper East","Upper East","null","null","null","null","null","null"
"SPT36139","2018","true","1168","null","Ghana","GH","Upper East","Upper East","undetermined","sensitive","undetermined","undetermined","resistant","resistant"
"SPT36140","2018","false","1168","null","Ghana","GH","Upper East","Upper East","null","null","null","null","null","null"
"SPT36143","2018","false","1168","null","Ghana","GH","Upper East","Upper East","null","null","null","null","null","null"
"SPT36146","2018","false","1168","null","Ghana","GH","Upper East","Upper East","null","null","null","null","null","null"
"SPT36147","2018","true","1168","null","Ghana","GH","Upper East","Upper East","undetermined","sensitive","undetermined","undetermined","sensitive","resistant"
"SPT36150","2018","false","1168","null","Ghana","GH","Upper East","Upper East","null","null","null","null","null","null"
"SPT36151","2018","true","1168","null","Ghana","GH","Upper East","Upper East","undetermined","sensitive","undetermined","undetermined","resistant","resistant"
"SPT36157","2018","true","1168","null","Ghana","GH","Upper East","Upper East","sensitive","sensitive","undetermined","undetermined","resistant","undetermined"
"SPT36158","2018","false","1168","null","Ghana","GH","Upper East","Upper East","null","null","null","null","null","null"
"SPT36159","2018","true","1168","null","Ghana","GH","Upper East","Upper East","undetermined","sensitive","undetermined","undetermined","resistant","resistant"
"SPT36161","2018","true","1168","null","Ghana","GH","Upper East","Upper East","sensitive","sensitive","undetermined","undetermined","sensitive","resistant"
"SPT36162","2018","true","1168","null","Ghana","GH","Upper East","Upper East","undetermined","sensitive","undetermined","undetermined","resistant","resistant"
"SPT36163","2018","true","1168","null","Ghana","GH","Upper East","Upper East","sensitive","sensitive","undetermined","undetermined","resistant","resistant"
"SPT36165","2018","true","1168","null","Ghana","GH","Upper East","Upper East","sensitive","sensitive","undetermined","undetermined","resistant","resistant"
"SPT36167","2018","false","1168","null","Ghana","GH","Upper East","Upper East","null","null","null","null","null","null"
"SPT36168","2018","true","1168","null","Ghana","GH","Upper East","Upper East","sensitive","sensitive","undetermined","undetermined","resistant","resistant"
"SPT36169","2018","false","1168","null","Ghana","GH","Upper East","Upper East","null","null","null","null","null","null"
"SPT36171","2018","false","1168","null","Ghana","GH","Upper East","Upper East","null","null","null","null","null","null"
"SPT36174","2018","false","1168","null","Ghana","GH","Upper East","Upper East","null","null","null","null","null","null"
"SPT36175","2018","true","1168","null","Ghana","GH","Upper East","Upper East","sensitive","sensitive","undetermined","undetermined","resistant","resistant"
"SPT36176","2018","false","1168","null","Ghana","GH","Upper East","Upper East","null","null","null","null","null","null"
"SPT36178","2018","false","1168","null","Ghana","GH","Upper East","Upper East","null","null","null","null","null","null"
"SPT36179","2018","true","1168","null","Ghana","GH","Upper East","Upper East","sensitive","sensitive","undetermined","sensitive","resistant","resistant"
"SPT36180","2018","false","1168","null","Ghana","GH","Upper East","Upper East","null","null","null","null","null","null"
"SPT36185","2018","true","1168","null","Ghana","GH","Upper East","Upper East","sensitive","sensitive","undetermined","undetermined","resistant","resistant"
"SPT36187","2018","true","1168","null","Ghana","GH","Upper East","Upper East","undetermined","sensitive","undetermined","undetermined","resistant","resistant"
"SPT36188","2018","false","1168","null","Ghana","GH","Upper East","Upper East","null","null","null","null","null","null"
"SPT36189","2018","true","1168","null","Ghana","GH","Upper East","Upper East","sensitive","sensitive","undetermined","sensitive","resistant","resistant"
"SPT36190","2018","true","1168","null","Ghana","GH","Upper East","Upper East","sensitive","sensitive","undetermined","undetermined","resistant","resistant"
"SPT36192","2018","false","1168","null","Ghana","GH","Upper East","Upper East","null","null","null","null","null","null"
"SPT36194","2018","true","1168","null","Ghana","GH","Upper East","Upper East","sensitive","sensitive","undetermined","undetermined","undetermined","resistant"
"SPT36197","2018","false","1168","null","Ghana","GH","Upper East","Upper East","null","null","null","null","null","null"
"SPT36198","2018","false","1168","null","Ghana","GH","Upper East","Upper East","null","null","null","null","null","null"
"SPT36200","2018","true","1168","null","Ghana","GH","Upper East","Upper East","sensitive","sensitive","undetermined","undetermined","sensitive","resistant"
"SPT36204","2018","true","1168","null","Ghana","GH","Upper East","Upper East","undetermined","sensitive","undetermined","undetermined","resistant","resistant"
"SPT36205","2018","true","1168","null","Ghana","GH","Upper East","Upper East","undetermined","sensitive","undetermined","undetermined","undetermined","resistant"
"SPT36207","2018","false","1168","null","Ghana","GH","Upper East","Upper East","null","null","null","null","null","null"
"SPT36210","2018","true","1168","null","Ghana","GH","Upper East","Upper East","sensitive","sensitive","undetermined","undetermined","resistant","resistant"
"SPT36211","2018","true","1168","null","Ghana","GH","Upper East","Upper East","undetermined","sensitive","undetermined","undetermined","resistant","resistant"
"SPT36212","2018","false","1168","null","Ghana","GH","Upper East","Upper East","null","null","null","null","null","null"
"SPT36215","2018","false","1168","null","Ghana","GH","Upper East","Upper East","null","null","null","null","null","null"
"SPT36216","2018","false","1168","null","Ghana","GH","Upper East","Upper East","null","null","null","null","null","null"
"SPT36217","2018","true","1168","null","Ghana","GH","Upper East","Upper East","sensitive","sensitive","undetermined","undetermined","undetermined","resistant"
"SPT36221","2018","true","1168","null","Ghana","GH","Upper East","Upper East","sensitive","sensitive","undetermined","undetermined","resistant","resistant"
"SPT36223","2018","false","1168","null","Ghana","GH","Upper East","Upper East","null","null","null","null","null","null"
"SPT36225","2018","false","1168","null","Ghana","GH","Upper East","Upper East","null","null","null","null","null","null"
"SPT36226","2018","false","1168","null","Ghana","GH","Upper East","Upper East","null","null","null","null","null","null"
"SPT36228","2018","false","1168","null","Ghana","GH","Upper East","Upper East","null","null","null","null","null","null"
"SPT36230","2018","true","1168","null","Ghana","GH","Upper East","Upper East","sensitive","sensitive","undetermined","undetermined","resistant","resistant"
"SPT36231","2018","false","1168","null","Ghana","GH","Upper East","Upper East","null","null","null","null","null","null"
"SPT36233","2018","true","1168","null","Ghana","GH","Upper East","Upper East","sensitive","sensitive","undetermined","undetermined","undetermined","resistant"
"SPT36234","2018","false","1168","null","Ghana","GH","Upper East","Upper East","null","null","null","null","null","null"
"SPT36237","2018","false","1168","null","Ghana","GH","Upper East","Upper East","null","null","null","null","null","null"
"SPT36238","2018","true","1168","null","Ghana","GH","Upper East","Upper East","sensitive","sensitive","undetermined","undetermined","undetermined","resistant"
"SPT36240","2018","true","1168","null","Ghana","GH","Upper East","Upper East","undetermined","sensitive","undetermined","undetermined","resistant","resistant"
"SPT36242","2018","true","1168","null","Ghana","GH","Upper East","Upper East","sensitive","sensitive","undetermined","undetermined","resistant","resistant"
"SPT36243","2018","true","1168","null","Ghana","GH","Upper East","Upper East","sensitive","sensitive","undetermined","undetermined","resistant","undetermined"
"SPT36245","2018","true","1168","null","Ghana","GH","Upper East","Upper East","sensitive","sensitive","undetermined","undetermined","resistant","resistant"
"SPT36247","2018","true","1168","null","Ghana","GH","Upper East","Upper East","sensitive","sensitive","undetermined","sensitive","resistant","resistant"
"SPT36250","2018","true","1168","null","Ghana","GH","Upper East","Upper East","sensitive","sensitive","undetermined","undetermined","resistant","resistant"
"SPT36251","2018","true","1168","null","Ghana","GH","Upper East","Upper East","sensitive","sensitive","undetermined","undetermined","resistant","undetermined"
"SPT36253","2018","true","1168","null","Ghana","GH","Upper East","Upper East","sensitive","sensitive","undetermined","sensitive","resistant","sensitive"
"SPT36254","2018","true","1168","null","Ghana","GH","Upper East","Upper East","sensitive","sensitive","undetermined","undetermined","resistant","resistant"
"SPT36255","2018","true","1168","null","Ghana","GH","Upper East","Upper East","sensitive","sensitive","undetermined","undetermined","resistant","resistant"
"SPT36257","2018","false","1168","null","Ghana","GH","Upper East","Upper East","null","null","null","null","null","null"
"SPT36258","2018","true","1168","null","Ghana","GH","Upper East","Upper East","sensitive","sensitive","undetermined","undetermined","resistant","resistant"
"SPT36259","2018","true","1168","null","Ghana","GH","Upper East","Upper East","undetermined","sensitive","undetermined","undetermined","undetermined","resistant"
"SPT36260","2018","true","1168","null","Ghana","GH","Upper East","Upper East","sensitive","sensitive","sensitive","sensitive","resistant","resistant"
"SPT36261","2018","false","1168","null","Ghana","GH","Upper East","Upper East","null","null","null","null","null","null"
"SPT36262","2018","true","1168","null","Ghana","GH","Upper East","Upper East","sensitive","sensitive","undetermined","undetermined","resistant","resistant"
"SPT36263","2018","true","1168","null","Ghana","GH","Upper East","Upper East","sensitive","sensitive","undetermined","undetermined","resistant","resistant"
"SPT36264","2018","true","1168","null","Ghana","GH","Upper East","Upper East","undetermined","sensitive","undetermined","undetermined","resistant","resistant"
"SPT36265","2018","true","1168","null","Ghana","GH","Upper East","Upper East","sensitive","sensitive","undetermined","undetermined","resistant","resistant"
"SPT36266","2018","true","1168","null","Ghana","GH","Upper East","Upper East","sensitive","sensitive","undetermined","undetermined","resistant","resistant"
"SPT36269","2018","true","1168","null","Ghana","GH","Upper East","Upper East","sensitive","sensitive","undetermined","undetermined","resistant","resistant"
"SPT36270","2018","true","1168","null","Ghana","GH","Upper East","Upper East","sensitive","sensitive","undetermined","undetermined","resistant","resistant"
"SPT36271","2018","true","1168","null","Ghana","GH","Upper East","Upper East","sensitive","sensitive","undetermined","undetermined","resistant","resistant"
"SPT36273","2018","true","1168","null","Ghana","GH","Upper East","Upper East","sensitive","sensitive","sensitive","sensitive","resistant","resistant"
"SPT36274","2018","false","1168","null","Ghana","GH","Upper East","Upper East","null","null","null","null","null","null"
"SPT36275","2018","false","1168","null","Ghana","GH","Upper East","Upper East","null","null","null","null","null","null"
"SPT36276","2018","false","1168","null","Ghana","GH","Upper East","Upper East","null","null","null","null","null","null"
"SPT36277","2018","true","1168","null","Ghana","GH","Upper East","Upper East","sensitive","sensitive","undetermined","undetermined","resistant","resistant"
"SPT36279","2018","false","1168","null","Ghana","GH","Upper East","Upper East","null","null","null","null","null","null"
"SPT36281","2018","true","1168","null","Ghana","GH","Upper East","Upper East","sensitive","sensitive","undetermined","undetermined","undetermined","undetermined"
"SPT36283","2018","true","1168","null","Ghana","GH","Upper East","Upper East","sensitive","sensitive","undetermined","undetermined","resistant","resistant"
"SPT36284","2018","false","1168","null","Ghana","GH","Upper East","Upper East","null","null","null","null","null","null"
"SPT36285","2018","true","1168","null","Ghana","GH","Upper East","Upper East","sensitive","sensitive","undetermined","undetermined","undetermined","resistant"
"SPT36286","2018","false","1168","null","Ghana","GH","Upper East","Upper East","null","null","null","null","null","null"
"SPT36287","2018","true","1168","null","Ghana","GH","Upper East","Upper East","sensitive","sensitive","undetermined","undetermined","resistant","resistant"
"SPT36288","2018","false","1168","null","Ghana","GH","Upper East","Upper East","null","null","null","null","null","null"
"SPT36290","2018","true","1168","null","Ghana","GH","Upper East","Upper East","sensitive","sensitive","undetermined","undetermined","undetermined","resistant"
"SPT36291","2018","true","1168","null","Ghana","GH","Upper East","Upper East","sensitive","sensitive","undetermined","sensitive","undetermined","resistant"
"SPT36292","2018","true","1168","null","Ghana","GH","Upper East","Upper East","sensitive","sensitive","undetermined","sensitive","undetermined","resistant"
"SPT36293","2018","true","1168","null","Ghana","GH","Upper East","Upper East","sensitive","sensitive","undetermined","undetermined","sensitive","resistant"
"SPT36294","2018","true","1168","null","Ghana","GH","Upper East","Upper East","sensitive","sensitive","undetermined","undetermined","resistant","resistant"
"SPT36295","2018","false","1168","null","Ghana","GH","Upper East","Upper East","null","null","null","null","null","null"
"SPT36296","2018","true","1168","null","Ghana","GH","Upper East","Upper East","sensitive","sensitive","undetermined","undetermined","resistant","resistant"
"SPT36298","2018","true","1168","null","Ghana","GH","Upper East","Upper East","sensitive","sensitive","undetermined","undetermined","resistant","resistant"
"SPT36300","2018","false","1168","null","Ghana","GH","Upper East","Upper East","null","null","null","null","null","null"
"SPT36301","2018","true","1168","null","Ghana","GH","Upper East","Upper East","sensitive","sensitive","undetermined","sensitive","resistant","resistant"
"SPT36302","2018","true","1168","null","Ghana","GH","Upper East","Upper East","undetermined","sensitive","undetermined","undetermined","resistant","resistant"
"SPT36303","2018","false","1168","null","Ghana","GH","Upper East","Upper East","null","null","null","null","null","null"
"SPT36305","2018","false","1168","null","Ghana","GH","Upper East","Upper East","null","null","null","null","null","null"
"SPT36306","2018","true","1168","null","Ghana","GH","Upper East","Upper East","sensitive","sensitive","undetermined","sensitive","resistant","resistant"
"SPT36307","2018","true","1168","null","Ghana","GH","Upper East","Upper East","undetermined","sensitive","undetermined","undetermined","resistant","resistant"
"SPT36310","2018","true","1168","null","Ghana","GH","Upper East","Upper East","undetermined","sensitive","undetermined","undetermined","resistant","resistant"
"SPT36311","2018","true","1168","null","Ghana","GH","Upper East","Upper East","sensitive","sensitive","sensitive","sensitive","resistant","resistant"
"SPT36312","2018","false","1168","null","Ghana","GH","Upper East","Upper East","null","null","null","null","null","null"
"SPT36313","2018","false","1168","null","Ghana","GH","Upper East","Upper East","null","null","null","null","null","null"
"SPT36314","2018","true","1168","null","Ghana","GH","Upper East","Upper East","sensitive","sensitive","undetermined","undetermined","resistant","resistant"
"SPT36316","2018","true","1168","null","Ghana","GH","Upper East","Upper East","sensitive","sensitive","undetermined","undetermined","resistant","resistant"
"SPT36317","2018","true","1168","null","Ghana","GH","Upper East","Upper East","undetermined","sensitive","undetermined","undetermined","resistant","resistant"
"SPT36318","2018","false","1168","null","Ghana","GH","Upper East","Upper East","null","null","null","null","null","null"
"SPT36319","2018","true","1168","null","Ghana","GH","Upper East","Upper East","sensitive","sensitive","undetermined","sensitive","resistant","resistant"
"SPT36320","2018","false","1168","null","Ghana","GH","Upper East","Upper East","null","null","null","null","null","null"
"SPT36322","2018","false","1168","null","Ghana","GH","Upper East","Upper East","null","null","null","null","null","null"
"SPT36328","2018","false","1168","null","Ghana","GH","Upper East","Upper East","null","null","null","null","null","null"
"SPT36332","2018","false","1168","null","Ghana","GH","Upper East","Upper East","null","null","null","null","null","null"
"SPT36333","2018","false","1168","null","Ghana","GH","Upper East","Upper East","null","null","null","null","null","null"
"SPT36336","2018","false","1168","null","Ghana","GH","Upper East","Upper East","null","null","null","null","null","null"
"SPT36337","2018","false","1168","null","Ghana","GH","Upper East","Upper East","null","null","null","null","null","null"
"SPT36340","2018","false","1168","null","Ghana","GH","Upper East","Upper East","null","null","null","null","null","null"
"SPT36344","2018","true","1168","null","Ghana","GH","Upper East","Upper East","undetermined","sensitive","undetermined","undetermined","resistant","resistant"
"SPT36345","2018","false","1168","null","Ghana","GH","Upper East","Upper East","null","null","null","null","null","null"
"SPT36347","2018","false","1168","null","Ghana","GH","Upper East","Upper East","null","null","null","null","null","null"
"SPT36350","2018","true","1168","null","Ghana","GH","Upper East","Upper East","sensitive","sensitive","undetermined","undetermined","sensitive","resistant"
"SPT36351","2018","false","1168","null","Ghana","GH","Upper East","Upper East","null","null","null","null","null","null"
"SPT36353","2018","false","1168","null","Ghana","GH","Upper East","Upper East","null","null","null","null","null","null"
"SPT36355","2018","false","1168","null","Ghana","GH","Upper East","Upper East","null","null","null","null","null","null"
"SPT36356","2018","true","1168","null","Ghana","GH","Upper East","Upper East","undetermined","sensitive","undetermined","undetermined","resistant","resistant"
"SPT36357","2018","true","1168","null","Ghana","GH","Upper East","Upper East","sensitive","sensitive","undetermined","undetermined","resistant","undetermined"
"SPT36358","2018","true","1168","null","Ghana","GH","Upper East","Upper East","undetermined","sensitive","undetermined","undetermined","resistant","resistant"
"SPT36359","2018","false","1168","null","Ghana","GH","Upper East","Upper East","null","null","null","null","null","null"
"SPT36360","2018","false","1168","null","Ghana","GH","Upper East","Upper East","null","null","null","null","null","null"
"SPT36361","2018","true","1168","null","Ghana","GH","Upper East","Upper East","sensitive","sensitive","undetermined","undetermined","undetermined","resistant"
"SPT36362","2018","false","1168","null","Ghana","GH","Upper East","Upper East","null","null","null","null","null","null"
"SPT36363","2018","true","1168","null","Ghana","GH","Upper East","Upper East","undetermined","sensitive","undetermined","undetermined","resistant","resistant"
"SPT36364","2018","false","1168","null","Ghana","GH","Upper East","Upper East","null","null","null","null","null","null"
"SPT36366","2018","false","1168","null","Ghana","GH","Upper East","Upper East","null","null","null","null","null","null"
"SPT36367","2018","false","1168","null","Ghana","GH","Upper East","Upper East","null","null","null","null","null","null"
"SPT36369","2018","true","1168","null","Ghana","GH","Upper East","Upper East","undetermined","sensitive","undetermined","undetermined","resistant","resistant"
"SPT36370","2018","false","1168","null","Ghana","GH","Upper East","Upper East","null","null","null","null","null","null"
"SPT36373","2018","false","1168","null","Ghana","GH","Upper East","Upper East","null","null","null","null","null","null"
"SPT36374","2018","false","1168","null","Ghana","GH","Upper East","Upper East","null","null","null","null","null","null"
"SPT36375","2018","true","1168","null","Ghana","GH","Upper East","Upper East","sensitive","resistant","undetermined","undetermined","resistant","resistant"
"SPT36378","2018","false","1168","null","Ghana","GH","Upper East","Upper East","null","null","null","null","null","null"
"SPT36379","2018","true","1168","null","Ghana","GH","Upper East","Upper East","sensitive","sensitive","undetermined","undetermined","resistant","sensitive"
"SPT36380","2018","false","1168","null","Ghana","GH","Upper East","Upper East","null","null","null","null","null","null"
"SPT36381","2018","false","1168","null","Ghana","GH","Upper East","Upper East","null","null","null","null","null","null"
"SPT36384","2018","true","1168","null","Ghana","GH","Upper East","Upper East","undetermined","sensitive","undetermined","undetermined","resistant","resistant"
"SPT36385","2018","false","1168","null","Ghana","GH","Upper East","Upper East","null","null","null","null","null","null"
"SPT36386","2018","true","1168","null","Ghana","GH","Upper East","Upper East","sensitive","sensitive","undetermined","undetermined","resistant","resistant"
"SPT36389","2018","false","1168","null","Ghana","GH","Upper East","Upper East","null","null","null","null","null","null"
"SPT36390","2018","false","1168","null","Ghana","GH","Upper East","Upper East","null","null","null","null","null","null"
"SPT36391","2018","false","1168","null","Ghana","GH","Upper East","Upper East","null","null","null","null","null","null"
"SPT36393","2018","false","1168","null","Ghana","GH","Upper East","Upper East","null","null","null","null","null","null"
"SPT36394","2018","false","1168","null","Ghana","GH","Upper East","Upper East","null","null","null","null","null","null"
"SPT36395","2018","false","1168","null","Ghana","GH","Upper East","Upper East","null","null","null","null","null","null"
"SPT36396","2018","false","1168","null","Ghana","GH","Upper East","Upper East","null","null","null","null","null","null"
"SPT36397","2018","false","1168","null","Ghana","GH","Upper East","Upper East","null","null","null","null","null","null"
"SPT36401","2018","false","1168","null","Ghana","GH","Upper East","Upper East","null","null","null","null","null","null"
"SPT36402","2018","false","1168","null","Ghana","GH","Upper East","Upper East","null","null","null","null","null","null"
"SPT36403","2018","false","1168","null","Ghana","GH","Upper East","Upper East","null","null","null","null","null","null"
"SPT36405","2018","false","1168","null","Ghana","GH","Upper East","Upper East","null","null","null","null","null","null"
"SPT36406","2018","false","1168","null","Ghana","GH","Upper East","Upper East","null","null","null","null","null","null"
"SPT36407","2018","false","1168","null","Ghana","GH","Upper East","Upper East","null","null","null","null","null","null"
"SPT36408","2018","false","1168","null","Ghana","GH","Upper East","Upper East","null","null","null","null","null","null"
"SPT36410","2018","false","1168","null","Ghana","GH","Upper East","Upper East","null","null","null","null","null","null"
"SPT36413","2018","false","1168","null","Ghana","GH","Upper East","Upper East","null","null","null","null","null","null"
"SPT36414","2018","false","1168","null","Ghana","GH","Upper East","Upper East","null","null","null","null","null","null"
"SPT36415","2018","true","1168","null","Ghana","GH","Upper East","Upper East","sensitive","sensitive","undetermined","undetermined","resistant","resistant"
"SPT36416","2018","false","1168","null","Ghana","GH","Upper East","Upper East","null","null","null","null","null","null"
"SPT36422","2018","false","1168","null","Ghana","GH","Upper East","Upper East","null","null","null","null","null","null"
"SPT36423","2018","false","1168","null","Ghana","GH","Upper East","Upper East","null","null","null","null","null","null"
"SPT36429","2018","true","1168","null","Ghana","GH","Upper East","Upper East","sensitive","sensitive","undetermined","undetermined","resistant","resistant"
"SPT36432","2018","false","1168","null","Ghana","GH","Upper East","Upper East","null","null","null","null","null","null"
"SPT36437","2018","false","1168","null","Ghana","GH","Upper East","Upper East","null","null","null","null","null","null"
"SPT36442","2018","false","1168","null","Ghana","GH","Upper East","Upper East","null","null","null","null","null","null"
"SPT36443","2018","false","1168","null","Ghana","GH","Upper East","Upper East","null","null","null","null","null","null"
"SPT36445","2018","false","1168","null","Ghana","GH","Upper East","Upper East","null","null","null","null","null","null"
"SPT36446","2018","true","1168","null","Ghana","GH","Upper East","Upper East","sensitive","sensitive","undetermined","undetermined","resistant","resistant"
"SPT36448","2018","true","1168","null","Ghana","GH","Upper East","Upper East","sensitive","sensitive","undetermined","undetermined","resistant","resistant"
"SPT36451","2018","false","1168","null","Ghana","GH","Upper East","Upper East","null","null","null","null","null","null"
"SPT36452","2018","false","1168","null","Ghana","GH","Upper East","Upper East","null","null","null","null","null","null"
"SPT36456","2018","false","1168","null","Ghana","GH","Upper East","Upper East","null","null","null","null","null","null"
"SPT36457","2018","false","1168","null","Ghana","GH","Upper East","Upper East","null","null","null","null","null","null"
"SPT36461","2018","false","1168","null","Ghana","GH","Upper East","Upper East","null","null","null","null","null","null"
"SPT36463","2018","true","1168","null","Ghana","GH","Upper East","Upper East","sensitive","sensitive","undetermined","undetermined","resistant","resistant"
"SPT36466","2018","true","1168","null","Ghana","GH","Upper East","Upper East","sensitive","sensitive","undetermined","undetermined","resistant","sensitive"
"SPT36468","2018","false","1168","null","Ghana","GH","Upper East","Upper East","null","null","null","null","null","null"
"SPT36470","2018","false","1168","null","Ghana","GH","Upper East","Upper East","null","null","null","null","null","null"
"SPT36477","2018","true","1168","null","Ghana","GH","Upper East","Upper East","sensitive","sensitive","sensitive","sensitive","resistant","resistant"
"SPT36483","2018","true","1168","null","Ghana","GH","Upper East","Upper East","sensitive","sensitive","undetermined","undetermined","resistant","resistant"
"SPT36485","2018","true","1168","null","Ghana","GH","Upper East","Upper East","undetermined","sensitive","undetermined","undetermined","resistant","resistant"
"SPT36487","2018","false","1168","null","Ghana","GH","Upper East","Upper East","null","null","null","null","null","null"
"SPT36488","2018","false","1168","null","Ghana","GH","Upper East","Upper East","null","null","null","null","null","null"
"SPT36493","2018","true","1168","null","Ghana","GH","Upper East","Upper East","sensitive","sensitive","undetermined","undetermined","resistant","resistant"
"SPT36495","2018","true","1168","null","Ghana","GH","Upper East","Upper East","sensitive","sensitive","undetermined","undetermined","resistant","resistant"
"SPT36499","2018","true","1168","null","Ghana","GH","Upper East","Upper East","sensitive","sensitive","undetermined","undetermined","resistant","resistant"
"SPT36500","2018","true","1168","null","Ghana","GH","Upper East","Upper East","undetermined","sensitive","undetermined","undetermined","resistant","sensitive"
"SPT36501","2018","false","1168","null","Ghana","GH","Upper East","Upper East","null","null","null","null","null","null"
"SPT36504","2018","true","1168","null","Ghana","GH","Upper East","Upper East","sensitive","sensitive","undetermined","undetermined","resistant","resistant"
"SPT36505","2018","true","1241","null","Ghana","GH","Greater Accra","Greater Accra","sensitive","sensitive","sensitive","undetermined","resistant","resistant"
"SPT36506","2018","true","1241","null","Ghana","GH","Greater Accra","Greater Accra","undetermined","sensitive","undetermined","undetermined","undetermined","resistant"
"SPT36507","2018","true","1241","null","Ghana","GH","Greater Accra","Greater Accra","sensitive","sensitive","undetermined","undetermined","resistant","resistant"
"SPT36510","2018","true","1241","null","Ghana","GH","Greater Accra","Greater Accra","sensitive","sensitive","undetermined","undetermined","resistant","resistant"
"SPT36511","2018","true","1241","null","Ghana","GH","Greater Accra","Greater Accra","sensitive","sensitive","undetermined","undetermined","resistant","resistant"
"SPT36512","2018","true","1241","null","Ghana","GH","Greater Accra","Greater Accra","sensitive","sensitive","undetermined","undetermined","resistant","resistant"
"SPT36513","2018","false","1241","null","Ghana","GH","Greater Accra","Greater Accra","null","null","null","null","null","null"
"SPT36514","2018","true","1241","null","Ghana","GH","Greater Accra","Greater Accra","sensitive","sensitive","sensitive","sensitive","resistant","sensitive"
"SPT36515","2018","true","1241","null","Ghana","GH","Eastern","Eastern","sensitive","sensitive","sensitive","sensitive","resistant","resistant"
"SPT36516","2018","true","1241","null","Ghana","GH","Greater Accra","Greater Accra","undetermined","sensitive","undetermined","undetermined","resistant","resistant"
"SPT36517","2018","true","1241","null","Ghana","GH","Greater Accra","Greater Accra","sensitive","sensitive","undetermined","undetermined","resistant","resistant"
"SPT36518","2018","true","1241","null","Ghana","GH","Greater Accra","Greater Accra","sensitive","sensitive","sensitive","undetermined","resistant","resistant"
"SPT36519","2018","true","1241","null","Ghana","GH","Greater Accra","Greater Accra","sensitive","sensitive","sensitive","undetermined","resistant","resistant"
"SPT36520","2018","true","1241","null","Ghana","GH","Greater Accra","Greater Accra","sensitive","sensitive","sensitive","sensitive","resistant","resistant"
"SPT36521","2018","true","1241","null","Ghana","GH","Greater Accra","Greater Accra","sensitive","sensitive","undetermined","undetermined","resistant","resistant"
"SPT36522","2018","true","1241","null","Ghana","GH","Greater Accra","Greater Accra","sensitive","sensitive","undetermined","undetermined","resistant","resistant"
"SPT36523","2018","true","1241","null","Ghana","GH","Greater Accra","Greater Accra","sensitive","sensitive","undetermined","undetermined","resistant","resistant"
"SPT36524","2018","true","1241","null","Ghana","GH","Greater Accra","Greater Accra","sensitive","sensitive","undetermined","undetermined","resistant","resistant"
"SPT36525","2018","true","1241","null","Ghana","GH","Greater Accra","Greater Accra","sensitive","sensitive","sensitive","sensitive","resistant","sensitive"
"SPT36526","2018","true","1241","null","Ghana","GH","Eastern","Eastern","sensitive","sensitive","undetermined","undetermined","resistant","resistant"
"SPT36527","2018","false","1241","null","Ghana","GH","Greater Accra","Greater Accra","null","null","null","null","null","null"
"SPT36528","2018","true","1241","null","Ghana","GH","Eastern","Eastern","sensitive","sensitive","undetermined","undetermined","resistant","resistant"
"SPT36529","2018","true","1241","null","Ghana","GH","Greater Accra","Greater Accra","sensitive","sensitive","sensitive","sensitive","resistant","resistant"
"SPT36530","2018","true","1241","null","Ghana","GH","Greater Accra","Greater Accra","sensitive","sensitive","undetermined","undetermined","undetermined","resistant"
"SPT36531","2018","true","1241","null","Ghana","GH","Greater Accra","Greater Accra","undetermined","sensitive","undetermined","undetermined","resistant","resistant"
"SPT36532","2018","true","1241","null","Ghana","GH","Greater Accra","Greater Accra","sensitive","sensitive","undetermined","undetermined","resistant","resistant"
"SPT36533","2018","true","1241","null","Ghana","GH","Greater Accra","Greater Accra","sensitive","sensitive","sensitive","sensitive","resistant","resistant"
"SPT36534","2018","true","1241","null","Ghana","GH","Greater Accra","Greater Accra","sensitive","sensitive","undetermined","undetermined","resistant","resistant"
"SPT36535","2018","true","1241","null","Ghana","GH","Greater Accra","Greater Accra","sensitive","sensitive","undetermined","sensitive","resistant","resistant"
"SPT36536","2018","true","1241","null","Ghana","GH","Greater Accra","Greater Accra","sensitive","sensitive","undetermined","undetermined","resistant","resistant"
"SPT36537","2018","true","1241","null","Ghana","GH","Greater Accra","Greater Accra","sensitive","sensitive","sensitive","sensitive","resistant","resistant"
"SPT36538","2018","true","1241","null","Ghana","GH","Greater Accra","Greater Accra","sensitive","resistant","sensitive","undetermined","resistant","sensitive"
"SPT36539","2018","true","1241","null","Ghana","GH","Greater Accra","Greater Accra","sensitive","sensitive","sensitive","sensitive","resistant","resistant"
"SPT36540","2018","true","1241","null","Ghana","GH","Eastern","Eastern","sensitive","sensitive","undetermined","undetermined","sensitive","resistant"
"SPT36541","2018","true","1241","null","Ghana","GH","Greater Accra","Greater Accra","sensitive","sensitive","sensitive","sensitive","undetermined","resistant"
"SPT36542","2018","true","1241","null","Ghana","GH","Eastern","Eastern","sensitive","sensitive","undetermined","undetermined","resistant","resistant"
"SPT36543","2018","true","1241","null","Ghana","GH","Greater Accra","Greater Accra","sensitive","sensitive","undetermined","sensitive","resistant","resistant"
"SPT36544","2018","false","1241","null","Ghana","GH","Greater Accra","Greater Accra","null","null","null","null","null","null"
"SPT36545","2018","true","1241","null","Ghana","GH","Eastern","Eastern","sensitive","sensitive","sensitive","sensitive","resistant","resistant"
"SPT36546","2018","false","1241","null","Ghana","GH","Greater Accra","Greater Accra","null","null","null","null","null","null"
"SPT36547","2018","true","1241","null","Ghana","GH","Greater Accra","Greater Accra","sensitive","sensitive","undetermined","undetermined","resistant","resistant"
"SPT36548","2018","true","1241","null","Ghana","GH","Greater Accra","Greater Accra","sensitive","sensitive","undetermined","sensitive","resistant","resistant"
"SPT36549","2018","true","1241","null","Ghana","GH","Greater Accra","Greater Accra","sensitive","sensitive","undetermined","undetermined","resistant","resistant"
"SPT36550","2018","true","1241","null","Ghana","GH","Greater Accra","Greater Accra","sensitive","sensitive","undetermined","sensitive","resistant","resistant"
"SPT36551","2018","true","1241","null","Ghana","GH","Greater Accra","Greater Accra","undetermined","sensitive","undetermined","undetermined","resistant","resistant"
"SPT36552","2018","true","1241","null","Ghana","GH","Greater Accra","Greater Accra","sensitive","sensitive","undetermined","undetermined","resistant","resistant"
"SPT36554","2018","true","1241","null","Ghana","GH","Greater Accra","Greater Accra","sensitive","sensitive","undetermined","undetermined","resistant","resistant"
"SPT36555","2018","true","1241","null","Ghana","GH","Eastern","Eastern","sensitive","sensitive","undetermined","sensitive","resistant","resistant"
"SPT36556","2018","true","1241","null","Ghana","GH","Greater Accra","Greater Accra","sensitive","sensitive","undetermined","undetermined","resistant","resistant"
"SPT36557","2018","true","1241","null","Ghana","GH","Greater Accra","Greater Accra","sensitive","sensitive","undetermined","undetermined","resistant","resistant"
"SPT36558","2018","true","1241","null","Ghana","GH","Greater Accra","Greater Accra","sensitive","sensitive","undetermined","undetermined","resistant","resistant"
"SPT36559","2018","true","1241","null","Ghana","GH","Greater Accra","Greater Accra","sensitive","sensitive","undetermined","undetermined","resistant","resistant"
"SPT36560","2018","true","1241","null","Ghana","GH","Greater Accra","Greater Accra","undetermined","sensitive","undetermined","undetermined","resistant","resistant"
"SPT36561","2018","true","1241","null","Ghana","GH","Greater Accra","Greater Accra","sensitive","sensitive","sensitive","sensitive","resistant","resistant"
"SPT36562","2018","true","1241","null","Ghana","GH","Greater Accra","Greater Accra","sensitive","sensitive","undetermined","undetermined","resistant","resistant"
"SPT36563","2018","true","1241","null","Ghana","GH","Eastern","Eastern","sensitive","sensitive","sensitive","undetermined","resistant","resistant"
"SPT36565","2018","true","1241","null","Ghana","GH","Greater Accra","Greater Accra","sensitive","sensitive","sensitive","sensitive","resistant","resistant"
"SPT36567","2018","true","1241","null","Ghana","GH","Greater Accra","Greater Accra","sensitive","sensitive","undetermined","sensitive","resistant","resistant"
"SPT36568","2018","true","1241","null","Ghana","GH","Greater Accra","Greater Accra","sensitive","sensitive","sensitive","sensitive","resistant","resistant"
"SPT36569","2018","true","1241","null","Ghana","GH","Greater Accra","Greater Accra","sensitive","sensitive","undetermined","sensitive","resistant","resistant"
"SPT36570","2018","true","1241","null","Ghana","GH","Greater Accra","Greater Accra","undetermined","sensitive","undetermined","undetermined","undetermined","resistant"
"SPT36571","2018","true","1241","null","Ghana","GH","Greater Accra","Greater Accra","sensitive","sensitive","undetermined","undetermined","resistant","resistant"
"SPT36572","2018","true","1241","null","Ghana","GH","Greater Accra","Greater Accra","sensitive","sensitive","undetermined","undetermined","resistant","resistant"
"SPT36574","2018","true","1241","null","Ghana","GH","Greater Accra","Greater Accra","sensitive","sensitive","undetermined","sensitive","resistant","resistant"
"SPT36575","2018","true","1241","null","Ghana","GH","Greater Accra","Greater Accra","sensitive","sensitive","undetermined","sensitive","resistant","resistant"
"SPT36576","2018","true","1241","null","Ghana","GH","Greater Accra","Greater Accra","sensitive","sensitive","undetermined","undetermined","resistant","resistant"
"SPT36577","2018","true","1241","null","Ghana","GH","Greater Accra","Greater Accra","sensitive","sensitive","undetermined","undetermined","resistant","sensitive"
"SPT36579","2018","true","1241","null","Ghana","GH","Greater Accra","Greater Accra","sensitive","sensitive","undetermined","undetermined","resistant","resistant"
"SPT36580","2018","true","1241","null","Ghana","GH","Greater Accra","Greater Accra","sensitive","sensitive","undetermined","sensitive","resistant","resistant"
"SPT36581","2018","true","1241","null","Ghana","GH","Greater Accra","Greater Accra","sensitive","sensitive","sensitive","sensitive","resistant","resistant"
"SPT36582","2018","true","1241","null","Ghana","GH","Greater Accra","Greater Accra","sensitive","sensitive","undetermined","undetermined","resistant","resistant"
"SPT36583","2018","true","1241","null","Ghana","GH","Greater Accra","Greater Accra","sensitive","sensitive","undetermined","undetermined","resistant","resistant"
"SPT36584","2018","true","1241","null","Ghana","GH","Greater Accra","Greater Accra","sensitive","sensitive","sensitive","sensitive","resistant","resistant"
"SPT36585","2018","true","1241","null","Ghana","GH","Greater Accra","Greater Accra","sensitive","sensitive","sensitive","sensitive","resistant","resistant"
"SPT36586","2018","true","1241","null","Ghana","GH","Greater Accra","Greater Accra","sensitive","sensitive","undetermined","undetermined","resistant","resistant"
"SPT36587","2018","true","1241","null","Ghana","GH","Greater Accra","Greater Accra","sensitive","sensitive","undetermined","sensitive","resistant","sensitive"
"SPT36588","2018","true","1241","null","Ghana","GH","Greater Accra","Greater Accra","sensitive","sensitive","undetermined","undetermined","resistant","resistant"
"SPT36589","2018","true","1241","null","Ghana","GH","Greater Accra","Greater Accra","sensitive","sensitive","sensitive","sensitive","resistant","resistant"
"SPT36590","2018","true","1241","null","Ghana","GH","Greater Accra","Greater Accra","sensitive","sensitive","undetermined","undetermined","resistant","resistant"
"SPT36591","2018","true","1241","null","Ghana","GH","Greater Accra","Greater Accra","sensitive","sensitive","undetermined","undetermined","resistant","resistant"
"SPT36592","2018","true","1241","null","Ghana","GH","Greater Accra","Greater Accra","sensitive","resistant","undetermined","undetermined","resistant","resistant"
"SPT36593","2018","true","1241","null","Ghana","GH","Greater Accra","Greater Accra","sensitive","sensitive","undetermined","sensitive","resistant","resistant"
"SPT36594","2018","true","1241","null","Ghana","GH","Greater Accra","Greater Accra","sensitive","sensitive","undetermined","undetermined","resistant","resistant"
"SPT36595","2018","true","1241","null","Ghana","GH","Greater Accra","Greater Accra","sensitive","sensitive","undetermined","undetermined","resistant","resistant"
"SPT36596","2018","true","1241","null","Ghana","GH","Greater Accra","Greater Accra","sensitive","sensitive","undetermined","sensitive","resistant","resistant"
"SPT36597","2018","true","1241","null","Ghana","GH","Greater Accra","Greater Accra","sensitive","sensitive","undetermined","undetermined","resistant","resistant"
"SPT36598","2018","true","1241","null","Ghana","GH","Greater Accra","Greater Accra","sensitive","sensitive","undetermined","undetermined","resistant","resistant"
"SPT36599","2018","true","1241","null","Ghana","GH","Greater Accra","Greater Accra","sensitive","sensitive","undetermined","undetermined","resistant","resistant"
"SPT36600","2018","true","1241","null","Ghana","GH","Greater Accra","Greater Accra","sensitive","sensitive","undetermined","sensitive","resistant","resistant"
"SPT36601","2018","true","1241","null","Ghana","GH","Greater Accra","Greater Accra","sensitive","sensitive","sensitive","sensitive","resistant","resistant"
"SPT36602","2018","true","1241","null","Ghana","GH","Greater Accra","Greater Accra","sensitive","sensitive","undetermined","undetermined","resistant","resistant"
"SPT36603","2018","true","1241","null","Ghana","GH","Greater Accra","Greater Accra","sensitive","sensitive","undetermined","undetermined","resistant","resistant"
"SPT36605","2018","true","1241","null","Ghana","GH","Eastern","Eastern","sensitive","sensitive","sensitive","sensitive","resistant","resistant"
"SPT36606","2018","true","1241","null","Ghana","GH","Greater Accra","Greater Accra","sensitive","sensitive","undetermined","sensitive","undetermined","resistant"
"SPT36607","2018","true","1241","null","Ghana","GH","Eastern","Eastern","sensitive","sensitive","sensitive","undetermined","resistant","resistant"
"SPT36609","2018","true","1241","null","Ghana","GH","Greater Accra","Greater Accra","sensitive","sensitive","sensitive","sensitive","resistant","sensitive"
"SPT36610","2018","true","1241","null","Ghana","GH","Greater Accra","Greater Accra","sensitive","sensitive","undetermined","sensitive","resistant","resistant"
"SPT36611","2018","false","1241","null","Ghana","GH","Greater Accra","Greater Accra","null","null","null","null","null","null"
"SPT36612","2018","true","1241","null","Ghana","GH","Greater Accra","Greater Accra","undetermined","sensitive","undetermined","undetermined","resistant","sensitive"
"SPT36613","2018","true","1241","null","Ghana","GH","Greater Accra","Greater Accra","sensitive","sensitive","undetermined","undetermined","resistant","resistant"
"SPT36614","2018","true","1241","null","Ghana","GH","Greater Accra","Greater Accra","sensitive","sensitive","sensitive","sensitive","resistant","resistant"
"SPT36616","2018","true","1241","null","Ghana","GH","Eastern","Eastern","sensitive","sensitive","sensitive","undetermined","resistant","resistant"
"SPT36617","2018","true","1241","null","Ghana","GH","Eastern","Eastern","sensitive","sensitive","undetermined","sensitive","resistant","resistant"
"SPT36618","2018","true","1241","null","Ghana","GH","Greater Accra","Greater Accra","sensitive","sensitive","undetermined","undetermined","resistant","resistant"
"SPT36619","2018","true","1241","null","Ghana","GH","Greater Accra","Greater Accra","sensitive","sensitive","undetermined","undetermined","resistant","resistant"
"SPT36621","2018","true","1241","null","Ghana","GH","Greater Accra","Greater Accra","sensitive","sensitive","undetermined","sensitive","resistant","resistant"
"SPT36622","2018","true","1241","null","Ghana","GH","Greater Accra","Greater Accra","sensitive","sensitive","sensitive","sensitive","resistant","resistant"
"SPT36623","2018","true","1241","null","Ghana","GH","Greater Accra","Greater Accra","undetermined","sensitive","undetermined","undetermined","resistant","resistant"
"SPT36624","2018","true","1241","null","Ghana","GH","Greater Accra","Greater Accra","sensitive","sensitive","undetermined","sensitive","resistant","sensitive"
"SPT36625","2018","true","1241","null","Ghana","GH","Greater Accra","Greater Accra","undetermined","sensitive","undetermined","undetermined","undetermined","resistant"
"SPT36626","2018","true","1241","null","Ghana","GH","Greater Accra","Greater Accra","sensitive","sensitive","undetermined","undetermined","resistant","resistant"
"SPT36627","2018","true","1241","null","Ghana","GH","Greater Accra","Greater Accra","sensitive","sensitive","undetermined","undetermined","resistant","resistant"
"SPT36628","2018","true","1241","null","Ghana","GH","Greater Accra","Greater Accra","sensitive","sensitive","undetermined","undetermined","resistant","resistant"
"SPT36629","2018","true","1241","null","Ghana","GH","Greater Accra","Greater Accra","sensitive","sensitive","undetermined","undetermined","resistant","resistant"
"SPT36630","2018","true","1241","null","Ghana","GH","Greater Accra","Greater Accra","sensitive","sensitive","sensitive","sensitive","resistant","resistant"
"SPT36632","2018","true","1241","null","Ghana","GH","Greater Accra","Greater Accra","sensitive","undetermined","undetermined","undetermined","resistant","resistant"
"SPT36633","2018","true","1241","null","Ghana","GH","Greater Accra","Greater Accra","sensitive","sensitive","sensitive","sensitive","resistant","resistant"
"SPT36635","2018","true","1241","null","Ghana","GH","Greater Accra","Greater Accra","sensitive","sensitive","undetermined","undetermined","resistant","resistant"
"SPT36636","2018","true","1241","null","Ghana","GH","Eastern","Eastern","undetermined","sensitive","undetermined","undetermined","undetermined","resistant"
"SPT36637","2018","true","1241","null","Ghana","GH","Greater Accra","Greater Accra","sensitive","sensitive","undetermined","undetermined","resistant","resistant"
"SPT36638","2018","true","1241","null","Ghana","GH","Greater Accra","Greater Accra","sensitive","sensitive","undetermined","sensitive","resistant","resistant"
"SPT36640","2018","true","1241","null","Ghana","GH","Greater Accra","Greater Accra","sensitive","sensitive","sensitive","sensitive","resistant","resistant"
"SPT36641","2018","true","1241","null","Ghana","GH","Greater Accra","Greater Accra","sensitive","sensitive","undetermined","undetermined","resistant","resistant"
"SPT36642","2018","true","1241","null","Ghana","GH","Greater Accra","Greater Accra","sensitive","sensitive","sensitive","sensitive","undetermined","resistant"
"SPT36643","2018","true","1241","null","Ghana","GH","Greater Accra","Greater Accra","sensitive","sensitive","sensitive","sensitive","resistant","resistant"
"SPT36644","2018","true","1241","null","Ghana","GH","Greater Accra","Greater Accra","sensitive","sensitive","undetermined","undetermined","resistant","resistant"
"SPT36645","2018","true","1241","null","Ghana","GH","Greater Accra","Greater Accra","undetermined","sensitive","undetermined","undetermined","resistant","resistant"
"SPT36646","2018","true","1241","null","Ghana","GH","Greater Accra","Greater Accra","sensitive","sensitive","undetermined","sensitive","resistant","resistant"
"SPT36647","2018","true","1241","null","Ghana","GH","Greater Accra","Greater Accra","undetermined","sensitive","undetermined","undetermined","resistant","resistant"
"SPT36648","2018","true","1241","null","Ghana","GH","Eastern","Eastern","sensitive","sensitive","sensitive","sensitive","resistant","resistant"
"SPT36649","2018","true","1241","null","Ghana","GH","Greater Accra","Greater Accra","sensitive","sensitive","sensitive","sensitive","resistant","resistant"
"SPT36650","2018","true","1241","null","Ghana","GH","Greater Accra","Greater Accra","sensitive","sensitive","undetermined","undetermined","resistant","resistant"
"SPT36651","2018","true","1241","null","Ghana","GH","Greater Accra","Greater Accra","sensitive","sensitive","sensitive","sensitive","resistant","resistant"
"SPT36653","2018","true","1241","null","Ghana","GH","Greater Accra","Greater Accra","sensitive","sensitive","sensitive","sensitive","resistant","resistant"
"SPT36654","2018","true","1241","null","Ghana","GH","Greater Accra","Greater Accra","sensitive","sensitive","sensitive","sensitive","resistant","resistant"
"SPT36655","2018","true","1241","null","Ghana","GH","Greater Accra","Greater Accra","sensitive","sensitive","undetermined","sensitive","resistant","resistant"
"SPT36656","2018","true","1241","null","Ghana","GH","Greater Accra","Greater Accra","sensitive","sensitive","undetermined","undetermined","resistant","resistant"
"SPT36657","2018","true","1241","null","Ghana","GH","Greater Accra","Greater Accra","sensitive","sensitive","sensitive","sensitive","resistant","resistant"
"SPT36658","2018","true","1241","null","Ghana","GH","Greater Accra","Greater Accra","sensitive","sensitive","sensitive","sensitive","resistant","resistant"
"SPT36659","2018","true","1241","null","Ghana","GH","Greater Accra","Greater Accra","sensitive","sensitive","sensitive","sensitive","resistant","resistant"
"SPT36660","2018","true","1241","null","Ghana","GH","Greater Accra","Greater Accra","sensitive","sensitive","undetermined","undetermined","resistant","resistant"
"SPT36661","2018","true","1241","null","Ghana","GH","Greater Accra","Greater Accra","sensitive","sensitive","undetermined","undetermined","resistant","resistant"
"SPT36662","2018","true","1241","null","Ghana","GH","Greater Accra","Greater Accra","sensitive","sensitive","undetermined","undetermined","resistant","resistant"
"SPT36664","2018","true","1241","null","Ghana","GH","Greater Accra","Greater Accra","sensitive","sensitive","undetermined","undetermined","resistant","undetermined"
"SPT36665","2018","true","1241","null","Ghana","GH","Greater Accra","Greater Accra","sensitive","sensitive","sensitive","sensitive","resistant","resistant"
"SPT36666","2018","true","1241","null","Ghana","GH","Eastern","Eastern","sensitive","undetermined","undetermined","undetermined","resistant","resistant"
"SPT36667","2018","true","1241","null","Ghana","GH","Greater Accra","Greater Accra","sensitive","sensitive","undetermined","undetermined","resistant","resistant"
"SPT36669","2018","true","1241","null","Ghana","GH","Greater Accra","Greater Accra","sensitive","sensitive","undetermined","sensitive","resistant","resistant"
"SPT36670","2018","true","1241","null","Ghana","GH","Greater Accra","Greater Accra","sensitive","sensitive","sensitive","sensitive","resistant","resistant"
"SPT36671","2018","true","1241","null","Ghana","GH","Greater Accra","Greater Accra","undetermined","resistant","undetermined","undetermined","resistant","resistant"
"SPT36672","2018","true","1241","null","Ghana","GH","Greater Accra","Greater Accra","sensitive","sensitive","undetermined","sensitive","resistant","resistant"
"SPT36673","2018","true","1241","null","Ghana","GH","Greater Accra","Greater Accra","sensitive","sensitive","sensitive","sensitive","resistant","resistant"
"SPT36674","2018","true","1241","null","Ghana","GH","Greater Accra","Greater Accra","sensitive","sensitive","undetermined","undetermined","resistant","resistant"
"SPT36675","2018","true","1241","null","Ghana","GH","Greater Accra","Greater Accra","sensitive","sensitive","undetermined","sensitive","resistant","resistant"
"SPT36676","2018","true","1241","null","Ghana","GH","Eastern","Eastern","sensitive","sensitive","undetermined","sensitive","resistant","resistant"
"SPT36677","2018","true","1241","null","Ghana","GH","Greater Accra","Greater Accra","sensitive","sensitive","sensitive","sensitive","resistant","sensitive"
"SPT36678","2018","true","1241","null","Ghana","GH","Greater Accra","Greater Accra","undetermined","sensitive","undetermined","undetermined","resistant","resistant"
"SPT36679","2018","true","1241","null","Ghana","GH","Eastern","Eastern","sensitive","undetermined","sensitive","sensitive","resistant","resistant"
"SPT36680","2018","true","1241","null","Ghana","GH","Greater Accra","Greater Accra","sensitive","sensitive","undetermined","undetermined","resistant","resistant"
"SPT36681","2018","true","1241","null","Ghana","GH","Greater Accra","Greater Accra","sensitive","sensitive","undetermined","undetermined","resistant","resistant"
"SPT36682","2018","true","1241","null","Ghana","GH","Greater Accra","Greater Accra","sensitive","sensitive","undetermined","sensitive","resistant","resistant"
"SPT36683","2018","true","1241","null","Ghana","GH","Greater Accra","Greater Accra","sensitive","sensitive","undetermined","sensitive","resistant","resistant"
"SPT36684","2018","true","1241","null","Ghana","GH","Greater Accra","Greater Accra","sensitive","sensitive","sensitive","sensitive","resistant","resistant"
"SPT36685","2018","true","1241","null","Ghana","GH","Greater Accra","Greater Accra","sensitive","sensitive","undetermined","undetermined","resistant","resistant"
"SPT36686","2018","true","1241","null","Ghana","GH","Eastern","Eastern","sensitive","sensitive","undetermined","undetermined","resistant","resistant"
"SPT36687","2018","true","1241","null","Ghana","GH","Greater Accra","Greater Accra","sensitive","sensitive","sensitive","sensitive","resistant","resistant"
"SPT36688","2018","true","1241","null","Ghana","GH","Greater Accra","Greater Accra","sensitive","sensitive","undetermined","undetermined","resistant","resistant"
"SPT36689","2018","true","1241","null","Ghana","GH","Greater Accra","Greater Accra","sensitive","sensitive","undetermined","undetermined","resistant","resistant"
"SPT36690","2018","true","1241","null","Ghana","GH","Greater Accra","Greater Accra","sensitive","sensitive","undetermined","undetermined","resistant","resistant"
"SPT36691","2018","true","1241","null","Ghana","GH","Greater Accra","Greater Accra","sensitive","sensitive","undetermined","undetermined","resistant","resistant"
"SPT36692","2018","true","1241","null","Ghana","GH","Greater Accra","Greater Accra","undetermined","sensitive","undetermined","undetermined","resistant","resistant"
"SPT36693","2018","true","1241","null","Ghana","GH","Greater Accra","Greater Accra","undetermined","sensitive","undetermined","undetermined","resistant","resistant"
"SPT36694","2018","true","1241","null","Ghana","GH","Greater Accra","Greater Accra","sensitive","sensitive","undetermined","sensitive","resistant","resistant"
"SPT36695","2018","true","1241","null","Ghana","GH","Greater Accra","Greater Accra","sensitive","sensitive","sensitive","sensitive","resistant","resistant"
"SPT36696","2018","true","1241","null","Ghana","GH","Greater Accra","Greater Accra","sensitive","sensitive","undetermined","undetermined","resistant","resistant"
"SPT36697","2018","true","1241","null","Ghana","GH","Greater Accra","Greater Accra","sensitive","sensitive","undetermined","undetermined","resistant","resistant"
"SPT36698","2018","false","1241","null","Ghana","GH","Eastern","Eastern","null","null","null","null","null","null"
"SPT36699","2018","true","1241","null","Ghana","GH","Eastern","Eastern","sensitive","sensitive","undetermined","undetermined","resistant","resistant"
"SPT36700","2018","false","1241","null","Ghana","GH","Greater Accra","Greater Accra","null","null","null","null","null","null"
"SPT36701","2018","false","1241","null","Ghana","GH","Greater Accra","Greater Accra","null","null","null","null","null","null"
"SPT36702","2018","true","1241","null","Ghana","GH","Greater Accra","Greater Accra","sensitive","sensitive","undetermined","undetermined","resistant","resistant"
"SPT36703","2018","true","1241","null","Ghana","GH","Greater Accra","Greater Accra","sensitive","sensitive","undetermined","undetermined","resistant","resistant"
"SPT36704","2018","true","1241","null","Ghana","GH","Greater Accra","Greater Accra","undetermined","sensitive","undetermined","undetermined","resistant","resistant"
"SPT36705","2018","true","1241","null","Ghana","GH","Greater Accra","Greater Accra","sensitive","sensitive","undetermined","sensitive","resistant","resistant"
"SPT36707","2018","true","1241","null","Ghana","GH","Greater Accra","Greater Accra","sensitive","sensitive","undetermined","undetermined","resistant","resistant"
"SPT36708","2018","true","1241","null","Ghana","GH","Greater Accra","Greater Accra","sensitive","sensitive","undetermined","undetermined","resistant","sensitive"
"SPT36709","2018","true","1241","null","Ghana","GH","Greater Accra","Greater Accra","sensitive","sensitive","undetermined","undetermined","resistant","resistant"
"SPT36710","2018","true","1241","null","Ghana","GH","Greater Accra","Greater Accra","sensitive","resistant","undetermined","undetermined","resistant","resistant"
"SPT36711","2018","true","1241","null","Ghana","GH","Greater Accra","Greater Accra","sensitive","sensitive","sensitive","undetermined","resistant","resistant"
"SPT36712","2018","true","1241","null","Ghana","GH","Greater Accra","Greater Accra","sensitive","sensitive","sensitive","undetermined","resistant","resistant"
"SPT36713","2018","true","1241","null","Ghana","GH","Greater Accra","Greater Accra","undetermined","sensitive","undetermined","undetermined","resistant","resistant"
"SPT36714","2018","true","1241","null","Ghana","GH","Greater Accra","Greater Accra","sensitive","sensitive","undetermined","undetermined","resistant","resistant"
"SPT36715","2018","true","1241","null","Ghana","GH","Eastern","Eastern","sensitive","sensitive","sensitive","sensitive","resistant","resistant"
"SPT36716","2018","true","1241","null","Ghana","GH","Eastern","Eastern","sensitive","sensitive","undetermined","undetermined","resistant","resistant"
"SPT36861","2014","true","1200","null","Ghana","GH","Ashanti","Ashanti","sensitive","sensitive","undetermined","undetermined","resistant","resistant"
"SPT36862","2014","true","1200","null","Ghana","GH","Ashanti","Ashanti","sensitive","sensitive","undetermined","sensitive","resistant","resistant"
"SPT36863","2014","true","1200","null","Ghana","GH","Ashanti","Ashanti","sensitive","sensitive","undetermined","sensitive","resistant","resistant"
"SPT36864","2014","true","1200","null","Ghana","GH","Ashanti","Ashanti","sensitive","sensitive","sensitive","sensitive","resistant","resistant"
"SPT36865","2014","true","1200","null","Ghana","GH","Ashanti","Ashanti","sensitive","undetermined","undetermined","undetermined","resistant","resistant"
"SPT36866","2014","true","1200","null","Ghana","GH","Ashanti","Ashanti","undetermined","sensitive","undetermined","undetermined","resistant","resistant"
"SPT36867","2014","true","1200","null","Ghana","GH","Ashanti","Ashanti","sensitive","sensitive","undetermined","sensitive","resistant","resistant"
"SPT36868","2014","true","1200","null","Ghana","GH","Ashanti","Ashanti","sensitive","sensitive","sensitive","sensitive","resistant","resistant"
"SPT36869","2014","true","1200","null","Ghana","GH","Ashanti","Ashanti","sensitive","sensitive","undetermined","sensitive","resistant","resistant"
"SPT36870","2014","true","1200","null","Ghana","GH","Ashanti","Ashanti","sensitive","sensitive","undetermined","undetermined","resistant","resistant"
"SPT36871","2014","true","1200","null","Ghana","GH","Ashanti","Ashanti","sensitive","sensitive","undetermined","undetermined","resistant","resistant"
"SPT36872","2014","true","1200","null","Ghana","GH","Ashanti","Ashanti","sensitive","sensitive","sensitive","sensitive","resistant","resistant"
"SPT36873","2014","false","1200","null","Ghana","GH","Ashanti","Ashanti","null","null","null","null","null","null"
"SPT36874","2014","true","1200","null","Ghana","GH","Ashanti","Ashanti","sensitive","sensitive","sensitive","sensitive","resistant","resistant"
"SPT36875","2014","true","1200","null","Ghana","GH","Ashanti","Ashanti","sensitive","sensitive","undetermined","undetermined","undetermined","resistant"
"SPT36876","2014","true","1200","null","Ghana","GH","Ashanti","Ashanti","sensitive","sensitive","undetermined","undetermined","resistant","resistant"
"SPT36877","2014","true","1200","null","Ghana","GH","Ashanti","Ashanti","sensitive","sensitive","undetermined","undetermined","resistant","resistant"
"SPT36878","2014","true","1200","null","Ghana","GH","Ashanti","Ashanti","sensitive","sensitive","undetermined","undetermined","resistant","undetermined"
"SPT36879","2014","true","1200","null","Ghana","GH","Ashanti","Ashanti","undetermined","sensitive","undetermined","undetermined","resistant","resistant"
"SPT36880","2014","true","1200","null","Ghana","GH","Ashanti","Ashanti","sensitive","sensitive","undetermined","undetermined","resistant","resistant"
"SPT36881","2014","false","1200","null","Ghana","GH","Ashanti","Ashanti","null","null","null","null","null","null"
"SPT36882","2014","true","1200","null","Ghana","GH","Ashanti","Ashanti","sensitive","sensitive","undetermined","undetermined","resistant","resistant"
"SPT36883","2015","true","1200","null","Ghana","GH","Ashanti","Ashanti","sensitive","sensitive","sensitive","undetermined","resistant","resistant"
"SPT36884","2015","true","1200","null","Ghana","GH","Ashanti","Ashanti","sensitive","sensitive","undetermined","undetermined","resistant","undetermined"
"SPT36885","2015","true","1200","null","Ghana","GH","Ashanti","Ashanti","sensitive","sensitive","sensitive","sensitive","undetermined","resistant"
"SPT36886","2015","true","1200","null","Ghana","GH","Ashanti","Ashanti","sensitive","sensitive","sensitive","undetermined","resistant","resistant"
"SPT36887","2015","true","1200","null","Ghana","GH","Ashanti","Ashanti","sensitive","sensitive","sensitive","sensitive","resistant","resistant"
"SPT36888","2015","true","1200","null","Ghana","GH","Ashanti","Ashanti","sensitive","sensitive","undetermined","undetermined","resistant","resistant"
"SPT36889","2015","true","1200","null","Ghana","GH","Ashanti","Ashanti","sensitive","sensitive","undetermined","undetermined","undetermined","resistant"
"SPT36890","2015","true","1200","null","Ghana","GH","Ashanti","Ashanti","sensitive","sensitive","undetermined","undetermined","resistant","resistant"
"SPT36891","2015","true","1200","null","Ghana","GH","Ashanti","Ashanti","sensitive","sensitive","sensitive","undetermined","sensitive","resistant"
"SPT36892","2015","true","1200","null","Ghana","GH","Ashanti","Ashanti","sensitive","sensitive","sensitive","sensitive","resistant","resistant"
"SPT36893","2015","true","1200","null","Ghana","GH","Ashanti","Ashanti","sensitive","sensitive","undetermined","undetermined","resistant","resistant"
"SPT36894","2015","true","1200","null","Ghana","GH","Ashanti","Ashanti","sensitive","sensitive","sensitive","sensitive","resistant","resistant"
"SPT36895","2015","false","1200","null","Ghana","GH","Ashanti","Ashanti","null","null","null","null","null","null"
"SPT36896","2014","true","1200","null","Ghana","GH","Ashanti","Ashanti","sensitive","sensitive","sensitive","sensitive","undetermined","resistant"
"SPT36897","2014","true","1200","null","Ghana","GH","Ashanti","Ashanti","undetermined","sensitive","undetermined","undetermined","sensitive","undetermined"
"SPT36898","2014","true","1200","null","Ghana","GH","Ashanti","Ashanti","sensitive","sensitive","undetermined","undetermined","resistant","resistant"
"SPT36899","2014","true","1200","null","Ghana","GH","Ashanti","Ashanti","sensitive","resistant","undetermined","undetermined","resistant","resistant"
"SPT36900","2014","true","1200","null","Ghana","GH","Ashanti","Ashanti","sensitive","sensitive","sensitive","sensitive","resistant","undetermined"
"SPT36901","2014","true","1200","null","Ghana","GH","Ashanti","Ashanti","sensitive","sensitive","undetermined","sensitive","resistant","resistant"
"SPT36902","2015","true","1200","null","Ghana","GH","Ashanti","Ashanti","sensitive","sensitive","undetermined","undetermined","resistant","resistant"
"SPT36903","2015","true","1200","null","Ghana","GH","Ashanti","Ashanti","sensitive","sensitive","sensitive","sensitive","resistant","resistant"
"SPT36904","2015","true","1200","null","Ghana","GH","Ashanti","Ashanti","sensitive","sensitive","sensitive","undetermined","undetermined","resistant"
"SPT36905","2015","true","1200","null","Ghana","GH","Ashanti","Ashanti","sensitive","sensitive","undetermined","sensitive","resistant","resistant"
"SPT36906","2015","true","1200","null","Ghana","GH","Ashanti","Ashanti","sensitive","sensitive","sensitive","sensitive","resistant","resistant"
"SPT36907","2015","true","1200","null","Ghana","GH","Ashanti","Ashanti","sensitive","sensitive","sensitive","sensitive","resistant","resistant"
"SPT36908","2015","true","1200","null","Ghana","GH","Ashanti","Ashanti","sensitive","sensitive","undetermined","undetermined","resistant","resistant"
"SPT36909","2015","true","1200","null","Ghana","GH","Ashanti","Ashanti","sensitive","sensitive","sensitive","sensitive","resistant","resistant"
"SPT36910","2015","true","1200","null","Ghana","GH","Ashanti","Ashanti","sensitive","sensitive","sensitive","sensitive","resistant","resistant"
"SPT36911","2015","true","1200","null","Ghana","GH","Ashanti","Ashanti","sensitive","sensitive","sensitive","sensitive","resistant","sensitive"
"SPT36912","2015","true","1200","null","Ghana","GH","Ashanti","Ashanti","sensitive","sensitive","undetermined","undetermined","sensitive","sensitive"
"SPT36913","2015","true","1200","null","Ghana","GH","Ashanti","Ashanti","sensitive","sensitive","sensitive","sensitive","resistant","resistant"
"SPT36914","2015","true","1200","null","Ghana","GH","Ashanti","Ashanti","sensitive","sensitive","undetermined","undetermined","sensitive","sensitive"
"SPT36915","2015","true","1200","null","Ghana","GH","Ashanti","Ashanti","sensitive","sensitive","sensitive","sensitive","resistant","undetermined"
"SPT36916","2015","true","1200","null","Ghana","GH","Ashanti","Ashanti","sensitive","sensitive","sensitive","sensitive","undetermined","undetermined"
"SPT36917","2015","false","1200","null","Ghana","GH","Ashanti","Ashanti","null","null","null","null","null","null"
"SPT36918","2015","true","1200","null","Ghana","GH","Ashanti","Ashanti","sensitive","sensitive","sensitive","sensitive","resistant","resistant"
"SPT36919","2015","true","1200","null","Ghana","GH","Ashanti","Ashanti","sensitive","sensitive","sensitive","sensitive","resistant","sensitive"
"SPT36920","2015","true","1200","null","Ghana","GH","Ashanti","Ashanti","sensitive","sensitive","sensitive","sensitive","resistant","resistant"
"SPT36921","2015","true","1200","null","Ghana","GH","Ashanti","Ashanti","sensitive","sensitive","sensitive","sensitive","resistant","resistant"
"SPT36922","2015","true","1200","null","Ghana","GH","Ashanti","Ashanti","sensitive","sensitive","sensitive","sensitive","resistant","resistant"
"SPT36923","2015","true","1200","null","Ghana","GH","Ashanti","Ashanti","sensitive","sensitive","sensitive","sensitive","resistant","resistant"
"SPT36924","2015","true","1200","null","Ghana","GH","Ashanti","Ashanti","sensitive","sensitive","sensitive","sensitive","resistant","resistant"
"SPT36925","2015","true","1200","null","Ghana","GH","Ashanti","Ashanti","sensitive","sensitive","sensitive","sensitive","resistant","resistant"
"SPT36926","2015","true","1200","null","Ghana","GH","Ashanti","Ashanti","sensitive","sensitive","undetermined","undetermined","resistant","resistant"
"SPT40497","2018","true","1168","null","Ghana","GH","Upper East","Upper East","sensitive","sensitive","undetermined","undetermined","resistant","sensitive"
"SPT40498","2018","true","1168","null","Ghana","GH","Upper East","Upper East","sensitive","sensitive","undetermined","sensitive","resistant","resistant"
"SPT40499","2018","true","1168","null","Ghana","GH","Upper East","Upper East","sensitive","sensitive","undetermined","undetermined","resistant","resistant"
"SPT40501","2018","true","1168","null","Ghana","GH","Upper East","Upper East","sensitive","sensitive","undetermined","undetermined","undetermined","resistant"
"SPT40502","2018","true","1168","null","Ghana","GH","Upper East","Upper East","sensitive","sensitive","undetermined","undetermined","resistant","resistant"
"SPT40503","2018","true","1168","null","Ghana","GH","Upper East","Upper East","sensitive","sensitive","undetermined","undetermined","resistant","resistant"
"SPT40504","2018","false","1168","null","Ghana","GH","Upper East","Upper East","null","null","null","null","null","null"
"SPT40505","2018","true","1168","null","Ghana","GH","Upper East","Upper East","sensitive","sensitive","undetermined","undetermined","resistant","resistant"
"SPT40506","2018","true","1168","null","Ghana","GH","Upper East","Upper East","sensitive","sensitive","undetermined","undetermined","resistant","resistant"
"SPT40507","2018","true","1168","null","Ghana","GH","Upper East","Upper East","undetermined","sensitive","undetermined","undetermined","undetermined","undetermined"
"SPT40508","2018","true","1168","null","Ghana","GH","Upper East","Upper East","sensitive","sensitive","undetermined","sensitive","resistant","undetermined"
"SPT40509","2018","true","1168","null","Ghana","GH","Upper East","Upper East","sensitive","sensitive","undetermined","undetermined","resistant","resistant"
"SPT40510","2018","true","1168","null","Ghana","GH","Upper East","Upper East","sensitive","sensitive","undetermined","undetermined","resistant","resistant"
"SPT40511","2018","true","1168","null","Ghana","GH","Upper East","Upper East","sensitive","sensitive","undetermined","undetermined","resistant","resistant"
"SPT40513","2018","true","1168","null","Ghana","GH","Upper East","Upper East","sensitive","sensitive","sensitive","undetermined","undetermined","resistant"
"SPT40514","2018","true","1168","null","Ghana","GH","Upper East","Upper East","sensitive","sensitive","undetermined","undetermined","resistant","resistant"
"SPT40515","2018","true","1168","null","Ghana","GH","Upper East","Upper East","sensitive","sensitive","sensitive","sensitive","undetermined","undetermined"
"SPT40516","2018","true","1168","null","Ghana","GH","Upper East","Upper East","sensitive","sensitive","sensitive","sensitive","resistant","resistant"
"SPT40517","2018","true","1168","null","Ghana","GH","Upper East","Upper East","sensitive","sensitive","undetermined","undetermined","resistant","resistant"
"SPT40518","2018","true","1168","null","Ghana","GH","Upper East","Upper East","sensitive","sensitive","undetermined","undetermined","sensitive","resistant"
"SPT40519","2018","true","1168","null","Ghana","GH","Upper East","Upper East","sensitive","sensitive","undetermined","undetermined","resistant","resistant"
"SPT40520","2018","true","1168","null","Ghana","GH","Upper East","Upper East","sensitive","sensitive","sensitive","sensitive","sensitive","resistant"
"SPT40521","2018","true","1168","null","Ghana","GH","Upper East","Upper East","sensitive","sensitive","undetermined","undetermined","resistant","undetermined"
"SPT40522","2018","false","1168","null","Ghana","GH","Upper East","Upper East","null","null","null","null","null","null"
"SPT40523","2018","true","1168","null","Ghana","GH","Upper East","Upper East","sensitive","sensitive","sensitive","undetermined","resistant","undetermined"
"SPT40524","2018","true","1168","null","Ghana","GH","Upper East","Upper East","sensitive","sensitive","undetermined","undetermined","resistant","resistant"
"SPT40525","2018","true","1168","null","Ghana","GH","Upper East","Upper East","sensitive","sensitive","undetermined","undetermined","resistant","resistant"
"SPT40527","2018","true","1168","null","Ghana","GH","Upper East","Upper East","sensitive","sensitive","undetermined","undetermined","resistant","undetermined"
"SPT40528","2018","true","1168","null","Ghana","GH","Upper East","Upper East","sensitive","sensitive","undetermined","undetermined","resistant","resistant"
"SPT40529","2018","true","1168","null","Ghana","GH","Upper East","Upper East","sensitive","sensitive","sensitive","sensitive","resistant","resistant"
"SPT40530","2018","true","1168","null","Ghana","GH","Upper East","Upper East","sensitive","sensitive","sensitive","sensitive","resistant","resistant"
"SPT40531","2018","false","1168","null","Ghana","GH","Upper East","Upper East","null","null","null","null","null","null"
"SPT40532","2018","true","1168","null","Ghana","GH","Upper East","Upper East","sensitive","sensitive","sensitive","sensitive","resistant","resistant"
"SPT40533","2018","true","1168","null","Ghana","GH","Upper East","Upper East","sensitive","sensitive","undetermined","undetermined","resistant","resistant"
"SPT40534","2018","true","1168","null","Ghana","GH","Upper East","Upper East","sensitive","sensitive","sensitive","sensitive","resistant","resistant"
"SPT40535","2018","true","1168","null","Ghana","GH","Upper East","Upper East","sensitive","sensitive","sensitive","sensitive","resistant","resistant"
"SPT40536","2018","true","1168","null","Ghana","GH","Upper East","Upper East","sensitive","sensitive","sensitive","sensitive","resistant","resistant"
"SPT40537","2018","true","1168","null","Ghana","GH","Upper East","Upper East","sensitive","sensitive","sensitive","undetermined","resistant","resistant"
"SPT40538","2018","true","1168","null","Ghana","GH","Upper East","Upper East","sensitive","sensitive","undetermined","undetermined","resistant","resistant"
"SPT40539","2018","true","1168","null","Ghana","GH","Upper East","Upper East","sensitive","sensitive","sensitive","sensitive","resistant","resistant"
"SPT40540","2018","true","1168","null","Ghana","GH","Upper East","Upper East","undetermined","sensitive","undetermined","undetermined","resistant","resistant"
"SPT40541","2018","true","1168","null","Ghana","GH","Upper East","Upper East","undetermined","sensitive","undetermined","undetermined","undetermined","resistant"
"SPT40542","2018","true","1168","null","Ghana","GH","Upper East","Upper East","sensitive","sensitive","undetermined","undetermined","sensitive","resistant"
"SPT40543","2018","true","1168","null","Ghana","GH","Upper East","Upper East","sensitive","sensitive","sensitive","sensitive","resistant","resistant"
"SPT40544","2018","true","1168","null","Ghana","GH","Upper East","Upper East","sensitive","sensitive","undetermined","undetermined","resistant","resistant"
"SPT40545","2018","true","1168","null","Ghana","GH","Upper East","Upper East","sensitive","sensitive","undetermined","undetermined","undetermined","undetermined"
"SPT40547","2018","true","1168","null","Ghana","GH","Upper East","Upper East","sensitive","sensitive","undetermined","undetermined","resistant","resistant"
"SPT40548","2018","true","1168","null","Ghana","GH","Upper East","Upper East","sensitive","sensitive","undetermined","undetermined","resistant","resistant"
"SPT40549","2018","true","1168","null","Ghana","GH","Upper East","Upper East","sensitive","sensitive","undetermined","undetermined","resistant","resistant"
"SPT40550","2018","true","1168","null","Ghana","GH","Upper East","Upper East","sensitive","sensitive","undetermined","sensitive","resistant","sensitive"
"SPT40551","2018","true","1168","null","Ghana","GH","Upper East","Upper East","sensitive","sensitive","undetermined","undetermined","resistant","sensitive"
"SPT40552","2018","true","1168","null","Ghana","GH","Upper East","Upper East","sensitive","sensitive","undetermined","sensitive","resistant","resistant"
"SPT40553","2018","true","1168","null","Ghana","GH","Upper East","Upper East","sensitive","sensitive","undetermined","undetermined","resistant","resistant"
"SPT40554","2018","true","1168","null","Ghana","GH","Upper East","Upper East","sensitive","sensitive","sensitive","sensitive","resistant","resistant"
"SPT40555","2018","true","1168","null","Ghana","GH","Upper East","Upper East","undetermined","sensitive","undetermined","undetermined","resistant","resistant"
"SPT40556","2018","true","1168","null","Ghana","GH","Upper East","Upper East","undetermined","sensitive","undetermined","undetermined","resistant","resistant"
"SPT40557","2018","false","1168","null","Ghana","GH","Upper East","Upper East","null","null","null","null","null","null"
"SPT40559","2018","true","1168","null","Ghana","GH","Upper East","Upper East","sensitive","sensitive","undetermined","undetermined","resistant","resistant"
"SPT40560","2018","true","1168","null","Ghana","GH","Upper East","Upper East","undetermined","sensitive","undetermined","undetermined","resistant","resistant"
"SPT40561","2018","true","1168","null","Ghana","GH","Upper East","Upper East","undetermined","sensitive","undetermined","undetermined","resistant","undetermined"
"SPT40562","2018","true","1168","null","Ghana","GH","Upper East","Upper East","undetermined","sensitive","undetermined","undetermined","resistant","resistant"
"SPT40565","2018","true","1168","null","Ghana","GH","Upper East","Upper East","sensitive","sensitive","undetermined","undetermined","resistant","resistant"
"SPT40566","2018","false","1168","null","Ghana","GH","Upper East","Upper East","null","null","null","null","null","null"
"SPT40567","2018","false","1168","null","Ghana","GH","Upper East","Upper East","null","null","null","null","null","null"
"SPT40568","2018","true","1168","null","Ghana","GH","Upper East","Upper East","undetermined","sensitive","undetermined","undetermined","resistant","resistant"
"SPT40571","2018","false","1168","null","Ghana","GH","Upper East","Upper East","null","null","null","null","null","null"
"SPT40573","2018","false","1168","null","Ghana","GH","Upper East","Upper East","null","null","null","null","null","null"
"SPT40576","2018","true","1168","null","Ghana","GH","Upper East","Upper East","undetermined","sensitive","undetermined","undetermined","resistant","resistant"
"SPT40577","2018","false","1168","null","Ghana","GH","Upper East","Upper East","null","null","null","null","null","null"
"SPT40580","2018","true","1168","null","Ghana","GH","Upper East","Upper East","undetermined","sensitive","undetermined","undetermined","sensitive","resistant"
"SPT40582","2018","true","1168","null","Ghana","GH","Upper East","Upper East","undetermined","sensitive","undetermined","undetermined","resistant","resistant"
"SPT40584","2018","false","1168","null","Ghana","GH","Upper East","Upper East","null","null","null","null","null","null"
"SPT40587","2018","false","1168","null","Ghana","GH","Upper East","Upper East","null","null","null","null","null","null"
"SPT40588","2018","true","1168","null","Ghana","GH","Upper East","Upper East","undetermined","sensitive","undetermined","undetermined","resistant","resistant"
"SPT40589","2018","true","1168","null","Ghana","GH","Upper East","Upper East","undetermined","sensitive","undetermined","undetermined","resistant","resistant"
"SPT40590","2018","true","1168","null","Ghana","GH","Upper East","Upper East","sensitive","sensitive","undetermined","undetermined","resistant","resistant"
"SPT40592","2018","false","1168","null","Ghana","GH","Upper East","Upper East","null","null","null","null","null","null"
"SPT40593","2018","false","1168","null","Ghana","GH","Upper East","Upper East","null","null","null","null","null","null"
"SPT40594","2018","false","1168","null","Ghana","GH","Upper East","Upper East","null","null","null","null","null","null"
"SPT40595","2018","false","1168","null","Ghana","GH","Upper East","Upper East","null","null","null","null","null","null"
"SPT40596","2018","true","1168","null","Ghana","GH","Upper East","Upper East","sensitive","sensitive","sensitive","sensitive","resistant","resistant"
"SPT40597","2018","true","1168","null","Ghana","GH","Upper East","Upper East","sensitive","sensitive","undetermined","undetermined","resistant","resistant"
"SPT40599","2018","true","1168","null","Ghana","GH","Upper East","Upper East","sensitive","sensitive","sensitive","sensitive","resistant","sensitive"
"SPT40600","2018","true","1168","null","Ghana","GH","Upper East","Upper East","sensitive","sensitive","sensitive","sensitive","resistant","resistant"
"SPT40601","2018","true","1168","null","Ghana","GH","Upper East","Upper East","sensitive","sensitive","undetermined","undetermined","resistant","resistant"
"SPT40602","2018","true","1168","null","Ghana","GH","Upper East","Upper East","undetermined","sensitive","sensitive","sensitive","resistant","sensitive"
"SPT40603","2018","true","1168","null","Ghana","GH","Upper East","Upper East","sensitive","sensitive","undetermined","undetermined","resistant","resistant"
"SPT40604","2018","true","1168","null","Ghana","GH","Upper East","Upper East","sensitive","sensitive","sensitive","sensitive","resistant","resistant"
"SPT40605","2018","true","1168","null","Ghana","GH","Upper East","Upper East","sensitive","sensitive","sensitive","sensitive","resistant","undetermined"
"SPT40606","2018","true","1168","null","Ghana","GH","Upper East","Upper East","sensitive","sensitive","sensitive","sensitive","resistant","sensitive"
"SPT40607","2018","true","1168","null","Ghana","GH","Upper East","Upper East","sensitive","sensitive","undetermined","undetermined","resistant","resistant"
"SPT40608","2018","true","1168","null","Ghana","GH","Upper East","Upper East","sensitive","sensitive","sensitive","sensitive","resistant","undetermined"
"SPT40609","2018","true","1168","null","Ghana","GH","Upper East","Upper East","sensitive","sensitive","undetermined","undetermined","resistant","undetermined"
"SPT40610","2018","true","1168","null","Ghana","GH","Upper East","Upper East","sensitive","sensitive","sensitive","sensitive","resistant","resistant"
"SPT40611","2018","false","1168","null","Ghana","GH","Upper East","Upper East","null","null","null","null","null","null"
"SPT40613","2018","false","1168","null","Ghana","GH","Upper East","Upper East","null","null","null","null","null","null"
"SPT40614","2018","false","1168","null","Ghana","GH","Upper East","Upper East","null","null","null","null","null","null"
"SPT40615","2018","false","1168","null","Ghana","GH","Upper East","Upper East","null","null","null","null","null","null"
"SPT40616","2018","true","1168","null","Ghana","GH","Upper East","Upper East","sensitive","sensitive","undetermined","undetermined","resistant","resistant"
"SPT40617","2018","true","1168","null","Ghana","GH","Upper East","Upper East","sensitive","sensitive","sensitive","sensitive","resistant","resistant"
"SPT40618","2018","true","1168","null","Ghana","GH","Upper East","Upper East","sensitive","sensitive","undetermined","undetermined","resistant","resistant"
"SPT40619","2018","true","1168","null","Ghana","GH","Upper East","Upper East","sensitive","sensitive","sensitive","sensitive","resistant","resistant"
"SPT40620","2018","true","1168","null","Ghana","GH","Upper East","Upper East","sensitive","sensitive","sensitive","sensitive","resistant","resistant"
"SPT40621","2018","true","1168","null","Ghana","GH","Upper East","Upper East","sensitive","sensitive","sensitive","sensitive","undetermined","sensitive"
"SPT40622","2018","true","1168","null","Ghana","GH","Upper East","Upper East","sensitive","sensitive","undetermined","sensitive","resistant","sensitive"
"SPT40623","2018","true","1168","null","Ghana","GH","Upper East","Upper East","sensitive","sensitive","undetermined","undetermined","resistant","resistant"
"SPT40624","2018","false","1168","null","Ghana","GH","Upper East","Upper East","null","null","null","null","null","null"
"SPT40625","2018","false","1168","null","Ghana","GH","Upper East","Upper East","null","null","null","null","null","null"
"SPT40626","2018","true","1168","null","Ghana","GH","Upper East","Upper East","sensitive","sensitive","sensitive","sensitive","resistant","resistant"
"SPT40627","2018","true","1168","null","Ghana","GH","Upper East","Upper East","sensitive","sensitive","sensitive","sensitive","resistant","resistant"
"SPT40628","2018","false","1168","null","Ghana","GH","Upper East","Upper East","null","null","null","null","null","null"
"SPT40630","2018","true","1168","null","Ghana","GH","Upper East","Upper East","sensitive","sensitive","undetermined","undetermined","resistant","sensitive"
"SPT40631","2018","true","1168","null","Ghana","GH","Upper East","Upper East","sensitive","sensitive","sensitive","sensitive","resistant","resistant"
"SPT40632","2018","true","1168","null","Ghana","GH","Upper East","Upper East","undetermined","sensitive","sensitive","sensitive","resistant","resistant"
"SPT40633","2018","true","1168","null","Ghana","GH","Upper East","Upper East","sensitive","sensitive","undetermined","undetermined","undetermined","resistant"
"SPT40634","2018","true","1168","null","Ghana","GH","Upper East","Upper East","sensitive","sensitive","undetermined","undetermined","resistant","resistant"
"SPT40635","2018","true","1168","null","Ghana","GH","Upper East","Upper East","sensitive","sensitive","sensitive","sensitive","resistant","resistant"
"SPT40636","2018","false","1168","null","Ghana","GH","Upper East","Upper East","null","null","null","null","null","null"
"SPT40637","2018","true","1168","null","Ghana","GH","Upper East","Upper East","sensitive","sensitive","undetermined","sensitive","resistant","resistant"
"SPT40638","2018","true","1168","null","Ghana","GH","Upper East","Upper East","sensitive","sensitive","sensitive","sensitive","resistant","resistant"
"SPT40639","2018","true","1168","null","Ghana","GH","Upper East","Upper East","sensitive","sensitive","sensitive","sensitive","resistant","resistant"
"SPT40640","2018","true","1168","null","Ghana","GH","Upper East","Upper East","sensitive","sensitive","sensitive","sensitive","resistant","undetermined"
"SPT40641","2018","false","1168","null","Ghana","GH","Upper East","Upper East","null","null","null","null","null","null"
"SPT40642","2018","true","1168","null","Ghana","GH","Upper East","Upper East","sensitive","sensitive","sensitive","sensitive","resistant","resistant"
"SPT40643","2018","true","1168","null","Ghana","GH","Upper East","Upper East","sensitive","sensitive","sensitive","sensitive","resistant","resistant"
"SPT40644","2018","true","1168","null","Ghana","GH","Upper East","Upper East","sensitive","sensitive","sensitive","sensitive","resistant","resistant"
"SPT40645","2018","true","1168","null","Ghana","GH","Upper East","Upper East","sensitive","sensitive","sensitive","sensitive","resistant","resistant"
"SPT40646","2018","true","1168","null","Ghana","GH","Upper East","Upper East","sensitive","sensitive","sensitive","sensitive","resistant","resistant"
"SPT40647","2018","true","1168","null","Ghana","GH","Upper East","Upper East","sensitive","sensitive","sensitive","sensitive","resistant","resistant"
"SPT40648","2018","true","1168","null","Ghana","GH","Upper East","Upper East","sensitive","sensitive","sensitive","sensitive","resistant","resistant"
"SPT40649","2018","true","1168","null","Ghana","GH","Upper East","Upper East","sensitive","sensitive","sensitive","sensitive","resistant","resistant"
"SPT40650","2018","true","1168","null","Ghana","GH","Upper East","Upper East","sensitive","sensitive","sensitive","sensitive","sensitive","sensitive"
"SPT40651","2018","true","1168","null","Ghana","GH","Upper East","Upper East","sensitive","undetermined","undetermined","undetermined","resistant","resistant"
"SPT40652","2018","true","1168","null","Ghana","GH","Upper East","Upper East","sensitive","sensitive","sensitive","sensitive","resistant","resistant"
"SPT40653","2018","true","1168","null","Ghana","GH","Upper East","Upper East","sensitive","sensitive","sensitive","sensitive","resistant","resistant"
"SPT40655","2018","true","1168","null","Ghana","GH","Upper East","Upper East","sensitive","sensitive","sensitive","sensitive","undetermined","undetermined"
"SPT40656","2018","true","1168","null","Ghana","GH","Upper East","Upper East","sensitive","sensitive","sensitive","sensitive","resistant","resistant"
"SPT40657","2018","true","1168","null","Ghana","GH","Upper East","Upper East","sensitive","sensitive","sensitive","sensitive","resistant","resistant"
"SPT40659","2018","true","1168","null","Ghana","GH","Upper East","Upper East","sensitive","sensitive","sensitive","sensitive","resistant","resistant"
"SPT40660","2018","true","1168","null","Ghana","GH","Upper East","Upper East","sensitive","sensitive","undetermined","sensitive","resistant","resistant"
"SPT40661","2018","true","1168","null","Ghana","GH","Upper East","Upper East","sensitive","sensitive","sensitive","sensitive","resistant","resistant"
"SPT40662","2018","false","1168","null","Ghana","GH","Upper East","Upper East","null","null","null","null","null","null"
"SPT40663","2018","true","1168","null","Ghana","GH","Upper East","Upper East","sensitive","sensitive","sensitive","sensitive","resistant","resistant"
"SPT40664","2018","true","1168","null","Ghana","GH","Upper East","Upper East","sensitive","sensitive","sensitive","sensitive","resistant","resistant"
"SPT40665","2018","true","1168","null","Ghana","GH","Upper East","Upper East","sensitive","resistant","undetermined","undetermined","resistant","resistant"
"SPT40666","2018","true","1168","null","Ghana","GH","Upper East","Upper East","sensitive","sensitive","sensitive","sensitive","undetermined","resistant"
"SPT40667","2018","false","1168","null","Ghana","GH","Upper East","Upper East","null","null","null","null","null","null"
"SPT40668","2018","true","1168","null","Ghana","GH","Upper East","Upper East","sensitive","sensitive","sensitive","sensitive","resistant","resistant"
"SPT40669","2018","true","1168","null","Ghana","GH","Upper East","Upper East","sensitive","sensitive","sensitive","sensitive","sensitive","sensitive"
"SPT40670","2018","true","1168","null","Ghana","GH","Upper East","Upper East","sensitive","sensitive","undetermined","sensitive","resistant","resistant"
"SPT40671","2018","true","1168","null","Ghana","GH","Upper East","Upper East","sensitive","sensitive","sensitive","sensitive","resistant","resistant"
"SPT40672","2018","true","1168","null","Ghana","GH","Upper East","Upper East","sensitive","sensitive","undetermined","undetermined","resistant","resistant"
"SPT40673","2018","true","1168","null","Ghana","GH","Upper East","Upper East","sensitive","sensitive","sensitive","sensitive","resistant","sensitive"
"SPT40674","2018","true","1168","null","Ghana","GH","Upper East","Upper East","sensitive","sensitive","undetermined","undetermined","resistant","undetermined"
"SPT40675","2018","true","1168","null","Ghana","GH","Upper East","Upper East","sensitive","sensitive","undetermined","undetermined","resistant","resistant"
"SPT40676","2018","true","1168","null","Ghana","GH","Upper East","Upper East","sensitive","sensitive","undetermined","undetermined","resistant","undetermined"
"SPT40677","2018","true","1168","null","Ghana","GH","Upper East","Upper East","sensitive","sensitive","undetermined","sensitive","undetermined","resistant"
"SPT40678","2018","true","1168","null","Ghana","GH","Upper East","Upper East","sensitive","sensitive","undetermined","sensitive","resistant","resistant"
"SPT40679","2018","true","1168","null","Ghana","GH","Upper East","Upper East","sensitive","sensitive","sensitive","sensitive","resistant","sensitive"
"SPT40680","2018","true","1168","null","Ghana","GH","Upper East","Upper East","sensitive","sensitive","sensitive","sensitive","resistant","resistant"
"SPT40681","2018","true","1168","null","Ghana","GH","Upper East","Upper East","sensitive","sensitive","sensitive","sensitive","resistant","resistant"
"SPT40682","2018","true","1168","null","Ghana","GH","Upper East","Upper East","sensitive","sensitive","sensitive","sensitive","undetermined","resistant"
"SPT40683","2018","true","1168","null","Ghana","GH","Upper East","Upper East","sensitive","sensitive","undetermined","undetermined","resistant","resistant"
"SPT40684","2018","true","1168","null","Ghana","GH","Upper East","Upper East","sensitive","sensitive","sensitive","sensitive","resistant","resistant"
"SPT40685","2018","true","1168","null","Ghana","GH","Upper East","Upper East","sensitive","sensitive","undetermined","undetermined","resistant","resistant"
"SPT40686","2018","true","1168","null","Ghana","GH","Upper East","Upper East","sensitive","sensitive","undetermined","undetermined","sensitive","resistant"
"SPT40687","2018","true","1168","null","Ghana","GH","Upper East","Upper East","sensitive","sensitive","undetermined","undetermined","resistant","resistant"
"SPT40688","2018","false","1168","null","Ghana","GH","Upper East","Upper East","null","null","null","null","null","null"
"SPT40689","2018","true","1168","null","Ghana","GH","Upper East","Upper East","sensitive","sensitive","sensitive","sensitive","resistant","resistant"
"SPT40690","2018","true","1168","null","Ghana","GH","Upper East","Upper East","sensitive","sensitive","undetermined","undetermined","resistant","resistant"
"SPT40691","2018","false","1168","null","Ghana","GH","Upper East","Upper East","null","null","null","null","null","null"
"SPT40692","2018","true","1168","null","Ghana","GH","Upper East","Upper East","sensitive","sensitive","undetermined","undetermined","resistant","resistant"
"SPT40693","2018","true","1168","null","Ghana","GH","Upper East","Upper East","sensitive","sensitive","undetermined","undetermined","resistant","resistant"
"SPT40695","2018","true","1168","null","Ghana","GH","Upper East","Upper East","sensitive","sensitive","undetermined","undetermined","resistant","resistant"
"SPT40696","2018","true","1168","null","Ghana","GH","Upper East","Upper East","sensitive","sensitive","undetermined","undetermined","undetermined","resistant"
"SPT40697","2018","true","1168","null","Ghana","GH","Upper East","Upper East","sensitive","sensitive","undetermined","undetermined","resistant","resistant"
"SPT40698","2018","false","1168","null","Ghana","GH","Upper East","Upper East","null","null","null","null","null","null"
"SPT40699","2018","false","1168","null","Ghana","GH","Upper East","Upper East","null","null","null","null","null","null"
"SPT40701","2018","true","1168","null","Ghana","GH","Upper East","Upper East","undetermined","sensitive","undetermined","undetermined","resistant","resistant"
"SPT40702","2018","false","1168","null","Ghana","GH","Upper East","Upper East","null","null","null","null","null","null"
"SPT40703","2018","false","1168","null","Ghana","GH","Upper East","Upper East","null","null","null","null","null","null"
"SPT40704","2018","false","1168","null","Ghana","GH","Upper East","Upper East","null","null","null","null","null","null"
"SPT40705","2018","true","1168","null","Ghana","GH","Upper East","Upper East","sensitive","sensitive","undetermined","undetermined","resistant","sensitive"
"SPT40706","2018","false","1168","null","Ghana","GH","Upper East","Upper East","null","null","null","null","null","null"
"SPT40707","2018","true","1168","null","Ghana","GH","Upper East","Upper East","sensitive","sensitive","undetermined","undetermined","resistant","resistant"
"SPT40709","2018","false","1168","null","Ghana","GH","Upper East","Upper East","null","null","null","null","null","null"
"SPT40713","2018","true","1168","null","Ghana","GH","Upper East","Upper East","undetermined","sensitive","undetermined","undetermined","resistant","resistant"
"SPT40716","2018","true","1168","null","Ghana","GH","Upper East","Upper East","undetermined","sensitive","undetermined","undetermined","resistant","resistant"
"SPT40717","2018","true","1168","null","Ghana","GH","Upper East","Upper East","undetermined","sensitive","undetermined","undetermined","resistant","undetermined"
"SPT40718","2018","true","1168","null","Ghana","GH","Upper East","Upper East","sensitive","sensitive","undetermined","undetermined","resistant","resistant"
"SPT40720","2018","true","1168","null","Ghana","GH","Upper East","Upper East","sensitive","sensitive","undetermined","undetermined","resistant","resistant"
"SPT40727","2018","true","1168","null","Ghana","GH","Upper East","Upper East","undetermined","sensitive","undetermined","undetermined","resistant","resistant"
"SPT40729","2018","true","1168","null","Ghana","GH","Upper East","Upper East","undetermined","sensitive","undetermined","undetermined","resistant","resistant"
"SPT40730","2018","false","1168","null","Ghana","GH","Upper East","Upper East","null","null","null","null","null","null"
"SPT40731","2018","false","1168","null","Ghana","GH","Upper East","Upper East","null","null","null","null","null","null"
"SPT40732","2018","false","1168","null","Ghana","GH","Upper East","Upper East","null","null","null","null","null","null"
"SPT40733","2018","true","1168","null","Ghana","GH","Upper East","Upper East","undetermined","sensitive","undetermined","undetermined","resistant","sensitive"
"SPT40736","2018","true","1168","null","Ghana","GH","Upper East","Upper East","undetermined","sensitive","undetermined","undetermined","resistant","resistant"
"SPT40737","2018","true","1168","null","Ghana","GH","Upper East","Upper East","sensitive","sensitive","undetermined","undetermined","resistant","resistant"
"SPT40739","2018","false","1168","null","Ghana","GH","Upper East","Upper East","null","null","null","null","null","null"
"SPT40741","2018","true","1168","null","Ghana","GH","Upper East","Upper East","undetermined","sensitive","undetermined","undetermined","undetermined","resistant"
"SPT40742","2018","true","1168","null","Ghana","GH","Upper East","Upper East","undetermined","sensitive","undetermined","undetermined","resistant","resistant"
"SPT40743","2018","false","1168","null","Ghana","GH","Upper East","Upper East","null","null","null","null","null","null"
"SPT40744","2018","true","1168","null","Ghana","GH","Upper East","Upper East","sensitive","sensitive","undetermined","undetermined","resistant","resistant"
"SPT40748","2018","true","1168","null","Ghana","GH","Upper East","Upper East","sensitive","sensitive","undetermined","undetermined","resistant","resistant"
"SPT40749","2018","true","1168","null","Ghana","GH","Upper East","Upper East","undetermined","sensitive","undetermined","undetermined","resistant","undetermined"
"SPT40750","2018","true","1168","null","Ghana","GH","Upper East","Upper East","undetermined","sensitive","undetermined","undetermined","resistant","resistant"
"SPT40751","2018","true","1168","null","Ghana","GH","Upper East","Upper East","undetermined","sensitive","undetermined","undetermined","resistant","resistant"
"SPT40752","2018","true","1168","null","Ghana","GH","Upper East","Upper East","undetermined","sensitive","undetermined","undetermined","resistant","resistant"
"SPT40753","2018","true","1168","null","Ghana","GH","Upper East","Upper East","undetermined","sensitive","undetermined","undetermined","resistant","sensitive"
"SPT40754","2018","false","1168","null","Ghana","GH","Upper East","Upper East","null","null","null","null","null","null"
"SPT40755","2018","true","1168","null","Ghana","GH","Upper East","Upper East","sensitive","sensitive","undetermined","undetermined","resistant","undetermined"
"SPT40756","2018","true","1168","null","Ghana","GH","Upper East","Upper East","undetermined","sensitive","undetermined","undetermined","resistant","resistant"
"SPT40757","2018","false","1168","null","Ghana","GH","Upper East","Upper East","null","null","null","null","null","null"
"SPT40759","2018","true","1168","null","Ghana","GH","Upper East","Upper East","sensitive","sensitive","sensitive","sensitive","resistant","resistant"
"SPT40760","2018","true","1168","null","Ghana","GH","Upper East","Upper East","undetermined","sensitive","undetermined","undetermined","sensitive","sensitive"
"SPT40761","2018","false","1168","null","Ghana","GH","Upper East","Upper East","null","null","null","null","null","null"
"SPT40763","2018","false","1168","null","Ghana","GH","Upper East","Upper East","null","null","null","null","null","null"
"SPT40767","2018","false","1168","null","Ghana","GH","Upper East","Upper East","null","null","null","null","null","null"
"SPT40768","2018","false","1168","null","Ghana","GH","Upper East","Upper East","null","null","null","null","null","null"
"SPT40769","2018","true","1168","null","Ghana","GH","Upper East","Upper East","undetermined","sensitive","undetermined","undetermined","resistant","undetermined"
"SPT40770","2018","true","1168","null","Ghana","GH","Upper East","Upper East","undetermined","sensitive","undetermined","undetermined","undetermined","undetermined"
"SPT40771","2018","true","1168","null","Ghana","GH","Upper East","Upper East","undetermined","sensitive","undetermined","undetermined","resistant","resistant"
"SPT40772","2018","true","1168","null","Ghana","GH","Upper East","Upper East","sensitive","sensitive","undetermined","undetermined","resistant","resistant"
"SPT40773","2018","true","1168","null","Ghana","GH","Upper East","Upper East","undetermined","sensitive","undetermined","undetermined","resistant","resistant"
"SPT40774","2018","true","1168","null","Ghana","GH","Upper East","Upper East","undetermined","sensitive","undetermined","undetermined","sensitive","resistant"
"SPT40776","2018","true","1168","null","Ghana","GH","Upper East","Upper East","undetermined","sensitive","undetermined","undetermined","resistant","sensitive"
"SPT40777","2018","true","1168","null","Ghana","GH","Upper East","Upper East","sensitive","sensitive","undetermined","undetermined","resistant","resistant"
"SPT40779","2018","true","1168","null","Ghana","GH","Upper East","Upper East","sensitive","sensitive","undetermined","undetermined","resistant","sensitive"
"SPT40780","2018","true","1168","null","Ghana","GH","Upper East","Upper East","sensitive","sensitive","undetermined","undetermined","resistant","sensitive"
"SPT40781","2018","true","1168","null","Ghana","GH","Upper East","Upper East","undetermined","sensitive","undetermined","undetermined","resistant","resistant"
"SPT40782","2018","true","1168","null","Ghana","GH","Upper East","Upper East","sensitive","sensitive","undetermined","undetermined","resistant","resistant"
"SPT40783","2018","true","1168","null","Ghana","GH","Upper East","Upper East","sensitive","sensitive","undetermined","undetermined","resistant","resistant"
"SPT40784","2018","false","1168","null","Ghana","GH","Upper East","Upper East","null","null","null","null","null","null"
"SPT40785","2018","true","1168","null","Ghana","GH","Upper East","Upper East","undetermined","sensitive","undetermined","undetermined","resistant","undetermined"
"SPT40786","2018","true","1168","null","Ghana","GH","Upper East","Upper East","undetermined","sensitive","undetermined","undetermined","resistant","resistant"
"SPT40787","2018","true","1168","null","Ghana","GH","Upper East","Upper East","sensitive","sensitive","undetermined","undetermined","resistant","resistant"
"SPT40789","2018","true","1168","null","Ghana","GH","Upper East","Upper East","sensitive","sensitive","undetermined","undetermined","resistant","resistant"
"SPT40791","2018","true","1168","null","Ghana","GH","Upper East","Upper East","sensitive","sensitive","undetermined","sensitive","sensitive","resistant"
"SPT40794","2018","true","1168","null","Ghana","GH","Upper East","Upper East","undetermined","sensitive","undetermined","undetermined","resistant","resistant"
"SPT40795","2018","true","1168","null","Ghana","GH","Upper East","Upper East","sensitive","sensitive","undetermined","undetermined","resistant","resistant"
"SPT40797","2018","false","1168","null","Ghana","GH","Upper East","Upper East","null","null","null","null","null","null"
"SPT40798","2018","true","1168","null","Ghana","GH","Upper East","Upper East","sensitive","sensitive","undetermined","sensitive","resistant","resistant"
"SPT40799","2018","true","1168","null","Ghana","GH","Upper East","Upper East","undetermined","sensitive","undetermined","undetermined","resistant","resistant"
"SPT40800","2018","true","1168","null","Ghana","GH","Upper East","Upper East","sensitive","sensitive","sensitive","undetermined","resistant","resistant"
"SPT40801","2018","true","1168","null","Ghana","GH","Upper East","Upper East","sensitive","sensitive","sensitive","sensitive","resistant","undetermined"
"SPT40802","2018","true","1168","null","Ghana","GH","Upper East","Upper East","sensitive","sensitive","undetermined","undetermined","resistant","resistant"
"SPT40803","2018","true","1168","null","Ghana","GH","Upper East","Upper East","undetermined","sensitive","undetermined","undetermined","undetermined","resistant"
"SPT40804","2018","true","1168","null","Ghana","GH","Upper East","Upper East","sensitive","sensitive","undetermined","undetermined","resistant","resistant"
"SPT40807","2018","true","1168","null","Ghana","GH","Upper East","Upper East","sensitive","sensitive","undetermined","undetermined","resistant","resistant"
"SPT40808","2018","true","1168","null","Ghana","GH","Upper East","Upper East","undetermined","sensitive","undetermined","undetermined","resistant","resistant"
"SPT40809","2018","false","1168","null","Ghana","GH","Upper East","Upper East","null","null","null","null","null","null"
"SPT40810","2018","true","1168","null","Ghana","GH","Upper East","Upper East","sensitive","sensitive","undetermined","undetermined","resistant","resistant"
"SPT40811","2018","false","1168","null","Ghana","GH","Upper East","Upper East","null","null","null","null","null","null"
"SPT40812","2018","true","1168","null","Ghana","GH","Upper East","Upper East","sensitive","sensitive","undetermined","undetermined","resistant","resistant"
"SPT40814","2018","true","1168","null","Ghana","GH","Upper East","Upper East","sensitive","sensitive","undetermined","undetermined","resistant","resistant"
"SPT40815","2018","true","1168","null","Ghana","GH","Upper East","Upper East","sensitive","sensitive","undetermined","undetermined","undetermined","resistant"
"SPT40816","2018","true","1168","null","Ghana","GH","Upper East","Upper East","sensitive","sensitive","undetermined","undetermined","resistant","resistant"
"SPT40817","2018","true","1168","null","Ghana","GH","Upper East","Upper East","sensitive","sensitive","undetermined","undetermined","resistant","resistant"
"SPT40818","2018","true","1168","null","Ghana","GH","Upper East","Upper East","sensitive","sensitive","undetermined","undetermined","resistant","resistant"
"SPT40820","2018","true","1168","null","Ghana","GH","Upper East","Upper East","sensitive","sensitive","undetermined","undetermined","resistant","resistant"
"SPT40821","2018","true","1168","null","Ghana","GH","Upper East","Upper East","sensitive","sensitive","undetermined","undetermined","resistant","resistant"
"SPT40824","2018","true","1168","null","Ghana","GH","Upper East","Upper East","sensitive","sensitive","sensitive","sensitive","undetermined","resistant"
"SPT40825","2018","true","1168","null","Ghana","GH","Upper East","Upper East","sensitive","sensitive","sensitive","sensitive","sensitive","resistant"
"SPT40826","2018","true","1168","null","Ghana","GH","Upper East","Upper East","sensitive","sensitive","undetermined","sensitive","resistant","resistant"
"SPT40827","2018","true","1168","null","Ghana","GH","Upper East","Upper East","sensitive","sensitive","undetermined","undetermined","resistant","resistant"
"SPT40828","2018","true","1168","null","Ghana","GH","Upper East","Upper East","sensitive","sensitive","sensitive","sensitive","resistant","resistant"
"SPT40829","2018","true","1168","null","Ghana","GH","Upper East","Upper East","undetermined","sensitive","undetermined","undetermined","resistant","resistant"
"SPT40830","2018","true","1168","null","Ghana","GH","Upper East","Upper East","sensitive","sensitive","sensitive","sensitive","resistant","resistant"
"SPT40831","2018","true","1168","null","Ghana","GH","Upper East","Upper East","sensitive","sensitive","undetermined","undetermined","resistant","resistant"
"SPT40832","2018","true","1168","null","Ghana","GH","Upper East","Upper East","sensitive","sensitive","undetermined","undetermined","resistant","resistant"
"SPT40833","2018","true","1168","null","Ghana","GH","Upper East","Upper East","sensitive","undetermined","undetermined","undetermined","resistant","resistant"
"SPT40834","2018","true","1168","null","Ghana","GH","Upper East","Upper East","undetermined","sensitive","undetermined","undetermined","resistant","sensitive"
"SPT40835","2018","true","1168","null","Ghana","GH","Upper East","Upper East","sensitive","sensitive","undetermined","sensitive","resistant","undetermined"
"SPT40836","2018","true","1168","null","Ghana","GH","Upper East","Upper East","sensitive","sensitive","undetermined","undetermined","resistant","resistant"
"SPT40838","2018","true","1168","null","Ghana","GH","Upper East","Upper East","sensitive","sensitive","undetermined","undetermined","resistant","resistant"
"SPT40839","2018","false","1168","null","Ghana","GH","Upper East","Upper East","null","null","null","null","null","null"
"SPT40840","2018","true","1168","null","Ghana","GH","Upper East","Upper East","sensitive","sensitive","undetermined","undetermined","resistant","resistant"
"SPT40841","2018","true","1168","null","Ghana","GH","Upper East","Upper East","sensitive","sensitive","undetermined","undetermined","resistant","undetermined"
"SPT40842","2018","true","1168","null","Ghana","GH","Upper East","Upper East","sensitive","sensitive","undetermined","sensitive","undetermined","resistant"
"SPT40843","2018","true","1168","null","Ghana","GH","Upper East","Upper East","sensitive","sensitive","undetermined","undetermined","undetermined","resistant"
"SPT40844","2018","true","1168","null","Ghana","GH","Upper East","Upper East","sensitive","sensitive","undetermined","sensitive","resistant","resistant"
"SPT40845","2018","true","1168","null","Ghana","GH","Upper East","Upper East","sensitive","sensitive","undetermined","undetermined","resistant","undetermined"
"SPT40847","2018","true","1168","null","Ghana","GH","Upper East","Upper East","sensitive","sensitive","undetermined","undetermined","resistant","sensitive"
"SPT40848","2018","true","1168","null","Ghana","GH","Upper East","Upper East","sensitive","sensitive","undetermined","sensitive","undetermined","undetermined"
"SPT40849","2018","true","1168","null","Ghana","GH","Upper East","Upper East","sensitive","sensitive","undetermined","sensitive","resistant","resistant"
"SPT40850","2018","true","1168","null","Ghana","GH","Upper East","Upper East","sensitive","sensitive","undetermined","sensitive","resistant","resistant"
"SPT40852","2018","true","1168","null","Ghana","GH","Upper East","Upper East","sensitive","sensitive","undetermined","sensitive","resistant","resistant"
"SPT40853","2018","true","1168","null","Ghana","GH","Upper East","Upper East","sensitive","sensitive","sensitive","undetermined","resistant","resistant"
"SPT40854","2018","true","1168","null","Ghana","GH","Upper East","Upper East","sensitive","sensitive","undetermined","undetermined","resistant","sensitive"
"SPT40855","2018","true","1168","null","Ghana","GH","Upper East","Upper East","undetermined","sensitive","undetermined","undetermined","undetermined","resistant"
"SPT40856","2018","true","1168","null","Ghana","GH","Upper East","Upper East","sensitive","sensitive","undetermined","undetermined","resistant","resistant"
"SPT40857","2018","true","1168","null","Ghana","GH","Upper East","Upper East","sensitive","sensitive","undetermined","undetermined","resistant","resistant"
"SPT40858","2018","true","1168","null","Ghana","GH","Upper East","Upper East","sensitive","sensitive","undetermined","undetermined","resistant","resistant"
"SPT40860","2018","true","1168","null","Ghana","GH","Upper East","Upper East","sensitive","sensitive","undetermined","undetermined","resistant","resistant"
"SPT40861","2018","true","1168","null","Ghana","GH","Upper East","Upper East","sensitive","sensitive","undetermined","undetermined","sensitive","resistant"
"SPT40863","2018","true","1168","null","Ghana","GH","Upper East","Upper East","sensitive","sensitive","undetermined","undetermined","resistant","resistant"
"SPT40864","2018","true","1168","null","Ghana","GH","Upper East","Upper East","sensitive","sensitive","undetermined","sensitive","resistant","resistant"
"SPT40865","2018","true","1168","null","Ghana","GH","Upper East","Upper East","sensitive","sensitive","undetermined","undetermined","resistant","resistant"
"SPT40867","2018","true","1168","null","Ghana","GH","Upper East","Upper East","sensitive","sensitive","undetermined","undetermined","resistant","resistant"
"SPT40868","2018","true","1168","null","Ghana","GH","Upper East","Upper East","sensitive","sensitive","undetermined","undetermined","resistant","resistant"
"SPT40869","2018","false","1168","null","Ghana","GH","Upper East","Upper East","null","null","null","null","null","null"
"SPT40870","2018","true","1168","null","Ghana","GH","Upper East","Upper East","undetermined","sensitive","undetermined","undetermined","resistant","resistant"
"SPT40871","2018","true","1168","null","Ghana","GH","Upper East","Upper East","sensitive","sensitive","undetermined","undetermined","resistant","resistant"
"SPT40872","2018","true","1168","null","Ghana","GH","Upper East","Upper East","undetermined","sensitive","undetermined","undetermined","sensitive","resistant"
"SPT40873","2018","true","1168","null","Ghana","GH","Upper East","Upper East","undetermined","sensitive","undetermined","undetermined","resistant","resistant"
"SPT40875","2018","true","1168","null","Ghana","GH","Upper East","Upper East","sensitive","sensitive","undetermined","undetermined","undetermined","resistant"
"SPT40877","2018","true","1168","null","Ghana","GH","Upper East","Upper East","sensitive","sensitive","sensitive","sensitive","resistant","resistant"
"SPT40878","2018","true","1168","null","Ghana","GH","Upper East","Upper East","undetermined","sensitive","undetermined","undetermined","resistant","resistant"
"SPT40879","2018","false","1168","null","Ghana","GH","Upper East","Upper East","null","null","null","null","null","null"
"SPT40882","2018","false","1168","null","Ghana","GH","Upper East","Upper East","null","null","null","null","null","null"
"SPT40883","2018","true","1168","null","Ghana","GH","Upper East","Upper East","sensitive","sensitive","undetermined","sensitive","resistant","resistant"
"SPT40884","2018","false","1168","null","Ghana","GH","Upper East","Upper East","null","null","null","null","null","null"
"SPT40885","2018","false","1168","null","Ghana","GH","Upper East","Upper East","null","null","null","null","null","null"
"SPT40886","2018","false","1168","null","Ghana","GH","Upper East","Upper East","null","null","null","null","null","null"
"SPT40887","2018","true","1168","null","Ghana","GH","Upper East","Upper East","sensitive","sensitive","undetermined","undetermined","resistant","sensitive"
"SPT40890","2018","true","1168","null","Ghana","GH","Upper East","Upper East","sensitive","sensitive","undetermined","undetermined","resistant","resistant"
"SPT40892","2018","true","1168","null","Ghana","GH","Upper East","Upper East","sensitive","sensitive","undetermined","undetermined","resistant","resistant"
"SPT40893","2018","true","1168","null","Ghana","GH","Upper East","Upper East","sensitive","sensitive","undetermined","undetermined","resistant","resistant"
"SPT40894","2018","true","1168","null","Ghana","GH","Upper East","Upper East","sensitive","sensitive","undetermined","undetermined","resistant","undetermined"
"SPT40896","2018","true","1168","null","Ghana","GH","Upper East","Upper East","sensitive","sensitive","undetermined","undetermined","resistant","sensitive"
"SPT40897","2018","false","1168","null","Ghana","GH","Upper East","Upper East","null","null","null","null","null","null"
"SPT40898","2018","false","1168","null","Ghana","GH","Upper East","Upper East","null","null","null","null","null","null"
"SPT40899","2018","false","1168","null","Ghana","GH","Upper East","Upper East","null","null","null","null","null","null"
"SPT40900","2018","false","1168","null","Ghana","GH","Upper East","Upper East","null","null","null","null","null","null"
"SPT40904","2018","false","1168","null","Ghana","GH","Upper East","Upper East","null","null","null","null","null","null"
"SPT40906","2018","true","1168","null","Ghana","GH","Upper East","Upper East","sensitive","sensitive","undetermined","undetermined","resistant","sensitive"
"SPT40908","2018","true","1168","null","Ghana","GH","Upper East","Upper East","sensitive","sensitive","sensitive","sensitive","resistant","resistant"
"SPT40909","2018","true","1168","null","Ghana","GH","Upper East","Upper East","sensitive","sensitive","sensitive","sensitive","resistant","resistant"
"SPT40910","2018","true","1168","null","Ghana","GH","Upper East","Upper East","undetermined","sensitive","undetermined","undetermined","resistant","resistant"
"SPT40911","2018","false","1168","null","Ghana","GH","Upper East","Upper East","null","null","null","null","null","null"
"SPT40914","2018","false","1168","null","Ghana","GH","Upper East","Upper East","null","null","null","null","null","null"
"SPT40915","2018","true","1168","null","Ghana","GH","Upper East","Upper East","sensitive","sensitive","undetermined","undetermined","resistant","resistant"
"SPT40916","2018","true","1168","null","Ghana","GH","Upper East","Upper East","sensitive","sensitive","undetermined","undetermined","resistant","resistant"
"SPT40917","2018","true","1168","null","Ghana","GH","Upper East","Upper East","sensitive","sensitive","undetermined","undetermined","resistant","resistant"
"SPT40920","2018","true","1168","null","Ghana","GH","Upper East","Upper East","sensitive","sensitive","undetermined","undetermined","resistant","resistant"
"SPT40921","2018","true","1168","null","Ghana","GH","Upper East","Upper East","sensitive","sensitive","undetermined","undetermined","resistant","resistant"
"SPT40922","2018","true","1168","null","Ghana","GH","Upper East","Upper East","sensitive","sensitive","undetermined","undetermined","resistant","resistant"
"SPT40923","2018","true","1168","null","Ghana","GH","Upper East","Upper East","undetermined","sensitive","undetermined","undetermined","resistant","resistant"
"SPT40925","2018","true","1168","null","Ghana","GH","Upper East","Upper East","sensitive","sensitive","sensitive","sensitive","resistant","undetermined"
"SPT40926","2018","false","1168","null","Ghana","GH","Upper East","Upper East","null","null","null","null","null","null"
"SPT40927","2018","false","1168","null","Ghana","GH","Upper East","Upper East","null","null","null","null","null","null"
"SPT40928","2018","false","1168","null","Ghana","GH","Upper East","Upper East","null","null","null","null","null","null"
"SPT40929","2018","false","1168","null","Ghana","GH","Upper East","Upper East","null","null","null","null","null","null"
"SPT40931","2018","false","1168","null","Ghana","GH","Upper East","Upper East","null","null","null","null","null","null"
"SPT40932","2018","true","1168","null","Ghana","GH","Upper East","Upper East","undetermined","sensitive","undetermined","undetermined","sensitive","resistant"
"SPT40934","2018","true","1168","null","Ghana","GH","Upper East","Upper East","sensitive","sensitive","undetermined","undetermined","resistant","resistant"
"SPT40935","2018","true","1168","null","Ghana","GH","Upper East","Upper East","sensitive","sensitive","undetermined","undetermined","resistant","resistant"
"SPT40937","2018","true","1168","null","Ghana","GH","Upper East","Upper East","sensitive","sensitive","undetermined","undetermined","resistant","resistant"
"SPT40938","2018","true","1168","null","Ghana","GH","Upper East","Upper East","sensitive","undetermined","sensitive","undetermined","resistant","resistant"
"SPT40939","2018","true","1168","null","Ghana","GH","Upper East","Upper East","undetermined","sensitive","undetermined","undetermined","resistant","undetermined"
"SPT40940","2018","true","1168","null","Ghana","GH","Upper East","Upper East","sensitive","sensitive","sensitive","sensitive","resistant","resistant"
"SPT40941","2018","true","1168","null","Ghana","GH","Upper East","Upper East","sensitive","sensitive","sensitive","sensitive","resistant","sensitive"
"SPT40942","2018","true","1168","null","Ghana","GH","Upper East","Upper East","sensitive","sensitive","undetermined","undetermined","sensitive","sensitive"
"SPT40943","2018","true","1168","null","Ghana","GH","Upper East","Upper East","sensitive","sensitive","undetermined","undetermined","resistant","undetermined"
"SPT40944","2018","true","1168","null","Ghana","GH","Upper East","Upper East","sensitive","sensitive","undetermined","undetermined","resistant","sensitive"
"SPT40945","2018","true","1168","null","Ghana","GH","Upper East","Upper East","sensitive","sensitive","undetermined","undetermined","resistant","resistant"
"SPT40947","2018","true","1168","null","Ghana","GH","Upper East","Upper East","sensitive","sensitive","undetermined","undetermined","resistant","undetermined"
"SPT40948","2018","true","1168","null","Ghana","GH","Upper East","Upper East","sensitive","sensitive","sensitive","sensitive","resistant","resistant"
"SPT40950","2018","true","1168","null","Ghana","GH","Upper East","Upper East","sensitive","sensitive","undetermined","undetermined","resistant","resistant"
"SPT40952","2018","false","1168","null","Ghana","GH","Upper East","Upper East","null","null","null","null","null","null"
"SPT40953","2018","true","1168","null","Ghana","GH","Upper East","Upper East","sensitive","sensitive","sensitive","undetermined","resistant","resistant"
"SPT40954","2018","true","1168","null","Ghana","GH","Upper East","Upper East","undetermined","sensitive","undetermined","undetermined","resistant","resistant"
"SPT40955","2018","true","1168","null","Ghana","GH","Upper East","Upper East","sensitive","sensitive","undetermined","undetermined","resistant","resistant"
"SPT40956","2018","true","1168","null","Ghana","GH","Upper East","Upper East","sensitive","sensitive","undetermined","sensitive","resistant","resistant"
"SPT40957","2018","false","1168","null","Ghana","GH","Upper East","Upper East","null","null","null","null","null","null"
"SPT40958","2018","true","1168","null","Ghana","GH","Upper East","Upper East","sensitive","sensitive","undetermined","undetermined","resistant","resistant"
"SPT40959","2018","true","1168","null","Ghana","GH","Upper East","Upper East","sensitive","sensitive","undetermined","undetermined","undetermined","resistant"
"SPT40960","2018","true","1168","null","Ghana","GH","Upper East","Upper East","sensitive","sensitive","undetermined","undetermined","resistant","resistant"
"SPT40961","2018","true","1168","null","Ghana","GH","Upper East","Upper East","sensitive","sensitive","undetermined","undetermined","resistant","resistant"
"SPT40962","2018","true","1168","null","Ghana","GH","Upper East","Upper East","sensitive","sensitive","undetermined","undetermined","resistant","resistant"
"SPT40963","2018","true","1168","null","Ghana","GH","Upper East","Upper East","sensitive","sensitive","undetermined","undetermined","resistant","resistant"
"SPT40964","2018","false","1168","null","Ghana","GH","Upper East","Upper East","null","null","null","null","null","null"
"SPT40966","2018","true","1168","null","Ghana","GH","Upper East","Upper East","undetermined","sensitive","undetermined","undetermined","resistant","sensitive"
"SPT40967","2018","true","1168","null","Ghana","GH","Upper East","Upper East","sensitive","sensitive","sensitive","sensitive","resistant","resistant"
"SPT40968","2018","false","1168","null","Ghana","GH","Upper East","Upper East","null","null","null","null","null","null"
"SPT40969","2018","true","1168","null","Ghana","GH","Upper East","Upper East","sensitive","sensitive","undetermined","undetermined","resistant","resistant"
"SPT40970","2018","true","1168","null","Ghana","GH","Upper East","Upper East","sensitive","sensitive","undetermined","undetermined","resistant","resistant"
"SPT40971","2018","true","1168","null","Ghana","GH","Upper East","Upper East","sensitive","sensitive","sensitive","sensitive","resistant","sensitive"
"SPT40973","2018","true","1168","null","Ghana","GH","Upper East","Upper East","sensitive","sensitive","sensitive","undetermined","resistant","resistant"
"SPT40974","2018","false","1168","null","Ghana","GH","Upper East","Upper East","null","null","null","null","null","null"
"SPT40975","2018","true","1168","null","Ghana","GH","Upper East","Upper East","sensitive","undetermined","sensitive","sensitive","resistant","resistant"
"SPT40976","2018","true","1168","null","Ghana","GH","Upper East","Upper East","sensitive","sensitive","undetermined","sensitive","resistant","resistant"
"SPT40978","2018","true","1168","null","Ghana","GH","Upper East","Upper East","sensitive","sensitive","sensitive","sensitive","resistant","resistant"
"SPT40979","2018","true","1168","null","Ghana","GH","Upper East","Upper East","sensitive","sensitive","undetermined","sensitive","resistant","undetermined"
"SPT40980","2018","true","1168","null","Ghana","GH","Upper East","Upper East","sensitive","sensitive","sensitive","sensitive","resistant","resistant"
"SPT40981","2018","true","1168","null","Ghana","GH","Upper East","Upper East","sensitive","sensitive","sensitive","sensitive","resistant","resistant"
"SPT40982","2018","true","1168","null","Ghana","GH","Upper East","Upper East","sensitive","sensitive","sensitive","sensitive","resistant","resistant"
"SPT40983","2018","true","1168","null","Ghana","GH","Upper East","Upper East","sensitive","sensitive","sensitive","sensitive","resistant","resistant"
"SPT40984","2018","true","1168","null","Ghana","GH","Upper East","Upper East","sensitive","sensitive","sensitive","undetermined","resistant","sensitive"
"SPT40986","2018","false","1168","null","Ghana","GH","Upper East","Upper East","null","null","null","null","null","null"
"SPT40987","2018","true","1168","null","Ghana","GH","Upper East","Upper East","sensitive","sensitive","undetermined","sensitive","sensitive","resistant"
"SPT40988","2018","true","1168","null","Ghana","GH","Upper East","Upper East","sensitive","sensitive","undetermined","undetermined","resistant","resistant"
"SPT40989","2018","true","1168","null","Ghana","GH","Upper East","Upper East","sensitive","sensitive","undetermined","undetermined","resistant","resistant"
"SPT40991","2018","true","1168","null","Ghana","GH","Upper East","Upper East","sensitive","sensitive","undetermined","sensitive","resistant","sensitive"
"SPT40992","2018","true","1168","null","Ghana","GH","Upper East","Upper East","sensitive","sensitive","sensitive","sensitive","resistant","resistant"
"SPT40993","2018","true","1168","null","Ghana","GH","Upper East","Upper East","sensitive","sensitive","sensitive","sensitive","undetermined","resistant"
"SPT40994","2018","true","1168","null","Ghana","GH","Upper East","Upper East","sensitive","sensitive","sensitive","sensitive","resistant","resistant"
"SPT40995","2018","false","1168","null","Ghana","GH","Upper East","Upper East","null","null","null","null","null","null"
"SPT40996","2018","true","1168","null","Ghana","GH","Upper East","Upper East","sensitive","sensitive","undetermined","undetermined","resistant","resistant"
"SPT40997","2018","true","1168","null","Ghana","GH","Upper East","Upper East","sensitive","sensitive","sensitive","sensitive","resistant","resistant"
"SPT40998","2018","true","1168","null","Ghana","GH","Upper East","Upper East","sensitive","sensitive","sensitive","sensitive","undetermined","undetermined"
"SPT40999","2018","true","1168","null","Ghana","GH","Upper East","Upper East","sensitive","sensitive","sensitive","sensitive","resistant","sensitive"
"SPT41000","2018","true","1168","null","Ghana","GH","Upper East","Upper East","sensitive","sensitive","undetermined","undetermined","resistant","resistant"
"SPT41001","2018","true","1168","null","Ghana","GH","Upper East","Upper East","undetermined","sensitive","undetermined","sensitive","resistant","resistant"
"SPT41002","2018","true","1168","null","Ghana","GH","Upper East","Upper East","sensitive","sensitive","sensitive","sensitive","undetermined","resistant"
"SPT41003","2018","true","1168","null","Ghana","GH","Upper East","Upper East","sensitive","sensitive","sensitive","sensitive","resistant","resistant"
"SPT41004","2018","true","1168","null","Ghana","GH","Upper East","Upper East","sensitive","sensitive","undetermined","undetermined","resistant","undetermined"
"SPT41005","2018","true","1168","null","Ghana","GH","Upper East","Upper East","sensitive","sensitive","sensitive","sensitive","resistant","resistant"
"SPT41006","2018","true","1168","null","Ghana","GH","Upper East","Upper East","sensitive","sensitive","undetermined","undetermined","undetermined","resistant"
"SPT41007","2018","true","1168","null","Ghana","GH","Upper East","Upper East","sensitive","sensitive","sensitive","sensitive","sensitive","resistant"
"SPT41008","2018","true","1168","null","Ghana","GH","Upper East","Upper East","sensitive","sensitive","undetermined","sensitive","resistant","resistant"
"SPT41009","2018","true","1168","null","Ghana","GH","Upper East","Upper East","sensitive","sensitive","sensitive","undetermined","resistant","resistant"
"SPT41010","2018","true","1168","null","Ghana","GH","Upper East","Upper East","sensitive","sensitive","sensitive","sensitive","resistant","resistant"
"SPT41011","2018","true","1168","null","Ghana","GH","Upper East","Upper East","sensitive","sensitive","sensitive","sensitive","resistant","undetermined"
"SPT41012","2018","true","1168","null","Ghana","GH","Upper East","Upper East","sensitive","sensitive","sensitive","sensitive","resistant","resistant"
"SPT41013","2018","true","1168","null","Ghana","GH","Upper East","Upper East","sensitive","sensitive","undetermined","sensitive","resistant","resistant"
"SPT41014","2018","true","1168","null","Ghana","GH","Upper East","Upper East","sensitive","sensitive","undetermined","undetermined","resistant","resistant"
"SPT41015","2018","true","1168","null","Ghana","GH","Upper East","Upper East","sensitive","sensitive","sensitive","sensitive","resistant","resistant"
"SPT41016","2018","true","1168","null","Ghana","GH","Upper East","Upper East","sensitive","sensitive","sensitive","sensitive","resistant","resistant"
"SPT41017","2018","true","1168","null","Ghana","GH","Upper East","Upper East","sensitive","sensitive","undetermined","undetermined","resistant","resistant"
"SPT41018","2018","true","1168","null","Ghana","GH","Upper East","Upper East","sensitive","sensitive","sensitive","sensitive","resistant","resistant"
"SPT41019","2018","true","1168","null","Ghana","GH","Upper East","Upper East","sensitive","sensitive","undetermined","undetermined","resistant","resistant"
"SPT41020","2018","true","1168","null","Ghana","GH","Upper East","Upper East","sensitive","sensitive","sensitive","sensitive","resistant","resistant"
"SPT41021","2018","false","1168","null","Ghana","GH","Upper East","Upper East","null","null","null","null","null","null"
"SPT41022","2018","true","1168","null","Ghana","GH","Upper East","Upper East","sensitive","sensitive","undetermined","sensitive","undetermined","undetermined"
"SPT41023","2018","true","1168","null","Ghana","GH","Upper East","Upper East","sensitive","sensitive","undetermined","sensitive","resistant","resistant"
"SPT41024","2018","true","1168","null","Ghana","GH","Upper East","Upper East","sensitive","sensitive","sensitive","sensitive","resistant","resistant"
"SPT41025","2018","true","1168","null","Ghana","GH","Upper East","Upper East","sensitive","sensitive","sensitive","sensitive","resistant","resistant"
"SPT41026","2018","true","1168","null","Ghana","GH","Upper East","Upper East","sensitive","sensitive","undetermined","undetermined","resistant","resistant"
"SPT41027","2018","true","1168","null","Ghana","GH","Upper East","Upper East","sensitive","sensitive","undetermined","sensitive","sensitive","resistant"
"SPT41028","2018","true","1168","null","Ghana","GH","Upper East","Upper East","sensitive","sensitive","undetermined","undetermined","resistant","resistant"
"SPT41029","2018","true","1168","null","Ghana","GH","Upper East","Upper East","sensitive","sensitive","sensitive","sensitive","resistant","resistant"
"SPT41030","2018","true","1168","null","Ghana","GH","Upper East","Upper East","sensitive","sensitive","sensitive","sensitive","resistant","resistant"
"SPT41031","2018","true","1168","null","Ghana","GH","Upper East","Upper East","sensitive","sensitive","sensitive","sensitive","resistant","resistant"
"SPT41032","2018","true","1168","null","Ghana","GH","Upper East","Upper East","sensitive","sensitive","undetermined","undetermined","resistant","resistant"
"SPT41033","2018","true","1168","null","Ghana","GH","Upper East","Upper East","undetermined","sensitive","undetermined","undetermined","resistant","resistant"
"SPT41035","2018","true","1168","null","Ghana","GH","Upper East","Upper East","sensitive","sensitive","sensitive","sensitive","resistant","resistant"
"SPT41036","2018","true","1168","null","Ghana","GH","Upper East","Upper East","sensitive","sensitive","undetermined","sensitive","resistant","resistant"
"SPT41037","2018","true","1168","null","Ghana","GH","Upper East","Upper East","sensitive","sensitive","undetermined","undetermined","resistant","undetermined"
"SPT41038","2018","true","1168","null","Ghana","GH","Upper East","Upper East","sensitive","sensitive","undetermined","undetermined","resistant","resistant"
"SPT41039","2018","true","1168","null","Ghana","GH","Upper East","Upper East","sensitive","sensitive","sensitive","undetermined","sensitive","sensitive"
"SPT41041","2018","true","1168","null","Ghana","GH","Upper East","Upper East","sensitive","sensitive","undetermined","undetermined","resistant","resistant"
"SPT41042","2018","true","1168","null","Ghana","GH","Upper East","Upper East","sensitive","sensitive","sensitive","sensitive","resistant","undetermined"
"SPT41043","2018","true","1168","null","Ghana","GH","Upper East","Upper East","sensitive","sensitive","sensitive","sensitive","resistant","resistant"
"SPT41044","2018","true","1168","null","Ghana","GH","Upper East","Upper East","sensitive","sensitive","undetermined","sensitive","resistant","resistant"
"SPT41045","2018","true","1168","null","Ghana","GH","Upper East","Upper East","sensitive","sensitive","sensitive","sensitive","resistant","resistant"
"SPT41046","2018","true","1168","null","Ghana","GH","Upper East","Upper East","sensitive","sensitive","sensitive","sensitive","sensitive","resistant"
"SPT41047","2018","true","1168","null","Ghana","GH","Upper East","Upper East","sensitive","sensitive","sensitive","sensitive","resistant","resistant"
"SPT41048","2018","true","1168","null","Ghana","GH","Upper East","Upper East","sensitive","sensitive","sensitive","sensitive","resistant","resistant"
"SPT41049","2018","true","1168","null","Ghana","GH","Upper East","Upper East","sensitive","sensitive","sensitive","undetermined","resistant","sensitive"
"SPT41050","2018","true","1168","null","Ghana","GH","Upper East","Upper East","sensitive","sensitive","sensitive","sensitive","resistant","resistant"
"SPT41051","2018","false","1168","null","Ghana","GH","Upper East","Upper East","null","null","null","null","null","null"
"SPT41052","2018","true","1168","null","Ghana","GH","Upper East","Upper East","sensitive","sensitive","undetermined","sensitive","resistant","resistant"
"SPT41053","2018","true","1168","null","Ghana","GH","Upper East","Upper East","undetermined","sensitive","sensitive","sensitive","resistant","resistant"
"SPT41054","2018","false","1168","null","Ghana","GH","Upper East","Upper East","null","null","null","null","null","null"
"SPT41055","2018","true","1168","null","Ghana","GH","Upper East","Upper East","sensitive","sensitive","undetermined","sensitive","resistant","resistant"
"SPT41056","2018","true","1168","null","Ghana","GH","Upper East","Upper East","sensitive","sensitive","sensitive","sensitive","resistant","resistant"
"SPT41057","2018","false","1168","null","Ghana","GH","Upper East","Upper East","null","null","null","null","null","null"
"SPT41058","2018","true","1168","null","Ghana","GH","Upper East","Upper East","undetermined","sensitive","undetermined","undetermined","resistant","resistant"
"SPT41059","2018","true","1168","null","Ghana","GH","Upper East","Upper East","undetermined","sensitive","undetermined","undetermined","resistant","resistant"
"SPT41061","2018","true","1168","null","Ghana","GH","Upper East","Upper East","sensitive","undetermined","undetermined","undetermined","resistant","resistant"
"SPT41062","2018","true","1168","null","Ghana","GH","Upper East","Upper East","sensitive","sensitive","undetermined","undetermined","sensitive","resistant"
"SPT41063","2018","true","1168","null","Ghana","GH","Upper East","Upper East","sensitive","sensitive","undetermined","undetermined","resistant","resistant"
"SPT41064","2018","true","1168","null","Ghana","GH","Upper East","Upper East","sensitive","sensitive","undetermined","undetermined","sensitive","resistant"
"SPT41065","2018","true","1168","null","Ghana","GH","Upper East","Upper East","sensitive","sensitive","undetermined","undetermined","resistant","resistant"
"SPT41066","2018","true","1168","null","Ghana","GH","Upper East","Upper East","undetermined","sensitive","undetermined","undetermined","resistant","resistant"
"SPT41068","2018","true","1168","null","Ghana","GH","Upper East","Upper East","undetermined","sensitive","undetermined","undetermined","resistant","resistant"
"SPT41069","2018","true","1168","null","Ghana","GH","Upper East","Upper East","undetermined","sensitive","undetermined","undetermined","resistant","resistant"
"SPT41070","2018","true","1168","null","Ghana","GH","Upper East","Upper East","sensitive","sensitive","undetermined","undetermined","resistant","resistant"
"SPT41072","2018","true","1168","null","Ghana","GH","Upper East","Upper East","sensitive","sensitive","undetermined","undetermined","resistant","resistant"
"SPT41073","2018","true","1168","null","Ghana","GH","Upper East","Upper East","sensitive","undetermined","undetermined","undetermined","resistant","resistant"
"SPT41074","2018","true","1168","null","Ghana","GH","Upper East","Upper East","sensitive","sensitive","undetermined","undetermined","resistant","resistant"
"SPT41075","2018","true","1168","null","Ghana","GH","Upper East","Upper East","undetermined","undetermined","undetermined","undetermined","resistant","undetermined"
"SPT41076","2018","true","1168","null","Ghana","GH","Upper East","Upper East","sensitive","sensitive","undetermined","sensitive","resistant","resistant"
"SPT41077","2018","true","1168","null","Ghana","GH","Upper East","Upper East","sensitive","sensitive","undetermined","undetermined","resistant","resistant"
"SPT41078","2018","true","1168","null","Ghana","GH","Upper East","Upper East","sensitive","sensitive","undetermined","undetermined","resistant","resistant"
"SPT41079","2018","false","1168","null","Ghana","GH","Upper East","Upper East","null","null","null","null","null","null"
"SPT41080","2018","true","1168","null","Ghana","GH","Upper East","Upper East","sensitive","sensitive","undetermined","undetermined","resistant","resistant"
"SPT41081","2018","false","1168","null","Ghana","GH","Upper East","Upper East","null","null","null","null","null","null"
"SPT41083","2018","true","1168","null","Ghana","GH","Upper East","Upper East","sensitive","sensitive","sensitive","sensitive","undetermined","undetermined"
"SPT41084","2018","true","1168","null","Ghana","GH","Upper East","Upper East","sensitive","sensitive","undetermined","undetermined","resistant","resistant"
"SPT41085","2018","true","1168","null","Ghana","GH","Upper East","Upper East","sensitive","sensitive","undetermined","sensitive","resistant","resistant"
"SPT41086","2018","true","1168","null","Ghana","GH","Upper East","Upper East","undetermined","sensitive","undetermined","undetermined","resistant","resistant"
"SPT41087","2018","false","1168","null","Ghana","GH","Upper East","Upper East","null","null","null","null","null","null"
"SPT41088","2018","true","1168","null","Ghana","GH","Upper East","Upper East","sensitive","sensitive","undetermined","undetermined","resistant","resistant"
"SPT41089","2018","true","1168","null","Ghana","GH","Upper East","Upper East","undetermined","sensitive","undetermined","undetermined","resistant","resistant"
"SPT41090","2018","true","1168","null","Ghana","GH","Upper East","Upper East","sensitive","sensitive","undetermined","undetermined","resistant","resistant"
"SPT41091","2018","true","1168","null","Ghana","GH","Upper East","Upper East","sensitive","sensitive","undetermined","undetermined","resistant","undetermined"
"SPT41092","2018","true","1168","null","Ghana","GH","Upper East","Upper East","sensitive","sensitive","undetermined","undetermined","resistant","resistant"
"SPT41094","2018","true","1168","null","Ghana","GH","Upper East","Upper East","undetermined","sensitive","undetermined","undetermined","resistant","resistant"
"SPT41096","2018","true","1168","null","Ghana","GH","Upper East","Upper East","sensitive","sensitive","undetermined","undetermined","resistant","sensitive"
"SPT41097","2018","true","1168","null","Ghana","GH","Upper East","Upper East","sensitive","sensitive","undetermined","undetermined","resistant","resistant"
"SPT41098","2018","true","1168","null","Ghana","GH","Upper East","Upper East","sensitive","sensitive","undetermined","undetermined","resistant","resistant"
"SPT41099","2018","true","1168","null","Ghana","GH","Upper East","Upper East","sensitive","sensitive","undetermined","undetermined","resistant","resistant"
"SPT41101","2018","true","1168","null","Ghana","GH","Upper East","Upper East","sensitive","sensitive","undetermined","undetermined","resistant","resistant"
"SPT41102","2018","true","1168","null","Ghana","GH","Upper East","Upper East","sensitive","sensitive","undetermined","sensitive","resistant","resistant"
"SPT41103","2018","true","1168","null","Ghana","GH","Upper East","Upper East","sensitive","sensitive","undetermined","undetermined","resistant","resistant"
"SPT41104","2018","true","1168","null","Ghana","GH","Upper East","Upper East","undetermined","sensitive","undetermined","undetermined","resistant","resistant"
"SPT41105","2018","true","1168","null","Ghana","GH","Upper East","Upper East","sensitive","sensitive","sensitive","sensitive","undetermined","resistant"
"SPT41106","2018","true","1168","null","Ghana","GH","Upper East","Upper East","sensitive","sensitive","sensitive","sensitive","resistant","resistant"
"SPT41107","2018","true","1168","null","Ghana","GH","Upper East","Upper East","sensitive","sensitive","undetermined","undetermined","resistant","resistant"
"SPT41108","2018","true","1168","null","Ghana","GH","Upper East","Upper East","sensitive","sensitive","sensitive","sensitive","undetermined","resistant"
"SPT41109","2018","true","1168","null","Ghana","GH","Upper East","Upper East","sensitive","resistant","sensitive","sensitive","resistant","resistant"
"SPT41110","2018","true","1168","null","Ghana","GH","Upper East","Upper East","sensitive","sensitive","sensitive","sensitive","resistant","resistant"
"SPT41111","2018","false","1168","null","Ghana","GH","Upper East","Upper East","null","null","null","null","null","null"
"SPT41112","2018","true","1168","null","Ghana","GH","Upper East","Upper East","sensitive","sensitive","undetermined","undetermined","resistant","resistant"
"SPT41113","2018","true","1168","null","Ghana","GH","Upper East","Upper East","sensitive","sensitive","undetermined","undetermined","resistant","resistant"
"SPT41114","2018","true","1168","null","Ghana","GH","Upper East","Upper East","sensitive","sensitive","undetermined","sensitive","resistant","resistant"
"SPT41115","2018","true","1168","null","Ghana","GH","Upper East","Upper East","sensitive","sensitive","undetermined","undetermined","resistant","resistant"
"SPT41116","2018","false","1168","null","Ghana","GH","Upper East","Upper East","null","null","null","null","null","null"
"SPT41117","2018","true","1168","null","Ghana","GH","Upper East","Upper East","undetermined","sensitive","undetermined","undetermined","resistant","resistant"
"SPT41118","2018","true","1168","null","Ghana","GH","Upper East","Upper East","sensitive","sensitive","undetermined","undetermined","resistant","sensitive"
"SPT41119","2018","true","1168","null","Ghana","GH","Upper East","Upper East","undetermined","sensitive","undetermined","sensitive","resistant","resistant"
"SPT41120","2018","true","1168","null","Ghana","GH","Upper East","Upper East","sensitive","sensitive","undetermined","undetermined","resistant","resistant"
"SPT41121","2018","true","1168","null","Ghana","GH","Upper East","Upper East","undetermined","sensitive","undetermined","undetermined","resistant","resistant"
"SPT41122","2018","true","1168","null","Ghana","GH","Upper East","Upper East","sensitive","sensitive","undetermined","undetermined","resistant","sensitive"
"SPT41123","2018","true","1168","null","Ghana","GH","Upper East","Upper East","sensitive","sensitive","undetermined","sensitive","resistant","resistant"
"SPT41124","2018","true","1168","null","Ghana","GH","Upper East","Upper East","sensitive","sensitive","undetermined","sensitive","resistant","resistant"
"SPT41125","2018","true","1168","null","Ghana","GH","Upper East","Upper East","sensitive","sensitive","undetermined","undetermined","resistant","resistant"
"SPT41126","2018","true","1168","null","Ghana","GH","Upper East","Upper East","undetermined","sensitive","undetermined","undetermined","resistant","resistant"
"SPT41127","2018","false","1168","null","Ghana","GH","Upper East","Upper East","null","null","null","null","null","null"
"SPT41128","2018","true","1168","null","Ghana","GH","Upper East","Upper East","undetermined","sensitive","undetermined","undetermined","resistant","resistant"
"SPT41129","2018","true","1168","null","Ghana","GH","Upper East","Upper East","sensitive","sensitive","undetermined","undetermined","resistant","resistant"
"SPT41130","2018","true","1168","null","Ghana","GH","Upper East","Upper East","sensitive","sensitive","undetermined","undetermined","sensitive","resistant"
"SPT41131","2018","true","1168","null","Ghana","GH","Upper East","Upper East","sensitive","sensitive","undetermined","undetermined","resistant","resistant"
"SPT41132","2018","true","1168","null","Ghana","GH","Upper East","Upper East","sensitive","sensitive","undetermined","undetermined","resistant","resistant"
"SPT41133","2018","true","1168","null","Ghana","GH","Upper East","Upper East","sensitive","sensitive","undetermined","undetermined","resistant","resistant"
"SPT41135","2018","true","1168","null","Ghana","GH","Upper East","Upper East","sensitive","sensitive","undetermined","undetermined","undetermined","resistant"
"SPT41136","2018","true","1168","null","Ghana","GH","Upper East","Upper East","sensitive","sensitive","undetermined","undetermined","resistant","resistant"
"SPT41137","2018","true","1168","null","Ghana","GH","Upper East","Upper East","sensitive","sensitive","undetermined","undetermined","resistant","sensitive"
"SPT41138","2018","true","1168","null","Ghana","GH","Upper East","Upper East","undetermined","sensitive","undetermined","sensitive","resistant","resistant"
"SPT41139","2018","true","1168","null","Ghana","GH","Upper East","Upper East","sensitive","sensitive","undetermined","undetermined","resistant","resistant"
"SPT41140","2018","true","1168","null","Ghana","GH","Upper East","Upper East","sensitive","sensitive","undetermined","undetermined","resistant","resistant"
"SPT41141","2018","true","1168","null","Ghana","GH","Upper East","Upper East","sensitive","sensitive","undetermined","undetermined","resistant","resistant"
"SPT41142","2018","true","1168","null","Ghana","GH","Upper East","Upper East","sensitive","sensitive","undetermined","undetermined","resistant","resistant"
"SPT41143","2018","true","1168","null","Ghana","GH","Upper East","Upper East","undetermined","sensitive","undetermined","undetermined","resistant","resistant"
"SPT41144","2018","true","1168","null","Ghana","GH","Upper East","Upper East","sensitive","sensitive","undetermined","undetermined","resistant","resistant"
"SPT41145","2018","true","1168","null","Ghana","GH","Upper East","Upper East","sensitive","sensitive","undetermined","undetermined","resistant","resistant"
"SPT41146","2018","true","1168","null","Ghana","GH","Upper East","Upper East","sensitive","sensitive","undetermined","sensitive","sensitive","resistant"
"SPT41147","2018","true","1168","null","Ghana","GH","Upper East","Upper East","sensitive","sensitive","undetermined","undetermined","resistant","resistant"
"SPT41149","2018","false","1168","null","Ghana","GH","Upper East","Upper East","null","null","null","null","null","null"
"SPT41150","2018","false","1168","null","Ghana","GH","Upper East","Upper East","null","null","null","null","null","null"
"SPT41151","2018","true","1168","null","Ghana","GH","Upper East","Upper East","sensitive","sensitive","undetermined","undetermined","resistant","resistant"
"SPT41152","2018","true","1168","null","Ghana","GH","Upper East","Upper East","undetermined","sensitive","undetermined","undetermined","resistant","resistant"
"SPT41154","2018","true","1168","null","Ghana","GH","Upper East","Upper East","undetermined","sensitive","undetermined","undetermined","resistant","resistant"
"SPT41155","2018","true","1168","null","Ghana","GH","Upper East","Upper East","sensitive","sensitive","sensitive","undetermined","resistant","resistant"
"SPT41156","2018","true","1168","null","Ghana","GH","Upper East","Upper East","sensitive","sensitive","sensitive","sensitive","resistant","resistant"
"SPT41157","2018","true","1168","null","Ghana","GH","Upper East","Upper East","sensitive","sensitive","sensitive","sensitive","resistant","undetermined"
"SPT41158","2018","true","1168","null","Ghana","GH","Upper East","Upper East","sensitive","sensitive","undetermined","undetermined","resistant","undetermined"
"SPT41159","2018","true","1168","null","Ghana","GH","Upper East","Upper East","sensitive","sensitive","sensitive","sensitive","resistant","resistant"
"SPT41160","2018","true","1168","null","Ghana","GH","Upper East","Upper East","sensitive","sensitive","sensitive","sensitive","resistant","resistant"
"SPT41161","2018","true","1168","null","Ghana","GH","Upper East","Upper East","sensitive","sensitive","sensitive","sensitive","resistant","sensitive"
"SPT41162","2018","true","1168","null","Ghana","GH","Upper East","Upper East","sensitive","sensitive","sensitive","sensitive","resistant","resistant"
"SPT41163","2018","true","1168","null","Ghana","GH","Upper East","Upper East","sensitive","sensitive","sensitive","sensitive","resistant","resistant"
"SPT41164","2018","true","1168","null","Ghana","GH","Upper East","Upper East","sensitive","sensitive","sensitive","sensitive","resistant","resistant"
"SPT41165","2018","true","1168","null","Ghana","GH","Upper East","Upper East","sensitive","sensitive","sensitive","sensitive","resistant","resistant"
"SPT41166","2018","true","1168","null","Ghana","GH","Upper East","Upper East","sensitive","sensitive","sensitive","sensitive","resistant","resistant"
"SPT41167","2018","true","1168","null","Ghana","GH","Upper East","Upper East","sensitive","sensitive","sensitive","sensitive","resistant","undetermined"
"SPT41168","2018","true","1168","null","Ghana","GH","Upper East","Upper East","sensitive","sensitive","sensitive","sensitive","resistant","resistant"
"SPT41169","2018","false","1168","null","Ghana","GH","Upper East","Upper East","null","null","null","null","null","null"
"SPT41170","2018","true","1168","null","Ghana","GH","Upper East","Upper East","sensitive","sensitive","undetermined","undetermined","resistant","resistant"
"SPT41171","2018","true","1168","null","Ghana","GH","Upper East","Upper East","sensitive","sensitive","sensitive","sensitive","resistant","resistant"
"SPT41172","2018","true","1168","null","Ghana","GH","Upper East","Upper East","sensitive","sensitive","undetermined","undetermined","resistant","resistant"
"SPT41173","2018","true","1168","null","Ghana","GH","Upper East","Upper East","sensitive","sensitive","undetermined","undetermined","resistant","resistant"
"SPT41174","2018","true","1168","null","Ghana","GH","Upper East","Upper East","sensitive","sensitive","sensitive","sensitive","resistant","resistant"
"SPT41175","2018","true","1168","null","Ghana","GH","Upper East","Upper East","sensitive","sensitive","undetermined","sensitive","resistant","resistant"
"SPT41176","2018","true","1168","null","Ghana","GH","Upper East","Upper East","sensitive","sensitive","sensitive","sensitive","undetermined","undetermined"
"SPT41177","2018","true","1168","null","Ghana","GH","Upper East","Upper East","sensitive","sensitive","sensitive","sensitive","resistant","resistant"
"SPT41178","2018","true","1168","null","Ghana","GH","Upper East","Upper East","sensitive","sensitive","sensitive","undetermined","resistant","resistant"
"SPT41179","2018","false","1168","null","Ghana","GH","Upper East","Upper East","null","null","null","null","null","null"
"SPT41180","2018","true","1168","null","Ghana","GH","Upper East","Upper East","sensitive","sensitive","sensitive","sensitive","resistant","resistant"
"SPT41181","2018","false","1168","null","Ghana","GH","Upper East","Upper East","null","null","null","null","null","null"
"SPT41182","2018","true","1168","null","Ghana","GH","Upper East","Upper East","sensitive","sensitive","sensitive","undetermined","resistant","resistant"
"SPT41183","2018","true","1168","null","Ghana","GH","Upper East","Upper East","undetermined","sensitive","undetermined","undetermined","resistant","resistant"
"SPT41184","2018","true","1168","null","Ghana","GH","Upper East","Upper East","sensitive","sensitive","sensitive","sensitive","undetermined","undetermined"
"SPT41185","2018","true","1168","null","Ghana","GH","Upper East","Upper East","sensitive","sensitive","sensitive","sensitive","resistant","resistant"
"SPT41186","2018","true","1168","null","Ghana","GH","Upper East","Upper East","sensitive","sensitive","undetermined","sensitive","undetermined","resistant"
"SPT41187","2018","true","1168","null","Ghana","GH","Upper East","Upper East","sensitive","sensitive","sensitive","sensitive","resistant","resistant"
"SPT41188","2018","true","1168","null","Ghana","GH","Upper East","Upper East","sensitive","sensitive","sensitive","sensitive","resistant","resistant"
"SPT41189","2018","true","1168","null","Ghana","GH","Upper East","Upper East","sensitive","sensitive","undetermined","sensitive","resistant","resistant"
"SPT41190","2018","true","1168","null","Ghana","GH","Upper East","Upper East","sensitive","sensitive","sensitive","sensitive","resistant","resistant"
"SPT41191","2018","true","1168","null","Ghana","GH","Upper East","Upper East","sensitive","sensitive","undetermined","sensitive","resistant","undetermined"
"SPT41192","2018","false","1168","null","Ghana","GH","Upper East","Upper East","null","null","null","null","null","null"
"SPT41193","2018","true","1168","null","Ghana","GH","Upper East","Upper East","sensitive","sensitive","sensitive","sensitive","resistant","resistant"
"SPT41194","2018","true","1168","null","Ghana","GH","Upper East","Upper East","sensitive","sensitive","sensitive","sensitive","resistant","resistant"
"SPT41195","2018","true","1168","null","Ghana","GH","Upper East","Upper East","sensitive","sensitive","sensitive","sensitive","resistant","resistant"
"SPT41196","2018","true","1168","null","Ghana","GH","Upper East","Upper East","sensitive","sensitive","undetermined","undetermined","resistant","resistant"
"SPT41197","2018","true","1168","null","Ghana","GH","Upper East","Upper East","sensitive","sensitive","undetermined","undetermined","resistant","resistant"
"SPT41199","2018","true","1168","null","Ghana","GH","Upper East","Upper East","sensitive","sensitive","sensitive","sensitive","resistant","resistant"
"SPT41200","2018","true","1168","null","Ghana","GH","Upper East","Upper East","sensitive","sensitive","sensitive","sensitive","resistant","resistant"
"SPT41201","2018","true","1168","null","Ghana","GH","Upper East","Upper East","sensitive","sensitive","sensitive","sensitive","resistant","sensitive"
"SPT41202","2018","true","1168","null","Ghana","GH","Upper East","Upper East","sensitive","sensitive","undetermined","undetermined","resistant","resistant"
"SPT41203","2018","true","1168","null","Ghana","GH","Upper East","Upper East","sensitive","sensitive","sensitive","sensitive","resistant","resistant"
"SPT41204","2018","true","1168","null","Ghana","GH","Upper East","Upper East","sensitive","sensitive","sensitive","sensitive","resistant","resistant"
"SPT41205","2018","true","1168","null","Ghana","GH","Upper East","Upper East","sensitive","sensitive","sensitive","undetermined","resistant","resistant"
"SPT41207","2018","true","1168","null","Ghana","GH","Upper East","Upper East","sensitive","sensitive","sensitive","sensitive","resistant","resistant"
"SPT41208","2018","true","1168","null","Ghana","GH","Upper East","Upper East","sensitive","sensitive","undetermined","undetermined","resistant","resistant"
"SPT41209","2018","false","1168","null","Ghana","GH","Upper East","Upper East","null","null","null","null","null","null"
"SPT41210","2018","true","1168","null","Ghana","GH","Upper East","Upper East","sensitive","sensitive","sensitive","undetermined","resistant","resistant"
"SPT41211","2018","true","1168","null","Ghana","GH","Upper East","Upper East","sensitive","sensitive","sensitive","sensitive","resistant","sensitive"
"SPT41212","2018","true","1168","null","Ghana","GH","Upper East","Upper East","sensitive","sensitive","undetermined","undetermined","resistant","resistant"
"SPT41213","2018","false","1168","null","Ghana","GH","Upper East","Upper East","null","null","null","null","null","null"
"SPT41214","2018","true","1168","null","Ghana","GH","Upper East","Upper East","sensitive","sensitive","sensitive","sensitive","undetermined","resistant"
"SPT41215","2018","true","1168","null","Ghana","GH","Upper East","Upper East","sensitive","sensitive","sensitive","sensitive","resistant","resistant"
"SPT41216","2018","true","1168","null","Ghana","GH","Upper East","Upper East","sensitive","sensitive","undetermined","sensitive","resistant","sensitive"
"SPT41217","2018","true","1168","null","Ghana","GH","Upper East","Upper East","sensitive","sensitive","sensitive","sensitive","resistant","undetermined"
"SPT41218","2018","true","1168","null","Ghana","GH","Upper East","Upper East","sensitive","sensitive","sensitive","sensitive","undetermined","resistant"
"SPT41219","2018","true","1168","null","Ghana","GH","Upper East","Upper East","sensitive","sensitive","undetermined","undetermined","resistant","resistant"
"SPT41220","2018","true","1168","null","Ghana","GH","Upper East","Upper East","sensitive","sensitive","undetermined","sensitive","resistant","resistant"
"SPT41221","2018","true","1168","null","Ghana","GH","Upper East","Upper East","sensitive","sensitive","undetermined","sensitive","resistant","resistant"
"SPT41222","2018","true","1168","null","Ghana","GH","Upper East","Upper East","sensitive","undetermined","sensitive","sensitive","resistant","resistant"
"SPT41223","2018","true","1168","null","Ghana","GH","Upper East","Upper East","sensitive","sensitive","sensitive","sensitive","resistant","resistant"
"SPT41224","2018","true","1168","null","Ghana","GH","Upper East","Upper East","sensitive","sensitive","sensitive","sensitive","resistant","resistant"
"SPT41225","2018","true","1168","null","Ghana","GH","Upper East","Upper East","sensitive","sensitive","undetermined","undetermined","resistant","resistant"
"SPT41226","2018","true","1168","null","Ghana","GH","Upper East","Upper East","sensitive","sensitive","sensitive","sensitive","resistant","resistant"
"SPT41227","2018","false","1168","null","Ghana","GH","Upper East","Upper East","null","null","null","null","null","null"
"SPT41228","2018","true","1168","null","Ghana","GH","Upper East","Upper East","sensitive","sensitive","sensitive","sensitive","resistant","resistant"
"SPT41229","2018","true","1168","null","Ghana","GH","Upper East","Upper East","sensitive","sensitive","sensitive","sensitive","resistant","resistant"
"SPT41230","2018","false","1168","null","Ghana","GH","Upper East","Upper East","null","null","null","null","null","null"
"SPT41231","2018","true","1168","null","Ghana","GH","Upper East","Upper East","sensitive","sensitive","sensitive","sensitive","resistant","resistant"
"SPT41233","2018","true","1168","null","Ghana","GH","Upper East","Upper East","sensitive","sensitive","sensitive","sensitive","undetermined","resistant"
"SPT41234","2018","true","1168","null","Ghana","GH","Upper East","Upper East","sensitive","sensitive","sensitive","undetermined","resistant","resistant"
"SPT41235","2018","true","1168","null","Ghana","GH","Upper East","Upper East","sensitive","sensitive","sensitive","sensitive","resistant","resistant"
"SPT41236","2018","true","1168","null","Ghana","GH","Upper East","Upper East","sensitive","sensitive","sensitive","sensitive","resistant","resistant"
"SPT41237","2018","true","1168","null","Ghana","GH","Upper East","Upper East","sensitive","sensitive","undetermined","undetermined","resistant","resistant"
"SPT41238","2018","true","1168","null","Ghana","GH","Upper East","Upper East","sensitive","sensitive","sensitive","sensitive","resistant","resistant"
"SPT41239","2018","true","1168","null","Ghana","GH","Upper East","Upper East","sensitive","sensitive","sensitive","sensitive","sensitive","resistant"
"SPT41240","2018","false","1168","null","Ghana","GH","Upper East","Upper East","null","null","null","null","null","null"
"SPT41241","2018","false","1168","null","Ghana","GH","Upper East","Upper East","null","null","null","null","null","null"
"SPT41242","2018","true","1168","null","Ghana","GH","Upper East","Upper East","sensitive","sensitive","sensitive","sensitive","undetermined","resistant"
"SPT41243","2018","true","1168","null","Ghana","GH","Upper East","Upper East","sensitive","sensitive","sensitive","sensitive","undetermined","undetermined"
"SPT41244","2018","true","1168","null","Ghana","GH","Upper East","Upper East","sensitive","sensitive","sensitive","sensitive","resistant","resistant"
"SPT41245","2018","true","1168","null","Ghana","GH","Upper East","Upper East","sensitive","sensitive","sensitive","sensitive","resistant","resistant"
"SPT41246","2018","true","1168","null","Ghana","GH","Upper East","Upper East","sensitive","sensitive","sensitive","sensitive","resistant","resistant"
"SPT41247","2018","true","1168","null","Ghana","GH","Upper East","Upper East","sensitive","sensitive","sensitive","sensitive","resistant","resistant"
"SPT41248","2018","true","1168","null","Ghana","GH","Upper East","Upper East","sensitive","sensitive","undetermined","sensitive","resistant","resistant"
"SPT41249","2018","false","1168","null","Ghana","GH","Upper East","Upper East","null","null","null","null","null","null"
"SPT41250","2018","true","1168","null","Ghana","GH","Upper East","Upper East","sensitive","sensitive","undetermined","undetermined","resistant","resistant"
"SPT41251","2018","true","1168","null","Ghana","GH","Upper East","Upper East","sensitive","sensitive","sensitive","sensitive","resistant","resistant"
"SPT41253","2018","true","1168","null","Ghana","GH","Upper East","Upper East","sensitive","sensitive","undetermined","undetermined","resistant","sensitive"
"SPT41254","2018","true","1168","null","Ghana","GH","Upper East","Upper East","sensitive","sensitive","undetermined","undetermined","resistant","resistant"
"SPT41255","2018","true","1168","null","Ghana","GH","Upper East","Upper East","sensitive","sensitive","undetermined","sensitive","resistant","resistant"
"SPT41256","2018","true","1168","null","Ghana","GH","Upper East","Upper East","undetermined","sensitive","undetermined","undetermined","resistant","resistant"
"SPT41258","2018","true","1168","null","Ghana","GH","Upper East","Upper East","sensitive","sensitive","undetermined","undetermined","resistant","resistant"
"SPT41259","2018","false","1168","null","Ghana","GH","Upper East","Upper East","null","null","null","null","null","null"
"SPT41260","2018","true","1168","null","Ghana","GH","Upper East","Upper East","sensitive","sensitive","undetermined","undetermined","sensitive","resistant"
"SPT41262","2018","true","1168","null","Ghana","GH","Upper East","Upper East","sensitive","sensitive","undetermined","undetermined","resistant","resistant"
"SPT41263","2018","true","1168","null","Ghana","GH","Upper East","Upper East","sensitive","sensitive","undetermined","undetermined","resistant","undetermined"
"SPT41264","2018","true","1168","null","Ghana","GH","Upper East","Upper East","sensitive","sensitive","undetermined","undetermined","resistant","sensitive"
"SPT41266","2018","true","1168","null","Ghana","GH","Upper East","Upper East","sensitive","sensitive","undetermined","sensitive","resistant","resistant"
"SPT41267","2018","true","1168","null","Ghana","GH","Upper East","Upper East","sensitive","undetermined","sensitive","sensitive","undetermined","undetermined"
"SPT41268","2018","true","1168","null","Ghana","GH","Upper East","Upper East","sensitive","sensitive","undetermined","undetermined","resistant","resistant"
"SPT41269","2018","true","1168","null","Ghana","GH","Upper East","Upper East","sensitive","sensitive","undetermined","undetermined","resistant","resistant"
"SPT41270","2018","true","1168","null","Ghana","GH","Upper East","Upper East","sensitive","sensitive","undetermined","sensitive","resistant","resistant"
"SPT41271","2018","true","1168","null","Ghana","GH","Upper East","Upper East","sensitive","sensitive","sensitive","sensitive","resistant","sensitive"
"SPT41272","2018","true","1168","null","Ghana","GH","Upper East","Upper East","sensitive","sensitive","undetermined","sensitive","resistant","undetermined"
"SPT41273","2018","true","1168","null","Ghana","GH","Upper East","Upper East","sensitive","sensitive","sensitive","sensitive","undetermined","resistant"
"SPT41274","2018","true","1168","null","Ghana","GH","Upper East","Upper East","sensitive","sensitive","undetermined","undetermined","resistant","resistant"
"SPT41275","2018","true","1168","null","Ghana","GH","Upper East","Upper East","undetermined","sensitive","undetermined","undetermined","resistant","resistant"
"SPT41276","2018","true","1168","null","Ghana","GH","Upper East","Upper East","sensitive","sensitive","sensitive","sensitive","resistant","resistant"
"SPT41277","2018","true","1168","null","Ghana","GH","Upper East","Upper East","undetermined","sensitive","undetermined","sensitive","undetermined","resistant"
"SPT41278","2018","true","1168","null","Ghana","GH","Upper East","Upper East","sensitive","sensitive","undetermined","undetermined","resistant","resistant"
"SPT41279","2018","true","1168","null","Ghana","GH","Upper East","Upper East","sensitive","sensitive","undetermined","undetermined","resistant","resistant"
"SPT41280","2018","true","1168","null","Ghana","GH","Upper East","Upper East","sensitive","sensitive","undetermined","undetermined","resistant","resistant"
"SPT41281","2018","true","1168","null","Ghana","GH","Upper East","Upper East","sensitive","sensitive","undetermined","undetermined","resistant","resistant"
"SPT41282","2018","true","1168","null","Ghana","GH","Upper East","Upper East","sensitive","sensitive","undetermined","undetermined","resistant","resistant"
"SPT41283","2018","true","1168","null","Ghana","GH","Upper East","Upper East","sensitive","sensitive","undetermined","undetermined","resistant","resistant"
"SPT41284","2018","true","1168","null","Ghana","GH","Upper East","Upper East","sensitive","sensitive","undetermined","sensitive","resistant","resistant"
"SPT43730","2018","true","1168","null","Ghana","GH","Upper East","Upper East","undetermined","sensitive","undetermined","undetermined","resistant","resistant"
"SPT43731","2018","true","1168","null","Ghana","GH","Upper East","Upper East","sensitive","sensitive","undetermined","undetermined","resistant","resistant"
"SPT43732","2018","true","1168","null","Ghana","GH","Upper East","Upper East","sensitive","sensitive","undetermined","undetermined","resistant","resistant"
"SPT43733","2018","true","1168","null","Ghana","GH","Upper East","Upper East","sensitive","sensitive","undetermined","undetermined","resistant","undetermined"
"SPT43734","2018","true","1168","null","Ghana","GH","Upper East","Upper East","sensitive","sensitive","undetermined","undetermined","resistant","resistant"
"SPT43735","2018","true","1168","null","Ghana","GH","Upper East","Upper East","sensitive","sensitive","undetermined","undetermined","resistant","resistant"
"SPT43736","2018","true","1168","null","Ghana","GH","Upper East","Upper East","sensitive","sensitive","undetermined","undetermined","resistant","sensitive"
"SPT43737","2018","true","1168","null","Ghana","GH","Upper East","Upper East","sensitive","sensitive","undetermined","undetermined","resistant","resistant"
"SPT43738","2018","true","1168","null","Ghana","GH","Upper East","Upper East","sensitive","sensitive","undetermined","undetermined","resistant","resistant"
"SPT43739","2018","true","1168","null","Ghana","GH","Upper East","Upper East","undetermined","sensitive","undetermined","undetermined","undetermined","resistant"
"SPT43741","2018","true","1168","null","Ghana","GH","Upper East","Upper East","sensitive","sensitive","undetermined","sensitive","resistant","sensitive"
"SPT43742","2018","false","1168","null","Ghana","GH","Upper East","Upper East","null","null","null","null","null","null"
"SPT43743","2018","false","1168","null","Ghana","GH","Upper East","Upper East","null","null","null","null","null","null"
"SPT43744","2018","true","1168","null","Ghana","GH","Upper East","Upper East","sensitive","sensitive","undetermined","undetermined","resistant","resistant"
"SPT43745","2018","true","1168","null","Ghana","GH","Upper East","Upper East","sensitive","sensitive","undetermined","undetermined","resistant","resistant"
"SPT43746","2018","true","1168","null","Ghana","GH","Upper East","Upper East","undetermined","sensitive","undetermined","undetermined","resistant","resistant"
"SPT43747","2018","true","1168","null","Ghana","GH","Upper East","Upper East","undetermined","sensitive","undetermined","undetermined","resistant","resistant"
"SPT43748","2018","true","1168","null","Ghana","GH","Upper East","Upper East","sensitive","sensitive","undetermined","sensitive","resistant","resistant"
"SPT43749","2018","true","1168","null","Ghana","GH","Upper East","Upper East","sensitive","sensitive","undetermined","undetermined","resistant","resistant"
"SPT43750","2018","false","1168","null","Ghana","GH","Upper East","Upper East","null","null","null","null","null","null"
"SPT43753","2018","true","1168","null","Ghana","GH","Upper East","Upper East","sensitive","sensitive","undetermined","sensitive","resistant","resistant"
"SPT43754","2018","true","1168","null","Ghana","GH","Upper East","Upper East","sensitive","sensitive","undetermined","undetermined","resistant","resistant"
"SPT43755","2018","true","1168","null","Ghana","GH","Upper East","Upper East","undetermined","sensitive","undetermined","undetermined","resistant","resistant"
"SPT43756","2018","true","1168","null","Ghana","GH","Upper East","Upper East","undetermined","sensitive","undetermined","undetermined","resistant","resistant"
"SPT43757","2018","true","1168","null","Ghana","GH","Upper East","Upper East","sensitive","resistant","undetermined","undetermined","resistant","resistant"
"SPT43758","2018","true","1168","null","Ghana","GH","Upper East","Upper East","sensitive","undetermined","undetermined","undetermined","resistant","resistant"
"SPT43759","2018","true","1168","null","Ghana","GH","Upper East","Upper East","sensitive","sensitive","undetermined","undetermined","resistant","resistant"
"SPT43760","2018","true","1168","null","Ghana","GH","Upper East","Upper East","undetermined","sensitive","undetermined","undetermined","resistant","resistant"
"SPT43761","2018","false","1168","null","Ghana","GH","Upper East","Upper East","null","null","null","null","null","null"
"SPT43762","2018","true","1168","null","Ghana","GH","Upper East","Upper East","undetermined","sensitive","undetermined","undetermined","undetermined","resistant"
"SPT43763","2018","true","1168","null","Ghana","GH","Upper East","Upper East","sensitive","sensitive","sensitive","sensitive","resistant","resistant"
"SPT43764","2018","true","1168","null","Ghana","GH","Upper East","Upper East","sensitive","sensitive","undetermined","undetermined","resistant","resistant"
"SPT43765","2018","true","1168","null","Ghana","GH","Upper East","Upper East","sensitive","sensitive","sensitive","sensitive","resistant","undetermined"
"SPT43766","2018","true","1168","null","Ghana","GH","Upper East","Upper East","sensitive","sensitive","undetermined","sensitive","resistant","resistant"
"SPT43768","2018","true","1168","null","Ghana","GH","Upper East","Upper East","sensitive","sensitive","sensitive","sensitive","resistant","resistant"
"SPT43769","2018","true","1168","null","Ghana","GH","Upper East","Upper East","sensitive","sensitive","undetermined","undetermined","resistant","resistant"
"SPT43770","2018","false","1168","null","Ghana","GH","Upper East","Upper East","null","null","null","null","null","null"
"SPT43771","2018","true","1168","null","Ghana","GH","Upper East","Upper East","undetermined","sensitive","undetermined","undetermined","resistant","resistant"
"SPT43773","2018","true","1168","null","Ghana","GH","Upper East","Upper East","sensitive","sensitive","undetermined","undetermined","resistant","resistant"
"SPT43774","2018","true","1168","null","Ghana","GH","Upper East","Upper East","sensitive","resistant","undetermined","undetermined","resistant","resistant"
"SPT43775","2018","true","1168","null","Ghana","GH","Upper East","Upper East","sensitive","sensitive","undetermined","undetermined","resistant","resistant"
"SPT43777","2018","true","1168","null","Ghana","GH","Upper East","Upper East","sensitive","sensitive","undetermined","undetermined","resistant","resistant"
"SPT43778","2018","true","1168","null","Ghana","GH","Upper East","Upper East","sensitive","sensitive","undetermined","undetermined","sensitive","resistant"
"SPT43779","2018","true","1168","null","Ghana","GH","Upper East","Upper East","sensitive","sensitive","undetermined","sensitive","resistant","resistant"
"SPT43781","2018","true","1168","null","Ghana","GH","Upper East","Upper East","sensitive","sensitive","undetermined","undetermined","resistant","resistant"
"SPT43782","2018","true","1168","null","Ghana","GH","Upper East","Upper East","sensitive","sensitive","undetermined","sensitive","resistant","resistant"
"SPT43783","2018","true","1168","null","Ghana","GH","Upper East","Upper East","sensitive","sensitive","undetermined","undetermined","resistant","resistant"
"SPT43784","2018","true","1168","null","Ghana","GH","Upper East","Upper East","sensitive","sensitive","undetermined","undetermined","resistant","resistant"
"SPT43785","2018","true","1168","null","Ghana","GH","Upper East","Upper East","sensitive","sensitive","undetermined","undetermined","resistant","resistant"
"SPT43786","2018","true","1168","null","Ghana","GH","Upper East","Upper East","undetermined","sensitive","undetermined","undetermined","resistant","resistant"
"SPT43787","2018","true","1168","null","Ghana","GH","Upper East","Upper East","sensitive","sensitive","undetermined","sensitive","undetermined","undetermined"
"SPT43788","2018","true","1168","null","Ghana","GH","Upper East","Upper East","sensitive","sensitive","undetermined","undetermined","resistant","resistant"
"SPT43789","2018","true","1168","null","Ghana","GH","Upper East","Upper East","sensitive","sensitive","undetermined","undetermined","resistant","resistant"
"SPT43790","2018","true","1168","null","Ghana","GH","Upper East","Upper East","sensitive","sensitive","undetermined","undetermined","resistant","resistant"
"SPT43791","2018","true","1168","null","Ghana","GH","Upper East","Upper East","undetermined","sensitive","undetermined","undetermined","resistant","resistant"
"SPT43792","2018","true","1168","null","Ghana","GH","Upper East","Upper East","sensitive","sensitive","undetermined","undetermined","resistant","resistant"
"SPT43793","2018","true","1168","null","Ghana","GH","Upper East","Upper East","undetermined","undetermined","undetermined","undetermined","resistant","resistant"
"SPT43794","2018","true","1168","null","Ghana","GH","Upper East","Upper East","sensitive","sensitive","undetermined","undetermined","resistant","resistant"
"SPT43795","2018","true","1168","null","Ghana","GH","Upper East","Upper East","sensitive","sensitive","undetermined","undetermined","resistant","resistant"
"SPT43796","2018","true","1168","null","Ghana","GH","Upper East","Upper East","sensitive","sensitive","undetermined","undetermined","resistant","resistant"
"SPT43797","2018","true","1168","null","Ghana","GH","Upper East","Upper East","sensitive","sensitive","undetermined","undetermined","resistant","resistant"
"SPT43798","2018","true","1168","null","Ghana","GH","Upper East","Upper East","undetermined","sensitive","undetermined","undetermined","sensitive","resistant"
"SPT43800","2018","true","1168","null","Ghana","GH","Upper East","Upper East","sensitive","sensitive","undetermined","undetermined","resistant","resistant"
"SPT43801","2018","true","1168","null","Ghana","GH","Upper East","Upper East","undetermined","sensitive","undetermined","undetermined","resistant","resistant"
"SPT43802","2018","true","1168","null","Ghana","GH","Upper East","Upper East","sensitive","sensitive","undetermined","undetermined","sensitive","resistant"
"SPT43803","2018","true","1168","null","Ghana","GH","Upper East","Upper East","sensitive","sensitive","undetermined","undetermined","resistant","resistant"
"SPT43804","2018","true","1168","null","Ghana","GH","Upper East","Upper East","sensitive","sensitive","undetermined","undetermined","resistant","resistant"
"SPT43805","2018","true","1168","null","Ghana","GH","Upper East","Upper East","sensitive","sensitive","undetermined","undetermined","resistant","resistant"
"SPT43806","2018","true","1168","null","Ghana","GH","Upper East","Upper East","sensitive","sensitive","undetermined","sensitive","resistant","resistant"
"SPT43807","2018","true","1168","null","Ghana","GH","Upper East","Upper East","sensitive","sensitive","undetermined","undetermined","resistant","resistant"
"SPT43808","2018","false","1168","null","Ghana","GH","Upper East","Upper East","null","null","null","null","null","null"
"SPT43809","2018","true","1168","null","Ghana","GH","Upper East","Upper East","sensitive","sensitive","undetermined","undetermined","resistant","resistant"
"SPT43810","2018","false","1168","null","Ghana","GH","Upper East","Upper East","null","null","null","null","null","null"
"SPT43811","2018","true","1168","null","Ghana","GH","Upper East","Upper East","undetermined","sensitive","undetermined","undetermined","resistant","resistant"
"SPT43812","2018","true","1168","null","Ghana","GH","Upper East","Upper East","undetermined","sensitive","undetermined","undetermined","resistant","resistant"
"SPT43813","2018","true","1168","null","Ghana","GH","Upper East","Upper East","sensitive","sensitive","undetermined","undetermined","resistant","resistant"
"SPT43814","2018","true","1168","null","Ghana","GH","Upper East","Upper East","sensitive","sensitive","undetermined","undetermined","resistant","resistant"
"SPT43815","2018","true","1168","null","Ghana","GH","Upper East","Upper East","sensitive","sensitive","undetermined","undetermined","sensitive","resistant"
"SPT43816","2018","true","1168","null","Ghana","GH","Upper East","Upper East","sensitive","sensitive","undetermined","undetermined","resistant","resistant"
"SPT43817","2018","true","1168","null","Ghana","GH","Upper East","Upper East","undetermined","sensitive","undetermined","undetermined","resistant","undetermined"
"SPT43818","2018","true","1168","null","Ghana","GH","Upper East","Upper East","sensitive","sensitive","undetermined","undetermined","resistant","resistant"
"SPT43820","2018","false","1168","null","Ghana","GH","Upper East","Upper East","null","null","null","null","null","null"
"SPT43821","2018","true","1168","null","Ghana","GH","Upper East","Upper East","sensitive","sensitive","undetermined","undetermined","resistant","resistant"
"SPT43822","2018","true","1168","null","Ghana","GH","Upper East","Upper East","sensitive","sensitive","undetermined","undetermined","resistant","resistant"
"SPT43823","2018","true","1168","null","Ghana","GH","Upper East","Upper East","sensitive","sensitive","undetermined","undetermined","resistant","resistant"
"SPT43827","2018","true","1168","null","Ghana","GH","Upper East","Upper East","sensitive","sensitive","undetermined","undetermined","undetermined","resistant"
"SPT43830","2018","true","1168","null","Ghana","GH","Upper East","Upper East","sensitive","sensitive","undetermined","undetermined","resistant","undetermined"
"SPT43831","2018","true","1168","null","Ghana","GH","Upper East","Upper East","sensitive","sensitive","undetermined","undetermined","resistant","sensitive"
"SPT43832","2018","true","1168","null","Ghana","GH","Upper East","Upper East","sensitive","undetermined","undetermined","undetermined","resistant","resistant"
"SPT43834","2018","true","1168","null","Ghana","GH","Upper East","Upper East","sensitive","sensitive","undetermined","undetermined","resistant","resistant"
"SPT43835","2018","true","1168","null","Ghana","GH","Upper East","Upper East","sensitive","sensitive","undetermined","undetermined","resistant","resistant"
"SPT43836","2018","true","1168","null","Ghana","GH","Upper East","Upper East","sensitive","sensitive","undetermined","undetermined","sensitive","sensitive"
"SPT43837","2018","false","1168","null","Ghana","GH","Upper East","Upper East","null","null","null","null","null","null"
"SPT43839","2018","true","1168","null","Ghana","GH","Upper East","Upper East","sensitive","sensitive","undetermined","undetermined","resistant","resistant"
"SPT43840","2018","true","1168","null","Ghana","GH","Upper East","Upper East","sensitive","undetermined","undetermined","undetermined","resistant","resistant"
"SPT43841","2018","true","1168","null","Ghana","GH","Upper East","Upper East","sensitive","sensitive","undetermined","undetermined","resistant","undetermined"
"SPT43842","2018","true","1168","null","Ghana","GH","Upper East","Upper East","sensitive","sensitive","undetermined","undetermined","resistant","resistant"
"SPT43843","2018","true","1168","null","Ghana","GH","Upper East","Upper East","sensitive","sensitive","undetermined","undetermined","resistant","resistant"
"SPT43844","2018","true","1168","null","Ghana","GH","Upper East","Upper East","sensitive","sensitive","undetermined","undetermined","resistant","resistant"
"SPT43845","2018","true","1168","null","Ghana","GH","Upper East","Upper East","sensitive","sensitive","undetermined","sensitive","resistant","resistant"
"SPT43846","2018","true","1168","null","Ghana","GH","Upper East","Upper East","sensitive","sensitive","undetermined","undetermined","resistant","resistant"
"SPT43847","2018","true","1168","null","Ghana","GH","Upper East","Upper East","undetermined","sensitive","undetermined","undetermined","resistant","resistant"
"SPT43848","2018","true","1168","null","Ghana","GH","Upper East","Upper East","undetermined","sensitive","undetermined","undetermined","undetermined","resistant"
"SPT43849","2018","false","1168","null","Ghana","GH","Upper East","Upper East","null","null","null","null","null","null"
"SPT43851","2018","true","1168","null","Ghana","GH","Upper East","Upper East","sensitive","sensitive","undetermined","sensitive","resistant","resistant"
"SPT43852","2018","true","1168","null","Ghana","GH","Upper East","Upper East","sensitive","sensitive","undetermined","undetermined","resistant","resistant"
"SPT43853","2018","true","1168","null","Ghana","GH","Upper East","Upper East","sensitive","sensitive","undetermined","undetermined","resistant","resistant"
"SPT43854","2018","true","1168","null","Ghana","GH","Upper East","Upper East","undetermined","sensitive","undetermined","undetermined","undetermined","resistant"
"SPT43855","2018","true","1168","null","Ghana","GH","Upper East","Upper East","sensitive","sensitive","undetermined","undetermined","resistant","resistant"
"SPT43856","2018","true","1168","null","Ghana","GH","Upper East","Upper East","undetermined","sensitive","undetermined","undetermined","resistant","resistant"
"SPT43857","2018","true","1168","null","Ghana","GH","Upper East","Upper East","sensitive","undetermined","undetermined","undetermined","resistant","resistant"
"SPT43858","2018","true","1168","null","Ghana","GH","Upper East","Upper East","sensitive","sensitive","undetermined","undetermined","resistant","resistant"
"SPT43859","2018","true","1168","null","Ghana","GH","Upper East","Upper East","sensitive","sensitive","undetermined","undetermined","resistant","resistant"
"SPT43860","2018","true","1168","null","Ghana","GH","Upper East","Upper East","sensitive","sensitive","undetermined","sensitive","resistant","resistant"
"SPT43861","2018","false","1168","null","Ghana","GH","Upper East","Upper East","null","null","null","null","null","null"
"SPT43862","2018","true","1168","null","Ghana","GH","Upper East","Upper East","undetermined","sensitive","undetermined","undetermined","resistant","resistant"
"SPT43863","2018","true","1168","null","Ghana","GH","Upper East","Upper East","sensitive","sensitive","undetermined","undetermined","resistant","resistant"
"SPT43864","2018","true","1168","null","Ghana","GH","Upper East","Upper East","sensitive","sensitive","undetermined","undetermined","resistant","resistant"
"SPT43865","2018","true","1168","null","Ghana","GH","Upper East","Upper East","undetermined","sensitive","undetermined","undetermined","resistant","resistant"
"SPT43866","2018","true","1168","null","Ghana","GH","Upper East","Upper East","sensitive","sensitive","undetermined","undetermined","resistant","resistant"
"SPT43867","2018","false","1168","null","Ghana","GH","Upper East","Upper East","null","null","null","null","null","null"
"SPT43868","2018","true","1168","null","Ghana","GH","Upper East","Upper East","sensitive","sensitive","sensitive","sensitive","resistant","undetermined"
"SPT43869","2018","true","1168","null","Ghana","GH","Upper East","Upper East","sensitive","sensitive","undetermined","undetermined","resistant","undetermined"
"SPT43870","2018","true","1168","null","Ghana","GH","Upper East","Upper East","sensitive","sensitive","undetermined","undetermined","resistant","resistant"
"SPT43871","2018","true","1168","null","Ghana","GH","Upper East","Upper East","sensitive","sensitive","sensitive","sensitive","resistant","resistant"
"SPT43872","2018","true","1168","null","Ghana","GH","Upper East","Upper East","undetermined","sensitive","undetermined","undetermined","resistant","resistant"
"SPT43873","2018","true","1168","null","Ghana","GH","Upper East","Upper East","sensitive","sensitive","undetermined","undetermined","resistant","resistant"
"SPT43875","2018","true","1168","null","Ghana","GH","Upper East","Upper East","sensitive","sensitive","undetermined","undetermined","resistant","undetermined"
"SPT43876","2018","true","1168","null","Ghana","GH","Upper East","Upper East","undetermined","sensitive","undetermined","undetermined","resistant","resistant"
"SPT43878","2018","true","1168","null","Ghana","GH","Upper East","Upper East","sensitive","sensitive","undetermined","undetermined","resistant","resistant"
"SPT43879","2018","true","1168","null","Ghana","GH","Upper East","Upper East","undetermined","sensitive","undetermined","undetermined","resistant","resistant"
"SPT43880","2018","true","1168","null","Ghana","GH","Upper East","Upper East","sensitive","sensitive","undetermined","undetermined","resistant","resistant"
"SPT43881","2018","true","1168","null","Ghana","GH","Upper East","Upper East","sensitive","sensitive","undetermined","undetermined","resistant","resistant"
"SPT43882","2018","true","1168","null","Ghana","GH","Upper East","Upper East","sensitive","sensitive","undetermined","undetermined","resistant","resistant"
"SPT43884","2018","true","1168","null","Ghana","GH","Upper East","Upper East","sensitive","sensitive","undetermined","undetermined","resistant","resistant"
"SPT43885","2018","true","1168","null","Ghana","GH","Upper East","Upper East","sensitive","sensitive","undetermined","undetermined","resistant","resistant"
"SPT43886","2018","true","1168","null","Ghana","GH","Upper East","Upper East","sensitive","sensitive","undetermined","undetermined","resistant","resistant"
"SPT43887","2018","true","1168","null","Ghana","GH","Upper East","Upper East","sensitive","sensitive","undetermined","undetermined","resistant","resistant"
"SPT43888","2018","false","1168","null","Ghana","GH","Upper East","Upper East","null","null","null","null","null","null"
"SPT43890","2018","true","1168","null","Ghana","GH","Upper East","Upper East","sensitive","sensitive","undetermined","undetermined","resistant","resistant"
"SPT43892","2018","true","1168","null","Ghana","GH","Upper East","Upper East","undetermined","sensitive","undetermined","undetermined","undetermined","undetermined"
"SPT43893","2018","true","1168","null","Ghana","GH","Upper East","Upper East","sensitive","sensitive","undetermined","undetermined","resistant","resistant"
"SPT43895","2018","true","1168","null","Ghana","GH","Upper East","Upper East","sensitive","sensitive","undetermined","undetermined","resistant","resistant"
"SPT43896","2018","true","1168","null","Ghana","GH","Upper East","Upper East","sensitive","sensitive","undetermined","undetermined","resistant","resistant"
"SPT43898","2018","true","1168","null","Ghana","GH","Upper East","Upper East","sensitive","sensitive","undetermined","undetermined","resistant","resistant"
"SPT43899","2018","true","1168","null","Ghana","GH","Upper East","Upper East","sensitive","sensitive","undetermined","undetermined","undetermined","resistant"
"SPT43900","2018","true","1168","null","Ghana","GH","Upper East","Upper East","sensitive","sensitive","undetermined","sensitive","resistant","undetermined"
"SPT43902","2018","true","1168","null","Ghana","GH","Upper East","Upper East","sensitive","sensitive","undetermined","undetermined","resistant","resistant"
"SPT43903","2018","true","1168","null","Ghana","GH","Upper East","Upper East","undetermined","sensitive","undetermined","undetermined","resistant","resistant"
"SPT43904","2018","true","1168","null","Ghana","GH","Upper East","Upper East","sensitive","sensitive","undetermined","undetermined","resistant","resistant"
"SPT43905","2018","true","1168","null","Ghana","GH","Upper East","Upper East","sensitive","sensitive","undetermined","undetermined","resistant","resistant"
"SPT43906","2018","true","1168","null","Ghana","GH","Upper East","Upper East","sensitive","sensitive","undetermined","undetermined","resistant","resistant"
"SPT43907","2018","true","1168","null","Ghana","GH","Upper East","Upper East","sensitive","undetermined","undetermined","undetermined","resistant","resistant"
"SPT43908","2018","true","1168","null","Ghana","GH","Upper East","Upper East","sensitive","sensitive","undetermined","undetermined","resistant","resistant"
"SPT43909","2018","true","1168","null","Ghana","GH","Upper East","Upper East","sensitive","sensitive","undetermined","undetermined","resistant","sensitive"
"SPT43910","2018","false","1168","null","Ghana","GH","Upper East","Upper East","null","null","null","null","null","null"
"SPT43911","2018","true","1168","null","Ghana","GH","Upper East","Upper East","sensitive","sensitive","undetermined","sensitive","sensitive","resistant"
"SPT43912","2018","true","1168","null","Ghana","GH","Upper East","Upper East","sensitive","sensitive","undetermined","undetermined","resistant","resistant"
"SPT43913","2018","true","1168","null","Ghana","GH","Upper East","Upper East","sensitive","sensitive","sensitive","sensitive","resistant","resistant"
"SPT43914","2018","true","1168","null","Ghana","GH","Upper East","Upper East","sensitive","sensitive","undetermined","undetermined","resistant","resistant"
"SPT43915","2018","true","1168","null","Ghana","GH","Upper East","Upper East","sensitive","sensitive","undetermined","undetermined","resistant","sensitive"
"SPT43917","2018","true","1168","null","Ghana","GH","Upper East","Upper East","undetermined","sensitive","undetermined","undetermined","resistant","resistant"
"SPT43918","2018","true","1168","null","Ghana","GH","Upper East","Upper East","sensitive","sensitive","sensitive","sensitive","resistant","resistant"
"SPT43919","2018","true","1168","null","Ghana","GH","Upper East","Upper East","sensitive","sensitive","sensitive","sensitive","resistant","resistant"
"SPT43920","2018","true","1168","null","Ghana","GH","Upper East","Upper East","sensitive","sensitive","undetermined","undetermined","resistant","resistant"
"SPT43921","2018","true","1168","null","Ghana","GH","Upper East","Upper East","sensitive","sensitive","sensitive","sensitive","resistant","resistant"
"SPT43922","2018","true","1168","null","Ghana","GH","Upper East","Upper East","sensitive","sensitive","undetermined","undetermined","resistant","sensitive"
"SPT43923","2018","true","1168","null","Ghana","GH","Upper East","Upper East","sensitive","sensitive","sensitive","sensitive","resistant","resistant"
"SPT43924","2018","true","1168","null","Ghana","GH","Upper East","Upper East","sensitive","sensitive","undetermined","undetermined","resistant","resistant"
"SPT43925","2018","true","1168","null","Ghana","GH","Upper East","Upper East","undetermined","resistant","undetermined","undetermined","resistant","undetermined"
"SPT43926","2018","true","1168","null","Ghana","GH","Upper East","Upper East","sensitive","sensitive","undetermined","undetermined","resistant","resistant"
"SPT43927","2018","false","1168","null","Ghana","GH","Upper East","Upper East","null","null","null","null","null","null"
"SPT43928","2018","true","1168","null","Ghana","GH","Upper East","Upper East","sensitive","sensitive","undetermined","undetermined","resistant","resistant"
"SPT43929","2018","true","1168","null","Ghana","GH","Upper East","Upper East","sensitive","sensitive","sensitive","sensitive","undetermined","resistant"
"SPT43930","2018","true","1168","null","Ghana","GH","Upper East","Upper East","sensitive","sensitive","sensitive","sensitive","undetermined","resistant"
"SPT43931","2018","true","1168","null","Ghana","GH","Upper East","Upper East","sensitive","sensitive","sensitive","sensitive","resistant","resistant"
"SPT43932","2018","true","1168","null","Ghana","GH","Upper East","Upper East","undetermined","sensitive","undetermined","undetermined","resistant","resistant"
"SPT43933","2018","true","1168","null","Ghana","GH","Upper East","Upper East","sensitive","sensitive","undetermined","sensitive","resistant","undetermined"
"SPT43934","2018","true","1168","null","Ghana","GH","Upper East","Upper East","sensitive","sensitive","sensitive","sensitive","resistant","resistant"
"SPT43935","2018","true","1168","null","Ghana","GH","Upper East","Upper East","sensitive","sensitive","undetermined","undetermined","sensitive","undetermined"
"SPT43937","2018","true","1168","null","Ghana","GH","Upper East","Upper East","undetermined","sensitive","undetermined","undetermined","resistant","resistant"
"SPT43938","2018","true","1168","null","Ghana","GH","Upper East","Upper East","sensitive","sensitive","undetermined","undetermined","resistant","resistant"
"SPT43939","2018","true","1168","null","Ghana","GH","Upper East","Upper East","sensitive","sensitive","undetermined","undetermined","resistant","resistant"
"SPT43940","2018","true","1168","null","Ghana","GH","Upper East","Upper East","sensitive","sensitive","undetermined","sensitive","resistant","resistant"
"SPT43941","2018","true","1168","null","Ghana","GH","Upper East","Upper East","sensitive","sensitive","undetermined","sensitive","resistant","resistant"
"SPT43942","2018","false","1168","null","Ghana","GH","Upper East","Upper East","null","null","null","null","null","null"
"SPT43944","2018","true","1168","null","Ghana","GH","Upper East","Upper East","sensitive","sensitive","undetermined","undetermined","resistant","resistant"
"SPT43946","2018","true","1168","null","Ghana","GH","Upper East","Upper East","sensitive","sensitive","undetermined","sensitive","resistant","resistant"
"SPT43948","2018","true","1168","null","Ghana","GH","Upper East","Upper East","sensitive","sensitive","undetermined","undetermined","resistant","sensitive"
"SPT43949","2018","true","1168","null","Ghana","GH","Upper East","Upper East","sensitive","sensitive","sensitive","undetermined","resistant","resistant"
"SPT43950","2018","true","1168","null","Ghana","GH","Upper East","Upper East","sensitive","sensitive","undetermined","undetermined","sensitive","resistant"
"SPT43951","2018","true","1168","null","Ghana","GH","Upper East","Upper East","sensitive","sensitive","undetermined","undetermined","resistant","resistant"
"SPT43952","2018","true","1168","null","Ghana","GH","Upper East","Upper East","sensitive","sensitive","undetermined","sensitive","resistant","resistant"
"SPT43953","2018","true","1168","null","Ghana","GH","Upper East","Upper East","sensitive","sensitive","undetermined","undetermined","resistant","resistant"
"SPT43954","2018","true","1168","null","Ghana","GH","Upper East","Upper East","sensitive","sensitive","sensitive","undetermined","resistant","resistant"
"SPT43955","2018","true","1168","null","Ghana","GH","Upper East","Upper East","sensitive","sensitive","undetermined","sensitive","resistant","resistant"
"SPT43956","2018","true","1168","null","Ghana","GH","Upper East","Upper East","sensitive","sensitive","undetermined","undetermined","resistant","resistant"
"SPT43957","2018","true","1168","null","Ghana","GH","Upper East","Upper East","undetermined","sensitive","undetermined","undetermined","sensitive","resistant"
"SPT43958","2018","true","1168","null","Ghana","GH","Upper East","Upper East","sensitive","sensitive","undetermined","undetermined","resistant","resistant"
"SPT43959","2018","false","1168","null","Ghana","GH","Upper East","Upper East","null","null","null","null","null","null"
"SPT43960","2018","false","1168","null","Ghana","GH","Upper East","Upper East","null","null","null","null","null","null"
"SPT43962","2018","true","1168","null","Ghana","GH","Upper East","Upper East","undetermined","sensitive","undetermined","undetermined","undetermined","sensitive"
"SPT43963","2018","true","1168","null","Ghana","GH","Upper East","Upper East","sensitive","sensitive","undetermined","undetermined","resistant","resistant"
"SPT43964","2018","true","1168","null","Ghana","GH","Upper East","Upper East","sensitive","sensitive","sensitive","sensitive","resistant","resistant"
"SPT43966","2018","false","1168","null","Ghana","GH","Upper East","Upper East","null","null","null","null","null","null"
"SPT43967","2018","true","1168","null","Ghana","GH","Upper East","Upper East","sensitive","sensitive","undetermined","undetermined","resistant","resistant"
"SPT43969","2018","true","1168","null","Ghana","GH","Upper East","Upper East","sensitive","sensitive","sensitive","sensitive","resistant","sensitive"
"SPT43970","2018","true","1168","null","Ghana","GH","Upper East","Upper East","sensitive","sensitive","sensitive","sensitive","resistant","undetermined"
"SPT43971","2018","true","1168","null","Ghana","GH","Upper East","Upper East","sensitive","sensitive","undetermined","undetermined","resistant","undetermined"
"SPT43972","2018","true","1168","null","Ghana","GH","Upper East","Upper East","sensitive","sensitive","undetermined","undetermined","resistant","resistant"
"SPT43973","2018","true","1168","null","Ghana","GH","Upper East","Upper East","sensitive","sensitive","undetermined","undetermined","resistant","resistant"
"SPT43974","2018","true","1168","null","Ghana","GH","Upper East","Upper East","undetermined","sensitive","undetermined","undetermined","resistant","undetermined"
"SPT43975","2018","true","1168","null","Ghana","GH","Upper East","Upper East","sensitive","sensitive","sensitive","sensitive","resistant","resistant"
"SPT43976","2018","false","1168","null","Ghana","GH","Upper East","Upper East","null","null","null","null","null","null"
"SPT43977","2018","true","1168","null","Ghana","GH","Upper East","Upper East","sensitive","sensitive","undetermined","sensitive","resistant","resistant"
"SPT43978","2018","true","1168","null","Ghana","GH","Upper East","Upper East","sensitive","sensitive","undetermined","sensitive","resistant","resistant"
"SPT43980","2018","true","1168","null","Ghana","GH","Upper East","Upper East","sensitive","sensitive","undetermined","undetermined","resistant","resistant"
"SPT43981","2018","true","1168","null","Ghana","GH","Upper East","Upper East","sensitive","sensitive","undetermined","undetermined","resistant","resistant"
"SPT43982","2018","true","1168","null","Ghana","GH","Upper East","Upper East","sensitive","sensitive","sensitive","sensitive","sensitive","resistant"
"SPT43983","2018","true","1168","null","Ghana","GH","Upper East","Upper East","sensitive","sensitive","sensitive","undetermined","resistant","resistant"
"SPT43984","2018","true","1168","null","Ghana","GH","Upper East","Upper East","sensitive","sensitive","undetermined","undetermined","undetermined","resistant"
"SPT43985","2018","true","1168","null","Ghana","GH","Upper East","Upper East","sensitive","sensitive","undetermined","sensitive","resistant","resistant"
"SPT43986","2018","true","1168","null","Ghana","GH","Upper East","Upper East","sensitive","sensitive","sensitive","sensitive","resistant","sensitive"
"SPT43988","2018","true","1168","null","Ghana","GH","Upper East","Upper East","sensitive","sensitive","undetermined","sensitive","resistant","resistant"
"SPT43992","2018","true","1168","null","Ghana","GH","Upper East","Upper East","sensitive","sensitive","undetermined","undetermined","resistant","sensitive"
"SPT43994","2018","true","1168","null","Ghana","GH","Upper East","Upper East","sensitive","sensitive","sensitive","sensitive","resistant","resistant"
"SPT43995","2018","true","1168","null","Ghana","GH","Upper East","Upper East","sensitive","sensitive","undetermined","undetermined","resistant","resistant"
"SPT43996","2018","true","1168","null","Ghana","GH","Upper East","Upper East","sensitive","sensitive","undetermined","sensitive","resistant","resistant"
"SPT43997","2018","true","1168","null","Ghana","GH","Upper East","Upper East","sensitive","sensitive","undetermined","sensitive","sensitive","sensitive"
"SPT43998","2018","false","1168","null","Ghana","GH","Upper East","Upper East","null","null","null","null","null","null"
"SPT43999","2018","true","1168","null","Ghana","GH","Upper East","Upper East","sensitive","sensitive","undetermined","undetermined","resistant","resistant"
"SPT44000","2018","false","1168","null","Ghana","GH","Upper East","Upper East","null","null","null","null","null","null"
"SPT44001","2018","false","1168","null","Ghana","GH","Upper East","Upper East","null","null","null","null","null","null"
"SPT44002","2018","true","1168","null","Ghana","GH","Upper East","Upper East","undetermined","sensitive","undetermined","undetermined","undetermined","sensitive"
"SPT44003","2018","true","1168","null","Ghana","GH","Upper East","Upper East","sensitive","sensitive","undetermined","undetermined","resistant","sensitive"
"SPT44004","2018","false","1168","null","Ghana","GH","Upper East","Upper East","null","null","null","null","null","null"
"SPT44005","2018","true","1168","null","Ghana","GH","Upper East","Upper East","undetermined","sensitive","undetermined","undetermined","resistant","resistant"
"SPT44009","2018","true","1168","null","Ghana","GH","Upper East","Upper East","sensitive","sensitive","undetermined","undetermined","resistant","resistant"
"SPT44010","2018","true","1168","null","Ghana","GH","Upper East","Upper East","sensitive","sensitive","sensitive","sensitive","resistant","resistant"
"SPT44011","2018","true","1168","null","Ghana","GH","Upper East","Upper East","sensitive","sensitive","undetermined","undetermined","resistant","resistant"
"SPT44013","2018","false","1168","null","Ghana","GH","Upper East","Upper East","null","null","null","null","null","null"
"SPT44016","2018","true","1168","null","Ghana","GH","Upper East","Upper East","sensitive","sensitive","undetermined","undetermined","resistant","resistant"
"SPT44017","2018","true","1168","null","Ghana","GH","Upper East","Upper East","sensitive","sensitive","undetermined","sensitive","resistant","resistant"
"SPT44018","2018","true","1168","null","Ghana","GH","Upper East","Upper East","sensitive","sensitive","undetermined","undetermined","resistant","resistant"
"SPT44022","2018","true","1168","null","Ghana","GH","Upper East","Upper East","sensitive","sensitive","undetermined","sensitive","resistant","resistant"
"SPT44024","2018","true","1168","null","Ghana","GH","Upper East","Upper East","undetermined","sensitive","undetermined","undetermined","resistant","resistant"
"SPT44025","2018","true","1168","null","Ghana","GH","Upper East","Upper East","sensitive","sensitive","undetermined","undetermined","resistant","resistant"
"SPT44029","2018","false","1168","null","Ghana","GH","Upper East","Upper East","null","null","null","null","null","null"
"SPT44032","2018","false","1168","null","Ghana","GH","Upper East","Upper East","null","null","null","null","null","null"
"SPT44036","2018","true","1168","null","Ghana","GH","Upper East","Upper East","sensitive","sensitive","sensitive","undetermined","resistant","resistant"
"SPT44038","2018","true","1168","null","Ghana","GH","Upper East","Upper East","sensitive","sensitive","undetermined","undetermined","resistant","resistant"
"SPT44042","2018","true","1168","null","Ghana","GH","Upper East","Upper East","sensitive","sensitive","undetermined","undetermined","resistant","sensitive"
"SPT44043","2018","false","1168","null","Ghana","GH","Upper East","Upper East","null","null","null","null","null","null"
"SPT44045","2018","true","1168","null","Ghana","GH","Upper East","Upper East","sensitive","sensitive","undetermined","sensitive","resistant","resistant"
"SPT44046","2018","true","1168","null","Ghana","GH","Upper East","Upper East","sensitive","sensitive","undetermined","undetermined","resistant","resistant"
"SPT44048","2018","false","1168","null","Ghana","GH","Upper East","Upper East","null","null","null","null","null","null"
"SPT44050","2018","true","1168","null","Ghana","GH","Upper East","Upper East","sensitive","sensitive","undetermined","undetermined","resistant","undetermined"
"SPT44054","2018","true","1168","null","Ghana","GH","Upper East","Upper East","sensitive","sensitive","undetermined","sensitive","resistant","resistant"
"SPT44055","2018","false","1168","null","Ghana","GH","Upper East","Upper East","null","null","null","null","null","null"
"SPT44056","2018","false","1168","null","Ghana","GH","Upper East","Upper East","null","null","null","null","null","null"
"SPT44057","2018","true","1168","null","Ghana","GH","Upper East","Upper East","sensitive","sensitive","undetermined","undetermined","resistant","resistant"
"SPT44058","2018","false","1168","null","Ghana","GH","Upper East","Upper East","null","null","null","null","null","null"
"SPT44061","2018","false","1168","null","Ghana","GH","Upper East","Upper East","null","null","null","null","null","null"
"SPT44064","2018","true","1168","null","Ghana","GH","Upper East","Upper East","sensitive","sensitive","undetermined","undetermined","undetermined","resistant"
"SPT44065","2018","true","1168","null","Ghana","GH","Upper East","Upper East","sensitive","sensitive","undetermined","sensitive","resistant","resistant"
"SPT44066","2018","false","1168","null","Ghana","GH","Upper East","Upper East","null","null","null","null","null","null"
"SPT44068","2018","true","1168","null","Ghana","GH","Upper East","Upper East","sensitive","sensitive","undetermined","sensitive","resistant","resistant"
"SPT44070","2018","true","1168","null","Ghana","GH","Upper East","Upper East","sensitive","sensitive","undetermined","undetermined","resistant","resistant"
"SPT44071","2018","true","1168","null","Ghana","GH","Upper East","Upper East","undetermined","sensitive","undetermined","undetermined","sensitive","sensitive"
"SPT44072","2018","true","1168","null","Ghana","GH","Upper East","Upper East","sensitive","sensitive","undetermined","sensitive","resistant","resistant"
"SPT44073","2018","true","1168","null","Ghana","GH","Upper East","Upper East","undetermined","sensitive","undetermined","undetermined","undetermined","resistant"
"SPT44074","2018","false","1168","null","Ghana","GH","Upper East","Upper East","null","null","null","null","null","null"
"SPT44075","2018","true","1168","null","Ghana","GH","Upper East","Upper East","sensitive","sensitive","undetermined","undetermined","resistant","resistant"
"SPT44076","2018","true","1168","null","Ghana","GH","Upper East","Upper East","sensitive","sensitive","undetermined","undetermined","sensitive","resistant"
"SPT44077","2018","true","1168","null","Ghana","GH","Upper East","Upper East","sensitive","sensitive","undetermined","sensitive","resistant","resistant"
"SPT44080","2018","false","1168","null","Ghana","GH","Upper East","Upper East","null","null","null","null","null","null"
"SPT44081","2018","false","1168","null","Ghana","GH","Upper East","Upper East","null","null","null","null","null","null"
"SPT44082","2018","true","1168","null","Ghana","GH","Upper East","Upper East","sensitive","sensitive","undetermined","undetermined","resistant","sensitive"
"SPT44083","2018","true","1168","null","Ghana","GH","Upper East","Upper East","sensitive","sensitive","undetermined","undetermined","resistant","resistant"
"SPT44085","2018","true","1168","null","Ghana","GH","Upper East","Upper East","undetermined","sensitive","undetermined","undetermined","resistant","resistant"
"SPT44086","2018","true","1168","null","Ghana","GH","Upper East","Upper East","sensitive","sensitive","undetermined","undetermined","resistant","resistant"
"SPT44087","2018","false","1168","null","Ghana","GH","Upper East","Upper East","null","null","null","null","null","null"
"SPT44088","2018","false","1168","null","Ghana","GH","Upper East","Upper East","null","null","null","null","null","null"
"SPT44094","2018","false","1168","null","Ghana","GH","Upper East","Upper East","null","null","null","null","null","null"
"SPT44095","2018","false","1168","null","Ghana","GH","Upper East","Upper East","null","null","null","null","null","null"
"SPT44097","2018","false","1168","null","Ghana","GH","Upper East","Upper East","null","null","null","null","null","null"
"SPT44098","2018","false","1168","null","Ghana","GH","Upper East","Upper East","null","null","null","null","null","null"
"SPT44099","2018","true","1168","null","Ghana","GH","Upper East","Upper East","sensitive","sensitive","undetermined","undetermined","resistant","resistant"
"SPT44106","2018","false","1168","null","Ghana","GH","Upper East","Upper East","null","null","null","null","null","null"
"SPT44107","2018","true","1168","null","Ghana","GH","Upper East","Upper East","undetermined","sensitive","undetermined","undetermined","resistant","resistant"
"SPT44108","2018","false","1168","null","Ghana","GH","Upper East","Upper East","null","null","null","null","null","null"
"SPT44109","2018","false","1168","null","Ghana","GH","Upper East","Upper East","null","null","null","null","null","null"
"SPT44111","2018","true","1168","null","Ghana","GH","Upper East","Upper East","sensitive","sensitive","undetermined","sensitive","resistant","resistant"
"SPT44113","2018","false","1168","null","Ghana","GH","Upper East","Upper East","null","null","null","null","null","null"
"SPT44114","2018","false","1168","null","Ghana","GH","Upper East","Upper East","null","null","null","null","null","null"
"SPT44115","2018","false","1168","null","Ghana","GH","Upper East","Upper East","null","null","null","null","null","null"
"SPT44116","2018","true","1168","null","Ghana","GH","Upper East","Upper East","sensitive","sensitive","undetermined","undetermined","resistant","resistant"
"SPT44117","2018","false","1168","null","Ghana","GH","Upper East","Upper East","null","null","null","null","null","null"
"SPT44118","2018","true","1168","null","Ghana","GH","Upper East","Upper East","undetermined","sensitive","undetermined","undetermined","resistant","resistant"
"SPT44120","2018","false","1168","null","Ghana","GH","Upper East","Upper East","null","null","null","null","null","null"
"SPT44121","2018","true","1168","null","Ghana","GH","Upper East","Upper East","undetermined","sensitive","undetermined","sensitive","resistant","resistant"
"SPT44122","2018","false","1168","null","Ghana","GH","Upper East","Upper East","null","null","null","null","null","null"
"SPT44123","2018","false","1168","null","Ghana","GH","Upper East","Upper East","null","null","null","null","null","null"
"SPT44124","2018","false","1168","null","Ghana","GH","Upper East","Upper East","null","null","null","null","null","null"
"SPT44125","2018","true","1168","null","Ghana","GH","Upper East","Upper East","undetermined","sensitive","undetermined","undetermined","undetermined","resistant"
"SPT44127","2018","false","1168","null","Ghana","GH","Upper East","Upper East","null","null","null","null","null","null"
"SPT44128","2018","true","1168","null","Ghana","GH","Upper East","Upper East","sensitive","undetermined","undetermined","undetermined","resistant","resistant"
"SPT44129","2018","true","1168","null","Ghana","GH","Upper East","Upper East","sensitive","sensitive","undetermined","undetermined","resistant","resistant"
"SPT44133","2018","false","1168","null","Ghana","GH","Upper East","Upper East","null","null","null","null","null","null"
"SPT44134","2018","false","1168","null","Ghana","GH","Upper East","Upper East","null","null","null","null","null","null"
"SPT44135","2018","false","1168","null","Ghana","GH","Upper East","Upper East","null","null","null","null","null","null"
"SPT44138","2018","false","1168","null","Ghana","GH","Upper East","Upper East","null","null","null","null","null","null"
"SPT44140","2018","false","1168","null","Ghana","GH","Upper East","Upper East","null","null","null","null","null","null"
"SPT44142","2018","true","1168","null","Ghana","GH","Upper East","Upper East","sensitive","sensitive","undetermined","undetermined","resistant","resistant"
"SPT44143","2018","true","1168","null","Ghana","GH","Upper East","Upper East","undetermined","sensitive","undetermined","undetermined","resistant","resistant"
"SPT44144","2018","true","1168","null","Ghana","GH","Upper East","Upper East","undetermined","sensitive","undetermined","undetermined","resistant","resistant"
"SPT44146","2018","false","1168","null","Ghana","GH","Upper East","Upper East","null","null","null","null","null","null"
"SPT44147","2018","false","1168","null","Ghana","GH","Upper East","Upper East","null","null","null","null","null","null"
"SPT44148","2018","false","1168","null","Ghana","GH","Upper East","Upper East","null","null","null","null","null","null"
"SPT44149","2018","false","1168","null","Ghana","GH","Upper East","Upper East","null","null","null","null","null","null"
"SPT44150","2018","false","1168","null","Ghana","GH","Upper East","Upper East","null","null","null","null","null","null"
"SPT44151","2018","false","1168","null","Ghana","GH","Upper East","Upper East","null","null","null","null","null","null"
"SPT44152","2018","false","1168","null","Ghana","GH","Upper East","Upper East","null","null","null","null","null","null"
"SPT44156","2018","false","1168","null","Ghana","GH","Upper East","Upper East","null","null","null","null","null","null"
"SPT44157","2018","true","1168","null","Ghana","GH","Upper East","Upper East","sensitive","sensitive","undetermined","undetermined","resistant","resistant"
"SPT44158","2018","true","1168","null","Ghana","GH","Upper East","Upper East","sensitive","sensitive","undetermined","undetermined","resistant","resistant"
"SPT44159","2018","false","1168","null","Ghana","GH","Upper East","Upper East","null","null","null","null","null","null"
"SPT44160","2018","true","1168","null","Ghana","GH","Upper East","Upper East","sensitive","sensitive","undetermined","undetermined","resistant","resistant"
"SPT44161","2018","false","1168","null","Ghana","GH","Upper East","Upper East","null","null","null","null","null","null"
"SPT44162","2018","false","1168","null","Ghana","GH","Upper East","Upper East","null","null","null","null","null","null"
"SPT44163","2018","false","1168","null","Ghana","GH","Upper East","Upper East","null","null","null","null","null","null"
"SPT44165","2018","false","1168","null","Ghana","GH","Upper East","Upper East","null","null","null","null","null","null"
"SPT44167","2018","true","1168","null","Ghana","GH","Upper East","Upper East","sensitive","sensitive","undetermined","sensitive","resistant","resistant"
"SPT44170","2018","true","1168","null","Ghana","GH","Upper East","Upper East","sensitive","sensitive","undetermined","undetermined","resistant","resistant"
"SPT44171","2018","false","1168","null","Ghana","GH","Upper East","Upper East","null","null","null","null","null","null"
"SPT44172","2018","false","1168","null","Ghana","GH","Upper East","Upper East","null","null","null","null","null","null"
"SPT44173","2018","false","1168","null","Ghana","GH","Upper East","Upper East","null","null","null","null","null","null"
"SPT44174","2018","false","1168","null","Ghana","GH","Upper East","Upper East","null","null","null","null","null","null"
"SPT44177","2018","false","1168","null","Ghana","GH","Upper East","Upper East","null","null","null","null","null","null"
"SPT44179","2018","false","1168","null","Ghana","GH","Upper East","Upper East","null","null","null","null","null","null"
"SPT44180","2018","false","1168","null","Ghana","GH","Upper East","Upper East","null","null","null","null","null","null"
"SPT44184","2018","false","1168","null","Ghana","GH","Upper East","Upper East","null","null","null","null","null","null"
"SPT44186","2018","false","1168","null","Ghana","GH","Upper East","Upper East","null","null","null","null","null","null"
"SPT44187","2018","false","1168","null","Ghana","GH","Upper East","Upper East","null","null","null","null","null","null"
"SPT44190","2018","false","1168","null","Ghana","GH","Upper East","Upper East","null","null","null","null","null","null"
"SPT44191","2018","false","1168","null","Ghana","GH","Upper East","Upper East","null","null","null","null","null","null"
"SPT44192","2018","false","1168","null","Ghana","GH","Upper East","Upper East","null","null","null","null","null","null"
"SPT44197","2018","true","1168","null","Ghana","GH","Upper East","Upper East","undetermined","sensitive","undetermined","undetermined","resistant","resistant"
"SPT44198","2018","true","1168","null","Ghana","GH","Upper East","Upper East","undetermined","sensitive","undetermined","undetermined","resistant","resistant"
"SPT44203","2018","false","1168","null","Ghana","GH","Upper East","Upper East","null","null","null","null","null","null"
"SPT44209","2018","true","1168","null","Ghana","GH","Upper East","Upper East","undetermined","sensitive","undetermined","undetermined","resistant","resistant"
"SPT44211","2018","true","1168","null","Ghana","GH","Upper East","Upper East","undetermined","sensitive","undetermined","undetermined","resistant","resistant"
"SPT44212","2018","false","1168","null","Ghana","GH","Upper East","Upper East","null","null","null","null","null","null"
"SPT44218","2018","false","1168","null","Ghana","GH","Upper East","Upper East","null","null","null","null","null","null"
"SPT44227","2018","false","1168","null","Ghana","GH","Upper East","Upper East","null","null","null","null","null","null"
"SPT44228","2018","true","1168","null","Ghana","GH","Upper East","Upper East","undetermined","sensitive","undetermined","undetermined","resistant","resistant"
"SPT44232","2018","false","1168","null","Ghana","GH","Upper East","Upper East","null","null","null","null","null","null"
"SPT44233","2018","false","1168","null","Ghana","GH","Upper East","Upper East","null","null","null","null","null","null"
"SPT44238","2018","false","1168","null","Ghana","GH","Upper East","Upper East","null","null","null","null","null","null"
"SPT44241","2018","false","1168","null","Ghana","GH","Upper East","Upper East","null","null","null","null","null","null"
"SPT44243","2018","false","1168","null","Ghana","GH","Upper East","Upper East","null","null","null","null","null","null"
"SPT44246","2018","false","1168","null","Ghana","GH","Upper East","Upper East","null","null","null","null","null","null"
"SPT44249","2018","false","1168","null","Ghana","GH","Upper East","Upper East","null","null","null","null","null","null"
"SPT44251","2018","false","1168","null","Ghana","GH","Upper East","Upper East","null","null","null","null","null","null"
"SPT44252","2018","false","1168","null","Ghana","GH","Upper East","Upper East","null","null","null","null","null","null"
"SPT44253","2018","true","1168","null","Ghana","GH","Upper East","Upper East","undetermined","sensitive","undetermined","undetermined","resistant","resistant"
"SPT44254","2018","false","1168","null","Ghana","GH","Upper East","Upper East","null","null","null","null","null","null"
"SPT44255","2018","true","1168","null","Ghana","GH","Upper East","Upper East","undetermined","sensitive","undetermined","undetermined","resistant","resistant"
"SPT44258","2018","false","1168","null","Ghana","GH","Upper East","Upper East","null","null","null","null","null","null"
"SPT44263","2018","false","1168","null","Ghana","GH","Upper East","Upper East","null","null","null","null","null","null"
"SPT44269","2018","false","1168","null","Ghana","GH","Upper East","Upper East","null","null","null","null","null","null"
"SPT44270","2018","false","1168","null","Ghana","GH","Upper East","Upper East","null","null","null","null","null","null"
"SPT44271","2018","true","1168","null","Ghana","GH","Upper East","Upper East","sensitive","sensitive","undetermined","undetermined","resistant","resistant"
"SPT44274","2018","true","1168","null","Ghana","GH","Upper East","Upper East","sensitive","sensitive","undetermined","undetermined","resistant","resistant"
"SPT44275","2018","true","1168","null","Ghana","GH","Upper East","Upper East","undetermined","sensitive","undetermined","undetermined","undetermined","resistant"
"SPT44278","2018","false","1168","null","Ghana","GH","Upper East","Upper East","null","null","null","null","null","null"
"SPT44279","2018","true","1168","null","Ghana","GH","Upper East","Upper East","sensitive","sensitive","undetermined","undetermined","resistant","resistant"
"SPT44293","2018","true","1168","null","Ghana","GH","Upper East","Upper East","sensitive","sensitive","undetermined","undetermined","resistant","resistant"
"SPT44295","2018","true","1168","null","Ghana","GH","Upper East","Upper East","sensitive","sensitive","undetermined","undetermined","resistant","resistant"
"SPT44296","2018","true","1168","null","Ghana","GH","Upper East","Upper East","sensitive","sensitive","undetermined","sensitive","resistant","undetermined"
"SPT44297","2018","false","1168","null","Ghana","GH","Upper East","Upper East","null","null","null","null","null","null"
"SPT44298","2018","true","1168","null","Ghana","GH","Upper East","Upper East","sensitive","sensitive","undetermined","undetermined","resistant","resistant"
"SPT44299","2018","true","1168","null","Ghana","GH","Upper East","Upper East","sensitive","sensitive","undetermined","undetermined","resistant","resistant"
"SPT44301","2018","true","1168","null","Ghana","GH","Upper East","Upper East","sensitive","sensitive","undetermined","undetermined","resistant","resistant"
"SPT44302","2018","false","1168","null","Ghana","GH","Upper East","Upper East","null","null","null","null","null","null"
"SPT44304","2018","true","1168","null","Ghana","GH","Upper East","Upper East","undetermined","sensitive","undetermined","undetermined","resistant","resistant"
"SPT44305","2018","true","1168","null","Ghana","GH","Upper East","Upper East","sensitive","sensitive","undetermined","sensitive","resistant","resistant"
"SPT44307","2018","true","1168","null","Ghana","GH","Upper East","Upper East","sensitive","sensitive","undetermined","undetermined","resistant","resistant"
"SPT44308","2018","true","1168","null","Ghana","GH","Upper East","Upper East","sensitive","sensitive","undetermined","undetermined","resistant","resistant"
"SPT44309","2018","false","1168","null","Ghana","GH","Upper East","Upper East","null","null","null","null","null","null"
"SPT44312","2018","true","1168","null","Ghana","GH","Upper East","Upper East","sensitive","sensitive","undetermined","undetermined","resistant","resistant"
"SPT44316","2018","false","1168","null","Ghana","GH","Upper East","Upper East","null","null","null","null","null","null"
"SPT44318","2018","true","1168","null","Ghana","GH","Upper East","Upper East","undetermined","sensitive","undetermined","undetermined","resistant","resistant"
"SPT44320","2018","false","1168","null","Ghana","GH","Upper East","Upper East","null","null","null","null","null","null"
"SPT44322","2018","false","1168","null","Ghana","GH","Upper East","Upper East","null","null","null","null","null","null"
"SPT44323","2018","false","1168","null","Ghana","GH","Upper East","Upper East","null","null","null","null","null","null"
"SPT44325","2018","false","1168","null","Ghana","GH","Upper East","Upper East","null","null","null","null","null","null"
"SPT44328","2018","true","1168","null","Ghana","GH","Upper East","Upper East","sensitive","sensitive","undetermined","undetermined","resistant","resistant"
"SPT44334","2018","false","1168","null","Ghana","GH","Upper East","Upper East","null","null","null","null","null","null"
"SPT44335","2018","true","1168","null","Ghana","GH","Upper East","Upper East","undetermined","sensitive","undetermined","undetermined","resistant","resistant"
"SPT44336","2018","true","1168","null","Ghana","GH","Upper East","Upper East","sensitive","sensitive","undetermined","undetermined","resistant","resistant"
"SPT44337","2018","true","1168","null","Ghana","GH","Upper East","Upper East","sensitive","resistant","undetermined","undetermined","resistant","resistant"
"SPT44338","2018","false","1168","null","Ghana","GH","Upper East","Upper East","null","null","null","null","null","null"
"SPT44340","2018","false","1168","null","Ghana","GH","Upper East","Upper East","null","null","null","null","null","null"
"SPT44341","2018","true","1168","null","Ghana","GH","Upper East","Upper East","sensitive","sensitive","undetermined","undetermined","resistant","resistant"
"SPT44342","2018","false","1168","null","Ghana","GH","Upper East","Upper East","null","null","null","null","null","null"
"SPT44343","2018","false","1168","null","Ghana","GH","Upper East","Upper East","null","null","null","null","null","null"
"SPT44344","2018","false","1168","null","Ghana","GH","Upper East","Upper East","null","null","null","null","null","null"
"SPT44347","2018","false","1168","null","Ghana","GH","Upper East","Upper East","null","null","null","null","null","null"
"SPT44348","2018","true","1168","null","Ghana","GH","Upper East","Upper East","sensitive","sensitive","undetermined","undetermined","resistant","resistant"
"SPT44349","2018","true","1168","null","Ghana","GH","Upper East","Upper East","sensitive","sensitive","undetermined","undetermined","resistant","undetermined"
"SPT44351","2018","true","1168","null","Ghana","GH","Upper East","Upper East","sensitive","sensitive","undetermined","undetermined","resistant","resistant"
"SPT44352","2018","true","1168","null","Ghana","GH","Upper East","Upper East","sensitive","sensitive","undetermined","undetermined","resistant","resistant"
"SPT44354","2018","true","1168","null","Ghana","GH","Upper East","Upper East","sensitive","sensitive","undetermined","undetermined","sensitive","resistant"
"SPT44359","2018","false","1168","null","Ghana","GH","Upper East","Upper East","null","null","null","null","null","null"
"SPT44360","2018","true","1168","null","Ghana","GH","Upper East","Upper East","sensitive","sensitive","undetermined","sensitive","resistant","resistant"
"SPT44362","2018","true","1168","null","Ghana","GH","Upper East","Upper East","sensitive","sensitive","undetermined","undetermined","resistant","resistant"
"SPT44363","2018","false","1168","null","Ghana","GH","Upper East","Upper East","null","null","null","null","null","null"
"SPT44364","2018","true","1168","null","Ghana","GH","Upper East","Upper East","sensitive","sensitive","undetermined","undetermined","resistant","resistant"
"SPT44366","2018","false","1168","null","Ghana","GH","Upper East","Upper East","null","null","null","null","null","null"
"SPT44367","2018","true","1168","null","Ghana","GH","Upper East","Upper East","undetermined","sensitive","undetermined","undetermined","resistant","resistant"
"SPT44368","2018","false","1168","null","Ghana","GH","Upper East","Upper East","null","null","null","null","null","null"
"SPT44369","2018","true","1168","null","Ghana","GH","Upper East","Upper East","sensitive","sensitive","undetermined","undetermined","resistant","resistant"
"SPT44371","2018","true","1168","null","Ghana","GH","Upper East","Upper East","sensitive","undetermined","undetermined","undetermined","resistant","resistant"
"SPT44374","2018","false","1168","null","Ghana","GH","Upper East","Upper East","null","null","null","null","null","null"
"SPT44378","2018","true","1168","null","Ghana","GH","Upper East","Upper East","sensitive","sensitive","undetermined","undetermined","resistant","resistant"
"SPT44379","2018","false","1168","null","Ghana","GH","Upper East","Upper East","null","null","null","null","null","null"
"SPT44383","2018","false","1168","null","Ghana","GH","Upper East","Upper East","null","null","null","null","null","null"
"SPT44384","2018","true","1168","null","Ghana","GH","Upper East","Upper East","undetermined","sensitive","undetermined","undetermined","resistant","resistant"
"SPT44390","2018","false","1168","null","Ghana","GH","Upper East","Upper East","null","null","null","null","null","null"
"SPT44391","2018","true","1168","null","Ghana","GH","Upper East","Upper East","sensitive","sensitive","undetermined","undetermined","resistant","undetermined"
"SPT44396","2018","false","1168","null","Ghana","GH","Upper East","Upper East","null","null","null","null","null","null"
"SPT44406","2018","false","1168","null","Ghana","GH","Upper East","Upper East","null","null","null","null","null","null"
"SPT44408","2018","true","1168","null","Ghana","GH","Upper East","Upper East","sensitive","sensitive","undetermined","undetermined","resistant","resistant"
"SPT44416","2018","true","1168","null","Ghana","GH","Upper East","Upper East","sensitive","sensitive","undetermined","undetermined","resistant","resistant"
"SPT44423","2018","true","1168","null","Ghana","GH","Upper East","Upper East","sensitive","sensitive","undetermined","undetermined","resistant","resistant"
"SPT44425","2018","false","1168","null","Ghana","GH","Upper East","Upper East","null","null","null","null","null","null"
"SPT44426","2018","true","1168","null","Ghana","GH","Upper East","Upper East","sensitive","sensitive","undetermined","undetermined","resistant","resistant"
"SPT44427","2018","false","1168","null","Ghana","GH","Upper East","Upper East","null","null","null","null","null","null"
"SPT44434","2018","true","1168","null","Ghana","GH","Upper East","Upper East","sensitive","sensitive","undetermined","undetermined","resistant","resistant"
"SPT44438","2018","true","1168","null","Ghana","GH","Upper East","Upper East","sensitive","sensitive","undetermined","undetermined","resistant","resistant"
"SPT44461","2018","true","1168","null","Ghana","GH","Upper East","Upper East","sensitive","sensitive","undetermined","undetermined","resistant","resistant"
"SPT44477","2018","true","1168","null","Ghana","GH","Upper East","Upper East","undetermined","sensitive","undetermined","undetermined","resistant","resistant"
"SPT44498","2018","false","1168","null","Ghana","GH","Upper East","Upper East","null","null","null","null","null","null"
"SPT44503","2018","false","1168","null","Ghana","GH","Upper East","Upper East","null","null","null","null","null","null"
"SPT44504","2018","true","1168","null","Ghana","GH","Upper East","Upper East","undetermined","sensitive","undetermined","undetermined","resistant","resistant"
"SPT44505","2018","false","1168","null","Ghana","GH","Upper East","Upper East","null","null","null","null","null","null"
"SPT44508","2018","true","1168","null","Ghana","GH","Upper East","Upper East","sensitive","sensitive","undetermined","undetermined","resistant","resistant"
"SPT44514","2018","false","1168","null","Ghana","GH","Upper East","Upper East","null","null","null","null","null","null"
"SPT44516","2018","false","1168","null","Ghana","GH","Upper East","Upper East","null","null","null","null","null","null"
"SPT44522","2018","false","1168","null","Ghana","GH","Upper East","Upper East","null","null","null","null","null","null"
"SPT44532","2018","false","1168","null","Ghana","GH","Upper East","Upper East","null","null","null","null","null","null"
"SPT44533","2018","false","1168","null","Ghana","GH","Upper East","Upper East","null","null","null","null","null","null"
"SPT44539","2018","true","1168","null","Ghana","GH","Upper East","Upper East","sensitive","sensitive","undetermined","undetermined","resistant","resistant"
"SPT44541","2018","false","1168","null","Ghana","GH","Upper East","Upper East","null","null","null","null","null","null"
"SPT44551","2018","true","1168","null","Ghana","GH","Upper East","Upper East","sensitive","sensitive","undetermined","undetermined","resistant","resistant"
"SPT44552","2018","true","1168","null","Ghana","GH","Upper East","Upper East","sensitive","sensitive","undetermined","undetermined","undetermined","resistant"
"SPT44553","2018","true","1168","null","Ghana","GH","Upper East","Upper East","sensitive","sensitive","undetermined","undetermined","resistant","resistant"
"SPT44554","2018","false","1168","null","Ghana","GH","Upper East","Upper East","null","null","null","null","null","null"
"SPT44555","2018","true","1168","null","Ghana","GH","Upper East","Upper East","sensitive","sensitive","undetermined","sensitive","resistant","resistant"
"SPT44556","2018","true","1168","null","Ghana","GH","Upper East","Upper East","sensitive","sensitive","undetermined","undetermined","resistant","resistant"
"SPT44557","2018","true","1168","null","Ghana","GH","Upper East","Upper East","undetermined","sensitive","undetermined","undetermined","resistant","resistant"
"SPT44558","2018","true","1168","null","Ghana","GH","Upper East","Upper East","sensitive","sensitive","undetermined","undetermined","resistant","resistant"
"SPT44560","2018","true","1168","null","Ghana","GH","Upper East","Upper East","sensitive","sensitive","undetermined","undetermined","resistant","undetermined"
"SPT44561","2018","true","1168","null","Ghana","GH","Upper East","Upper East","sensitive","sensitive","undetermined","undetermined","resistant","resistant"
"SPT44563","2018","false","1168","null","Ghana","GH","Upper East","Upper East","null","null","null","null","null","null"
"SPT44565","2018","true","1168","null","Ghana","GH","Upper East","Upper East","sensitive","sensitive","undetermined","undetermined","resistant","resistant"
"SPT44566","2018","true","1168","null","Ghana","GH","Upper East","Upper East","sensitive","sensitive","undetermined","undetermined","sensitive","resistant"
"SPT44567","2018","true","1168","null","Ghana","GH","Upper East","Upper East","undetermined","sensitive","undetermined","undetermined","undetermined","resistant"
"SPT44568","2018","true","1168","null","Ghana","GH","Upper East","Upper East","sensitive","sensitive","undetermined","undetermined","resistant","sensitive"
"SPT44569","2018","true","1168","null","Ghana","GH","Upper East","Upper East","sensitive","sensitive","undetermined","undetermined","resistant","resistant"
"SPT44570","2018","true","1168","null","Ghana","GH","Upper East","Upper East","sensitive","sensitive","undetermined","undetermined","resistant","resistant"
"SPT44571","2018","true","1168","null","Ghana","GH","Upper East","Upper East","sensitive","sensitive","undetermined","undetermined","undetermined","resistant"
"SPT44572","2018","true","1168","null","Ghana","GH","Upper East","Upper East","sensitive","sensitive","undetermined","sensitive","resistant","resistant"
"SPT44573","2018","true","1168","null","Ghana","GH","Upper East","Upper East","sensitive","sensitive","undetermined","undetermined","resistant","resistant"
"SPT44574","2018","true","1168","null","Ghana","GH","Upper East","Upper East","sensitive","sensitive","undetermined","undetermined","resistant","resistant"
"SPT44575","2018","true","1168","null","Ghana","GH","Upper East","Upper East","sensitive","sensitive","undetermined","undetermined","resistant","resistant"
"SPT44576","2018","true","1168","null","Ghana","GH","Upper East","Upper East","sensitive","sensitive","undetermined","sensitive","resistant","resistant"
"SPT44577","2018","true","1168","null","Ghana","GH","Upper East","Upper East","sensitive","sensitive","undetermined","undetermined","undetermined","undetermined"
"SPT44578","2018","true","1168","null","Ghana","GH","Upper East","Upper East","sensitive","sensitive","undetermined","undetermined","resistant","resistant"
"SPT44579","2018","true","1168","null","Ghana","GH","Upper East","Upper East","sensitive","sensitive","undetermined","undetermined","resistant","resistant"
"SPT44580","2018","true","1168","null","Ghana","GH","Upper East","Upper East","sensitive","sensitive","undetermined","sensitive","resistant","resistant"
"SPT44581","2018","true","1168","null","Ghana","GH","Upper East","Upper East","sensitive","sensitive","undetermined","sensitive","resistant","resistant"
"SPT44582","2018","true","1168","null","Ghana","GH","Upper East","Upper East","sensitive","sensitive","undetermined","sensitive","resistant","undetermined"
"SPT44583","2018","true","1168","null","Ghana","GH","Upper East","Upper East","sensitive","sensitive","undetermined","undetermined","resistant","resistant"
"SPT44584","2018","true","1168","null","Ghana","GH","Upper East","Upper East","sensitive","sensitive","undetermined","undetermined","resistant","resistant"
"SPT44585","2018","true","1168","null","Ghana","GH","Upper East","Upper East","undetermined","sensitive","undetermined","undetermined","resistant","resistant"
"SPT44586","2018","true","1168","null","Ghana","GH","Upper East","Upper East","sensitive","sensitive","undetermined","sensitive","resistant","resistant"
"SPT44587","2018","true","1168","null","Ghana","GH","Upper East","Upper East","sensitive","sensitive","undetermined","undetermined","resistant","resistant"
"SPT44588","2018","true","1168","null","Ghana","GH","Upper East","Upper East","sensitive","sensitive","undetermined","undetermined","resistant","resistant"
"SPT44589","2018","true","1168","null","Ghana","GH","Upper East","Upper East","sensitive","sensitive","undetermined","undetermined","resistant","resistant"
"SPT44590","2018","true","1168","null","Ghana","GH","Upper East","Upper East","undetermined","sensitive","undetermined","undetermined","resistant","resistant"
"SPT44591","2018","true","1168","null","Ghana","GH","Upper East","Upper East","undetermined","sensitive","undetermined","undetermined","undetermined","resistant"
"SPT44592","2018","false","1168","null","Ghana","GH","Upper East","Upper East","null","null","null","null","null","null"
"SPT44593","2018","true","1168","null","Ghana","GH","Upper East","Upper East","sensitive","sensitive","undetermined","undetermined","resistant","undetermined"
"SPT44594","2018","true","1168","null","Ghana","GH","Upper East","Upper East","sensitive","sensitive","undetermined","sensitive","resistant","sensitive"
"SPT44596","2018","true","1168","null","Ghana","GH","Upper East","Upper East","sensitive","sensitive","undetermined","undetermined","resistant","resistant"
"SPT44597","2018","true","1168","null","Ghana","GH","Upper East","Upper East","sensitive","sensitive","sensitive","sensitive","resistant","resistant"
"SPT44598","2018","true","1168","null","Ghana","GH","Upper East","Upper East","undetermined","sensitive","undetermined","undetermined","resistant","resistant"
"SPT44599","2018","true","1168","null","Ghana","GH","Upper East","Upper East","sensitive","sensitive","undetermined","undetermined","resistant","sensitive"
"SPT44600","2018","true","1168","null","Ghana","GH","Upper East","Upper East","sensitive","sensitive","undetermined","undetermined","resistant","resistant"
"SPT44601","2018","true","1168","null","Ghana","GH","Upper East","Upper East","sensitive","sensitive","undetermined","sensitive","resistant","resistant"
"SPT44602","2018","true","1168","null","Ghana","GH","Upper East","Upper East","sensitive","sensitive","undetermined","undetermined","resistant","resistant"
"SPT44603","2018","true","1168","null","Ghana","GH","Upper East","Upper East","undetermined","sensitive","undetermined","undetermined","resistant","sensitive"
"SPT44604","2018","true","1168","null","Ghana","GH","Upper East","Upper East","sensitive","sensitive","undetermined","undetermined","resistant","resistant"
"SPT44605","2018","true","1168","null","Ghana","GH","Upper East","Upper East","sensitive","sensitive","undetermined","undetermined","undetermined","resistant"
"SPT44606","2018","true","1168","null","Ghana","GH","Upper East","Upper East","sensitive","sensitive","undetermined","undetermined","resistant","resistant"
"SPT44607","2018","true","1168","null","Ghana","GH","Upper East","Upper East","undetermined","sensitive","undetermined","undetermined","sensitive","resistant"
"SPT44608","2018","true","1168","null","Ghana","GH","Upper East","Upper East","sensitive","undetermined","undetermined","sensitive","resistant","resistant"
"SPT44609","2018","true","1168","null","Ghana","GH","Upper East","Upper East","undetermined","sensitive","undetermined","undetermined","resistant","resistant"
"SPT44610","2018","true","1168","null","Ghana","GH","Upper East","Upper East","undetermined","sensitive","undetermined","undetermined","resistant","resistant"
"SPT44611","2018","true","1168","null","Ghana","GH","Upper East","Upper East","sensitive","sensitive","undetermined","undetermined","resistant","resistant"
"SPT44612","2018","true","1168","null","Ghana","GH","Upper East","Upper East","sensitive","sensitive","undetermined","undetermined","resistant","resistant"
"SPT44613","2018","false","1168","null","Ghana","GH","Upper East","Upper East","null","null","null","null","null","null"
"SPT44614","2018","true","1168","null","Ghana","GH","Upper East","Upper East","sensitive","sensitive","undetermined","undetermined","resistant","resistant"
"SPT44615","2018","true","1168","null","Ghana","GH","Upper East","Upper East","undetermined","sensitive","undetermined","undetermined","resistant","resistant"
"SPT44616","2018","true","1168","null","Ghana","GH","Upper East","Upper East","sensitive","sensitive","undetermined","undetermined","resistant","resistant"
"SPT44617","2018","true","1168","null","Ghana","GH","Upper East","Upper East","sensitive","sensitive","sensitive","sensitive","resistant","resistant"
"SPT44618","2018","false","1168","null","Ghana","GH","Upper East","Upper East","null","null","null","null","null","null"
"SPT44619","2018","false","1168","null","Ghana","GH","Upper East","Upper East","null","null","null","null","null","null"
"SPT44620","2018","true","1168","null","Ghana","GH","Upper East","Upper East","sensitive","sensitive","undetermined","undetermined","resistant","resistant"
"SPT44621","2018","true","1168","null","Ghana","GH","Upper East","Upper East","sensitive","sensitive","sensitive","sensitive","resistant","resistant"
"SPT44622","2018","true","1168","null","Ghana","GH","Upper East","Upper East","sensitive","sensitive","undetermined","undetermined","resistant","resistant"
"SPT44623","2018","true","1168","null","Ghana","GH","Upper East","Upper East","sensitive","sensitive","sensitive","sensitive","undetermined","resistant"
"SPT44624","2018","true","1168","null","Ghana","GH","Upper East","Upper East","sensitive","sensitive","undetermined","undetermined","resistant","resistant"
"SPT44625","2018","false","1168","null","Ghana","GH","Upper East","Upper East","null","null","null","null","null","null"
"SPT44627","2018","true","1168","null","Ghana","GH","Upper East","Upper East","sensitive","sensitive","sensitive","sensitive","resistant","resistant"
"SPT44628","2018","true","1168","null","Ghana","GH","Upper East","Upper East","sensitive","sensitive","undetermined","undetermined","sensitive","resistant"
"SPT44629","2018","true","1168","null","Ghana","GH","Upper East","Upper East","sensitive","sensitive","undetermined","sensitive","resistant","resistant"
"SPT44630","2018","true","1168","null","Ghana","GH","Upper East","Upper East","sensitive","sensitive","undetermined","undetermined","resistant","resistant"
"SPT44631","2018","true","1168","null","Ghana","GH","Upper East","Upper East","sensitive","sensitive","undetermined","sensitive","resistant","resistant"
"SPT44632","2018","true","1168","null","Ghana","GH","Upper East","Upper East","sensitive","sensitive","sensitive","sensitive","resistant","resistant"
"SPT44633","2018","true","1168","null","Ghana","GH","Upper East","Upper East","sensitive","sensitive","undetermined","undetermined","resistant","resistant"
"SPT44634","2018","true","1168","null","Ghana","GH","Upper East","Upper East","sensitive","sensitive","sensitive","sensitive","resistant","resistant"
"SPT44635","2018","true","1168","null","Ghana","GH","Upper East","Upper East","sensitive","sensitive","sensitive","sensitive","resistant","resistant"
"SPT44636","2018","true","1168","null","Ghana","GH","Upper East","Upper East","sensitive","sensitive","sensitive","sensitive","sensitive","resistant"
"SPT44637","2018","true","1168","null","Ghana","GH","Upper East","Upper East","sensitive","sensitive","undetermined","undetermined","resistant","resistant"
"SPT44638","2018","true","1168","null","Ghana","GH","Upper East","Upper East","sensitive","sensitive","undetermined","undetermined","resistant","resistant"
"SPT44639","2018","true","1168","null","Ghana","GH","Upper East","Upper East","sensitive","sensitive","undetermined","sensitive","resistant","sensitive"
"SPT44641","2018","true","1168","null","Ghana","GH","Upper East","Upper East","sensitive","sensitive","undetermined","undetermined","resistant","resistant"
"SPT44642","2018","true","1168","null","Ghana","GH","Upper East","Upper East","undetermined","sensitive","undetermined","undetermined","resistant","resistant"
"SPT44643","2018","true","1168","null","Ghana","GH","Upper East","Upper East","sensitive","sensitive","undetermined","undetermined","undetermined","undetermined"
"SPT44644","2018","true","1168","null","Ghana","GH","Upper East","Upper East","sensitive","sensitive","undetermined","undetermined","resistant","resistant"
"SPT44645","2018","true","1168","null","Ghana","GH","Upper East","Upper East","sensitive","sensitive","undetermined","undetermined","resistant","resistant"
"SPT44646","2018","true","1168","null","Ghana","GH","Upper East","Upper East","sensitive","sensitive","undetermined","sensitive","undetermined","resistant"
"SPT44647","2018","true","1168","null","Ghana","GH","Upper East","Upper East","sensitive","sensitive","undetermined","undetermined","resistant","resistant"
"SPT44648","2018","true","1168","null","Ghana","GH","Upper East","Upper East","sensitive","sensitive","undetermined","sensitive","undetermined","resistant"
"SPT44649","2018","true","1168","null","Ghana","GH","Upper East","Upper East","sensitive","sensitive","undetermined","undetermined","resistant","resistant"
"SPT44650","2018","true","1168","null","Ghana","GH","Upper East","Upper East","sensitive","sensitive","undetermined","sensitive","resistant","resistant"
"SPT44651","2018","true","1168","null","Ghana","GH","Upper East","Upper East","sensitive","sensitive","undetermined","undetermined","resistant","resistant"
"SPT44652","2018","true","1168","null","Ghana","GH","Upper East","Upper East","sensitive","sensitive","undetermined","undetermined","resistant","sensitive"
"SPT44653","2018","true","1168","null","Ghana","GH","Upper East","Upper East","sensitive","sensitive","undetermined","undetermined","resistant","resistant"
"SPT44655","2018","true","1168","null","Ghana","GH","Upper East","Upper East","sensitive","sensitive","undetermined","undetermined","resistant","resistant"
"SPT44656","2018","true","1168","null","Ghana","GH","Upper East","Upper East","sensitive","sensitive","undetermined","undetermined","resistant","resistant"
"SPT44657","2018","true","1168","null","Ghana","GH","Upper East","Upper East","sensitive","sensitive","undetermined","undetermined","resistant","resistant"
"SPT44658","2018","true","1168","null","Ghana","GH","Upper East","Upper East","sensitive","sensitive","undetermined","undetermined","resistant","resistant"
"SPT44659","2018","true","1168","null","Ghana","GH","Upper East","Upper East","sensitive","sensitive","undetermined","undetermined","resistant","resistant"
"SPT44660","2018","true","1168","null","Ghana","GH","Upper East","Upper East","undetermined","sensitive","undetermined","undetermined","resistant","resistant"
"SPT44661","2018","true","1168","null","Ghana","GH","Upper East","Upper East","sensitive","sensitive","undetermined","undetermined","resistant","undetermined"
"SPT44662","2018","true","1168","null","Ghana","GH","Upper East","Upper East","sensitive","sensitive","undetermined","undetermined","resistant","resistant"
"SPT44663","2018","true","1168","null","Ghana","GH","Upper East","Upper East","sensitive","sensitive","sensitive","undetermined","resistant","resistant"
"SPT44664","2018","true","1168","null","Ghana","GH","Upper East","Upper East","sensitive","sensitive","undetermined","undetermined","resistant","resistant"
"SPT44665","2018","true","1168","null","Ghana","GH","Upper East","Upper East","sensitive","sensitive","undetermined","sensitive","resistant","resistant"
"SPT44666","2018","true","1168","null","Ghana","GH","Upper East","Upper East","sensitive","sensitive","undetermined","undetermined","resistant","undetermined"
"SPT44667","2018","true","1168","null","Ghana","GH","Upper East","Upper East","sensitive","sensitive","undetermined","sensitive","resistant","resistant"
"SPT44668","2018","true","1168","null","Ghana","GH","Upper East","Upper East","sensitive","sensitive","undetermined","undetermined","resistant","resistant"
"SPT44669","2018","true","1168","null","Ghana","GH","Upper East","Upper East","sensitive","sensitive","undetermined","sensitive","sensitive","resistant"
"SPT44670","2018","true","1168","null","Ghana","GH","Upper East","Upper East","sensitive","sensitive","sensitive","undetermined","resistant","resistant"
"SPT44671","2018","true","1168","null","Ghana","GH","Upper East","Upper East","undetermined","sensitive","undetermined","undetermined","undetermined","resistant"
"SPT44673","2018","false","1168","null","Ghana","GH","Upper East","Upper East","null","null","null","null","null","null"
"SPT44674","2018","true","1168","null","Ghana","GH","Upper East","Upper East","sensitive","sensitive","undetermined","sensitive","resistant","resistant"
"SPT44675","2018","true","1168","null","Ghana","GH","Upper East","Upper East","sensitive","sensitive","undetermined","sensitive","resistant","resistant"
"SPT44676","2018","true","1168","null","Ghana","GH","Upper East","Upper East","sensitive","sensitive","undetermined","undetermined","resistant","resistant"
"SPT44678","2018","true","1168","null","Ghana","GH","Upper East","Upper East","sensitive","sensitive","undetermined","undetermined","resistant","resistant"
"SPT44679","2018","true","1168","null","Ghana","GH","Upper East","Upper East","sensitive","sensitive","undetermined","undetermined","resistant","resistant"
"SPT44681","2018","true","1168","null","Ghana","GH","Upper East","Upper East","sensitive","sensitive","undetermined","undetermined","resistant","resistant"
"SPT44682","2018","true","1168","null","Ghana","GH","Upper East","Upper East","sensitive","sensitive","undetermined","undetermined","resistant","resistant"
"SPT44683","2018","true","1168","null","Ghana","GH","Upper East","Upper East","undetermined","sensitive","undetermined","undetermined","resistant","resistant"
"SPT44685","2018","true","1168","null","Ghana","GH","Upper East","Upper East","sensitive","sensitive","undetermined","undetermined","resistant","sensitive"
"SPT44686","2018","true","1168","null","Ghana","GH","Upper East","Upper East","undetermined","sensitive","undetermined","undetermined","resistant","resistant"
"SPT44687","2018","true","1168","null","Ghana","GH","Upper East","Upper East","sensitive","sensitive","undetermined","undetermined","resistant","resistant"
"SPT44688","2018","true","1168","null","Ghana","GH","Upper East","Upper East","sensitive","sensitive","undetermined","undetermined","resistant","undetermined"
"SPT44689","2018","true","1168","null","Ghana","GH","Upper East","Upper East","sensitive","sensitive","undetermined","undetermined","resistant","resistant"
"SPT44690","2018","true","1168","null","Ghana","GH","Upper East","Upper East","undetermined","sensitive","undetermined","undetermined","undetermined","undetermined"
"SPT44691","2018","true","1168","null","Ghana","GH","Upper East","Upper East","sensitive","sensitive","undetermined","undetermined","resistant","resistant"
"SPT44692","2018","true","1168","null","Ghana","GH","Upper East","Upper East","sensitive","sensitive","undetermined","undetermined","resistant","resistant"
"SPT44693","2018","true","1168","null","Ghana","GH","Upper East","Upper East","sensitive","sensitive","undetermined","undetermined","sensitive","resistant"
"SPT44694","2018","true","1168","null","Ghana","GH","Upper East","Upper East","undetermined","sensitive","undetermined","undetermined","sensitive","resistant"
"SPT44695","2018","true","1168","null","Ghana","GH","Upper East","Upper East","sensitive","sensitive","undetermined","undetermined","resistant","resistant"
"SPT44697","2018","true","1168","null","Ghana","GH","Upper East","Upper East","sensitive","sensitive","undetermined","undetermined","resistant","resistant"
"SPT44700","2018","true","1168","null","Ghana","GH","Upper East","Upper East","undetermined","sensitive","undetermined","undetermined","resistant","resistant"
"SPT44701","2018","true","1168","null","Ghana","GH","Upper East","Upper East","sensitive","sensitive","undetermined","undetermined","resistant","resistant"
"SPT44702","2018","true","1168","null","Ghana","GH","Upper East","Upper East","sensitive","sensitive","undetermined","sensitive","resistant","resistant"
"SPT44703","2018","true","1168","null","Ghana","GH","Upper East","Upper East","sensitive","sensitive","undetermined","undetermined","resistant","resistant"
"SPT44704","2018","true","1168","null","Ghana","GH","Upper East","Upper East","sensitive","sensitive","undetermined","undetermined","resistant","resistant"
"SPT44706","2018","true","1168","null","Ghana","GH","Upper East","Upper East","sensitive","sensitive","undetermined","sensitive","resistant","resistant"
"SPT44708","2018","true","1168","null","Ghana","GH","Upper East","Upper East","undetermined","sensitive","undetermined","undetermined","resistant","resistant"
"SPT44709","2018","true","1168","null","Ghana","GH","Upper East","Upper East","sensitive","sensitive","undetermined","undetermined","resistant","resistant"
"SPT44710","2018","true","1168","null","Ghana","GH","Upper East","Upper East","sensitive","sensitive","undetermined","undetermined","resistant","resistant"
"SPT44711","2018","true","1168","null","Ghana","GH","Upper East","Upper East","sensitive","sensitive","undetermined","undetermined","resistant","resistant"
"SPT44712","2018","true","1168","null","Ghana","GH","Upper East","Upper East","sensitive","sensitive","undetermined","undetermined","undetermined","resistant"
"SPT44713","2018","true","1168","null","Ghana","GH","Upper East","Upper East","undetermined","sensitive","undetermined","undetermined","resistant","resistant"
"SPT44716","2018","true","1168","null","Ghana","GH","Upper East","Upper East","sensitive","sensitive","undetermined","undetermined","resistant","resistant"
"SPT44717","2018","true","1168","null","Ghana","GH","Upper East","Upper East","sensitive","sensitive","undetermined","undetermined","resistant","resistant"
"SPT44719","2018","true","1168","null","Ghana","GH","Upper East","Upper East","sensitive","sensitive","undetermined","undetermined","resistant","resistant"
"SPT44720","2018","false","1168","null","Ghana","GH","Upper East","Upper East","null","null","null","null","null","null"
"SPT44722","2018","false","1168","null","Ghana","GH","Upper East","Upper East","null","null","null","null","null","null"
"SPT44723","2018","false","1168","null","Ghana","GH","Upper East","Upper East","null","null","null","null","null","null"
"SPT44724","2018","true","1168","null","Ghana","GH","Upper East","Upper East","sensitive","sensitive","undetermined","undetermined","resistant","undetermined"
"SPT44725","2018","true","1168","null","Ghana","GH","Upper East","Upper East","sensitive","sensitive","undetermined","undetermined","resistant","resistant"
"SPT44726","2018","true","1168","null","Ghana","GH","Upper East","Upper East","sensitive","sensitive","undetermined","undetermined","resistant","resistant"
"SPT44727","2018","false","1168","null","Ghana","GH","Upper East","Upper East","null","null","null","null","null","null"
"SPT44730","2018","false","1168","null","Ghana","GH","Upper East","Upper East","null","null","null","null","null","null"
"SPT44731","2018","false","1168","null","Ghana","GH","Upper East","Upper East","null","null","null","null","null","null"
"SPT44733","2018","false","1168","null","Ghana","GH","Upper East","Upper East","null","null","null","null","null","null"
"SPT44734","2018","false","1168","null","Ghana","GH","Upper East","Upper East","null","null","null","null","null","null"
"SPT44735","2018","true","1168","null","Ghana","GH","Upper East","Upper East","sensitive","sensitive","undetermined","undetermined","resistant","resistant"
"SPT44736","2018","false","1168","null","Ghana","GH","Upper East","Upper East","null","null","null","null","null","null"
"SPT44739","2018","true","1168","null","Ghana","GH","Upper East","Upper East","sensitive","sensitive","undetermined","undetermined","resistant","resistant"
"SPT44740","2018","false","1168","null","Ghana","GH","Upper East","Upper East","null","null","null","null","null","null"
"SPT44744","2018","false","1168","null","Ghana","GH","Upper East","Upper East","null","null","null","null","null","null"
"SPT44745","2018","false","1168","null","Ghana","GH","Upper East","Upper East","null","null","null","null","null","null"
"SPT44750","2018","false","1168","null","Ghana","GH","Upper East","Upper East","null","null","null","null","null","null"
"SPT44751","2018","false","1168","null","Ghana","GH","Upper East","Upper East","null","null","null","null","null","null"
"SPT44752","2018","true","1168","null","Ghana","GH","Upper East","Upper East","undetermined","sensitive","undetermined","undetermined","resistant","resistant"
"SPT44753","2018","false","1168","null","Ghana","GH","Upper East","Upper East","null","null","null","null","null","null"
"SPT44755","2018","true","1168","null","Ghana","GH","Upper East","Upper East","undetermined","sensitive","undetermined","undetermined","resistant","resistant"
"SPT44759","2018","false","1168","null","Ghana","GH","Upper East","Upper East","null","null","null","null","null","null"
"SPT44760","2018","true","1168","null","Ghana","GH","Upper East","Upper East","sensitive","sensitive","undetermined","undetermined","resistant","resistant"
"SPT44767","2018","false","1168","null","Ghana","GH","Upper East","Upper East","null","null","null","null","null","null"
"SPT44769","2018","false","1168","null","Ghana","GH","Upper East","Upper East","null","null","null","null","null","null"
"SPT44772","2018","false","1168","null","Ghana","GH","Upper East","Upper East","null","null","null","null","null","null"
"SPT44806","2018","false","1168","null","Ghana","GH","Upper East","Upper East","null","null","null","null","null","null"
"SPT44814","2018","true","1168","null","Ghana","GH","Upper East","Upper East","undetermined","sensitive","undetermined","undetermined","resistant","resistant"
"SPT44815","2018","false","1168","null","Ghana","GH","Upper East","Upper East","null","null","null","null","null","null"
"SPT44820","2018","true","1168","null","Ghana","GH","Upper East","Upper East","sensitive","sensitive","undetermined","undetermined","resistant","resistant"
"SPT44821","2018","false","1168","null","Ghana","GH","Upper East","Upper East","null","null","null","null","null","null"
"SPT44822","2018","false","1168","null","Ghana","GH","Upper East","Upper East","null","null","null","null","null","null"
"SPT44824","2018","true","1168","null","Ghana","GH","Upper East","Upper East","sensitive","sensitive","undetermined","undetermined","resistant","resistant"
"SPT44825","2018","false","1168","null","Ghana","GH","Upper East","Upper East","null","null","null","null","null","null"
"SPT44826","2018","false","1168","null","Ghana","GH","Upper East","Upper East","null","null","null","null","null","null"
"SPT44827","2018","true","1168","null","Ghana","GH","Upper East","Upper East","sensitive","sensitive","undetermined","undetermined","resistant","sensitive"
"SPT44828","2018","true","1168","null","Ghana","GH","Upper East","Upper East","sensitive","sensitive","undetermined","undetermined","resistant","resistant"
"SPT44829","2018","true","1168","null","Ghana","GH","Upper East","Upper East","sensitive","sensitive","undetermined","undetermined","resistant","resistant"
"SPT44830","2018","false","1168","null","Ghana","GH","Upper East","Upper East","null","null","null","null","null","null"
"SPT44831","2018","true","1168","null","Ghana","GH","Upper East","Upper East","sensitive","sensitive","undetermined","undetermined","resistant","resistant"
"SPT44832","2018","true","1168","null","Ghana","GH","Upper East","Upper East","sensitive","sensitive","undetermined","undetermined","undetermined","undetermined"
"SPT44833","2018","false","1168","null","Ghana","GH","Upper East","Upper East","null","null","null","null","null","null"
"SPT44834","2018","false","1168","null","Ghana","GH","Upper East","Upper East","null","null","null","null","null","null"
"SPT44835","2018","true","1168","null","Ghana","GH","Upper East","Upper East","sensitive","sensitive","undetermined","undetermined","resistant","resistant"
"SPT44836","2018","false","1168","null","Ghana","GH","Upper East","Upper East","null","null","null","null","null","null"
"SPT44837","2018","true","1168","null","Ghana","GH","Upper East","Upper East","sensitive","sensitive","undetermined","undetermined","resistant","resistant"
"SPT44839","2018","true","1168","null","Ghana","GH","Upper East","Upper East","sensitive","sensitive","undetermined","undetermined","resistant","resistant"
"SPT44840","2018","true","1168","null","Ghana","GH","Upper East","Upper East","sensitive","sensitive","undetermined","undetermined","sensitive","undetermined"
"SPT44841","2018","true","1168","null","Ghana","GH","Upper East","Upper East","sensitive","sensitive","undetermined","undetermined","resistant","resistant"
"SPT44843","2018","true","1168","null","Ghana","GH","Upper East","Upper East","sensitive","sensitive","undetermined","undetermined","resistant","resistant"
"SPT44844","2018","true","1168","null","Ghana","GH","Upper East","Upper East","undetermined","sensitive","undetermined","undetermined","sensitive","resistant"
"SPT44845","2018","true","1168","null","Ghana","GH","Upper East","Upper East","sensitive","sensitive","undetermined","undetermined","resistant","resistant"
"SPT44846","2018","true","1168","null","Ghana","GH","Upper East","Upper East","sensitive","sensitive","undetermined","undetermined","resistant","resistant"
"SPT44850","2018","false","1168","null","Ghana","GH","Upper East","Upper East","null","null","null","null","null","null"
"SPT44851","2018","true","1168","null","Ghana","GH","Upper East","Upper East","undetermined","sensitive","undetermined","undetermined","resistant","resistant"
"SPT44852","2018","true","1168","null","Ghana","GH","Upper East","Upper East","sensitive","sensitive","undetermined","undetermined","resistant","resistant"
"SPT44854","2018","true","1168","null","Ghana","GH","Upper East","Upper East","sensitive","sensitive","undetermined","undetermined","resistant","sensitive"
"SPT44856","2018","true","1168","null","Ghana","GH","Upper East","Upper East","sensitive","sensitive","undetermined","undetermined","resistant","sensitive"
"SPT44857","2018","true","1168","null","Ghana","GH","Upper East","Upper East","sensitive","sensitive","undetermined","undetermined","undetermined","resistant"
"SPT44859","2018","true","1168","null","Ghana","GH","Upper East","Upper East","sensitive","sensitive","undetermined","undetermined","sensitive","resistant"
"SPT44860","2018","true","1168","null","Ghana","GH","Upper East","Upper East","sensitive","resistant","undetermined","undetermined","resistant","resistant"
"SPT44861","2018","true","1168","null","Ghana","GH","Upper East","Upper East","sensitive","sensitive","undetermined","undetermined","undetermined","resistant"
"SPT44862","2018","true","1168","null","Ghana","GH","Upper East","Upper East","sensitive","sensitive","sensitive","sensitive","resistant","resistant"
"SPT44863","2018","true","1168","null","Ghana","GH","Upper East","Upper East","sensitive","sensitive","undetermined","sensitive","resistant","sensitive"
"SPT44864","2018","true","1168","null","Ghana","GH","Upper East","Upper East","sensitive","sensitive","undetermined","undetermined","resistant","resistant"
"SPT44865","2018","true","1168","null","Ghana","GH","Upper East","Upper East","sensitive","sensitive","undetermined","undetermined","resistant","undetermined"
"SPT44866","2018","true","1168","null","Ghana","GH","Upper East","Upper East","sensitive","sensitive","undetermined","undetermined","resistant","resistant"
"SPT44867","2018","true","1168","null","Ghana","GH","Upper East","Upper East","sensitive","sensitive","undetermined","undetermined","resistant","resistant"
"SPT44868","2018","true","1168","null","Ghana","GH","Upper East","Upper East","sensitive","sensitive","undetermined","undetermined","resistant","resistant"
"SPT44869","2018","true","1168","null","Ghana","GH","Upper East","Upper East","sensitive","sensitive","undetermined","undetermined","resistant","resistant"
"SPT44870","2018","true","1168","null","Ghana","GH","Upper East","Upper East","sensitive","sensitive","undetermined","undetermined","resistant","resistant"
"SPT44871","2018","true","1168","null","Ghana","GH","Upper East","Upper East","sensitive","sensitive","undetermined","sensitive","resistant","resistant"
"SPT44873","2018","false","1168","null","Ghana","GH","Upper East","Upper East","null","null","null","null","null","null"
"SPT44875","2018","true","1168","null","Ghana","GH","Upper East","Upper East","sensitive","sensitive","undetermined","undetermined","resistant","undetermined"
"SPT44876","2018","true","1168","null","Ghana","GH","Upper East","Upper East","sensitive","sensitive","undetermined","sensitive","resistant","undetermined"
"SPT44877","2018","true","1168","null","Ghana","GH","Upper East","Upper East","sensitive","sensitive","undetermined","undetermined","resistant","resistant"
"SPT44879","2018","true","1168","null","Ghana","GH","Upper East","Upper East","sensitive","sensitive","undetermined","undetermined","undetermined","resistant"
"SPT44880","2018","true","1168","null","Ghana","GH","Upper East","Upper East","sensitive","sensitive","undetermined","sensitive","resistant","resistant"
"SPT44881","2018","false","1168","null","Ghana","GH","Upper East","Upper East","null","null","null","null","null","null"
"SPT44883","2018","true","1168","null","Ghana","GH","Upper East","Upper East","sensitive","sensitive","undetermined","undetermined","resistant","resistant"
"SPT44884","2018","true","1168","null","Ghana","GH","Upper East","Upper East","sensitive","sensitive","undetermined","sensitive","resistant","sensitive"
"SPT44885","2018","true","1168","null","Ghana","GH","Upper East","Upper East","sensitive","sensitive","sensitive","sensitive","resistant","sensitive"
"SPT44886","2018","true","1168","null","Ghana","GH","Upper East","Upper East","sensitive","sensitive","undetermined","undetermined","resistant","resistant"
"SPT44888","2018","true","1168","null","Ghana","GH","Upper East","Upper East","sensitive","sensitive","sensitive","undetermined","resistant","resistant"
"SPT44889","2018","true","1168","null","Ghana","GH","Upper East","Upper East","sensitive","sensitive","undetermined","undetermined","resistant","resistant"
"SPT44891","2018","true","1168","null","Ghana","GH","Upper East","Upper East","sensitive","sensitive","undetermined","undetermined","resistant","resistant"
"SPT44892","2018","true","1168","null","Ghana","GH","Upper East","Upper East","undetermined","sensitive","undetermined","undetermined","resistant","resistant"
"SPT44894","2018","true","1168","null","Ghana","GH","Upper East","Upper East","sensitive","undetermined","undetermined","undetermined","resistant","undetermined"
"SPT44895","2018","true","1168","null","Ghana","GH","Upper East","Upper East","sensitive","sensitive","undetermined","undetermined","resistant","resistant"
"SPT44896","2018","true","1168","null","Ghana","GH","Upper East","Upper East","sensitive","sensitive","undetermined","undetermined","resistant","resistant"
"SPT44897","2018","true","1168","null","Ghana","GH","Upper East","Upper East","sensitive","sensitive","undetermined","undetermined","resistant","resistant"
"SPT44898","2018","true","1168","null","Ghana","GH","Upper East","Upper East","sensitive","sensitive","undetermined","undetermined","resistant","resistant"
"SPT44899","2018","true","1168","null","Ghana","GH","Upper East","Upper East","sensitive","sensitive","undetermined","undetermined","resistant","resistant"
"SPT44902","2018","true","1168","null","Ghana","GH","Upper East","Upper East","sensitive","resistant","undetermined","undetermined","resistant","resistant"
"SPT44903","2018","true","1168","null","Ghana","GH","Upper East","Upper East","sensitive","sensitive","undetermined","sensitive","resistant","resistant"
"SPT44906","2018","true","1168","null","Ghana","GH","Upper East","Upper East","sensitive","sensitive","undetermined","sensitive","resistant","resistant"
"SPT44907","2018","true","1168","null","Ghana","GH","Upper East","Upper East","sensitive","sensitive","undetermined","undetermined","resistant","resistant"
"SPT44908","2018","true","1168","null","Ghana","GH","Upper East","Upper East","sensitive","sensitive","undetermined","undetermined","resistant","resistant"
"SPT44909","2018","true","1168","null","Ghana","GH","Upper East","Upper East","sensitive","sensitive","undetermined","undetermined","resistant","resistant"
"SPT44910","2018","true","1168","null","Ghana","GH","Upper East","Upper East","sensitive","sensitive","undetermined","undetermined","resistant","undetermined"
"SPT44911","2018","true","1168","null","Ghana","GH","Upper East","Upper East","sensitive","sensitive","undetermined","undetermined","resistant","resistant"
"SPT44912","2018","true","1168","null","Ghana","GH","Upper East","Upper East","sensitive","sensitive","undetermined","undetermined","resistant","resistant"
"SPT44913","2018","true","1168","null","Ghana","GH","Upper East","Upper East","undetermined","undetermined","undetermined","undetermined","resistant","resistant"
"SPT44914","2018","true","1168","null","Ghana","GH","Upper East","Upper East","sensitive","sensitive","sensitive","sensitive","resistant","sensitive"
"SPT44915","2018","true","1168","null","Ghana","GH","Upper East","Upper East","sensitive","sensitive","undetermined","sensitive","resistant","resistant"
"SPT44916","2018","true","1168","null","Ghana","GH","Upper East","Upper East","sensitive","sensitive","undetermined","undetermined","resistant","resistant"
"SPT44917","2018","true","1168","null","Ghana","GH","Upper East","Upper East","sensitive","sensitive","undetermined","undetermined","sensitive","resistant"
"SPT44918","2018","true","1168","null","Ghana","GH","Upper East","Upper East","sensitive","sensitive","undetermined","undetermined","resistant","resistant"
"SPT44919","2018","true","1168","null","Ghana","GH","Upper East","Upper East","sensitive","resistant","undetermined","undetermined","resistant","resistant"
"SPT44922","2018","false","1168","null","Ghana","GH","Upper East","Upper East","null","null","null","null","null","null"
"SPT44925","2018","true","1168","null","Ghana","GH","Upper East","Upper East","sensitive","sensitive","undetermined","undetermined","undetermined","undetermined"
"SPT44926","2018","true","1168","null","Ghana","GH","Upper East","Upper East","sensitive","sensitive","undetermined","undetermined","resistant","resistant"
"SPT44927","2018","false","1168","null","Ghana","GH","Upper East","Upper East","null","null","null","null","null","null"
"SPT44928","2018","true","1168","null","Ghana","GH","Upper East","Upper East","sensitive","sensitive","undetermined","undetermined","resistant","resistant"
"SPT44929","2018","true","1168","null","Ghana","GH","Upper East","Upper East","sensitive","sensitive","undetermined","undetermined","resistant","resistant"
"SPT44930","2018","false","1168","null","Ghana","GH","Upper East","Upper East","null","null","null","null","null","null"
"SPT44932","2018","false","1168","null","Ghana","GH","Upper East","Upper East","null","null","null","null","null","null"
"SPT44934","2018","true","1168","null","Ghana","GH","Upper East","Upper East","sensitive","sensitive","undetermined","undetermined","resistant","resistant"
"SPT44935","2018","true","1168","null","Ghana","GH","Upper East","Upper East","sensitive","sensitive","undetermined","undetermined","resistant","resistant"
"SPT44937","2018","true","1168","null","Ghana","GH","Upper East","Upper East","sensitive","sensitive","undetermined","undetermined","sensitive","resistant"
"SPT44939","2018","true","1168","null","Ghana","GH","Upper East","Upper East","sensitive","sensitive","undetermined","undetermined","resistant","resistant"
"SPT44940","2018","false","1168","null","Ghana","GH","Upper East","Upper East","null","null","null","null","null","null"
"SPT44943","2018","true","1168","null","Ghana","GH","Upper East","Upper East","sensitive","sensitive","undetermined","undetermined","resistant","undetermined"
"SPT44944","2018","true","1168","null","Ghana","GH","Upper East","Upper East","sensitive","sensitive","undetermined","undetermined","resistant","resistant"
"SPT44945","2018","true","1168","null","Ghana","GH","Upper East","Upper East","sensitive","sensitive","undetermined","sensitive","resistant","sensitive"
"SPT44947","2018","true","1168","null","Ghana","GH","Upper East","Upper East","sensitive","sensitive","undetermined","undetermined","resistant","resistant"
"SPT44948","2018","true","1168","null","Ghana","GH","Upper East","Upper East","sensitive","sensitive","undetermined","sensitive","resistant","resistant"
"SPT44949","2018","true","1168","null","Ghana","GH","Upper East","Upper East","sensitive","sensitive","undetermined","sensitive","resistant","resistant"
"SPT44950","2018","true","1168","null","Ghana","GH","Upper East","Upper East","undetermined","sensitive","undetermined","undetermined","undetermined","sensitive"
"SPT44951","2018","false","1168","null","Ghana","GH","Upper East","Upper East","null","null","null","null","null","null"
"SPT44952","2018","true","1168","null","Ghana","GH","Upper East","Upper East","sensitive","sensitive","undetermined","undetermined","sensitive","resistant"
"SPT44958","2018","true","1168","null","Ghana","GH","Upper East","Upper East","undetermined","sensitive","undetermined","undetermined","undetermined","resistant"
"SPT44959","2018","true","1168","null","Ghana","GH","Upper East","Upper East","sensitive","sensitive","undetermined","undetermined","resistant","undetermined"
"SPT44960","2018","true","1168","null","Ghana","GH","Upper East","Upper East","sensitive","sensitive","undetermined","undetermined","resistant","resistant"
"SPT44961","2018","true","1168","null","Ghana","GH","Upper East","Upper East","sensitive","sensitive","undetermined","undetermined","resistant","sensitive"
"SPT44964","2018","true","1168","null","Ghana","GH","Upper East","Upper East","sensitive","sensitive","undetermined","undetermined","resistant","resistant"
"SPT44965","2018","true","1168","null","Ghana","GH","Upper East","Upper East","sensitive","sensitive","undetermined","undetermined","resistant","sensitive"
"SPT44966","2018","true","1168","null","Ghana","GH","Upper East","Upper East","sensitive","sensitive","undetermined","undetermined","resistant","resistant"
"SPT44968","2018","true","1168","null","Ghana","GH","Upper East","Upper East","sensitive","sensitive","undetermined","undetermined","resistant","resistant"
"SPT44972","2018","false","1168","null","Ghana","GH","Upper East","Upper East","null","null","null","null","null","null"
"SPT44973","2018","true","1168","null","Ghana","GH","Upper East","Upper East","sensitive","sensitive","undetermined","undetermined","resistant","resistant"
"SPT44974","2018","true","1168","null","Ghana","GH","Upper East","Upper East","sensitive","sensitive","undetermined","undetermined","resistant","resistant"
"SPT44975","2018","true","1168","null","Ghana","GH","Upper East","Upper East","sensitive","sensitive","undetermined","undetermined","resistant","resistant"
"SPT44976","2018","true","1168","null","Ghana","GH","Upper East","Upper East","sensitive","sensitive","undetermined","undetermined","resistant","resistant"
"SPT44977","2018","true","1168","null","Ghana","GH","Upper East","Upper East","sensitive","sensitive","undetermined","undetermined","resistant","resistant"
"SPT44978","2018","true","1168","null","Ghana","GH","Upper East","Upper East","sensitive","sensitive","undetermined","undetermined","undetermined","resistant"
"SPT44980","2018","true","1168","null","Ghana","GH","Upper East","Upper East","sensitive","sensitive","undetermined","undetermined","resistant","resistant"
"SPT44981","2018","true","1168","null","Ghana","GH","Upper East","Upper East","sensitive","sensitive","undetermined","undetermined","resistant","resistant"
"SPT44982","2018","true","1168","null","Ghana","GH","Upper East","Upper East","sensitive","sensitive","undetermined","undetermined","resistant","resistant"
"SPT44983","2018","true","1168","null","Ghana","GH","Upper East","Upper East","undetermined","sensitive","undetermined","undetermined","resistant","resistant"
"SPT44984","2018","true","1168","null","Ghana","GH","Upper East","Upper East","sensitive","sensitive","undetermined","undetermined","resistant","sensitive"
"SPT44986","2018","false","1168","null","Ghana","GH","Upper East","Upper East","null","null","null","null","null","null"
"SPT44989","2018","true","1168","null","Ghana","GH","Upper East","Upper East","sensitive","sensitive","undetermined","undetermined","resistant","resistant"
"SPT44990","2018","true","1168","null","Ghana","GH","Upper East","Upper East","sensitive","sensitive","undetermined","sensitive","resistant","resistant"
"SPT44997","2018","true","1168","null","Ghana","GH","Upper East","Upper East","sensitive","sensitive","undetermined","undetermined","resistant","sensitive"
"SPT44998","2018","true","1168","null","Ghana","GH","Upper East","Upper East","sensitive","sensitive","sensitive","undetermined","resistant","resistant"
"SPT44999","2018","true","1168","null","Ghana","GH","Upper East","Upper East","sensitive","sensitive","undetermined","undetermined","resistant","resistant"
"SPT45000","2018","true","1168","null","Ghana","GH","Upper East","Upper East","sensitive","sensitive","undetermined","undetermined","resistant","resistant"
"SPT45001","2018","false","1168","null","Ghana","GH","Upper East","Upper East","null","null","null","null","null","null"
"SPT45002","2018","true","1168","null","Ghana","GH","Upper East","Upper East","sensitive","sensitive","undetermined","undetermined","resistant","resistant"
"SPT45003","2018","true","1168","null","Ghana","GH","Upper East","Upper East","sensitive","sensitive","undetermined","undetermined","resistant","resistant"
"SPT45004","2018","true","1168","null","Ghana","GH","Upper East","Upper East","sensitive","sensitive","undetermined","undetermined","resistant","resistant"
"SPT45007","2018","true","1168","null","Ghana","GH","Upper East","Upper East","sensitive","resistant","undetermined","undetermined","resistant","resistant"
"SPT45008","2018","false","1168","null","Ghana","GH","Upper East","Upper East","null","null","null","null","null","null"
"SPT45010","2018","false","1168","null","Ghana","GH","Upper East","Upper East","null","null","null","null","null","null"
"SPT45011","2018","true","1168","null","Ghana","GH","Upper East","Upper East","sensitive","sensitive","undetermined","undetermined","resistant","resistant"
"SPT45013","2018","true","1168","null","Ghana","GH","Upper East","Upper East","sensitive","sensitive","undetermined","undetermined","undetermined","resistant"
"SPT45014","2018","true","1168","null","Ghana","GH","Upper East","Upper East","sensitive","sensitive","undetermined","undetermined","resistant","resistant"
"SPT45016","2018","true","1168","null","Ghana","GH","Upper East","Upper East","sensitive","sensitive","undetermined","sensitive","resistant","resistant"
"SPT45018","2018","true","1168","null","Ghana","GH","Upper East","Upper East","undetermined","sensitive","undetermined","undetermined","resistant","resistant"
"SPT45019","2018","true","1168","null","Ghana","GH","Upper East","Upper East","sensitive","sensitive","sensitive","sensitive","resistant","resistant"
"SPT45020","2018","true","1168","null","Ghana","GH","Upper East","Upper East","sensitive","sensitive","undetermined","undetermined","sensitive","resistant"
"SPT45022","2018","true","1168","null","Ghana","GH","Upper East","Upper East","sensitive","sensitive","sensitive","undetermined","resistant","resistant"
"SPT45024","2018","true","1168","null","Ghana","GH","Upper East","Upper East","sensitive","sensitive","undetermined","undetermined","undetermined","sensitive"
"SPT45026","2018","true","1168","null","Ghana","GH","Upper East","Upper East","sensitive","sensitive","undetermined","undetermined","resistant","sensitive"
"SPT45027","2018","true","1168","null","Ghana","GH","Upper East","Upper East","sensitive","sensitive","undetermined","undetermined","resistant","resistant"
"SPT45028","2018","true","1168","null","Ghana","GH","Upper East","Upper East","sensitive","sensitive","undetermined","undetermined","resistant","resistant"
"SPT45029","2018","true","1168","null","Ghana","GH","Upper East","Upper East","sensitive","sensitive","undetermined","undetermined","resistant","resistant"
"SPT45030","2018","true","1168","null","Ghana","GH","Upper East","Upper East","sensitive","sensitive","undetermined","undetermined","resistant","resistant"
"SPT45033","2018","true","1168","null","Ghana","GH","Upper East","Upper East","sensitive","sensitive","undetermined","undetermined","resistant","resistant"
"SPT45035","2018","true","1168","null","Ghana","GH","Upper East","Upper East","sensitive","sensitive","undetermined","undetermined","resistant","undetermined"
"SPT45036","2018","true","1168","null","Ghana","GH","Upper East","Upper East","sensitive","sensitive","undetermined","undetermined","resistant","resistant"
"SPT45039","2018","true","1168","null","Ghana","GH","Upper East","Upper East","sensitive","sensitive","undetermined","undetermined","sensitive","resistant"
"SPT45040","2018","true","1168","null","Ghana","GH","Upper East","Upper East","sensitive","sensitive","undetermined","undetermined","resistant","resistant"
"SPT45041","2018","true","1168","null","Ghana","GH","Upper East","Upper East","sensitive","sensitive","undetermined","undetermined","resistant","resistant"
"SPT45042","2018","true","1168","null","Ghana","GH","Upper East","Upper East","sensitive","sensitive","undetermined","undetermined","resistant","resistant"
"SPT45043","2018","true","1168","null","Ghana","GH","Upper East","Upper East","sensitive","sensitive","undetermined","undetermined","resistant","resistant"
"SPT45044","2018","true","1168","null","Ghana","GH","Upper East","Upper East","undetermined","sensitive","undetermined","undetermined","resistant","resistant"
"SPT45045","2018","true","1168","null","Ghana","GH","Upper East","Upper East","sensitive","sensitive","undetermined","undetermined","resistant","resistant"
"SPT45047","2018","true","1168","null","Ghana","GH","Upper East","Upper East","undetermined","sensitive","undetermined","undetermined","resistant","resistant"
"SPT45048","2018","true","1168","null","Ghana","GH","Upper East","Upper East","sensitive","sensitive","undetermined","undetermined","resistant","resistant"
"SPT45049","2018","true","1168","null","Ghana","GH","Upper East","Upper East","sensitive","sensitive","undetermined","undetermined","undetermined","resistant"
"SPT45050","2018","true","1168","null","Ghana","GH","Upper East","Upper East","sensitive","resistant","undetermined","undetermined","resistant","resistant"
"SPT45051","2018","true","1168","null","Ghana","GH","Upper East","Upper East","sensitive","sensitive","undetermined","undetermined","resistant","resistant"
"SPT45052","2018","true","1168","null","Ghana","GH","Upper East","Upper East","sensitive","sensitive","undetermined","undetermined","sensitive","resistant"
"SPT45053","2018","true","1168","null","Ghana","GH","Upper East","Upper East","sensitive","sensitive","undetermined","undetermined","resistant","resistant"
"SPT45054","2018","true","1168","null","Ghana","GH","Upper East","Upper East","sensitive","sensitive","undetermined","undetermined","resistant","resistant"
"SPT45056","2018","true","1168","null","Ghana","GH","Upper East","Upper East","sensitive","sensitive","undetermined","undetermined","resistant","resistant"
"SPT45057","2018","true","1168","null","Ghana","GH","Upper East","Upper East","sensitive","sensitive","undetermined","undetermined","resistant","resistant"
"SPT45058","2018","true","1168","null","Ghana","GH","Upper East","Upper East","undetermined","sensitive","undetermined","undetermined","resistant","resistant"
"SPT45059","2018","true","1168","null","Ghana","GH","Upper East","Upper East","sensitive","sensitive","undetermined","undetermined","resistant","resistant"
"SPT45060","2018","true","1168","null","Ghana","GH","Upper East","Upper East","sensitive","sensitive","undetermined","undetermined","resistant","resistant"
"SPT45061","2018","true","1168","null","Ghana","GH","Upper East","Upper East","sensitive","sensitive","undetermined","undetermined","resistant","resistant"
"SPT45062","2018","true","1168","null","Ghana","GH","Upper East","Upper East","sensitive","sensitive","undetermined","undetermined","resistant","resistant"
"SPT45063","2018","true","1168","null","Ghana","GH","Upper East","Upper East","sensitive","sensitive","undetermined","undetermined","resistant","resistant"
"SPT45064","2018","true","1168","null","Ghana","GH","Upper East","Upper East","sensitive","sensitive","undetermined","undetermined","resistant","resistant"
"SPT45066","2018","true","1168","null","Ghana","GH","Upper East","Upper East","sensitive","sensitive","undetermined","undetermined","resistant","resistant"
"SPT45067","2018","false","1168","null","Ghana","GH","Upper East","Upper East","null","null","null","null","null","null"
"SPT45068","2018","true","1168","null","Ghana","GH","Upper East","Upper East","sensitive","sensitive","undetermined","undetermined","resistant","resistant"
"SPT45069","2018","true","1168","null","Ghana","GH","Upper East","Upper East","sensitive","resistant","undetermined","undetermined","resistant","resistant"
"SPT45071","2018","true","1168","null","Ghana","GH","Upper East","Upper East","sensitive","sensitive","undetermined","undetermined","resistant","resistant"
"SPT45072","2018","true","1168","null","Ghana","GH","Upper East","Upper East","undetermined","sensitive","undetermined","undetermined","resistant","resistant"
"SPT45073","2018","true","1168","null","Ghana","GH","Upper East","Upper East","sensitive","sensitive","undetermined","undetermined","resistant","resistant"
"SPT45074","2018","true","1168","null","Ghana","GH","Upper East","Upper East","sensitive","sensitive","undetermined","undetermined","resistant","resistant"
"SPT45075","2018","true","1168","null","Ghana","GH","Upper East","Upper East","sensitive","sensitive","undetermined","undetermined","resistant","resistant"
"SPT45076","2018","true","1168","null","Ghana","GH","Upper East","Upper East","sensitive","sensitive","undetermined","undetermined","resistant","resistant"
"SPT45077","2018","true","1168","null","Ghana","GH","Upper East","Upper East","sensitive","sensitive","undetermined","undetermined","resistant","resistant"
"SPT45078","2018","true","1168","null","Ghana","GH","Upper East","Upper East","sensitive","sensitive","undetermined","undetermined","resistant","resistant"
"SPT45079","2018","true","1168","null","Ghana","GH","Upper East","Upper East","sensitive","sensitive","undetermined","undetermined","resistant","resistant"
"SPT45080","2018","false","1168","null","Ghana","GH","Upper East","Upper East","null","null","null","null","null","null"
"SPT45081","2018","true","1168","null","Ghana","GH","Upper East","Upper East","sensitive","sensitive","undetermined","undetermined","resistant","resistant"
"SPT45082","2018","true","1168","null","Ghana","GH","Upper East","Upper East","undetermined","sensitive","undetermined","undetermined","resistant","resistant"
"SPT45084","2018","true","1168","null","Ghana","GH","Upper East","Upper East","sensitive","sensitive","undetermined","undetermined","resistant","resistant"
"SPT45085","2018","true","1168","null","Ghana","GH","Upper East","Upper East","sensitive","sensitive","undetermined","undetermined","resistant","sensitive"
"SPT45086","2018","true","1168","null","Ghana","GH","Upper East","Upper East","sensitive","sensitive","undetermined","undetermined","resistant","resistant"
"SPT45087","2018","true","1168","null","Ghana","GH","Upper East","Upper East","sensitive","sensitive","undetermined","undetermined","resistant","resistant"
"SPT45088","2018","true","1168","null","Ghana","GH","Upper East","Upper East","sensitive","sensitive","undetermined","undetermined","resistant","resistant"
"SPT45089","2018","true","1168","null","Ghana","GH","Upper East","Upper East","sensitive","sensitive","undetermined","sensitive","resistant","resistant"
"SPT45090","2018","true","1168","null","Ghana","GH","Upper East","Upper East","sensitive","sensitive","undetermined","sensitive","resistant","resistant"
"SPT45091","2018","true","1168","null","Ghana","GH","Upper East","Upper East","sensitive","sensitive","undetermined","sensitive","resistant","resistant"
"SPT45092","2018","true","1168","null","Ghana","GH","Upper East","Upper East","sensitive","sensitive","undetermined","undetermined","resistant","resistant"
"SPT45093","2018","true","1168","null","Ghana","GH","Upper East","Upper East","sensitive","sensitive","undetermined","undetermined","undetermined","resistant"
"SPT45095","2018","true","1168","null","Ghana","GH","Upper East","Upper East","sensitive","sensitive","undetermined","undetermined","resistant","resistant"
"SPT45096","2018","true","1168","null","Ghana","GH","Upper East","Upper East","sensitive","sensitive","undetermined","undetermined","resistant","resistant"
"SPT45097","2018","true","1168","null","Ghana","GH","Upper East","Upper East","sensitive","sensitive","undetermined","undetermined","resistant","resistant"
"SPT45098","2018","true","1168","null","Ghana","GH","Upper East","Upper East","sensitive","sensitive","undetermined","undetermined","resistant","resistant"
"SPT45099","2018","true","1168","null","Ghana","GH","Upper East","Upper East","sensitive","sensitive","undetermined","undetermined","resistant","resistant"
"SPT45100","2018","true","1168","null","Ghana","GH","Upper East","Upper East","sensitive","sensitive","undetermined","undetermined","resistant","resistant"
"SPT45101","2018","true","1168","null","Ghana","GH","Upper East","Upper East","sensitive","sensitive","undetermined","undetermined","resistant","resistant"
"SPT45102","2018","true","1168","null","Ghana","GH","Upper East","Upper East","sensitive","sensitive","undetermined","undetermined","resistant","resistant"
"SPT45103","2018","true","1168","null","Ghana","GH","Upper East","Upper East","sensitive","sensitive","undetermined","undetermined","resistant","resistant"
"SPT45105","2018","true","1168","null","Ghana","GH","Upper East","Upper East","sensitive","sensitive","undetermined","undetermined","resistant","resistant"
"SPT45106","2018","true","1168","null","Ghana","GH","Upper East","Upper East","sensitive","sensitive","undetermined","undetermined","resistant","resistant"
"SPT45107","2018","false","1168","null","Ghana","GH","Upper East","Upper East","null","null","null","null","null","null"
"SPT45108","2018","true","1168","null","Ghana","GH","Upper East","Upper East","undetermined","sensitive","undetermined","undetermined","resistant","undetermined"
"SPT64618","2020","false","1241","null","Ghana","GH","Central","Central","null","null","null","null","null","null"
"SPT64619","2020","true","1241","null","Ghana","GH","Central","Central","undetermined","sensitive","undetermined","undetermined","resistant","resistant"
"SPT64620","2020","true","1241","null","Ghana","GH","Central","Central","undetermined","sensitive","undetermined","undetermined","resistant","resistant"
"SPT64621","2020","false","1241","null","Ghana","GH","Central","Central","null","null","null","null","null","null"
"SPT64622","2020","false","1241","null","Ghana","GH","Central","Central","null","null","null","null","null","null"
"SPT64623","2020","true","1241","null","Ghana","GH","Central","Central","undetermined","sensitive","undetermined","undetermined","resistant","resistant"
"SPT64624","2020","false","1241","null","Ghana","GH","Central","Central","null","null","null","null","null","null"
"SPT64625","2020","false","1241","null","Ghana","GH","Central","Central","null","null","null","null","null","null"
"SPT64626","2020","false","1241","null","Ghana","GH","Central","Central","null","null","null","null","null","null"
"SPT64628","2020","false","1241","null","Ghana","GH","Central","Central","null","null","null","null","null","null"
"SPT64629","2020","false","1241","null","Ghana","GH","Central","Central","null","null","null","null","null","null"
"SPT64630","2020","false","1241","null","Ghana","GH","Central","Central","null","null","null","null","null","null"
"SPT64631","2020","false","1241","null","Ghana","GH","Central","Central","null","null","null","null","null","null"
"SPT64632","2020","false","1241","null","Ghana","GH","Central","Central","null","null","null","null","null","null"
"SPT64633","2020","false","1241","null","Ghana","GH","Central","Central","null","null","null","null","null","null"
"SPT64634","2020","true","1241","null","Ghana","GH","Central","Central","sensitive","sensitive","undetermined","sensitive","resistant","resistant"
"SPT64635","2020","true","1241","null","Ghana","GH","Central","Central","undetermined","sensitive","undetermined","undetermined","undetermined","resistant"
"SPT64636","2020","true","1241","null","Ghana","GH","Central","Central","undetermined","sensitive","undetermined","undetermined","undetermined","resistant"
"SPT64637","2020","true","1241","null","Ghana","GH","Central","Central","undetermined","sensitive","undetermined","undetermined","resistant","resistant"
"SPT64638","2020","true","1241","null","Ghana","GH","Central","Central","undetermined","sensitive","undetermined","undetermined","resistant","resistant"
"SPT64639","2020","false","1241","null","Ghana","GH","Central","Central","null","null","null","null","null","null"
"SPT64640","2020","false","1241","null","Ghana","GH","Central","Central","null","null","null","null","null","null"
"SPT64641","2020","true","1241","null","Ghana","GH","Central","Central","undetermined","sensitive","undetermined","undetermined","resistant","resistant"
"SPT64642","2020","true","1241","null","Ghana","GH","Central","Central","sensitive","sensitive","undetermined","undetermined","resistant","resistant"
"SPT64643","2020","false","1241","null","Ghana","GH","Central","Central","null","null","null","null","null","null"
"SPT64645","2020","true","1241","null","Ghana","GH","Central","Central","undetermined","sensitive","undetermined","undetermined","resistant","resistant"
"SPT64646","2020","false","1241","null","Ghana","GH","Central","Central","null","null","null","null","null","null"
"SPT64647","2020","true","1241","null","Ghana","GH","Central","Central","undetermined","sensitive","undetermined","undetermined","resistant","resistant"
"SPT64648","2020","true","1241","null","Ghana","GH","Central","Central","undetermined","sensitive","undetermined","undetermined","resistant","resistant"
"SPT64649","2020","false","1241","null","Ghana","GH","Central","Central","null","null","null","null","null","null"
"SPT64650","2020","false","1241","null","Ghana","GH","Central","Central","null","null","null","null","null","null"
"SPT64651","2020","true","1241","null","Ghana","GH","Central","Central","undetermined","sensitive","undetermined","undetermined","resistant","resistant"
"SPT64652","2020","true","1241","null","Ghana","GH","Central","Central","undetermined","sensitive","undetermined","undetermined","resistant","resistant"
"SPT64653","2020","false","1241","null","Ghana","GH","Central","Central","null","null","null","null","null","null"
"SPT64654","2020","false","1241","null","Ghana","GH","Central","Central","null","null","null","null","null","null"
"SPT64655","2020","true","1241","null","Ghana","GH","Central","Central","undetermined","sensitive","undetermined","undetermined","resistant","resistant"
"SPT64656","2020","true","1241","null","Ghana","GH","Central","Central","undetermined","sensitive","undetermined","undetermined","undetermined","resistant"
"SPT64657","2020","false","1241","null","Ghana","GH","Central","Central","null","null","null","null","null","null"
"SPT64658","2020","false","1241","null","Ghana","GH","Central","Central","null","null","null","null","null","null"
"SPT64659","2020","false","1241","null","Ghana","GH","Central","Central","null","null","null","null","null","null"
"SPT64660","2020","false","1241","null","Ghana","GH","Central","Central","null","null","null","null","null","null"
"SPT64661","2020","true","1241","null","Ghana","GH","Central","Central","sensitive","sensitive","undetermined","undetermined","resistant","resistant"
"SPT64662","2020","true","1241","null","Ghana","GH","Central","Central","undetermined","sensitive","undetermined","undetermined","resistant","resistant"
"SPT64663","2020","true","1241","null","Ghana","GH","Central","Central","undetermined","undetermined","undetermined","undetermined","resistant","resistant"
"SPT64664","2020","true","1241","null","Ghana","GH","Central","Central","sensitive","sensitive","undetermined","undetermined","resistant","resistant"
"SPT64665","2020","false","1241","null","Ghana","GH","Central","Central","null","null","null","null","null","null"
"SPT64666","2020","true","1241","null","Ghana","GH","Central","Central","sensitive","sensitive","undetermined","undetermined","resistant","resistant"
"SPT64667","2020","false","1241","null","Ghana","GH","Central","Central","null","null","null","null","null","null"
"SPT64668","2020","false","1241","null","Ghana","GH","Central","Central","null","null","null","null","null","null"
"SPT64669","2020","false","1241","null","Ghana","GH","Central","Central","null","null","null","null","null","null"
"SPT64670","2020","true","1241","null","Ghana","GH","Central","Central","undetermined","sensitive","undetermined","undetermined","resistant","resistant"
"SPT64671","2020","false","1241","null","Ghana","GH","Central","Central","null","null","null","null","null","null"
"SPT64672","2020","true","1241","null","Ghana","GH","Central","Central","sensitive","sensitive","undetermined","undetermined","resistant","resistant"
"SPT64673","2020","false","1241","null","Ghana","GH","Central","Central","null","null","null","null","null","null"
"SPT64674","2020","true","1241","null","Ghana","GH","Central","Central","sensitive","sensitive","undetermined","sensitive","resistant","resistant"
"SPT64675","2020","true","1241","null","Ghana","GH","Central","Central","undetermined","sensitive","undetermined","undetermined","resistant","sensitive"
"SPT64676","2020","false","1241","null","Ghana","GH","Central","Central","null","null","null","null","null","null"
"SPT64677","2020","false","1241","null","Ghana","GH","Central","Central","null","null","null","null","null","null"
"SPT64678","2020","false","1241","null","Ghana","GH","Central","Central","null","null","null","null","null","null"
"SPT64679","2020","true","1241","null","Ghana","GH","Central","Central","undetermined","sensitive","undetermined","undetermined","resistant","resistant"
"SPT64680","2020","true","1241","null","Ghana","GH","Central","Central","undetermined","sensitive","undetermined","undetermined","resistant","resistant"
"SPT64681","2020","true","1241","null","Ghana","GH","Central","Central","undetermined","sensitive","undetermined","undetermined","resistant","resistant"
"SPT64682","2020","true","1241","null","Ghana","GH","Central","Central","undetermined","sensitive","undetermined","undetermined","resistant","resistant"
"SPT64683","2020","false","1241","null","Ghana","GH","Central","Central","null","null","null","null","null","null"
"SPT64684","2020","false","1241","null","Ghana","GH","Central","Central","null","null","null","null","null","null"
"SPT64685","2020","false","1241","null","Ghana","GH","Central","Central","null","null","null","null","null","null"
"SPT64686","2020","true","1241","null","Ghana","GH","Central","Central","undetermined","sensitive","undetermined","undetermined","resistant","resistant"
"SPT64687","2020","true","1241","null","Ghana","GH","Central","Central","undetermined","sensitive","undetermined","undetermined","resistant","resistant"
"SPT64688","2020","false","1241","null","Ghana","GH","Central","Central","null","null","null","null","null","null"
"SPT64689","2020","false","1241","null","Ghana","GH","Central","Central","null","null","null","null","null","null"
"SPT64690","2020","false","1241","null","Ghana","GH","Central","Central","null","null","null","null","null","null"
"SPT64691","2020","false","1241","null","Ghana","GH","Central","Central","null","null","null","null","null","null"
"SPT64693","2020","false","1241","null","Ghana","GH","Central","Central","null","null","null","null","null","null"
"SPT64694","2020","true","1241","null","Ghana","GH","Central","Central","undetermined","sensitive","undetermined","undetermined","resistant","resistant"
"SPT64695","2020","true","1241","null","Ghana","GH","Central","Central","undetermined","sensitive","undetermined","undetermined","sensitive","sensitive"
"SPT64696","2020","false","1241","null","Ghana","GH","Central","Central","null","null","null","null","null","null"
"SPT64697","2020","true","1241","null","Ghana","GH","Central","Central","undetermined","sensitive","undetermined","undetermined","resistant","resistant"
"SPT64698","2020","true","1241","null","Ghana","GH","Central","Central","undetermined","sensitive","undetermined","undetermined","resistant","resistant"
"SPT64699","2020","true","1241","null","Ghana","GH","Central","Central","undetermined","sensitive","undetermined","undetermined","resistant","resistant"
"SPT64700","2020","true","1241","null","Ghana","GH","Central","Central","undetermined","sensitive","undetermined","undetermined","resistant","resistant"
"SPT64701","2020","false","1241","null","Ghana","GH","Central","Central","null","null","null","null","null","null"
"SPT64702","2020","false","1241","null","Ghana","GH","Central","Central","null","null","null","null","null","null"
"SPT64703","2020","false","1241","null","Ghana","GH","Central","Central","null","null","null","null","null","null"
"SPT64704","2020","false","1241","null","Ghana","GH","Central","Central","null","null","null","null","null","null"
"SPT64705","2020","true","1241","null","Ghana","GH","Central","Central","sensitive","sensitive","undetermined","undetermined","resistant","resistant"
"SPT64706","2020","false","1241","null","Ghana","GH","Central","Central","null","null","null","null","null","null"
"SPT64707","2020","true","1241","null","Ghana","GH","Central","Central","undetermined","sensitive","undetermined","undetermined","resistant","resistant"
"SPT64708","2020","false","1241","null","Ghana","GH","Central","Central","null","null","null","null","null","null"
"SPT64709","2020","false","1241","null","Ghana","GH","Central","Central","null","null","null","null","null","null"
"SPT64710","2020","false","1241","null","Ghana","GH","Central","Central","null","null","null","null","null","null"
"SPT64712","2020","false","1241","null","Ghana","GH","Central","Central","null","null","null","null","null","null"
"SPT64714","2020","false","1241","null","Ghana","GH","Central","Central","null","null","null","null","null","null"
"SPT64715","2020","false","1241","null","Ghana","GH","Central","Central","null","null","null","null","null","null"
"SPT64716","2020","true","1241","null","Ghana","GH","Central","Central","undetermined","sensitive","undetermined","undetermined","resistant","resistant"
"SPT64719","2020","true","1241","null","Ghana","GH","Central","Central","sensitive","sensitive","undetermined","undetermined","resistant","resistant"
"SPT64720","2020","false","1241","null","Ghana","GH","Central","Central","null","null","null","null","null","null"
"SPT64721","2020","true","1241","null","Ghana","GH","Central","Central","undetermined","sensitive","undetermined","undetermined","undetermined","undetermined"
"SPT64723","2020","false","1241","null","Ghana","GH","Central","Central","null","null","null","null","null","null"
"SPT64724","2020","false","1241","null","Ghana","GH","Central","Central","null","null","null","null","null","null"
"SPT64725","2020","true","1241","null","Ghana","GH","Central","Central","undetermined","sensitive","undetermined","undetermined","resistant","resistant"
"SPT64726","2020","true","1241","null","Ghana","GH","Central","Central","undetermined","sensitive","undetermined","undetermined","resistant","resistant"
"SPT64727","2020","false","1241","null","Ghana","GH","Central","Central","null","null","null","null","null","null"
"SPT64728","2020","true","1241","null","Ghana","GH","Central","Central","undetermined","sensitive","undetermined","undetermined","resistant","resistant"
"SPT64729","2020","false","1241","null","Ghana","GH","Central","Central","null","null","null","null","null","null"
"SPT64730","2020","false","1241","null","Ghana","GH","Central","Central","null","null","null","null","null","null"
"SPT64731","2020","true","1241","null","Ghana","GH","Central","Central","undetermined","sensitive","undetermined","undetermined","resistant","resistant"
"SPT64732","2020","false","1241","null","Ghana","GH","Central","Central","null","null","null","null","null","null"
"SPT64733","2020","true","1241","null","Ghana","GH","Central","Central","undetermined","sensitive","undetermined","undetermined","undetermined","resistant"
"SPT64734","2020","false","1241","null","Ghana","GH","Central","Central","null","null","null","null","null","null"
"SPT64735","2020","false","1241","null","Ghana","GH","Central","Central","null","null","null","null","null","null"
"SPT64736","2020","false","1241","null","Ghana","GH","Central","Central","null","null","null","null","null","null"
"SPT64737","2020","false","1241","null","Ghana","GH","Central","Central","null","null","null","null","null","null"
"SPT64738","2020","true","1241","null","Ghana","GH","Central","Central","sensitive","sensitive","undetermined","undetermined","resistant","resistant"
"SPT64739","2020","true","1241","null","Ghana","GH","Central","Central","undetermined","sensitive","undetermined","undetermined","resistant","sensitive"
"SPT64740","2020","false","1241","null","Ghana","GH","Central","Central","null","null","null","null","null","null"
"SPT64741","2020","true","1241","null","Ghana","GH","Central","Central","undetermined","sensitive","undetermined","undetermined","resistant","resistant"
"SPT64742","2020","false","1241","null","Ghana","GH","Central","Central","null","null","null","null","null","null"
"SPT64743","2020","false","1241","null","Ghana","GH","Central","Central","null","null","null","null","null","null"
"SPT64744","2020","false","1241","null","Ghana","GH","Central","Central","null","null","null","null","null","null"
"SPT64745","2020","true","1241","null","Ghana","GH","Central","Central","undetermined","sensitive","undetermined","undetermined","undetermined","resistant"
"SPT64746","2020","false","1241","null","Ghana","GH","Central","Central","null","null","null","null","null","null"
"SPT64747","2020","true","1241","null","Ghana","GH","Central","Central","undetermined","sensitive","undetermined","undetermined","undetermined","undetermined"
"SPT64748","2020","false","1241","null","Ghana","GH","Central","Central","null","null","null","null","null","null"
"SPT64749","2020","false","1241","null","Ghana","GH","Central","Central","null","null","null","null","null","null"
"SPT64750","2020","false","1241","null","Ghana","GH","Central","Central","null","null","null","null","null","null"
"SPT64751","2020","false","1241","null","Ghana","GH","Central","Central","null","null","null","null","null","null"
"SPT64752","2020","true","1241","null","Ghana","GH","Central","Central","undetermined","sensitive","undetermined","undetermined","resistant","undetermined"
"SPT64753","2020","false","1241","null","Ghana","GH","Central","Central","null","null","null","null","null","null"
"SPT64754","2020","false","1241","null","Ghana","GH","Central","Central","null","null","null","null","null","null"
"SPT64755","2020","false","1241","null","Ghana","GH","Central","Central","null","null","null","null","null","null"
"SPT64756","2020","false","1241","null","Ghana","GH","Central","Central","null","null","null","null","null","null"
"SPT64757","2020","false","1241","null","Ghana","GH","Central","Central","null","null","null","null","null","null"
"SPT64758","2020","false","1241","null","Ghana","GH","Central","Central","null","null","null","null","null","null"
"SPT64759","2020","true","1241","null","Ghana","GH","Central","Central","sensitive","sensitive","undetermined","undetermined","resistant","resistant"
"SPT64760","2020","true","1241","null","Ghana","GH","Central","Central","undetermined","sensitive","undetermined","undetermined","resistant","resistant"
"SPT64761","2020","false","1241","null","Ghana","GH","Central","Central","null","null","null","null","null","null"
"SPT64762","2020","true","1241","null","Ghana","GH","Central","Central","undetermined","sensitive","undetermined","undetermined","undetermined","undetermined"
"SPT64763","2020","false","1241","null","Ghana","GH","Central","Central","null","null","null","null","null","null"
"SPT64764","2020","false","1241","null","Ghana","GH","Central","Central","null","null","null","null","null","null"
"SPT64765","2020","false","1241","null","Ghana","GH","Central","Central","null","null","null","null","null","null"
"SPT64766","2020","false","1241","null","Ghana","GH","Central","Central","null","null","null","null","null","null"
"SPT64767","2020","true","1241","null","Ghana","GH","Central","Central","undetermined","resistant","undetermined","undetermined","undetermined","resistant"
"SPT64768","2020","true","1241","null","Ghana","GH","Central","Central","undetermined","sensitive","undetermined","undetermined","undetermined","undetermined"
"SPT64769","2020","false","1241","null","Ghana","GH","Central","Central","null","null","null","null","null","null"
"SPT64770","2020","false","1241","null","Ghana","GH","Central","Central","null","null","null","null","null","null"
"SPT64771","2020","true","1241","null","Ghana","GH","Central","Central","sensitive","sensitive","undetermined","undetermined","resistant","resistant"
"SPT64772","2020","true","1241","null","Ghana","GH","Central","Central","undetermined","resistant","undetermined","undetermined","resistant","resistant"
"SPT64773","2020","false","1241","null","Ghana","GH","Central","Central","null","null","null","null","null","null"
"SPT64774","2020","false","1241","null","Ghana","GH","Central","Central","null","null","null","null","null","null"
"SPT64776","2020","true","1241","null","Ghana","GH","Central","Central","undetermined","sensitive","undetermined","undetermined","resistant","resistant"
"SPT64777","2020","true","1241","null","Ghana","GH","Central","Central","undetermined","sensitive","undetermined","undetermined","resistant","resistant"
"SPT64778","2020","false","1241","null","Ghana","GH","Central","Central","null","null","null","null","null","null"
"SPT64779","2020","false","1241","null","Ghana","GH","Central","Central","null","null","null","null","null","null"
"SPT64780","2020","false","1241","null","Ghana","GH","Central","Central","null","null","null","null","null","null"
"SPT64781","2020","false","1241","null","Ghana","GH","Central","Central","null","null","null","null","null","null"
"SPT64782","2020","true","1241","null","Ghana","GH","Central","Central","undetermined","sensitive","undetermined","undetermined","resistant","undetermined"
"SPT64783","2020","false","1241","null","Ghana","GH","Central","Central","null","null","null","null","null","null"
"SPT64784","2020","true","1241","null","Ghana","GH","Central","Central","undetermined","sensitive","undetermined","undetermined","resistant","resistant"
"SPT64785","2020","true","1241","null","Ghana","GH","Central","Central","undetermined","sensitive","undetermined","undetermined","resistant","resistant"
"SPT64786","2020","true","1241","null","Ghana","GH","Central","Central","sensitive","sensitive","undetermined","sensitive","resistant","resistant"
"SPT64787","2020","false","1241","null","Ghana","GH","Central","Central","null","null","null","null","null","null"
"SPT64788","2020","true","1241","null","Ghana","GH","Central","Central","undetermined","sensitive","undetermined","undetermined","resistant","resistant"
"SPT64789","2020","true","1241","null","Ghana","GH","Central","Central","undetermined","sensitive","undetermined","undetermined","resistant","resistant"
"SPT64790","2020","true","1241","null","Ghana","GH","Central","Central","undetermined","sensitive","undetermined","undetermined","resistant","resistant"
"SPT64791","2020","true","1241","null","Ghana","GH","Central","Central","undetermined","sensitive","undetermined","undetermined","undetermined","undetermined"
"SPT64792","2020","true","1241","null","Ghana","GH","Central","Central","undetermined","sensitive","undetermined","undetermined","resistant","resistant"
"SPT64793","2020","false","1241","null","Ghana","GH","Central","Central","null","null","null","null","null","null"
"SPT64794","2020","false","1241","null","Ghana","GH","Central","Central","null","null","null","null","null","null"
"SPT64795","2020","false","1241","null","Ghana","GH","Central","Central","null","null","null","null","null","null"
"SPT64796","2020","true","1241","null","Ghana","GH","Central","Central","sensitive","sensitive","undetermined","undetermined","resistant","resistant"
"SPT64797","2020","false","1241","null","Ghana","GH","Central","Central","null","null","null","null","null","null"
"SPT64798","2020","false","1241","null","Ghana","GH","Central","Central","null","null","null","null","null","null"
"SPT64799","2020","false","1241","null","Ghana","GH","Central","Central","null","null","null","null","null","null"
"SPT64800","2020","false","1241","null","Ghana","GH","Central","Central","null","null","null","null","null","null"
"SPT64801","2020","false","1241","null","Ghana","GH","Central","Central","null","null","null","null","null","null"
"SPT64802","2020","false","1241","null","Ghana","GH","Central","Central","null","null","null","null","null","null"
"SPT64803","2020","true","1241","null","Ghana","GH","Central","Central","undetermined","sensitive","undetermined","undetermined","resistant","resistant"
"SPT64805","2020","false","1241","null","Ghana","GH","Central","Central","null","null","null","null","null","null"
"SPT64806","2020","true","1241","null","Ghana","GH","Central","Central","sensitive","sensitive","undetermined","undetermined","resistant","resistant"
"SPT64807","2020","false","1241","null","Ghana","GH","Central","Central","null","null","null","null","null","null"
"SPT64808","2020","true","1241","null","Ghana","GH","Central","Central","undetermined","sensitive","undetermined","undetermined","resistant","resistant"
"SPT64809","2020","false","1241","null","Ghana","GH","Central","Central","null","null","null","null","null","null"
"SPT64810","2020","false","1241","null","Ghana","GH","Central","Central","null","null","null","null","null","null"
"SPT64811","2020","false","1241","null","Ghana","GH","Central","Central","null","null","null","null","null","null"
"SPT64813","2020","false","1241","null","Ghana","GH","Central","Central","null","null","null","null","null","null"
"SPT64815","2020","true","1241","null","Ghana","GH","Central","Central","undetermined","sensitive","undetermined","undetermined","resistant","undetermined"
"SPT64816","2020","false","1241","null","Ghana","GH","Central","Central","null","null","null","null","null","null"
"SPT64817","2020","false","1241","null","Ghana","GH","Central","Central","null","null","null","null","null","null"
"SPT64818","2020","true","1241","null","Ghana","GH","Central","Central","sensitive","sensitive","undetermined","undetermined","resistant","resistant"
"SPT64819","2020","true","1241","null","Ghana","GH","Central","Central","undetermined","sensitive","undetermined","undetermined","undetermined","resistant"
"SPT64820","2020","true","1241","null","Ghana","GH","Central","Central","sensitive","sensitive","undetermined","undetermined","resistant","resistant"
"SPT64821","2020","false","1241","null","Ghana","GH","Central","Central","null","null","null","null","null","null"
"SPT64822","2020","true","1241","null","Ghana","GH","Central","Central","undetermined","sensitive","undetermined","undetermined","resistant","resistant"
"SPT64823","2020","false","1241","null","Ghana","GH","Central","Central","null","null","null","null","null","null"
"SPT64824","2020","true","1241","null","Ghana","GH","Central","Central","sensitive","sensitive","undetermined","undetermined","resistant","resistant"
"SPT64825","2020","true","1241","null","Ghana","GH","Central","Central","sensitive","sensitive","undetermined","undetermined","resistant","resistant"
"SPT64826","2020","true","1241","null","Ghana","GH","Central","Central","undetermined","sensitive","undetermined","undetermined","resistant","resistant"
"SPT64827","2020","false","1241","null","Ghana","GH","Central","Central","null","null","null","null","null","null"
"SPT64828","2020","true","1241","null","Ghana","GH","Central","Central","undetermined","sensitive","undetermined","undetermined","resistant","resistant"
"SPT64830","2020","false","1241","null","Ghana","GH","Central","Central","null","null","null","null","null","null"
"SPT64831","2020","true","1241","null","Ghana","GH","Central","Central","undetermined","sensitive","undetermined","undetermined","resistant","undetermined"
"SPT64832","2020","false","1241","null","Ghana","GH","Central","Central","null","null","null","null","null","null"
"SPT64833","2020","true","1241","null","Ghana","GH","Central","Central","undetermined","sensitive","undetermined","undetermined","resistant","sensitive"
"SPT64834","2020","true","1241","null","Ghana","GH","Central","Central","undetermined","sensitive","undetermined","undetermined","resistant","resistant"
"SPT64835","2020","false","1241","null","Ghana","GH","Central","Central","null","null","null","null","null","null"
"SPT64836","2020","true","1241","null","Ghana","GH","Central","Central","undetermined","sensitive","undetermined","undetermined","resistant","resistant"
"SPT64837","2020","true","1241","null","Ghana","GH","Central","Central","undetermined","sensitive","undetermined","undetermined","resistant","resistant"
"SPT64838","2020","false","1241","null","Ghana","GH","Central","Central","null","null","null","null","null","null"
"SPT64839","2020","false","1241","null","Ghana","GH","Central","Central","null","null","null","null","null","null"
"SPT64840","2020","false","1241","null","Ghana","GH","Central","Central","null","null","null","null","null","null"
"SPT64841","2020","true","1241","null","Ghana","GH","Central","Central","undetermined","sensitive","undetermined","undetermined","resistant","resistant"
"SPT64842","2020","false","1241","null","Ghana","GH","Central","Central","null","null","null","null","null","null"
"SPT64843","2020","true","1241","null","Ghana","GH","Central","Central","undetermined","sensitive","undetermined","undetermined","undetermined","resistant"
"SPT64844","2020","true","1241","null","Ghana","GH","Central","Central","sensitive","sensitive","undetermined","undetermined","resistant","resistant"
"SPT64845","2020","false","1241","null","Ghana","GH","Central","Central","null","null","null","null","null","null"
"SPT64846","2020","false","1241","null","Ghana","GH","Central","Central","null","null","null","null","null","null"
"SPT64847","2020","false","1241","null","Ghana","GH","Central","Central","null","null","null","null","null","null"
"SPT64848","2020","true","1241","null","Ghana","GH","Central","Central","undetermined","sensitive","undetermined","undetermined","resistant","resistant"
"SPT64849","2020","true","1241","null","Ghana","GH","Central","Central","undetermined","sensitive","undetermined","undetermined","resistant","resistant"
"SPT64850","2020","false","1241","null","Ghana","GH","Central","Central","null","null","null","null","null","null"
"SPT64851","2020","true","1241","null","Ghana","GH","Central","Central","undetermined","sensitive","undetermined","undetermined","resistant","resistant"
"SPT64852","2020","false","1241","null","Ghana","GH","Central","Central","null","null","null","null","null","null"
"SPT64853","2020","true","1241","null","Ghana","GH","Central","Central","undetermined","sensitive","undetermined","undetermined","resistant","resistant"
"SPT64854","2020","false","1241","null","Ghana","GH","Central","Central","null","null","null","null","null","null"
"SPT64855","2020","true","1241","null","Ghana","GH","Central","Central","undetermined","sensitive","undetermined","undetermined","resistant","resistant"
"SPT64856","2020","true","1241","null","Ghana","GH","Central","Central","sensitive","sensitive","undetermined","undetermined","resistant","resistant"
"SPT64857","2020","false","1241","null","Ghana","GH","Central","Central","null","null","null","null","null","null"
"SPT64858","2020","true","1241","null","Ghana","GH","Central","Central","undetermined","sensitive","undetermined","undetermined","resistant","resistant"
"SPT64859","2020","false","1241","null","Ghana","GH","Central","Central","null","null","null","null","null","null"
"SPT64860","2020","true","1241","null","Ghana","GH","Central","Central","sensitive","sensitive","undetermined","undetermined","resistant","resistant"
"SPT64861","2020","false","1241","null","Ghana","GH","Central","Central","null","null","null","null","null","null"
"SPT64862","2020","true","1241","null","Ghana","GH","Central","Central","undetermined","sensitive","undetermined","undetermined","resistant","resistant"
"SPT64863","2020","true","1241","null","Ghana","GH","Central","Central","sensitive","sensitive","undetermined","undetermined","resistant","resistant"
"SPT64864","2020","false","1241","null","Ghana","GH","Central","Central","null","null","null","null","null","null"
"SPT64865","2020","false","1241","null","Ghana","GH","Central","Central","null","null","null","null","null","null"
"SPT64866","2020","false","1241","null","Ghana","GH","Central","Central","null","null","null","null","null","null"
"SPT64867","2020","true","1241","null","Ghana","GH","Central","Central","undetermined","sensitive","undetermined","undetermined","resistant","undetermined"
"SPT64868","2020","false","1241","null","Ghana","GH","Central","Central","null","null","null","null","null","null"
"SPT64869","2020","false","1241","null","Ghana","GH","Central","Central","null","null","null","null","null","null"
"SPT64871","2020","true","1241","null","Ghana","GH","Central","Central","sensitive","sensitive","undetermined","undetermined","resistant","resistant"
"SPT64872","2020","true","1241","null","Ghana","GH","Central","Central","undetermined","sensitive","undetermined","undetermined","undetermined","resistant"
"SPT64873","2020","true","1241","null","Ghana","GH","Central","Central","undetermined","sensitive","undetermined","undetermined","resistant","resistant"
"SPT64874","2020","false","1241","null","Ghana","GH","Central","Central","null","null","null","null","null","null"
"SPT64875","2020","false","1241","null","Ghana","GH","Central","Central","null","null","null","null","null","null"
"SPT64876","2020","true","1241","null","Ghana","GH","Central","Central","undetermined","sensitive","undetermined","undetermined","undetermined","resistant"
"SPT64877","2020","true","1241","null","Ghana","GH","Central","Central","sensitive","sensitive","undetermined","undetermined","resistant","resistant"
"SPT64878","2020","true","1241","null","Ghana","GH","Central","Central","undetermined","sensitive","undetermined","undetermined","resistant","resistant"
"SPT64879","2020","true","1241","null","Ghana","GH","Central","Central","undetermined","sensitive","undetermined","undetermined","resistant","resistant"
"SPT64880","2020","true","1241","null","Ghana","GH","Central","Central","sensitive","sensitive","undetermined","undetermined","resistant","resistant"
"SPT64881","2020","false","1241","null","Ghana","GH","Central","Central","null","null","null","null","null","null"
"SPT64882","2020","false","1241","null","Ghana","GH","Central","Central","null","null","null","null","null","null"
"SPT64883","2020","false","1241","null","Ghana","GH","Central","Central","null","null","null","null","null","null"
"SPT64884","2020","true","1241","null","Ghana","GH","Central","Central","undetermined","sensitive","undetermined","undetermined","resistant","resistant"
"SPT64885","2020","true","1241","null","Ghana","GH","Central","Central","undetermined","sensitive","undetermined","undetermined","resistant","resistant"
"SPT64886","2020","true","1241","null","Ghana","GH","Central","Central","undetermined","sensitive","undetermined","undetermined","undetermined","undetermined"
"SPT64887","2020","false","1241","null","Ghana","GH","Central","Central","null","null","null","null","null","null"
"SPT64888","2020","false","1241","null","Ghana","GH","Central","Central","null","null","null","null","null","null"
"SPT64889","2020","true","1241","null","Ghana","GH","Central","Central","undetermined","sensitive","undetermined","undetermined","resistant","resistant"
"SPT64890","2020","true","1241","null","Ghana","GH","Central","Central","undetermined","sensitive","undetermined","undetermined","undetermined","sensitive"
"SPT64891","2020","false","1241","null","Ghana","GH","Central","Central","null","null","null","null","null","null"
"SPT64892","2020","false","1241","null","Ghana","GH","Central","Central","null","null","null","null","null","null"
"SPT64893","2020","false","1241","null","Ghana","GH","Central","Central","null","null","null","null","null","null"
"SPT64894","2020","false","1241","null","Ghana","GH","Central","Central","null","null","null","null","null","null"
"SPT64895","2020","false","1241","null","Ghana","GH","Central","Central","null","null","null","null","null","null"
"SPT64896","2020","true","1241","null","Ghana","GH","Central","Central","undetermined","sensitive","undetermined","undetermined","resistant","resistant"
"SPT64897","2020","true","1241","null","Ghana","GH","Central","Central","sensitive","sensitive","undetermined","undetermined","resistant","resistant"
"SPT64898","2020","false","1241","null","Ghana","GH","Central","Central","null","null","null","null","null","null"
"SPT64899","2020","true","1241","null","Ghana","GH","Central","Central","undetermined","sensitive","undetermined","undetermined","resistant","resistant"
"SPT64900","2020","false","1241","null","Ghana","GH","Central","Central","null","null","null","null","null","null"
"SPT64902","2020","false","1241","null","Ghana","GH","Central","Central","null","null","null","null","null","null"
"SPT64903","2020","true","1241","null","Ghana","GH","Central","Central","undetermined","sensitive","undetermined","undetermined","resistant","resistant"
"SPT64904","2020","true","1241","null","Ghana","GH","Central","Central","sensitive","sensitive","undetermined","undetermined","resistant","resistant"
"SPT64905","2020","false","1241","null","Ghana","GH","Central","Central","null","null","null","null","null","null"
"SPT64906","2020","false","1241","null","Ghana","GH","Central","Central","null","null","null","null","null","null"
"SPT64907","2020","false","1241","null","Ghana","GH","Central","Central","null","null","null","null","null","null"
"SPT64908","2020","false","1241","null","Ghana","GH","Central","Central","null","null","null","null","null","null"
"SPT64909","2020","false","1241","null","Ghana","GH","Central","Central","null","null","null","null","null","null"
"SPT64910","2020","false","1241","null","Ghana","GH","Central","Central","null","null","null","null","null","null"
"SPT64911","2020","true","1241","null","Ghana","GH","Central","Central","undetermined","sensitive","undetermined","undetermined","resistant","resistant"
"SPT64912","2020","false","1241","null","Ghana","GH","Central","Central","null","null","null","null","null","null"
"SPT64913","2020","true","1241","null","Ghana","GH","Central","Central","undetermined","sensitive","undetermined","undetermined","resistant","resistant"
"SPT64914","2020","false","1241","null","Ghana","GH","Central","Central","null","null","null","null","null","null"
"SPT64915","2020","false","1241","null","Ghana","GH","Central","Central","null","null","null","null","null","null"
"SPT64916","2020","false","1241","null","Ghana","GH","Central","Central","null","null","null","null","null","null"
"SPT64917","2020","false","1241","null","Ghana","GH","Central","Central","null","null","null","null","null","null"
"SPT64918","2020","false","1241","null","Ghana","GH","Central","Central","null","null","null","null","null","null"
"SPT64919","2020","false","1241","null","Ghana","GH","Central","Central","null","null","null","null","null","null"
"SPT64920","2020","false","1241","null","Ghana","GH","Central","Central","null","null","null","null","null","null"
"SPT64921","2020","false","1241","null","Ghana","GH","Central","Central","null","null","null","null","null","null"
"SPT64924","2020","false","1241","null","Ghana","GH","Central","Central","null","null","null","null","null","null"
"SPT64926","2020","false","1241","null","Ghana","GH","Central","Central","null","null","null","null","null","null"
"SPT64928","2020","false","1241","null","Ghana","GH","Central","Central","null","null","null","null","null","null"
"SPT64929","2020","false","1241","null","Ghana","GH","Central","Central","null","null","null","null","null","null"
"SPT64931","2020","false","1241","null","Ghana","GH","Central","Central","null","null","null","null","null","null"
"SPT64934","2020","false","1241","null","Ghana","GH","Central","Central","null","null","null","null","null","null"
"SPT64936","2020","false","1241","null","Ghana","GH","Central","Central","null","null","null","null","null","null"
"SPT64937","2020","false","1241","null","Ghana","GH","Central","Central","null","null","null","null","null","null"
"SPT64939","2020","false","1241","null","Ghana","GH","Central","Central","null","null","null","null","null","null"
"SPT64940","2020","false","1241","null","Ghana","GH","Central","Central","null","null","null","null","null","null"
"SPT64942","2020","false","1241","null","Ghana","GH","Central","Central","null","null","null","null","null","null"
"SPT64943","2020","false","1241","null","Ghana","GH","Central","Central","null","null","null","null","null","null"
"SPT64944","2020","false","1241","null","Ghana","GH","Central","Central","null","null","null","null","null","null"
"SPT64946","2020","false","1241","null","Ghana","GH","Central","Central","null","null","null","null","null","null"
"SPT64948","2020","false","1241","null","Ghana","GH","Central","Central","null","null","null","null","null","null"
"SPT64949","2020","true","1241","null","Ghana","GH","Central","Central","undetermined","sensitive","undetermined","undetermined","undetermined","resistant"
"SPT64950","2020","false","1241","null","Ghana","GH","Central","Central","null","null","null","null","null","null"
"SPT64951","2020","false","1241","null","Ghana","GH","Central","Central","null","null","null","null","null","null"
"SPT64952","2020","false","1241","null","Ghana","GH","Central","Central","null","null","null","null","null","null"
"SPT64955","2020","false","1241","null","Ghana","GH","Central","Central","null","null","null","null","null","null"
"SPT64956","2020","false","1241","null","Ghana","GH","Central","Central","null","null","null","null","null","null"
"SPT64957","2020","false","1241","null","Ghana","GH","Central","Central","null","null","null","null","null","null"
"SPT64958","2020","true","1241","null","Ghana","GH","Central","Central","sensitive","sensitive","undetermined","undetermined","resistant","resistant"
"SPT64959","2020","false","1241","null","Ghana","GH","Central","Central","null","null","null","null","null","null"
"SPT64960","2020","false","1241","null","Ghana","GH","Central","Central","null","null","null","null","null","null"
"SPT64962","2020","false","1241","null","Ghana","GH","Central","Central","null","null","null","null","null","null"
"SPT64963","2020","false","1241","null","Ghana","GH","Central","Central","null","null","null","null","null","null"
"SPT64964","2020","false","1241","null","Ghana","GH","Central","Central","null","null","null","null","null","null"
"SPT64965","2020","false","1241","null","Ghana","GH","Central","Central","null","null","null","null","null","null"
"SPT64967","2020","false","1241","null","Ghana","GH","Central","Central","null","null","null","null","null","null"
"SPT64968","2020","false","1241","null","Ghana","GH","Central","Central","null","null","null","null","null","null"
"SPT64969","2020","false","1241","null","Ghana","GH","Central","Central","null","null","null","null","null","null"
"SPT64970","2020","false","1241","null","Ghana","GH","Central","Central","null","null","null","null","null","null"
"SPT64971","2020","false","1241","null","Ghana","GH","Central","Central","null","null","null","null","null","null"
"SPT64972","2020","false","1241","null","Ghana","GH","Central","Central","null","null","null","null","null","null"
"SPT64973","2020","true","1241","null","Ghana","GH","Central","Central","undetermined","sensitive","undetermined","undetermined","resistant","resistant"
"SPT64974","2020","false","1241","null","Ghana","GH","Central","Central","null","null","null","null","null","null"
"SPT64975","2020","false","1241","null","Ghana","GH","Central","Central","null","null","null","null","null","null"
"SPT64977","2020","true","1241","null","Ghana","GH","Central","Central","undetermined","sensitive","undetermined","undetermined","undetermined","undetermined"
"SPT64979","2020","true","1241","null","Ghana","GH","Central","Central","sensitive","sensitive","undetermined","undetermined","resistant","resistant"
"SPT64981","2020","false","1241","null","Ghana","GH","Central","Central","null","null","null","null","null","null"
"SPT64984","2020","false","1241","null","Ghana","GH","Central","Central","null","null","null","null","null","null"
"SPT64985","2020","true","1241","null","Ghana","GH","Central","Central","undetermined","sensitive","undetermined","undetermined","resistant","resistant"
"SPT64986","2020","false","1241","null","Ghana","GH","Central","Central","null","null","null","null","null","null"
"SPT64987","2020","false","1241","null","Ghana","GH","Central","Central","null","null","null","null","null","null"
"SPT64989","2020","true","1241","null","Ghana","GH","Central","Central","undetermined","sensitive","undetermined","undetermined","resistant","resistant"
"SPT64990","2020","true","1241","null","Ghana","GH","Central","Central","undetermined","sensitive","undetermined","undetermined","resistant","resistant"
"SPT64991","2020","true","1241","null","Ghana","GH","Central","Central","undetermined","sensitive","undetermined","undetermined","resistant","resistant"
"SPT64992","2020","false","1241","null","Ghana","GH","Central","Central","null","null","null","null","null","null"
"SPT64993","2020","false","1241","null","Ghana","GH","Central","Central","null","null","null","null","null","null"
"SPT64996","2020","false","1241","null","Ghana","GH","Central","Central","null","null","null","null","null","null"
"SPT64997","2020","false","1241","null","Ghana","GH","Central","Central","null","null","null","null","null","null"
"SPT64998","2020","false","1241","null","Ghana","GH","Central","Central","null","null","null","null","null","null"
"SPT64999","2020","false","1241","null","Ghana","GH","Central","Central","null","null","null","null","null","null"
"SPT65000","2020","false","1241","null","Ghana","GH","Central","Central","null","null","null","null","null","null"
"SPT65002","2020","false","1241","null","Ghana","GH","Central","Central","null","null","null","null","null","null"
"SPT65004","2020","false","1241","null","Ghana","GH","Central","Central","null","null","null","null","null","null"
"SPT65005","2020","false","1241","null","Ghana","GH","Central","Central","null","null","null","null","null","null"
"SPT65006","2020","false","1241","null","Ghana","GH","Central","Central","null","null","null","null","null","null"
"SPT65011","2020","true","1241","null","Ghana","GH","Central","Central","undetermined","sensitive","undetermined","undetermined","resistant","resistant"
"SPT65012","2020","true","1241","null","Ghana","GH","Central","Central","undetermined","sensitive","undetermined","undetermined","resistant","resistant"
"SPT65013","2020","false","1241","null","Ghana","GH","Central","Central","null","null","null","null","null","null"
"SPT65014","2020","false","1241","null","Ghana","GH","Central","Central","null","null","null","null","null","null"
"SPT65017","2020","false","1241","null","Ghana","GH","Central","Central","null","null","null","null","null","null"
"SPT65018","2020","true","1241","null","Ghana","GH","Central","Central","undetermined","sensitive","undetermined","undetermined","resistant","resistant"
"SPT65019","2020","false","1241","null","Ghana","GH","Central","Central","null","null","null","null","null","null"
"SPT65021","2020","false","1241","null","Ghana","GH","Central","Central","null","null","null","null","null","null"
"SPT65023","2020","false","1241","null","Ghana","GH","Central","Central","null","null","null","null","null","null"
"SPT65026","2020","false","1241","null","Ghana","GH","Central","Central","null","null","null","null","null","null"
"SPT65027","2020","false","1241","null","Ghana","GH","Central","Central","null","null","null","null","null","null"
"SPT65028","2020","false","1241","null","Ghana","GH","Central","Central","null","null","null","null","null","null"
"SPT65029","2020","false","1241","null","Ghana","GH","Central","Central","null","null","null","null","null","null"
"SPT65030","2020","false","1241","null","Ghana","GH","Central","Central","null","null","null","null","null","null"
"SPT65031","2020","false","1241","null","Ghana","GH","Central","Central","null","null","null","null","null","null"
"SPT65032","2020","false","1241","null","Ghana","GH","Central","Central","null","null","null","null","null","null"
"SPT65034","2020","false","1241","null","Ghana","GH","Central","Central","null","null","null","null","null","null"
"SPT65036","2020","true","1241","null","Ghana","GH","Central","Central","sensitive","sensitive","undetermined","undetermined","resistant","resistant"
"SPT65038","2020","true","1241","null","Ghana","GH","Central","Central","sensitive","sensitive","undetermined","sensitive","resistant","resistant"
"SPT65039","2020","false","1241","null","Ghana","GH","Central","Central","null","null","null","null","null","null"
"SPT65040","2020","false","1241","null","Ghana","GH","Central","Central","null","null","null","null","null","null"
"SPT65041","2020","true","1241","null","Ghana","GH","Central","Central","undetermined","sensitive","undetermined","undetermined","resistant","resistant"
"SPT65042","2020","true","1241","null","Ghana","GH","Central","Central","undetermined","sensitive","undetermined","undetermined","undetermined","resistant"
"SPT65043","2020","false","1241","null","Ghana","GH","Central","Central","null","null","null","null","null","null"
"SPT65044","2020","false","1241","null","Ghana","GH","Central","Central","null","null","null","null","null","null"
"SPT65045","2020","false","1241","null","Ghana","GH","Central","Central","null","null","null","null","null","null"
"SPT65046","2020","false","1241","null","Ghana","GH","Central","Central","null","null","null","null","null","null"
"SPT65047","2020","false","1241","null","Ghana","GH","Central","Central","null","null","null","null","null","null"
"SPT65048","2020","false","1241","null","Ghana","GH","Central","Central","null","null","null","null","null","null"
"SPT65049","2020","true","1241","null","Ghana","GH","Central","Central","undetermined","sensitive","undetermined","undetermined","resistant","resistant"
"SPT65050","2020","false","1241","null","Ghana","GH","Central","Central","null","null","null","null","null","null"
"SPT65051","2020","true","1241","null","Ghana","GH","Central","Central","undetermined","sensitive","undetermined","undetermined","undetermined","undetermined"
"SPT65052","2020","false","1241","null","Ghana","GH","Central","Central","null","null","null","null","null","null"
"SPT65053","2020","false","1241","null","Ghana","GH","Central","Central","null","null","null","null","null","null"
"SPT65054","2020","false","1241","null","Ghana","GH","Central","Central","null","null","null","null","null","null"
"SPT65055","2020","true","1241","null","Ghana","GH","Central","Central","undetermined","sensitive","undetermined","undetermined","resistant","resistant"
"SPT65057","2020","false","1241","null","Ghana","GH","Central","Central","null","null","null","null","null","null"
"SPT65058","2020","true","1241","null","Ghana","GH","Central","Central","sensitive","sensitive","undetermined","undetermined","resistant","resistant"
"SPT65059","2020","true","1241","null","Ghana","GH","Central","Central","undetermined","sensitive","undetermined","undetermined","resistant","resistant"
"SPT65060","2020","false","1241","null","Ghana","GH","Central","Central","null","null","null","null","null","null"
"SPT65061","2020","false","1241","null","Ghana","GH","Central","Central","null","null","null","null","null","null"
"SPT65062","2020","false","1241","null","Ghana","GH","Central","Central","null","null","null","null","null","null"
"SPT65063","2020","false","1241","null","Ghana","GH","Central","Central","null","null","null","null","null","null"
"SPT65064","2020","false","1241","null","Ghana","GH","Central","Central","null","null","null","null","null","null"
"SPT65066","2020","false","1241","null","Ghana","GH","Central","Central","null","null","null","null","null","null"
"SPT65067","2020","true","1241","null","Ghana","GH","Central","Central","undetermined","sensitive","undetermined","undetermined","resistant","resistant"
"SPT65068","2020","false","1241","null","Ghana","GH","Central","Central","null","null","null","null","null","null"
"SPT65069","2020","false","1241","null","Ghana","GH","Central","Central","null","null","null","null","null","null"
"SPT65071","2020","false","1241","null","Ghana","GH","Central","Central","null","null","null","null","null","null"
"SPT65072","2020","true","1241","null","Ghana","GH","Central","Central","undetermined","sensitive","undetermined","undetermined","resistant","sensitive"
"SPT65074","2020","false","1241","null","Ghana","GH","Central","Central","null","null","null","null","null","null"
"SPT65075","2020","false","1241","null","Ghana","GH","Central","Central","null","null","null","null","null","null"
"SPT65077","2020","false","1241","null","Ghana","GH","Central","Central","null","null","null","null","null","null"
"SPT65078","2020","false","1241","null","Ghana","GH","Central","Central","null","null","null","null","null","null"
"SPT65079","2020","false","1241","null","Ghana","GH","Central","Central","null","null","null","null","null","null"
"SPT65080","2020","false","1241","null","Ghana","GH","Central","Central","null","null","null","null","null","null"
"SPT65081","2020","false","1241","null","Ghana","GH","Central","Central","null","null","null","null","null","null"
"SPT65082","2020","true","1241","null","Ghana","GH","Central","Central","undetermined","sensitive","undetermined","undetermined","resistant","resistant"
"SPT65083","2020","true","1241","null","Ghana","GH","Central","Central","sensitive","sensitive","undetermined","undetermined","resistant","resistant"
"SPT65084","2020","false","1241","null","Ghana","GH","Central","Central","null","null","null","null","null","null"
"SPT65085","2020","false","1241","null","Ghana","GH","Central","Central","null","null","null","null","null","null"
"SPT65086","2020","true","1241","null","Ghana","GH","Central","Central","undetermined","sensitive","undetermined","undetermined","resistant","resistant"
"SPT65087","2020","false","1241","null","Ghana","GH","Central","Central","null","null","null","null","null","null"
"SPT65088","2020","true","1241","null","Ghana","GH","Central","Central","undetermined","sensitive","undetermined","undetermined","resistant","resistant"
"SPT65089","2020","false","1241","null","Ghana","GH","Central","Central","null","null","null","null","null","null"
"SPT65090","2020","false","1241","null","Ghana","GH","Central","Central","null","null","null","null","null","null"
"SPT65091","2020","true","1241","null","Ghana","GH","Central","Central","undetermined","sensitive","undetermined","undetermined","resistant","resistant"
"SPT65092","2020","true","1241","null","Ghana","GH","Central","Central","sensitive","sensitive","undetermined","undetermined","resistant","undetermined"
"SPT65093","2020","false","1241","null","Ghana","GH","Central","Central","null","null","null","null","null","null"
"SPT65094","2020","true","1241","null","Ghana","GH","Central","Central","sensitive","sensitive","undetermined","undetermined","undetermined","undetermined"
"SPT65095","2020","false","1241","null","Ghana","GH","Central","Central","null","null","null","null","null","null"
"SPT65096","2020","true","1241","null","Ghana","GH","Central","Central","undetermined","sensitive","undetermined","undetermined","undetermined","resistant"
"SPT65097","2020","false","1241","null","Ghana","GH","Central","Central","null","null","null","null","null","null"
"SPT65098","2020","false","1241","null","Ghana","GH","Central","Central","null","null","null","null","null","null"
"SPT65100","2020","true","1241","null","Ghana","GH","Central","Central","sensitive","sensitive","undetermined","undetermined","resistant","resistant"
"SPT65101","2020","false","1241","null","Ghana","GH","Central","Central","null","null","null","null","null","null"
"SPT65102","2020","true","1241","null","Ghana","GH","Central","Central","sensitive","sensitive","undetermined","sensitive","resistant","resistant"
"SPT65103","2020","false","1241","null","Ghana","GH","Central","Central","null","null","null","null","null","null"
"SPT65104","2020","false","1241","null","Ghana","GH","Central","Central","null","null","null","null","null","null"
"SPT65105","2020","false","1241","null","Ghana","GH","Central","Central","null","null","null","null","null","null"
"SPT65106","2020","false","1241","null","Ghana","GH","Central","Central","null","null","null","null","null","null"
"SPT65108","2020","true","1241","null","Ghana","GH","Eastern","Eastern","undetermined","sensitive","undetermined","undetermined","resistant","resistant"
"SPT65109","2021","false","1241","null","Ghana","GH","Eastern","Eastern","null","null","null","null","null","null"
"SPT65110","2020","false","1241","null","Ghana","GH","Eastern","Eastern","null","null","null","null","null","null"
"SPT65111","2021","true","1241","null","Ghana","GH","Eastern","Eastern","sensitive","sensitive","undetermined","undetermined","resistant","resistant"
"SPT65112","2021","true","1241","null","Ghana","GH","Eastern","Eastern","undetermined","sensitive","undetermined","undetermined","resistant","resistant"
"SPT65113","2021","false","1241","null","Ghana","GH","Eastern","Eastern","null","null","null","null","null","null"
"SPT65114","2021","false","1241","null","Ghana","GH","Eastern","Eastern","null","null","null","null","null","null"
"SPT65115","2021","true","1241","null","Ghana","GH","Eastern","Eastern","sensitive","sensitive","undetermined","undetermined","resistant","resistant"
"SPT65116","2020","false","1241","null","Ghana","GH","Eastern","Eastern","null","null","null","null","null","null"
"SPT65117","2020","true","1241","null","Ghana","GH","Eastern","Eastern","undetermined","sensitive","undetermined","undetermined","resistant","resistant"
"SPT65118","2021","true","1241","null","Ghana","GH","Eastern","Eastern","sensitive","sensitive","undetermined","undetermined","resistant","resistant"
"SPT65119","2020","false","1241","null","Ghana","GH","Eastern","Eastern","null","null","null","null","null","null"
"SPT65120","2020","false","1241","null","Ghana","GH","Eastern","Eastern","null","null","null","null","null","null"
"SPT65121","2020","false","1241","null","Ghana","GH","Eastern","Eastern","null","null","null","null","null","null"
"SPT65122","2020","true","1241","null","Ghana","GH","Eastern","Eastern","sensitive","sensitive","undetermined","undetermined","resistant","resistant"
"SPT65123","2020","false","1241","null","Ghana","GH","Eastern","Eastern","null","null","null","null","null","null"
"SPT65124","2020","true","1241","null","Ghana","GH","Eastern","Eastern","sensitive","sensitive","sensitive","sensitive","resistant","resistant"
"SPT65125","2020","true","1241","null","Ghana","GH","Eastern","Eastern","sensitive","sensitive","undetermined","sensitive","resistant","resistant"
"SPT65126","2020","true","1241","null","Ghana","GH","Eastern","Eastern","sensitive","sensitive","undetermined","undetermined","resistant","resistant"
"SPT65127","2020","false","1241","null","Ghana","GH","Eastern","Eastern","null","null","null","null","null","null"
"SPT65128","2020","false","1241","null","Ghana","GH","Eastern","Eastern","null","null","null","null","null","null"
"SPT65129","2020","true","1241","null","Ghana","GH","Eastern","Eastern","undetermined","sensitive","undetermined","undetermined","resistant","resistant"
"SPT65130","2020","false","1241","null","Ghana","GH","Eastern","Eastern","null","null","null","null","null","null"
"SPT65131","2020","true","1241","null","Ghana","GH","Eastern","Eastern","undetermined","sensitive","undetermined","undetermined","resistant","resistant"
"SPT65132","2020","false","1241","null","Ghana","GH","Eastern","Eastern","null","null","null","null","null","null"
"SPT65133","2020","true","1241","null","Ghana","GH","Eastern","Eastern","undetermined","sensitive","undetermined","undetermined","resistant","resistant"
"SPT65134","2020","false","1241","null","Ghana","GH","Eastern","Eastern","null","null","null","null","null","null"
"SPT65135","2020","false","1241","null","Ghana","GH","Eastern","Eastern","null","null","null","null","null","null"
"SPT65136","2020","true","1241","null","Ghana","GH","Eastern","Eastern","sensitive","sensitive","sensitive","undetermined","resistant","resistant"
"SPT65137","2020","true","1241","null","Ghana","GH","Eastern","Eastern","sensitive","sensitive","undetermined","undetermined","resistant","resistant"
"SPT65138","2020","false","1241","null","Ghana","GH","Eastern","Eastern","null","null","null","null","null","null"
"SPT65139","2020","true","1241","null","Ghana","GH","Eastern","Eastern","undetermined","sensitive","undetermined","undetermined","undetermined","resistant"
"SPT65140","2020","true","1241","null","Ghana","GH","Eastern","Eastern","undetermined","sensitive","undetermined","undetermined","undetermined","resistant"
"SPT65141","2020","true","1241","null","Ghana","GH","Eastern","Eastern","sensitive","sensitive","undetermined","undetermined","resistant","resistant"
"SPT65142","2020","false","1241","null","Ghana","GH","Eastern","Eastern","null","null","null","null","null","null"
"SPT65143","2020","false","1241","null","Ghana","GH","Eastern","Eastern","null","null","null","null","null","null"
"SPT65144","2020","true","1241","null","Ghana","GH","Eastern","Eastern","undetermined","sensitive","undetermined","undetermined","resistant","resistant"
"SPT65145","2020","false","1241","null","Ghana","GH","Eastern","Eastern","null","null","null","null","null","null"
"SPT65146","2020","true","1241","null","Ghana","GH","Eastern","Eastern","undetermined","resistant","undetermined","undetermined","resistant","resistant"
"SPT65147","2020","true","1241","null","Ghana","GH","Eastern","Eastern","sensitive","sensitive","undetermined","undetermined","resistant","resistant"
"SPT65148","2020","true","1241","null","Ghana","GH","Eastern","Eastern","sensitive","sensitive","sensitive","sensitive","resistant","resistant"
"SPT65149","2020","false","1241","null","Ghana","GH","Eastern","Eastern","null","null","null","null","null","null"
"SPT65150","2020","false","1241","null","Ghana","GH","Eastern","Eastern","null","null","null","null","null","null"
"SPT65151","2020","true","1241","null","Ghana","GH","Eastern","Eastern","undetermined","sensitive","undetermined","undetermined","undetermined","resistant"
"SPT65152","2020","true","1241","null","Ghana","GH","Eastern","Eastern","sensitive","sensitive","undetermined","undetermined","resistant","resistant"
"SPT65153","2020","true","1241","null","Ghana","GH","Eastern","Eastern","undetermined","sensitive","undetermined","undetermined","resistant","resistant"
"SPT65154","2020","false","1241","null","Ghana","GH","Eastern","Eastern","null","null","null","null","null","null"
"SPT65155","2020","false","1241","null","Ghana","GH","Eastern","Eastern","null","null","null","null","null","null"
"SPT65156","2020","false","1241","null","Ghana","GH","Eastern","Eastern","null","null","null","null","null","null"
"SPT65157","2020","false","1241","null","Ghana","GH","Eastern","Eastern","null","null","null","null","null","null"
"SPT65158","2020","false","1241","null","Ghana","GH","Eastern","Eastern","null","null","null","null","null","null"
"SPT65159","2021","false","1241","null","Ghana","GH","Eastern","Eastern","null","null","null","null","null","null"
"SPT65160","2021","true","1241","null","Ghana","GH","Eastern","Eastern","sensitive","sensitive","undetermined","undetermined","resistant","resistant"
"SPT65161","2021","true","1241","null","Ghana","GH","Eastern","Eastern","sensitive","sensitive","undetermined","undetermined","resistant","resistant"
"SPT65162","2021","true","1241","null","Ghana","GH","Eastern","Eastern","sensitive","sensitive","undetermined","undetermined","resistant","resistant"
"SPT65163","2021","false","1241","null","Ghana","GH","Eastern","Eastern","null","null","null","null","null","null"
"SPT65164","2021","true","1241","null","Ghana","GH","Eastern","Eastern","sensitive","sensitive","undetermined","undetermined","resistant","resistant"
"SPT65165","2021","true","1241","null","Ghana","GH","Eastern","Eastern","sensitive","sensitive","undetermined","undetermined","resistant","resistant"
"SPT65166","2021","true","1241","null","Ghana","GH","Eastern","Eastern","sensitive","sensitive","undetermined","undetermined","resistant","resistant"
"SPT65168","2021","false","1241","null","Ghana","GH","Eastern","Eastern","null","null","null","null","null","null"
"SPT65169","2021","false","1241","null","Ghana","GH","Eastern","Eastern","null","null","null","null","null","null"
"SPT65170","2021","true","1241","null","Ghana","GH","Eastern","Eastern","sensitive","sensitive","undetermined","undetermined","resistant","resistant"
"SPT65172","2020","true","1241","null","Ghana","GH","Central","Central","sensitive","sensitive","undetermined","undetermined","resistant","resistant"
"SPT65173","2020","true","1241","null","Ghana","GH","Central","Central","sensitive","sensitive","undetermined","undetermined","resistant","resistant"
"SPT65174","2020","false","1241","null","Ghana","GH","Central","Central","null","null","null","null","null","null"
"SPT65175","2020","false","1241","null","Ghana","GH","Central","Central","null","null","null","null","null","null"
"SPT65176","2020","true","1241","null","Ghana","GH","Central","Central","sensitive","sensitive","undetermined","undetermined","resistant","resistant"
"SPT65177","2020","false","1241","null","Ghana","GH","Central","Central","null","null","null","null","null","null"
"SPT65178","2020","false","1241","null","Ghana","GH","Central","Central","null","null","null","null","null","null"
"SPT65179","2020","true","1241","null","Ghana","GH","Central","Central","undetermined","sensitive","undetermined","undetermined","resistant","resistant"
"SPT65180","2020","false","1241","null","Ghana","GH","Central","Central","null","null","null","null","null","null"
"SPT65181","2020","true","1241","null","Ghana","GH","Central","Central","undetermined","sensitive","undetermined","undetermined","resistant","resistant"
"SPT65182","2020","true","1241","null","Ghana","GH","Central","Central","undetermined","sensitive","undetermined","undetermined","sensitive","sensitive"
"SPT65183","2020","true","1241","null","Ghana","GH","Central","Central","sensitive","sensitive","undetermined","undetermined","resistant","resistant"
"SPT65184","2020","true","1241","null","Ghana","GH","Central","Central","sensitive","sensitive","undetermined","undetermined","resistant","resistant"
"SPT65185","2020","false","1241","null","Ghana","GH","Central","Central","null","null","null","null","null","null"
"SPT65186","2020","true","1241","null","Ghana","GH","Central","Central","sensitive","sensitive","undetermined","undetermined","resistant","resistant"
"SPT65187","2020","true","1241","null","Ghana","GH","Central","Central","undetermined","sensitive","undetermined","sensitive","undetermined","resistant"
"SPT65188","2020","true","1241","null","Ghana","GH","Central","Central","undetermined","sensitive","undetermined","undetermined","undetermined","resistant"
"SPT65189","2020","true","1241","null","Ghana","GH","Central","Central","undetermined","sensitive","undetermined","undetermined","resistant","resistant"
"SPT65190","2020","false","1241","null","Ghana","GH","Central","Central","null","null","null","null","null","null"
"SPT65191","2020","true","1241","null","Ghana","GH","Central","Central","undetermined","sensitive","undetermined","undetermined","resistant","resistant"
"SPT65192","2020","true","1241","null","Ghana","GH","Central","Central","undetermined","sensitive","undetermined","undetermined","resistant","resistant"
"SPT65193","2020","false","1241","null","Ghana","GH","Central","Central","null","null","null","null","null","null"
"SPT65194","2020","false","1241","null","Ghana","GH","Central","Central","null","null","null","null","null","null"
"SPT65195","2020","true","1241","null","Ghana","GH","Central","Central","undetermined","sensitive","undetermined","undetermined","resistant","resistant"
"SPT65196","2020","true","1241","null","Ghana","GH","Central","Central","undetermined","sensitive","undetermined","undetermined","resistant","resistant"
"SPT65197","2020","false","1241","null","Ghana","GH","Central","Central","null","null","null","null","null","null"
"SPT65198","2020","true","1241","null","Ghana","GH","Central","Central","undetermined","sensitive","undetermined","undetermined","undetermined","resistant"
"SPT65199","2020","true","1241","null","Ghana","GH","Central","Central","undetermined","sensitive","undetermined","undetermined","resistant","resistant"
"SPT65200","2020","true","1241","null","Ghana","GH","Central","Central","sensitive","sensitive","undetermined","undetermined","resistant","resistant"
"SPT65201","2020","false","1241","null","Ghana","GH","Central","Central","null","null","null","null","null","null"
"SPT65202","2020","true","1241","null","Ghana","GH","Central","Central","undetermined","sensitive","undetermined","undetermined","sensitive","sensitive"
"SPT65203","2020","true","1241","null","Ghana","GH","Central","Central","undetermined","sensitive","undetermined","undetermined","resistant","resistant"
"SPT65204","2020","false","1241","null","Ghana","GH","Central","Central","null","null","null","null","null","null"
"SPT65205","2020","true","1241","null","Ghana","GH","Central","Central","undetermined","sensitive","undetermined","undetermined","undetermined","resistant"
"SPT65206","2020","true","1241","null","Ghana","GH","Central","Central","undetermined","undetermined","undetermined","undetermined","undetermined","resistant"
"SPT65207","2020","true","1241","null","Ghana","GH","Central","Central","undetermined","sensitive","undetermined","undetermined","resistant","resistant"
"SPT65208","2020","false","1241","null","Ghana","GH","Central","Central","null","null","null","null","null","null"
"SPT65209","2020","true","1241","null","Ghana","GH","Central","Central","undetermined","sensitive","undetermined","undetermined","undetermined","sensitive"
"SPT65210","2020","true","1241","null","Ghana","GH","Central","Central","sensitive","sensitive","undetermined","undetermined","resistant","resistant"
"SPT65211","2020","false","1241","null","Ghana","GH","Central","Central","null","null","null","null","null","null"
"SPT65212","2020","true","1241","null","Ghana","GH","Central","Central","sensitive","sensitive","undetermined","undetermined","resistant","resistant"
"SPT65213","2020","true","1241","null","Ghana","GH","Central","Central","undetermined","sensitive","undetermined","undetermined","resistant","resistant"
"SPT65214","2020","true","1241","null","Ghana","GH","Central","Central","undetermined","sensitive","undetermined","undetermined","sensitive","sensitive"
"SPT65215","2020","true","1241","null","Ghana","GH","Central","Central","sensitive","sensitive","undetermined","undetermined","resistant","resistant"
"SPT65216","2020","true","1241","null","Ghana","GH","Central","Central","undetermined","sensitive","undetermined","undetermined","resistant","resistant"
"SPT65217","2020","false","1241","null","Ghana","GH","Central","Central","null","null","null","null","null","null"
"SPT65218","2020","false","1241","null","Ghana","GH","Central","Central","null","null","null","null","null","null"
"SPT65219","2020","true","1241","null","Ghana","GH","Central","Central","sensitive","sensitive","undetermined","undetermined","resistant","resistant"
"SPT65220","2020","false","1241","null","Ghana","GH","Central","Central","null","null","null","null","null","null"
"SPT65221","2020","false","1241","null","Ghana","GH","Central","Central","null","null","null","null","null","null"
"SPT65223","2020","true","1241","null","Ghana","GH","Central","Central","undetermined","resistant","undetermined","undetermined","resistant","resistant"
"SPT65224","2020","true","1241","null","Ghana","GH","Central","Central","sensitive","sensitive","undetermined","undetermined","resistant","resistant"
"SPT65225","2020","true","1241","null","Ghana","GH","Central","Central","undetermined","sensitive","undetermined","undetermined","resistant","resistant"
"SPT65226","2020","true","1241","null","Ghana","GH","Central","Central","undetermined","sensitive","undetermined","undetermined","resistant","resistant"
"SPT65227","2020","true","1241","null","Ghana","GH","Central","Central","undetermined","sensitive","undetermined","undetermined","resistant","resistant"
"SPT65228","2020","true","1241","null","Ghana","GH","Central","Central","sensitive","sensitive","undetermined","undetermined","resistant","resistant"
"SPT65229","2020","false","1241","null","Ghana","GH","Central","Central","null","null","null","null","null","null"
"SPT65230","2020","false","1241","null","Ghana","GH","Central","Central","null","null","null","null","null","null"
"SPT65231","2020","true","1241","null","Ghana","GH","Central","Central","undetermined","sensitive","undetermined","undetermined","resistant","resistant"
"SPT65232","2020","true","1241","null","Ghana","GH","Central","Central","undetermined","sensitive","undetermined","sensitive","resistant","resistant"
"SPT65233","2020","true","1241","null","Ghana","GH","Central","Central","undetermined","sensitive","undetermined","undetermined","resistant","resistant"
"SPT65234","2020","true","1241","null","Ghana","GH","Central","Central","sensitive","sensitive","undetermined","undetermined","resistant","resistant"
"SPT65235","2020","false","1241","null","Ghana","GH","Central","Central","null","null","null","null","null","null"
"SPT65236","2020","false","1241","null","Ghana","GH","Central","Central","null","null","null","null","null","null"
"SPT65237","2020","true","1241","null","Ghana","GH","Central","Central","sensitive","sensitive","undetermined","undetermined","resistant","resistant"
"SPT65238","2020","false","1241","null","Ghana","GH","Central","Central","null","null","null","null","null","null"
"SPT65239","2020","true","1241","null","Ghana","GH","Central","Central","undetermined","sensitive","undetermined","undetermined","resistant","resistant"
"SPT65240","2020","true","1241","null","Ghana","GH","Central","Central","undetermined","sensitive","undetermined","undetermined","resistant","resistant"
"SPT65241","2020","true","1241","null","Ghana","GH","Central","Central","sensitive","sensitive","undetermined","undetermined","resistant","resistant"
"SPT65242","2020","false","1241","null","Ghana","GH","Central","Central","null","null","null","null","null","null"
"SPT65243","2020","false","1241","null","Ghana","GH","Central","Central","null","null","null","null","null","null"
"SPT65244","2020","true","1241","null","Ghana","GH","Central","Central","undetermined","sensitive","undetermined","undetermined","resistant","resistant"
"SPT65245","2020","true","1241","null","Ghana","GH","Central","Central","undetermined","sensitive","undetermined","undetermined","resistant","resistant"
"SPT65246","2020","false","1241","null","Ghana","GH","Central","Central","null","null","null","null","null","null"
"SPT65247","2021","true","1241","null","Ghana","GH","Eastern","Eastern","sensitive","sensitive","undetermined","undetermined","resistant","sensitive"
"SPT65248","2021","false","1241","null","Ghana","GH","Eastern","Eastern","null","null","null","null","null","null"
"SPT65249","2021","true","1241","null","Ghana","GH","Eastern","Eastern","undetermined","sensitive","undetermined","undetermined","resistant","resistant"
"SPT65250","2020","false","1241","null","Ghana","GH","Eastern","Eastern","null","null","null","null","null","null"
"SPT65251","2021","true","1241","null","Ghana","GH","Eastern","Eastern","undetermined","sensitive","undetermined","undetermined","resistant","sensitive"
"SPT65252","2021","true","1241","null","Ghana","GH","Eastern","Eastern","undetermined","sensitive","undetermined","undetermined","resistant","resistant"
"SPT65253","2021","false","1241","null","Ghana","GH","Eastern","Eastern","null","null","null","null","null","null"
"SPT67447","2019","true","1294","null","Ghana","GH","Upper East","Upper East","sensitive","sensitive","undetermined","undetermined","resistant","resistant"
"SPT67448","2019","true","1294","null","Ghana","GH","Upper East","Upper East","sensitive","sensitive","sensitive","sensitive","resistant","resistant"
"SPT67449","2019","true","1294","null","Ghana","GH","Upper East","Upper East","sensitive","sensitive","undetermined","undetermined","resistant","undetermined"
"SPT67450","2019","true","1294","null","Ghana","GH","Upper East","Upper East","sensitive","sensitive","sensitive","sensitive","resistant","resistant"
"SPT67451","2019","true","1294","null","Ghana","GH","Upper East","Upper East","sensitive","sensitive","sensitive","sensitive","resistant","resistant"
"SPT67452","2019","true","1294","null","Ghana","GH","Upper East","Upper East","sensitive","sensitive","undetermined","undetermined","resistant","resistant"
"SPT67453","2019","true","1294","null","Ghana","GH","Upper East","Upper East","sensitive","sensitive","sensitive","sensitive","resistant","resistant"
"SPT67454","2019","false","1294","null","Ghana","GH","Upper East","Upper East","null","null","null","null","null","null"
"SPT67455","2019","true","1294","null","Ghana","GH","Upper East","Upper East","sensitive","sensitive","undetermined","undetermined","resistant","resistant"
"SPT67456","2019","true","1294","null","Ghana","GH","Upper East","Upper East","sensitive","sensitive","undetermined","sensitive","undetermined","resistant"
"SPT67457","2019","true","1294","null","Ghana","GH","Upper East","Upper East","sensitive","sensitive","undetermined","undetermined","resistant","undetermined"
"SPT67458","2019","true","1294","null","Ghana","GH","Upper East","Upper East","sensitive","sensitive","undetermined","sensitive","undetermined","resistant"
"SPT67459","2019","true","1294","null","Ghana","GH","Upper East","Upper East","sensitive","sensitive","sensitive","sensitive","resistant","resistant"
"SPT67460","2019","true","1294","null","Ghana","GH","Upper East","Upper East","sensitive","sensitive","sensitive","sensitive","undetermined","resistant"
"SPT67461","2019","true","1294","null","Ghana","GH","Upper East","Upper East","sensitive","sensitive","undetermined","undetermined","resistant","resistant"
"SPT67462","2019","true","1294","null","Ghana","GH","Upper East","Upper East","sensitive","sensitive","undetermined","sensitive","resistant","resistant"
"SPT67463","2019","true","1294","null","Ghana","GH","Upper East","Upper East","sensitive","sensitive","undetermined","undetermined","resistant","resistant"
"SPT67464","2019","false","1294","null","Ghana","GH","Upper East","Upper East","null","null","null","null","null","null"
"SPT67465","2019","true","1294","null","Ghana","GH","Upper East","Upper East","sensitive","sensitive","undetermined","undetermined","resistant","resistant"
"SPT67466","2019","true","1294","null","Ghana","GH","Upper East","Upper East","sensitive","sensitive","sensitive","sensitive","resistant","undetermined"
"SPT67467","2019","true","1294","null","Ghana","GH","Upper East","Upper East","sensitive","sensitive","undetermined","undetermined","resistant","resistant"
"SPT67468","2019","true","1294","null","Ghana","GH","Upper East","Upper East","sensitive","sensitive","sensitive","sensitive","resistant","resistant"
"SPT67469","2019","true","1294","null","Ghana","GH","Upper East","Upper East","sensitive","sensitive","undetermined","sensitive","undetermined","resistant"
"SPT67470","2019","true","1294","null","Ghana","GH","Upper East","Upper East","sensitive","sensitive","sensitive","sensitive","resistant","undetermined"
"SPT67471","2019","true","1294","null","Ghana","GH","Upper East","Upper East","sensitive","sensitive","undetermined","undetermined","resistant","resistant"
"SPT67472","2019","true","1294","null","Ghana","GH","Upper East","Upper East","sensitive","sensitive","sensitive","undetermined","resistant","resistant"
"SPT67473","2019","true","1294","null","Ghana","GH","Upper East","Upper East","sensitive","sensitive","undetermined","sensitive","resistant","resistant"
"SPT67474","2019","true","1294","null","Ghana","GH","Upper East","Upper East","undetermined","sensitive","sensitive","sensitive","resistant","resistant"
"SPT67475","2019","true","1294","null","Ghana","GH","Upper East","Upper East","sensitive","sensitive","sensitive","sensitive","resistant","resistant"
"SPT67476","2019","true","1294","null","Ghana","GH","Upper East","Upper East","sensitive","sensitive","sensitive","sensitive","resistant","resistant"
"SPT67477","2019","true","1294","null","Ghana","GH","Upper East","Upper East","undetermined","sensitive","undetermined","undetermined","resistant","undetermined"
"SPT67478","2019","true","1294","null","Ghana","GH","Upper East","Upper East","sensitive","sensitive","undetermined","undetermined","resistant","resistant"
"SPT67479","2019","false","1294","null","Ghana","GH","Upper East","Upper East","null","null","null","null","null","null"
"SPT67480","2019","true","1294","null","Ghana","GH","Upper East","Upper East","sensitive","sensitive","sensitive","sensitive","resistant","undetermined"
"SPT67481","2019","true","1294","null","Ghana","GH","Upper East","Upper East","sensitive","sensitive","sensitive","sensitive","resistant","resistant"
"SPT67482","2019","false","1294","null","Ghana","GH","Upper East","Upper East","null","null","null","null","null","null"
"SPT67483","2019","false","1294","null","Ghana","GH","Upper East","Upper East","null","null","null","null","null","null"
"SPT67484","2019","true","1294","null","Ghana","GH","Upper East","Upper East","sensitive","sensitive","sensitive","sensitive","resistant","undetermined"
"SPT67485","2019","false","1294","null","Ghana","GH","Upper East","Upper East","null","null","null","null","null","null"
"SPT67486","2019","true","1294","null","Ghana","GH","Upper East","Upper East","sensitive","sensitive","undetermined","undetermined","resistant","resistant"
"SPT67487","2019","true","1294","null","Ghana","GH","Upper East","Upper East","sensitive","sensitive","undetermined","undetermined","resistant","resistant"
"SPT67488","2019","true","1294","null","Ghana","GH","Upper East","Upper East","sensitive","sensitive","sensitive","undetermined","resistant","resistant"
"SPT67489","2019","true","1294","null","Ghana","GH","Upper East","Upper East","sensitive","sensitive","sensitive","sensitive","resistant","resistant"
"SPT67490","2019","true","1294","null","Ghana","GH","Upper East","Upper East","sensitive","sensitive","undetermined","undetermined","undetermined","resistant"
"SPT67491","2019","true","1294","null","Ghana","GH","Upper East","Upper East","sensitive","sensitive","undetermined","undetermined","resistant","resistant"
"SPT67492","2019","true","1294","null","Ghana","GH","Upper East","Upper East","sensitive","sensitive","undetermined","undetermined","resistant","resistant"
"SPT67493","2019","true","1294","null","Ghana","GH","Upper East","Upper East","sensitive","sensitive","sensitive","sensitive","resistant","resistant"
"SPT67494","2019","true","1294","null","Ghana","GH","Upper East","Upper East","sensitive","sensitive","sensitive","sensitive","resistant","resistant"
"SPT67495","2019","true","1294","null","Ghana","GH","Upper East","Upper East","sensitive","sensitive","undetermined","undetermined","resistant","resistant"
"SPT67496","2019","true","1294","null","Ghana","GH","Upper East","Upper East","sensitive","sensitive","sensitive","sensitive","resistant","resistant"
"SPT67497","2019","true","1294","null","Ghana","GH","Upper East","Upper East","sensitive","sensitive","sensitive","sensitive","undetermined","undetermined"
"SPT67498","2019","false","1294","null","Ghana","GH","Upper East","Upper East","null","null","null","null","null","null"
"SPT67499","2019","true","1294","null","Ghana","GH","Upper East","Upper East","sensitive","sensitive","sensitive","sensitive","resistant","resistant"
"SPT67500","2019","true","1294","null","Ghana","GH","Upper East","Upper East","sensitive","sensitive","undetermined","undetermined","resistant","resistant"
"SPT67501","2019","false","1294","null","Ghana","GH","Upper East","Upper East","null","null","null","null","null","null"
"SPT67503","2019","true","1294","null","Ghana","GH","Upper East","Upper East","sensitive","sensitive","sensitive","undetermined","resistant","resistant"
"SPT67504","2019","true","1294","null","Ghana","GH","Upper East","Upper East","sensitive","sensitive","sensitive","undetermined","resistant","undetermined"
"SPT67505","2019","true","1294","null","Ghana","GH","Upper East","Upper East","sensitive","sensitive","sensitive","sensitive","resistant","resistant"
"SPT67506","2019","true","1294","null","Ghana","GH","Upper East","Upper East","sensitive","sensitive","undetermined","undetermined","resistant","sensitive"
"SPT67507","2019","false","1294","null","Ghana","GH","Upper East","Upper East","null","null","null","null","null","null"
"SPT67508","2019","true","1294","null","Ghana","GH","Upper East","Upper East","sensitive","sensitive","undetermined","sensitive","resistant","resistant"
"SPT67509","2019","false","1294","null","Ghana","GH","Upper East","Upper East","null","null","null","null","null","null"
"SPT67511","2019","true","1294","null","Ghana","GH","Upper East","Upper East","sensitive","sensitive","undetermined","undetermined","undetermined","resistant"
"SPT67512","2019","true","1294","null","Ghana","GH","Upper East","Upper East","sensitive","sensitive","undetermined","undetermined","undetermined","resistant"
"SPT67513","2019","false","1294","null","Ghana","GH","Upper East","Upper East","null","null","null","null","null","null"
"SPT67514","2019","true","1294","null","Ghana","GH","Upper East","Upper East","sensitive","undetermined","sensitive","sensitive","resistant","undetermined"
"SPT67515","2019","true","1294","null","Ghana","GH","Upper East","Upper East","sensitive","sensitive","sensitive","sensitive","resistant","resistant"
"SPT67516","2019","true","1294","null","Ghana","GH","Upper East","Upper East","sensitive","sensitive","sensitive","sensitive","resistant","resistant"
"SPT67517","2019","true","1294","null","Ghana","GH","Upper East","Upper East","sensitive","sensitive","undetermined","undetermined","resistant","resistant"
"SPT67518","2019","true","1294","null","Ghana","GH","Upper East","Upper East","sensitive","sensitive","undetermined","undetermined","resistant","resistant"
"SPT67519","2019","true","1294","null","Ghana","GH","Upper East","Upper East","sensitive","sensitive","undetermined","sensitive","resistant","undetermined"
"SPT67520","2019","true","1294","null","Ghana","GH","Upper East","Upper East","sensitive","sensitive","undetermined","undetermined","undetermined","resistant"
"SPT67521","2019","true","1294","null","Ghana","GH","Upper East","Upper East","sensitive","sensitive","undetermined","undetermined","resistant","resistant"
"SPT67522","2019","true","1294","null","Ghana","GH","Upper East","Upper East","sensitive","sensitive","undetermined","sensitive","resistant","resistant"
"SPT67523","2019","false","1294","null","Ghana","GH","Upper East","Upper East","null","null","null","null","null","null"
"SPT67524","2019","true","1294","null","Ghana","GH","Upper East","Upper East","sensitive","sensitive","undetermined","undetermined","resistant","resistant"
"SPT67525","2019","false","1294","null","Ghana","GH","Upper East","Upper East","null","null","null","null","null","null"
"SPT67526","2019","true","1294","null","Ghana","GH","Upper East","Upper East","sensitive","sensitive","undetermined","undetermined","resistant","resistant"
"SPT67527","2019","true","1294","null","Ghana","GH","Upper East","Upper East","sensitive","sensitive","undetermined","undetermined","resistant","resistant"
"SPT67528","2019","true","1294","null","Ghana","GH","Upper East","Upper East","sensitive","sensitive","undetermined","undetermined","resistant","resistant"
"SPT67529","2019","true","1294","null","Ghana","GH","Upper East","Upper East","sensitive","sensitive","sensitive","sensitive","resistant","resistant"
"SPT67531","2019","true","1294","null","Ghana","GH","Upper East","Upper East","sensitive","sensitive","sensitive","sensitive","resistant","resistant"
"SPT67532","2019","false","1294","null","Ghana","GH","Upper East","Upper East","null","null","null","null","null","null"
"SPT67533","2019","true","1294","null","Ghana","GH","Upper East","Upper East","sensitive","sensitive","undetermined","undetermined","resistant","resistant"
"SPT67534","2019","true","1294","null","Ghana","GH","Upper East","Upper East","sensitive","sensitive","undetermined","undetermined","resistant","resistant"
"SPT67535","2019","false","1294","null","Ghana","GH","Upper East","Upper East","null","null","null","null","null","null"
"SPT67536","2019","false","1294","null","Ghana","GH","Upper East","Upper East","null","null","null","null","null","null"
"SPT67537","2019","true","1294","null","Ghana","GH","Upper East","Upper East","sensitive","sensitive","sensitive","sensitive","resistant","resistant"
"SPT67538","2019","true","1294","null","Ghana","GH","Upper East","Upper East","sensitive","sensitive","sensitive","sensitive","resistant","undetermined"
"SPT67539","2019","true","1294","null","Ghana","GH","Upper East","Upper East","sensitive","sensitive","sensitive","sensitive","resistant","resistant"
"SPT67540","2019","false","1294","null","Ghana","GH","Upper East","Upper East","null","null","null","null","null","null"
"SPT67541","2019","false","1294","null","Ghana","GH","Upper East","Upper East","null","null","null","null","null","null"
"SPT67542","2019","false","1294","null","Ghana","GH","Upper East","Upper East","null","null","null","null","null","null"
"SPT67543","2019","false","1294","null","Ghana","GH","Upper East","Upper East","null","null","null","null","null","null"
"SPT67544","2019","true","1294","null","Ghana","GH","Upper East","Upper East","sensitive","sensitive","sensitive","sensitive","resistant","resistant"
"SPT67545","2019","true","1294","null","Ghana","GH","Upper East","Upper East","sensitive","sensitive","sensitive","sensitive","resistant","resistant"
"SPT67546","2019","true","1294","null","Ghana","GH","Upper East","Upper East","sensitive","sensitive","sensitive","sensitive","resistant","resistant"
"SPT67547","2019","true","1294","null","Ghana","GH","Upper East","Upper East","sensitive","sensitive","sensitive","sensitive","resistant","undetermined"
"SPT67549","2019","true","1294","null","Ghana","GH","Upper East","Upper East","sensitive","sensitive","undetermined","sensitive","resistant","sensitive"
"SPT67550","2019","false","1294","null","Ghana","GH","Upper East","Upper East","null","null","null","null","null","null"
"SPT67551","2019","true","1294","null","Ghana","GH","Upper East","Upper East","sensitive","sensitive","sensitive","sensitive","resistant","resistant"
"SPT67552","2019","false","1294","null","Ghana","GH","Upper East","Upper East","null","null","null","null","null","null"
"SPT67553","2019","true","1294","null","Ghana","GH","Upper East","Upper East","sensitive","sensitive","sensitive","sensitive","resistant","resistant"
"SPT67554","2019","true","1294","null","Ghana","GH","Upper East","Upper East","sensitive","sensitive","sensitive","sensitive","resistant","resistant"
"SPT67555","2019","false","1294","null","Ghana","GH","Upper East","Upper East","null","null","null","null","null","null"
"SPT67556","2019","true","1294","null","Ghana","GH","Upper East","Upper East","sensitive","sensitive","undetermined","undetermined","undetermined","resistant"
"SPT67557","2019","true","1294","null","Ghana","GH","Upper East","Upper East","sensitive","sensitive","sensitive","sensitive","resistant","undetermined"
"SPT67558","2019","false","1294","null","Ghana","GH","Upper East","Upper East","null","null","null","null","null","null"
"SPT67559","2019","false","1294","null","Ghana","GH","Upper East","Upper East","null","null","null","null","null","null"
"SPT67560","2019","true","1294","null","Ghana","GH","Upper East","Upper East","sensitive","sensitive","sensitive","sensitive","resistant","sensitive"
"SPT67561","2019","true","1294","null","Ghana","GH","Upper East","Upper East","sensitive","sensitive","sensitive","sensitive","sensitive","resistant"
"SPT67562","2019","false","1294","null","Ghana","GH","Upper East","Upper East","null","null","null","null","null","null"
"SPT67563","2019","true","1294","null","Ghana","GH","Upper East","Upper East","sensitive","sensitive","sensitive","sensitive","resistant","resistant"
"SPT67564","2019","true","1294","null","Ghana","GH","Upper East","Upper East","sensitive","sensitive","undetermined","sensitive","resistant","resistant"
"SPT67565","2019","true","1294","null","Ghana","GH","Upper East","Upper East","sensitive","sensitive","sensitive","sensitive","resistant","sensitive"
"SPT67566","2019","true","1294","null","Ghana","GH","Upper East","Upper East","sensitive","sensitive","sensitive","sensitive","resistant","resistant"
"SPT67567","2019","true","1294","null","Ghana","GH","Upper East","Upper East","sensitive","sensitive","sensitive","sensitive","resistant","sensitive"
"SPT67570","2019","true","1294","null","Ghana","GH","Upper East","Upper East","sensitive","sensitive","undetermined","sensitive","sensitive","resistant"
"SPT67571","2019","true","1294","null","Ghana","GH","Upper East","Upper East","sensitive","sensitive","sensitive","sensitive","resistant","resistant"
"SPT67572","2019","true","1294","null","Ghana","GH","Upper East","Upper East","sensitive","sensitive","sensitive","sensitive","undetermined","undetermined"
"SPT67573","2019","true","1294","null","Ghana","GH","Upper East","Upper East","sensitive","sensitive","undetermined","sensitive","resistant","resistant"
"SPT67574","2019","true","1294","null","Ghana","GH","Upper East","Upper East","sensitive","sensitive","sensitive","sensitive","resistant","undetermined"
"SPT67575","2019","true","1294","null","Ghana","GH","Upper East","Upper East","sensitive","sensitive","sensitive","sensitive","resistant","resistant"
"SPT67576","2019","false","1294","null","Ghana","GH","Upper East","Upper East","null","null","null","null","null","null"
"SPT67577","2019","true","1294","null","Ghana","GH","Upper East","Upper East","sensitive","sensitive","sensitive","sensitive","undetermined","resistant"
"SPT67578","2019","false","1294","null","Ghana","GH","Upper East","Upper East","null","null","null","null","null","null"
"SPT67579","2019","true","1294","null","Ghana","GH","Upper East","Upper East","sensitive","sensitive","sensitive","sensitive","resistant","resistant"
"SPT67580","2019","true","1294","null","Ghana","GH","Upper East","Upper East","sensitive","sensitive","sensitive","sensitive","resistant","resistant"
"SPT67581","2019","true","1294","null","Ghana","GH","Upper East","Upper East","sensitive","sensitive","sensitive","sensitive","resistant","resistant"
"SPT67582","2019","true","1294","null","Ghana","GH","Upper East","Upper East","sensitive","sensitive","undetermined","sensitive","sensitive","sensitive"
"SPT67584","2019","true","1294","null","Ghana","GH","Upper East","Upper East","sensitive","sensitive","sensitive","sensitive","resistant","resistant"
"SPT67585","2019","true","1294","null","Ghana","GH","Upper East","Upper East","sensitive","sensitive","sensitive","sensitive","resistant","resistant"
"SPT67586","2019","true","1294","null","Ghana","GH","Upper East","Upper East","sensitive","sensitive","sensitive","sensitive","resistant","resistant"
"SPT67587","2019","true","1294","null","Ghana","GH","Upper East","Upper East","sensitive","sensitive","sensitive","sensitive","resistant","sensitive"
"SPT67588","2019","false","1294","null","Ghana","GH","Upper East","Upper East","null","null","null","null","null","null"
"SPT67589","2019","false","1294","null","Ghana","GH","Upper East","Upper East","null","null","null","null","null","null"
"SPT67590","2019","true","1294","null","Ghana","GH","Upper East","Upper East","undetermined","sensitive","undetermined","undetermined","resistant","resistant"
"SPT67591","2019","true","1294","null","Ghana","GH","Upper East","Upper East","sensitive","sensitive","sensitive","sensitive","resistant","resistant"
"SPT67592","2019","true","1294","null","Ghana","GH","Upper East","Upper East","undetermined","sensitive","sensitive","sensitive","undetermined","undetermined"
"SPT67593","2019","true","1294","null","Ghana","GH","Upper East","Upper East","sensitive","sensitive","sensitive","sensitive","resistant","undetermined"
"SPT67594","2019","false","1294","null","Ghana","GH","Upper East","Upper East","null","null","null","null","null","null"
"SPT67595","2019","false","1294","null","Ghana","GH","Upper East","Upper East","null","null","null","null","null","null"
"SPT67596","2019","true","1294","null","Ghana","GH","Upper East","Upper East","sensitive","sensitive","undetermined","undetermined","resistant","resistant"
"SPT67597","2019","true","1294","null","Ghana","GH","Upper East","Upper East","sensitive","sensitive","sensitive","sensitive","resistant","resistant"
"SPT67598","2019","true","1294","null","Ghana","GH","Upper East","Upper East","sensitive","sensitive","sensitive","sensitive","resistant","resistant"
"SPT67599","2019","true","1294","null","Ghana","GH","Upper East","Upper East","sensitive","sensitive","sensitive","sensitive","resistant","resistant"
"SPT67600","2019","true","1294","null","Ghana","GH","Upper East","Upper East","sensitive","sensitive","sensitive","sensitive","resistant","resistant"
"SPT67602","2019","true","1294","null","Ghana","GH","Upper East","Upper East","sensitive","sensitive","sensitive","sensitive","resistant","resistant"
"SPT67603","2019","true","1294","null","Ghana","GH","Upper East","Upper East","sensitive","sensitive","undetermined","sensitive","resistant","resistant"
"SPT67604","2019","false","1294","null","Ghana","GH","Upper East","Upper East","null","null","null","null","null","null"
"SPT67605","2019","true","1294","null","Ghana","GH","Upper East","Upper East","sensitive","sensitive","undetermined","undetermined","resistant","resistant"
"SPT67606","2019","true","1294","null","Ghana","GH","Upper East","Upper East","sensitive","sensitive","sensitive","sensitive","resistant","resistant"
"SPT67607","2019","false","1294","null","Ghana","GH","Upper East","Upper East","null","null","null","null","null","null"
"SPT67608","2019","false","1294","null","Ghana","GH","Upper East","Upper East","null","null","null","null","null","null"
"SPT67609","2019","true","1294","null","Ghana","GH","Upper East","Upper East","sensitive","sensitive","sensitive","sensitive","resistant","resistant"
"SPT67610","2019","false","1294","null","Ghana","GH","Upper East","Upper East","null","null","null","null","null","null"
"SPT67611","2019","true","1294","null","Ghana","GH","Upper East","Upper East","sensitive","sensitive","sensitive","sensitive","resistant","sensitive"
"SPT67612","2019","true","1294","null","Ghana","GH","Upper East","Upper East","sensitive","sensitive","sensitive","sensitive","resistant","undetermined"
"SPT67614","2019","true","1294","null","Ghana","GH","Upper East","Upper East","sensitive","sensitive","sensitive","sensitive","sensitive","resistant"
"SPT67615","2019","true","1294","null","Ghana","GH","Upper East","Upper East","sensitive","sensitive","undetermined","undetermined","resistant","undetermined"
"SPT67616","2019","true","1294","null","Ghana","GH","Upper East","Upper East","sensitive","undetermined","undetermined","undetermined","resistant","resistant"
"SPT67617","2019","true","1294","null","Ghana","GH","Upper East","Upper East","sensitive","sensitive","undetermined","undetermined","resistant","sensitive"
"SPT67618","2019","true","1294","null","Ghana","GH","Upper East","Upper East","sensitive","sensitive","sensitive","sensitive","resistant","resistant"
"SPT67619","2019","false","1294","null","Ghana","GH","Upper East","Upper East","null","null","null","null","null","null"
"SPT67620","2019","false","1294","null","Ghana","GH","Upper East","Upper East","null","null","null","null","null","null"
"SPT67621","2019","true","1294","null","Ghana","GH","Upper East","Upper East","sensitive","sensitive","undetermined","undetermined","resistant","resistant"
"SPT67622","2019","true","1294","null","Ghana","GH","Upper East","Upper East","sensitive","sensitive","undetermined","undetermined","resistant","resistant"
"SPT67623","2019","true","1294","null","Ghana","GH","Upper East","Upper East","sensitive","sensitive","sensitive","sensitive","sensitive","resistant"
"SPT67624","2019","true","1294","null","Ghana","GH","Upper East","Upper East","sensitive","sensitive","undetermined","undetermined","undetermined","resistant"
"SPT67625","2019","true","1294","null","Ghana","GH","Upper East","Upper East","sensitive","sensitive","sensitive","sensitive","resistant","resistant"
"SPT67626","2019","true","1294","null","Ghana","GH","Upper East","Upper East","sensitive","sensitive","undetermined","undetermined","resistant","resistant"
"SPT67627","2019","false","1294","null","Ghana","GH","Upper East","Upper East","null","null","null","null","null","null"
"SPT67628","2019","true","1294","null","Ghana","GH","Upper East","Upper East","sensitive","sensitive","undetermined","undetermined","resistant","resistant"
"SPT67629","2019","true","1294","null","Ghana","GH","Upper East","Upper East","sensitive","sensitive","undetermined","undetermined","resistant","resistant"
"SPT67630","2019","true","1294","null","Ghana","GH","Upper East","Upper East","sensitive","sensitive","sensitive","sensitive","resistant","sensitive"
"SPT67631","2019","true","1294","null","Ghana","GH","Upper East","Upper East","sensitive","sensitive","undetermined","sensitive","resistant","resistant"
"SPT67632","2019","true","1294","null","Ghana","GH","Upper East","Upper East","sensitive","sensitive","undetermined","undetermined","undetermined","undetermined"
"SPT67633","2019","true","1294","null","Ghana","GH","Upper East","Upper East","sensitive","sensitive","sensitive","sensitive","resistant","undetermined"
"SPT67634","2019","true","1294","null","Ghana","GH","Upper East","Upper East","sensitive","sensitive","undetermined","undetermined","resistant","resistant"
"SPT67635","2019","true","1294","null","Ghana","GH","Upper East","Upper East","sensitive","sensitive","sensitive","sensitive","resistant","resistant"
"SPT67636","2019","true","1294","null","Ghana","GH","Upper East","Upper East","sensitive","sensitive","undetermined","sensitive","resistant","resistant"
"SPT67637","2019","true","1294","null","Ghana","GH","Upper East","Upper East","sensitive","sensitive","undetermined","sensitive","resistant","resistant"
"SPT67638","2019","true","1294","null","Ghana","GH","Upper East","Upper East","sensitive","sensitive","undetermined","undetermined","resistant","resistant"
"SPT67639","2019","true","1294","null","Ghana","GH","Upper East","Upper East","sensitive","sensitive","undetermined","undetermined","sensitive","resistant"
"SPT67640","2019","true","1294","null","Ghana","GH","Upper East","Upper East","sensitive","sensitive","sensitive","undetermined","resistant","resistant"
"SPT67641","2019","true","1294","null","Ghana","GH","Upper East","Upper East","sensitive","sensitive","sensitive","sensitive","resistant","undetermined"
"SPT67642","2019","true","1294","null","Ghana","GH","Upper East","Upper East","sensitive","sensitive","sensitive","sensitive","resistant","resistant"
"SPT67643","2019","true","1294","null","Ghana","GH","Upper East","Upper East","sensitive","sensitive","sensitive","sensitive","resistant","resistant"
"SPT67644","2019","true","1294","null","Ghana","GH","Upper East","Upper East","sensitive","sensitive","undetermined","undetermined","resistant","resistant"
"SPT67645","2019","true","1294","null","Ghana","GH","Upper East","Upper East","sensitive","sensitive","sensitive","sensitive","resistant","sensitive"
"SPT67646","2019","true","1294","null","Ghana","GH","Upper East","Upper East","sensitive","sensitive","undetermined","undetermined","resistant","resistant"
"SPT67647","2019","true","1294","null","Ghana","GH","Upper East","Upper East","undetermined","sensitive","sensitive","sensitive","resistant","resistant"
"SPT67648","2019","true","1294","null","Ghana","GH","Upper East","Upper East","sensitive","sensitive","sensitive","sensitive","resistant","resistant"
"SPT67649","2019","true","1294","null","Ghana","GH","Upper East","Upper East","sensitive","sensitive","undetermined","undetermined","resistant","resistant"
"SPT67650","2019","true","1294","null","Ghana","GH","Upper East","Upper East","sensitive","sensitive","sensitive","sensitive","resistant","resistant"
"SPT67651","2019","true","1294","null","Ghana","GH","Upper East","Upper East","sensitive","undetermined","undetermined","undetermined","sensitive","resistant"
"SPT67652","2019","true","1294","null","Ghana","GH","Upper East","Upper East","sensitive","sensitive","sensitive","sensitive","resistant","sensitive"
"SPT67653","2019","true","1294","null","Ghana","GH","Upper East","Upper East","sensitive","sensitive","undetermined","undetermined","resistant","resistant"
"SPT67654","2019","true","1294","null","Ghana","GH","Upper East","Upper East","sensitive","sensitive","sensitive","sensitive","undetermined","resistant"
"SPT67655","2019","true","1294","null","Ghana","GH","Upper East","Upper East","sensitive","sensitive","sensitive","sensitive","resistant","resistant"
"SPT67656","2019","true","1294","null","Ghana","GH","Upper East","Upper East","sensitive","sensitive","sensitive","sensitive","resistant","resistant"
"SPT67657","2019","true","1294","null","Ghana","GH","Upper East","Upper East","sensitive","sensitive","sensitive","sensitive","resistant","resistant"
"SPT67658","2019","true","1294","null","Ghana","GH","Upper East","Upper East","sensitive","sensitive","undetermined","undetermined","resistant","resistant"
"SPT67659","2019","true","1294","null","Ghana","GH","Upper East","Upper East","sensitive","sensitive","undetermined","undetermined","resistant","resistant"
"SPT67660","2019","true","1294","null","Ghana","GH","Upper East","Upper East","sensitive","sensitive","sensitive","sensitive","resistant","resistant"
"SPT67661","2019","true","1294","null","Ghana","GH","Upper East","Upper East","sensitive","sensitive","sensitive","sensitive","resistant","resistant"
"SPT67662","2019","true","1294","null","Ghana","GH","Upper East","Upper East","sensitive","sensitive","sensitive","sensitive","resistant","resistant"
"SPT67663","2019","true","1294","null","Ghana","GH","Upper East","Upper East","sensitive","sensitive","undetermined","undetermined","resistant","resistant"
"SPT67664","2019","true","1294","null","Ghana","GH","Upper East","Upper East","sensitive","sensitive","undetermined","undetermined","resistant","resistant"
"SPT67665","2019","true","1294","null","Ghana","GH","Upper East","Upper East","sensitive","sensitive","undetermined","sensitive","resistant","resistant"
"SPT67666","2019","true","1294","null","Ghana","GH","Upper East","Upper East","sensitive","sensitive","undetermined","undetermined","resistant","resistant"
"SPT67667","2019","true","1294","null","Ghana","GH","Upper East","Upper East","sensitive","sensitive","sensitive","sensitive","resistant","sensitive"
"SPT67668","2019","true","1294","null","Ghana","GH","Upper East","Upper East","sensitive","sensitive","undetermined","undetermined","resistant","resistant"
"SPT67669","2019","true","1294","null","Ghana","GH","Upper East","Upper East","sensitive","sensitive","sensitive","sensitive","resistant","resistant"
"SPT67670","2019","false","1294","null","Ghana","GH","Upper East","Upper East","null","null","null","null","null","null"
"SPT67671","2019","true","1294","null","Ghana","GH","Upper East","Upper East","sensitive","sensitive","sensitive","sensitive","resistant","resistant"
"SPT67672","2018","true","1200","null","Ghana","GH","Ashanti","Ashanti","sensitive","sensitive","undetermined","undetermined","resistant","resistant"
"SPT67673","2018","true","1200","null","Ghana","GH","Ashanti","Ashanti","sensitive","sensitive","undetermined","sensitive","resistant","resistant"
"SPT67674","2018","true","1200","null","Ghana","GH","Ashanti","Ashanti","undetermined","sensitive","undetermined","undetermined","resistant","resistant"
"SPT67675","2018","true","1200","null","Ghana","GH","Ashanti","Ashanti","sensitive","sensitive","undetermined","undetermined","resistant","undetermined"
"SPT67676","2018","false","1200","null","Ghana","GH","Ashanti","Ashanti","null","null","null","null","null","null"
"SPT67677","2018","true","1200","null","Ghana","GH","Ashanti","Ashanti","sensitive","sensitive","undetermined","undetermined","resistant","resistant"
"SPT67678","2018","false","1200","null","Ghana","GH","Ashanti","Ashanti","null","null","null","null","null","null"
"SPT67679","2018","false","1200","null","Ghana","GH","Ashanti","Ashanti","null","null","null","null","null","null"
"SPT67680","2018","false","1200","null","Ghana","GH","Ashanti","Ashanti","null","null","null","null","null","null"
"SPT67682","2018","false","1200","null","Ghana","GH","Ashanti","Ashanti","null","null","null","null","null","null"
"SPT67683","2018","true","1200","null","Ghana","GH","Ashanti","Ashanti","sensitive","sensitive","undetermined","undetermined","resistant","resistant"
"SPT67685","2018","false","1200","null","Ghana","GH","Ashanti","Ashanti","null","null","null","null","null","null"
"SPT67686","2018","true","1200","null","Ghana","GH","Ashanti","Ashanti","sensitive","sensitive","undetermined","undetermined","resistant","undetermined"
"SPT67687","2018","false","1200","null","Ghana","GH","Ashanti","Ashanti","null","null","null","null","null","null"
"SPT67688","2018","false","1200","null","Ghana","GH","Ashanti","Ashanti","null","null","null","null","null","null"
"SPT67689","2018","false","1200","null","Ghana","GH","Ashanti","Ashanti","null","null","null","null","null","null"
"SPT67690","2018","false","1200","null","Ghana","GH","Ashanti","Ashanti","null","null","null","null","null","null"
"SPT67691","2018","true","1200","null","Ghana","GH","Ashanti","Ashanti","sensitive","sensitive","undetermined","undetermined","resistant","resistant"
"SPT67692","2018","true","1200","null","Ghana","GH","Ashanti","Ashanti","undetermined","sensitive","undetermined","undetermined","resistant","resistant"
"SPT67693","2018","true","1200","null","Ghana","GH","Ashanti","Ashanti","sensitive","sensitive","undetermined","undetermined","resistant","resistant"
"SPT67694","2018","false","1200","null","Ghana","GH","Ashanti","Ashanti","null","null","null","null","null","null"
"SPT67695","2018","false","1200","null","Ghana","GH","Ashanti","Ashanti","null","null","null","null","null","null"
"SPT67696","2018","false","1200","null","Ghana","GH","Ashanti","Ashanti","null","null","null","null","null","null"
"SPT67697","2018","true","1200","null","Ghana","GH","Ashanti","Ashanti","sensitive","sensitive","undetermined","sensitive","resistant","resistant"
"SPT67698","2018","true","1200","null","Ghana","GH","Ashanti","Ashanti","sensitive","sensitive","undetermined","undetermined","resistant","resistant"
"SPT67699","2018","true","1200","null","Ghana","GH","Ashanti","Ashanti","sensitive","sensitive","undetermined","sensitive","resistant","resistant"
"SPT67700","2018","true","1200","null","Ghana","GH","Ashanti","Ashanti","undetermined","resistant","undetermined","undetermined","resistant","resistant"
"SPT67701","2018","true","1200","null","Ghana","GH","Ashanti","Ashanti","sensitive","sensitive","undetermined","sensitive","resistant","resistant"
"SPT67702","2018","true","1200","null","Ghana","GH","Ashanti","Ashanti","undetermined","sensitive","undetermined","undetermined","resistant","resistant"
"SPT67703","2018","true","1200","null","Ghana","GH","Ashanti","Ashanti","sensitive","sensitive","undetermined","undetermined","resistant","resistant"
"SPT67705","2018","false","1200","null","Ghana","GH","Ashanti","Ashanti","null","null","null","null","null","null"
"SPT67706","2018","true","1200","null","Ghana","GH","Ashanti","Ashanti","sensitive","sensitive","undetermined","undetermined","resistant","resistant"
"SPT67707","2018","true","1200","null","Ghana","GH","Ashanti","Ashanti","sensitive","sensitive","undetermined","undetermined","resistant","resistant"
"SPT67708","2018","true","1200","null","Ghana","GH","Ashanti","Ashanti","sensitive","sensitive","undetermined","undetermined","resistant","resistant"
"SPT67709","2018","true","1200","null","Ghana","GH","Ashanti","Ashanti","sensitive","sensitive","undetermined","undetermined","resistant","resistant"
"SPT67710","2018","true","1200","null","Ghana","GH","Ashanti","Ashanti","sensitive","sensitive","undetermined","undetermined","resistant","resistant"
"SPT67711","2018","true","1200","null","Ghana","GH","Ashanti","Ashanti","sensitive","sensitive","undetermined","sensitive","resistant","undetermined"
"SPT67712","2018","true","1200","null","Ghana","GH","Ashanti","Ashanti","sensitive","sensitive","undetermined","undetermined","resistant","resistant"
"SPT67713","2018","true","1200","null","Ghana","GH","Ashanti","Ashanti","undetermined","sensitive","undetermined","undetermined","resistant","resistant"
"SPT67714","2018","true","1200","null","Ghana","GH","Ashanti","Ashanti","undetermined","sensitive","undetermined","undetermined","resistant","resistant"
"SPT67715","2018","true","1200","null","Ghana","GH","Ashanti","Ashanti","undetermined","sensitive","undetermined","sensitive","resistant","sensitive"
"SPT67716","2018","true","1200","null","Ghana","GH","Ashanti","Ashanti","sensitive","sensitive","undetermined","undetermined","resistant","resistant"
"SPT67717","2018","false","1200","null","Ghana","GH","Ashanti","Ashanti","null","null","null","null","null","null"
"SPT67718","2018","true","1200","null","Ghana","GH","Ashanti","Ashanti","sensitive","sensitive","undetermined","undetermined","resistant","resistant"
"SPT67719","2018","true","1200","null","Ghana","GH","Ashanti","Ashanti","undetermined","sensitive","undetermined","undetermined","resistant","resistant"
"SPT67720","2018","true","1200","null","Ghana","GH","Ashanti","Ashanti","sensitive","sensitive","undetermined","undetermined","resistant","resistant"
"SPT67721","2018","false","1200","null","Ghana","GH","Ashanti","Ashanti","null","null","null","null","null","null"
"SPT67722","2018","true","1200","null","Ghana","GH","Ashanti","Ashanti","undetermined","sensitive","undetermined","undetermined","resistant","resistant"
"SPT67723","2018","false","1200","null","Ghana","GH","Ashanti","Ashanti","null","null","null","null","null","null"
"SPT67724","2018","true","1200","null","Ghana","GH","Ashanti","Ashanti","undetermined","sensitive","undetermined","undetermined","resistant","resistant"
"SPT67725","2018","true","1200","null","Ghana","GH","Ashanti","Ashanti","sensitive","sensitive","undetermined","sensitive","resistant","resistant"
"SPT67726","2018","true","1200","null","Ghana","GH","Ashanti","Ashanti","undetermined","sensitive","undetermined","undetermined","resistant","resistant"
"SPT67727","2018","true","1200","null","Ghana","GH","Ashanti","Ashanti","sensitive","sensitive","undetermined","undetermined","resistant","sensitive"
"SPT67728","2018","true","1200","null","Ghana","GH","Ashanti","Ashanti","sensitive","sensitive","undetermined","undetermined","resistant","resistant"
"SPT67729","2018","true","1200","null","Ghana","GH","Ashanti","Ashanti","sensitive","sensitive","undetermined","undetermined","resistant","resistant"
"SPT67730","2018","true","1200","null","Ghana","GH","Ashanti","Ashanti","sensitive","sensitive","undetermined","undetermined","resistant","resistant"
"SPT67731","2018","true","1200","null","Ghana","GH","Ashanti","Ashanti","sensitive","sensitive","undetermined","undetermined","resistant","resistant"
"SPT67732","2018","false","1200","null","Ghana","GH","Ashanti","Ashanti","null","null","null","null","null","null"
"SPT67733","2018","true","1200","null","Ghana","GH","Ashanti","Ashanti","undetermined","resistant","undetermined","undetermined","sensitive","resistant"
"SPT67734","2018","false","1200","null","Ghana","GH","Ashanti","Ashanti","null","null","null","null","null","null"
"SPT67735","2018","false","1200","null","Ghana","GH","Ashanti","Ashanti","null","null","null","null","null","null"
"SPT67736","2018","true","1200","null","Ghana","GH","Ashanti","Ashanti","sensitive","sensitive","undetermined","undetermined","resistant","resistant"
"SPT67738","2018","false","1200","null","Ghana","GH","Ashanti","Ashanti","null","null","null","null","null","null"
"SPT67739","2018","true","1200","null","Ghana","GH","Ashanti","Ashanti","sensitive","sensitive","undetermined","undetermined","undetermined","resistant"
"SPT67740","2018","true","1200","null","Ghana","GH","Ashanti","Ashanti","sensitive","sensitive","undetermined","undetermined","resistant","resistant"
"SPT67741","2018","false","1200","null","Ghana","GH","Ashanti","Ashanti","null","null","null","null","null","null"
"SPT67742","2018","true","1200","null","Ghana","GH","Ashanti","Ashanti","sensitive","sensitive","undetermined","undetermined","resistant","resistant"
"SPT67743","2018","true","1200","null","Ghana","GH","Ashanti","Ashanti","sensitive","sensitive","undetermined","undetermined","resistant","resistant"
"SPT67744","2018","true","1200","null","Ghana","GH","Ashanti","Ashanti","sensitive","sensitive","undetermined","undetermined","resistant","resistant"
"SPT67745","2018","true","1200","null","Ghana","GH","Ashanti","Ashanti","sensitive","sensitive","undetermined","undetermined","resistant","resistant"
"SPT67746","2018","true","1200","null","Ghana","GH","Ashanti","Ashanti","sensitive","sensitive","undetermined","undetermined","resistant","undetermined"
"SPT67747","2018","true","1200","null","Ghana","GH","Ashanti","Ashanti","sensitive","sensitive","undetermined","undetermined","undetermined","undetermined"
"SPT67748","2018","true","1200","null","Ghana","GH","Ashanti","Ashanti","sensitive","sensitive","undetermined","undetermined","resistant","resistant"
"SPT67750","2018","true","1200","null","Ghana","GH","Ashanti","Ashanti","undetermined","sensitive","undetermined","undetermined","resistant","resistant"
"SPT67751","2018","false","1200","null","Ghana","GH","Ashanti","Ashanti","null","null","null","null","null","null"
"SPT67752","2018","true","1200","null","Ghana","GH","Ashanti","Ashanti","sensitive","sensitive","undetermined","undetermined","resistant","resistant"
"SPT67753","2018","true","1200","null","Ghana","GH","Ashanti","Ashanti","sensitive","sensitive","undetermined","sensitive","undetermined","resistant"
"SPT67754","2018","true","1200","null","Ghana","GH","Ashanti","Ashanti","undetermined","sensitive","undetermined","undetermined","resistant","resistant"
"SPT67756","2018","true","1200","null","Ghana","GH","Ashanti","Ashanti","sensitive","sensitive","undetermined","undetermined","resistant","resistant"
"SPT67757","2018","false","1200","null","Ghana","GH","Ashanti","Ashanti","null","null","null","null","null","null"
"SPT67758","2018","false","1200","null","Ghana","GH","Ashanti","Ashanti","null","null","null","null","null","null"
"SPT67760","2018","true","1200","null","Ghana","GH","Ashanti","Ashanti","sensitive","sensitive","undetermined","undetermined","resistant","resistant"
"SPT67761","2018","true","1200","null","Ghana","GH","Ashanti","Ashanti","undetermined","sensitive","undetermined","undetermined","resistant","resistant"
"SPT67762","2018","true","1200","null","Ghana","GH","Ashanti","Ashanti","sensitive","sensitive","undetermined","undetermined","resistant","resistant"
"SPT67763","2018","false","1200","null","Ghana","GH","Ashanti","Ashanti","null","null","null","null","null","null"
"SPT67764","2018","true","1200","null","Ghana","GH","Ashanti","Ashanti","sensitive","sensitive","undetermined","undetermined","resistant","sensitive"
"SPT67765","2018","true","1200","null","Ghana","GH","Ashanti","Ashanti","sensitive","sensitive","undetermined","undetermined","resistant","resistant"
"SPT67766","2018","true","1200","null","Ghana","GH","Ashanti","Ashanti","sensitive","sensitive","undetermined","undetermined","sensitive","resistant"
"SPT67767","2018","false","1200","null","Ghana","GH","Ashanti","Ashanti","null","null","null","null","null","null"
"SPT67768","2018","true","1200","null","Ghana","GH","Ashanti","Ashanti","sensitive","sensitive","undetermined","undetermined","resistant","resistant"
"SPT67769","2018","true","1200","null","Ghana","GH","Ashanti","Ashanti","sensitive","sensitive","undetermined","undetermined","resistant","resistant"
"SPT67770","2018","true","1200","null","Ghana","GH","Ashanti","Ashanti","undetermined","sensitive","undetermined","undetermined","resistant","resistant"
"SPT67771","2018","true","1200","null","Ghana","GH","Ashanti","Ashanti","sensitive","sensitive","undetermined","undetermined","undetermined","resistant"
"SPT67772","2018","false","1200","null","Ghana","GH","Ashanti","Ashanti","null","null","null","null","null","null"
"SPT67773","2018","false","1200","null","Ghana","GH","Ashanti","Ashanti","null","null","null","null","null","null"
"SPT67774","2018","false","1200","null","Ghana","GH","Ashanti","Ashanti","null","null","null","null","null","null"
"SPT67776","2018","true","1200","null","Ghana","GH","Ashanti","Ashanti","undetermined","sensitive","undetermined","undetermined","resistant","undetermined"
"SPT67777","2018","true","1200","null","Ghana","GH","Ashanti","Ashanti","sensitive","sensitive","undetermined","undetermined","resistant","resistant"
"SPT67778","2018","true","1200","null","Ghana","GH","Ashanti","Ashanti","sensitive","sensitive","undetermined","undetermined","resistant","resistant"
"SPT67779","2018","false","1200","null","Ghana","GH","Ashanti","Ashanti","null","null","null","null","null","null"
"SPT67780","2018","false","1200","null","Ghana","GH","Ashanti","Ashanti","null","null","null","null","null","null"
"SPT67781","2018","true","1200","null","Ghana","GH","Ashanti","Ashanti","sensitive","sensitive","undetermined","undetermined","resistant","resistant"
"SPT67783","2018","false","1200","null","Ghana","GH","Ashanti","Ashanti","null","null","null","null","null","null"
"SPT67784","2018","false","1200","null","Ghana","GH","Ashanti","Ashanti","null","null","null","null","null","null"
"SPT67785","2018","true","1200","null","Ghana","GH","Ashanti","Ashanti","sensitive","sensitive","undetermined","sensitive","resistant","resistant"
"SPT67786","2019","false","1200","null","Ghana","GH","Ashanti","Ashanti","null","null","null","null","null","null"
"SPT67787","2019","true","1200","null","Ghana","GH","Ashanti","Ashanti","sensitive","sensitive","undetermined","undetermined","resistant","resistant"
"SPT67789","2019","true","1200","null","Ghana","GH","Ashanti","Ashanti","sensitive","sensitive","undetermined","undetermined","resistant","resistant"
"SPT67790","2019","false","1200","null","Ghana","GH","Ashanti","Ashanti","null","null","null","null","null","null"
"SPT67791","2019","true","1200","null","Ghana","GH","Ashanti","Ashanti","undetermined","sensitive","undetermined","undetermined","resistant","resistant"
"SPT67792","2019","true","1200","null","Ghana","GH","Ashanti","Ashanti","sensitive","sensitive","undetermined","undetermined","resistant","resistant"
"SPT67793","2019","false","1200","null","Ghana","GH","Ashanti","Ashanti","null","null","null","null","null","null"
"SPT67794","2019","true","1200","null","Ghana","GH","Ashanti","Ashanti","undetermined","sensitive","undetermined","undetermined","undetermined","resistant"
"SPT67795","2019","true","1200","null","Ghana","GH","Ashanti","Ashanti","sensitive","sensitive","undetermined","sensitive","resistant","resistant"
"SPT67796","2019","false","1200","null","Ghana","GH","Ashanti","Ashanti","null","null","null","null","null","null"
"SPT67797","2019","false","1200","null","Ghana","GH","Ashanti","Ashanti","null","null","null","null","null","null"
"SPT67798","2019","false","1200","null","Ghana","GH","Ashanti","Ashanti","null","null","null","null","null","null"
"SPT67799","2019","true","1200","null","Ghana","GH","Ashanti","Ashanti","sensitive","sensitive","undetermined","undetermined","undetermined","resistant"
"SPT67800","2019","true","1200","null","Ghana","GH","Ashanti","Ashanti","sensitive","sensitive","undetermined","undetermined","resistant","resistant"
"SPT67801","2019","true","1200","null","Ghana","GH","Ashanti","Ashanti","sensitive","sensitive","undetermined","undetermined","resistant","resistant"
"SPT67802","2019","true","1200","null","Ghana","GH","Ashanti","Ashanti","sensitive","sensitive","undetermined","undetermined","resistant","resistant"
"SPT67803","2019","true","1200","null","Ghana","GH","Ashanti","Ashanti","undetermined","sensitive","undetermined","undetermined","resistant","resistant"
"SPT67804","2019","true","1200","null","Ghana","GH","Ashanti","Ashanti","undetermined","sensitive","undetermined","undetermined","resistant","resistant"
"SPT67805","2019","true","1200","null","Ghana","GH","Ashanti","Ashanti","sensitive","sensitive","undetermined","undetermined","resistant","resistant"
"SPT67806","2019","false","1200","null","Ghana","GH","Ashanti","Ashanti","null","null","null","null","null","null"
"SPT67807","2019","true","1200","null","Ghana","GH","Ashanti","Ashanti","sensitive","sensitive","undetermined","undetermined","undetermined","resistant"
"SPT67808","2019","true","1200","null","Ghana","GH","Ashanti","Ashanti","sensitive","sensitive","undetermined","undetermined","resistant","resistant"
"SPT67809","2019","false","1200","null","Ghana","GH","Ashanti","Ashanti","null","null","null","null","null","null"
"SPT67810","2019","true","1200","null","Ghana","GH","Ashanti","Ashanti","sensitive","sensitive","undetermined","undetermined","resistant","resistant"
"SPT67811","2019","true","1200","null","Ghana","GH","Ashanti","Ashanti","sensitive","sensitive","undetermined","undetermined","resistant","resistant"
"SPT67812","2019","true","1200","null","Ghana","GH","Ashanti","Ashanti","sensitive","sensitive","undetermined","undetermined","resistant","resistant"
"SPT67813","2019","true","1200","null","Ghana","GH","Ashanti","Ashanti","sensitive","sensitive","undetermined","undetermined","undetermined","resistant"
"SPT67814","2019","true","1200","null","Ghana","GH","Ashanti","Ashanti","undetermined","sensitive","undetermined","undetermined","resistant","resistant"
"SPT67815","2019","true","1200","null","Ghana","GH","Ashanti","Ashanti","sensitive","sensitive","undetermined","undetermined","resistant","resistant"
"SPT67816","2019","true","1200","null","Ghana","GH","Ashanti","Ashanti","undetermined","sensitive","undetermined","undetermined","resistant","resistant"
"SPT67817","2019","false","1200","null","Ghana","GH","Ashanti","Ashanti","null","null","null","null","null","null"
"SPT67818","2019","true","1200","null","Ghana","GH","Ashanti","Ashanti","sensitive","resistant","undetermined","undetermined","resistant","resistant"
"SPT67819","2019","true","1200","null","Ghana","GH","Ashanti","Ashanti","sensitive","sensitive","undetermined","undetermined","undetermined","resistant"
"SPT67820","2019","true","1200","null","Ghana","GH","Ashanti","Ashanti","undetermined","sensitive","undetermined","undetermined","resistant","resistant"
"SPT67821","2019","false","1200","null","Ghana","GH","Ashanti","Ashanti","null","null","null","null","null","null"
"SPT67822","2019","true","1200","null","Ghana","GH","Ashanti","Ashanti","undetermined","sensitive","undetermined","undetermined","resistant","resistant"
"SPT67823","2019","true","1200","null","Ghana","GH","Ashanti","Ashanti","sensitive","sensitive","undetermined","undetermined","resistant","resistant"
"SPT67824","2019","false","1200","null","Ghana","GH","Ashanti","Ashanti","null","null","null","null","null","null"
"SPT67825","2019","true","1200","null","Ghana","GH","Ashanti","Ashanti","undetermined","sensitive","undetermined","undetermined","resistant","undetermined"
"SPT67826","2019","false","1200","null","Ghana","GH","Ashanti","Ashanti","null","null","null","null","null","null"
"SPT67827","2019","true","1200","null","Ghana","GH","Ashanti","Ashanti","undetermined","sensitive","undetermined","undetermined","resistant","resistant"
"SPT67828","2019","false","1200","null","Ghana","GH","Ashanti","Ashanti","null","null","null","null","null","null"
"SPT67829","2019","true","1200","null","Ghana","GH","Ashanti","Ashanti","sensitive","sensitive","undetermined","undetermined","resistant","resistant"
"SPT67830","2019","true","1200","null","Ghana","GH","Ashanti","Ashanti","sensitive","sensitive","undetermined","undetermined","resistant","resistant"
"SPT67831","2019","false","1200","null","Ghana","GH","Ashanti","Ashanti","null","null","null","null","null","null"
"SPT67832","2019","true","1200","null","Ghana","GH","Ashanti","Ashanti","sensitive","sensitive","undetermined","undetermined","resistant","resistant"
"SPT67833","2019","true","1200","null","Ghana","GH","Ashanti","Ashanti","sensitive","sensitive","undetermined","undetermined","resistant","resistant"
"SPT67834","2019","true","1200","null","Ghana","GH","Ashanti","Ashanti","sensitive","sensitive","undetermined","undetermined","resistant","resistant"
"SPT67835","2019","true","1200","null","Ghana","GH","Ashanti","Ashanti","sensitive","sensitive","undetermined","undetermined","resistant","resistant"
"SPT67836","2019","true","1200","null","Ghana","GH","Ashanti","Ashanti","undetermined","sensitive","undetermined","undetermined","resistant","resistant"
"SPT67837","2019","true","1200","null","Ghana","GH","Ashanti","Ashanti","sensitive","sensitive","undetermined","undetermined","resistant","resistant"
"SPT67838","2019","true","1200","null","Ghana","GH","Ashanti","Ashanti","sensitive","sensitive","undetermined","undetermined","undetermined","resistant"
"SPT67839","2019","false","1200","null","Ghana","GH","Ashanti","Ashanti","null","null","null","null","null","null"
"SPT67840","2019","true","1200","null","Ghana","GH","Ashanti","Ashanti","sensitive","sensitive","undetermined","undetermined","resistant","resistant"
"SPT67841","2019","false","1200","null","Ghana","GH","Ashanti","Ashanti","null","null","null","null","null","null"
"SPT67842","2019","false","1200","null","Ghana","GH","Ashanti","Ashanti","null","null","null","null","null","null"
"SPT67843","2019","true","1200","null","Ghana","GH","Ashanti","Ashanti","sensitive","sensitive","undetermined","undetermined","resistant","resistant"
"SPT67844","2019","true","1200","null","Ghana","GH","Ashanti","Ashanti","undetermined","sensitive","undetermined","undetermined","resistant","resistant"
"SPT67845","2019","false","1200","null","Ghana","GH","Ashanti","Ashanti","null","null","null","null","null","null"
"SPT67846","2019","true","1200","null","Ghana","GH","Ashanti","Ashanti","sensitive","sensitive","undetermined","undetermined","resistant","resistant"
"SPT67847","2019","true","1200","null","Ghana","GH","Ashanti","Ashanti","sensitive","sensitive","undetermined","undetermined","resistant","resistant"
