sample_id,year,qc_pass,study_id,region,country,country_id,site,site_id,ARTresistant,CQresistant,MQresistant,PPQresistant,PYRresistant,SDXresistant
"PE0002-CW","2010","true","1007","null","Tanzania","TZ","Tanga","Tanga","sensitive","resistant","sensitive","sensitive","resistant","resistant"
"PE0009-C","2010","false","1007","null","Tanzania","TZ","Morogoro","Morogoro","null","null","null","null","null","null"
"PE0009-CW","2010","true","1007","null","Tanzania","TZ","Morogoro","Morogoro","sensitive","sensitive","sensitive","sensitive","resistant","resistant"
"PE0010-C","2010","true","1007","null","Tanzania","TZ","Tanga","Tanga","sensitive","resistant","sensitive","sensitive","resistant","resistant"
"PE0011-C","2010","true","1007","null","Tanzania","TZ","Tanga","Tanga","sensitive","resistant","sensitive","sensitive","resistant","resistant"
"PE0012-C","2010","true","1007","null","Tanzania","TZ","Tanga","Tanga","sensitive","resistant","sensitive","sensitive","resistant","resistant"
"PE0013-C","2010","true","1007","null","Tanzania","TZ","Tanga","Tanga","sensitive","resistant","sensitive","sensitive","resistant","resistant"
"PE0016-C","2010","true","1007","null","Tanzania","TZ","Tanga","Tanga","sensitive","resistant","sensitive","sensitive","resistant","resistant"
"PE0017-C","2010","false","1007","null","Tanzania","TZ","Tanga","Tanga","null","null","null","null","null","null"
"PE0017-CW","2010","true","1007","null","Tanzania","TZ","Tanga","Tanga","sensitive","resistant","sensitive","sensitive","resistant","resistant"
"PE0018-C","2010","true","1007","null","Tanzania","TZ","Tanga","Tanga","sensitive","resistant","sensitive","sensitive","resistant","resistant"
"PE0019-C","2010","true","1007","null","Tanzania","TZ","Tanga","Tanga","sensitive","resistant","sensitive","sensitive","resistant","resistant"
"PE0020-C","2010","true","1007","null","Tanzania","TZ","Tanga","Tanga","sensitive","resistant","sensitive","sensitive","resistant","resistant"
"PE0021-C","2010","true","1007","null","Tanzania","TZ","Morogoro","Morogoro","sensitive","sensitive","sensitive","sensitive","resistant","resistant"
"PE0022-C","2010","true","1007","null","Tanzania","TZ","Morogoro","Morogoro","sensitive","resistant","sensitive","sensitive","resistant","resistant"
"PE0023-C","2010","true","1007","null","Tanzania","TZ","Morogoro","Morogoro","sensitive","undetermined","sensitive","sensitive","resistant","sensitive"
"PE0024-C","2010","true","1007","null","Tanzania","TZ","Morogoro","Morogoro","sensitive","resistant","sensitive","sensitive","resistant","resistant"
"PE0025-C","2010","true","1007","null","Tanzania","TZ","Morogoro","Morogoro","sensitive","resistant","sensitive","sensitive","resistant","resistant"
"PE0027-C","2010","true","1007","null","Tanzania","TZ","Morogoro","Morogoro","sensitive","resistant","sensitive","sensitive","resistant","undetermined"
"PE0028-C","2010","true","1007","null","Tanzania","TZ","Morogoro","Morogoro","sensitive","sensitive","sensitive","sensitive","resistant","resistant"
"PE0030-C","2010","true","1007","null","Tanzania","TZ","Tanga","Tanga","sensitive","resistant","sensitive","sensitive","resistant","resistant"
"PE0087-C","2013","true","1095","null","Tanzania","TZ","Tanga","Tanga","sensitive","resistant","sensitive","sensitive","resistant","resistant"
"PE0088-C","2013","true","1095","null","Tanzania","TZ","Tanga","Tanga","sensitive","undetermined","sensitive","sensitive","resistant","resistant"
"PE0089-C","2013","true","1095","null","Tanzania","TZ","Tanga","Tanga","sensitive","sensitive","sensitive","sensitive","resistant","resistant"
"PE0090-C","2013","true","1095","null","Tanzania","TZ","Tanga","Tanga","sensitive","resistant","sensitive","sensitive","resistant","resistant"
"PE0091-C","2013","true","1095","null","Tanzania","TZ","Tanga","Tanga","sensitive","sensitive","sensitive","sensitive","resistant","resistant"
"PE0092-C","2013","true","1095","null","Tanzania","TZ","Tanga","Tanga","sensitive","resistant","sensitive","sensitive","resistant","resistant"
"PE0093-C","2013","true","1095","null","Tanzania","TZ","Tanga","Tanga","sensitive","resistant","sensitive","sensitive","resistant","resistant"
"PE0096-C","2013","true","1095","null","Tanzania","TZ","Tanga","Tanga","sensitive","sensitive","sensitive","sensitive","resistant","resistant"
"PE0098-C","2013","true","1095","null","Tanzania","TZ","Tanga","Tanga","sensitive","sensitive","sensitive","sensitive","resistant","resistant"
"PE0102-C","2013","true","1095","null","Tanzania","TZ","Tanga","Tanga","sensitive","sensitive","sensitive","sensitive","resistant","resistant"
"PE0103-C","2013","true","1095","null","Tanzania","TZ","Tanga","Tanga","sensitive","resistant","sensitive","sensitive","resistant","resistant"
"PE0105-C","2013","true","1095","null","Tanzania","TZ","Tanga","Tanga","sensitive","resistant","sensitive","sensitive","resistant","resistant"
"PE0108-C","2013","true","1095","null","Tanzania","TZ","Tanga","Tanga","sensitive","resistant","sensitive","sensitive","resistant","sensitive"
"PE0109-C","2013","true","1095","null","Tanzania","TZ","Tanga","Tanga","sensitive","resistant","sensitive","sensitive","resistant","resistant"
"PE0111-C","2013","true","1095","null","Tanzania","TZ","Tanga","Tanga","sensitive","resistant","sensitive","sensitive","resistant","resistant"
"PE0113-C","2013","true","1095","null","Tanzania","TZ","Tanga","Tanga","sensitive","sensitive","sensitive","sensitive","resistant","resistant"
"PE0114-C","2013","true","1095","null","Tanzania","TZ","Tanga","Tanga","sensitive","undetermined","sensitive","sensitive","resistant","resistant"
"PE0115-C","2013","true","1095","null","Tanzania","TZ","Tanga","Tanga","sensitive","sensitive","sensitive","sensitive","resistant","resistant"
"PE0116-C","2013","true","1095","null","Tanzania","TZ","Tanga","Tanga","sensitive","sensitive","sensitive","sensitive","resistant","resistant"
"PE0117-C","2013","true","1095","null","Tanzania","TZ","Tanga","Tanga","sensitive","sensitive","sensitive","sensitive","resistant","resistant"
"PE0119-C","2013","true","1095","null","Tanzania","TZ","Tanga","Tanga","sensitive","sensitive","sensitive","sensitive","resistant","resistant"
"PE0121-C","2010","true","1007","null","Tanzania","TZ","Morogoro","Morogoro","sensitive","resistant","sensitive","sensitive","sensitive","resistant"
"PE0122-C","2010","true","1007","null","Tanzania","TZ","Morogoro","Morogoro","sensitive","sensitive","sensitive","sensitive","resistant","sensitive"
"PE0123-C","2010","true","1007","null","Tanzania","TZ","Tanga","Tanga","sensitive","resistant","sensitive","sensitive","sensitive","sensitive"
"PE0124-C","2010","true","1007","null","Tanzania","TZ","Tanga","Tanga","sensitive","resistant","sensitive","sensitive","resistant","resistant"
"PE0125-C","2010","true","1007","null","Tanzania","TZ","Morogoro","Morogoro","sensitive","sensitive","sensitive","sensitive","resistant","sensitive"
"PE0126-C","2010","true","1007","null","Tanzania","TZ","Morogoro","Morogoro","sensitive","sensitive","sensitive","sensitive","resistant","resistant"
"PE0127-C","2010","true","1007","null","Tanzania","TZ","Tanga","Tanga","sensitive","resistant","sensitive","sensitive","resistant","resistant"
"PE0128-C","2010","true","1007","null","Tanzania","TZ","Morogoro","Morogoro","sensitive","sensitive","sensitive","sensitive","resistant","sensitive"
"PE0129-C","2010","true","1007","null","Tanzania","TZ","Morogoro","Morogoro","sensitive","undetermined","sensitive","sensitive","undetermined","undetermined"
"PE0130-C","2010","true","1007","null","Tanzania","TZ","Morogoro","Morogoro","sensitive","sensitive","sensitive","sensitive","resistant","resistant"
"PE0131-C","2010","true","1007","null","Tanzania","TZ","Morogoro","Morogoro","sensitive","sensitive","sensitive","sensitive","resistant","resistant"
"PE0132-C","2010","true","1007","null","Tanzania","TZ","Morogoro","Morogoro","sensitive","sensitive","sensitive","sensitive","resistant","sensitive"
"PE0133-C","2010","true","1007","null","Tanzania","TZ","Morogoro","Morogoro","sensitive","sensitive","sensitive","sensitive","resistant","resistant"
"PE0134-C","2010","true","1007","null","Tanzania","TZ","Morogoro","Morogoro","sensitive","sensitive","sensitive","sensitive","resistant","sensitive"
"PE0135-C","2010","true","1007","null","Tanzania","TZ","Morogoro","Morogoro","sensitive","sensitive","sensitive","sensitive","resistant","sensitive"
"PE0136-C","2010","true","1007","null","Tanzania","TZ","Morogoro","Morogoro","sensitive","undetermined","sensitive","sensitive","resistant","undetermined"
"PE0137-C","2010","true","1007","null","Tanzania","TZ","Morogoro","Morogoro","sensitive","resistant","sensitive","sensitive","resistant","resistant"
"PE0138-C","2010","true","1007","null","Tanzania","TZ","Morogoro","Morogoro","sensitive","resistant","sensitive","sensitive","resistant","resistant"
"PE0139-C","2010","true","1007","null","Tanzania","TZ","Morogoro","Morogoro","sensitive","resistant","sensitive","sensitive","resistant","resistant"
"PE0140-C","2010","true","1007","null","Tanzania","TZ","Morogoro","Morogoro","sensitive","sensitive","sensitive","sensitive","resistant","resistant"
"PE0141-C","2010","true","1007","null","Tanzania","TZ","Morogoro","Morogoro","sensitive","sensitive","sensitive","sensitive","resistant","sensitive"
"PE0142-C","2010","true","1007","null","Tanzania","TZ","Morogoro","Morogoro","sensitive","sensitive","sensitive","sensitive","undetermined","sensitive"
"PE0143-C","2010","true","1007","null","Tanzania","TZ","Morogoro","Morogoro","sensitive","sensitive","sensitive","sensitive","resistant","resistant"
"PE0144-C","2010","true","1007","null","Tanzania","TZ","Morogoro","Morogoro","sensitive","sensitive","sensitive","sensitive","undetermined","sensitive"
"PE0145-C","2010","true","1007","null","Tanzania","TZ","Morogoro","Morogoro","sensitive","sensitive","sensitive","sensitive","resistant","resistant"
"PE0146-C","2010","true","1007","null","Tanzania","TZ","Morogoro","Morogoro","sensitive","sensitive","sensitive","sensitive","resistant","undetermined"
"PE0147-C","2010","true","1007","null","Tanzania","TZ","Tanga","Tanga","sensitive","resistant","sensitive","sensitive","resistant","resistant"
"PE0148-C","2010","true","1007","null","Tanzania","TZ","Morogoro","Morogoro","sensitive","sensitive","sensitive","sensitive","resistant","sensitive"
"PE0149-C","2010","false","1007","null","Tanzania","TZ","Morogoro","Morogoro","null","null","null","null","null","null"
"PE0151-C","2013","true","1095","null","Tanzania","TZ","Tanga","Tanga","sensitive","resistant","sensitive","sensitive","resistant","resistant"
"PE0153-C","2013","false","1095","null","Tanzania","TZ","Tanga","Tanga","null","null","null","null","null","null"
"PE0156-C","2013","true","1095","null","Tanzania","TZ","Tanga","Tanga","sensitive","sensitive","sensitive","sensitive","resistant","resistant"
"PE0157-C","2013","true","1095","null","Tanzania","TZ","Tanga","Tanga","sensitive","sensitive","undetermined","undetermined","resistant","resistant"
"PE0158-C","2013","true","1095","null","Tanzania","TZ","Tanga","Tanga","sensitive","sensitive","sensitive","sensitive","resistant","resistant"
"PE0159-C","2013","true","1095","null","Tanzania","TZ","Tanga","Tanga","undetermined","sensitive","sensitive","sensitive","resistant","resistant"
"PE0160-C","2013","true","1095","null","Tanzania","TZ","Tanga","Tanga","sensitive","sensitive","sensitive","sensitive","resistant","resistant"
"PE0161-C","2013","true","1095","null","Tanzania","TZ","Tanga","Tanga","sensitive","sensitive","sensitive","sensitive","resistant","resistant"
"PE0162-C","2013","true","1095","null","Tanzania","TZ","Tanga","Tanga","sensitive","sensitive","sensitive","sensitive","resistant","resistant"
"PE0163-C","2013","true","1095","null","Tanzania","TZ","Tanga","Tanga","sensitive","sensitive","undetermined","sensitive","resistant","resistant"
"PE0164-C","2013","true","1095","null","Tanzania","TZ","Tanga","Tanga","sensitive","sensitive","sensitive","sensitive","resistant","resistant"
"PE0166-C","2013","true","1095","null","Tanzania","TZ","Tanga","Tanga","sensitive","sensitive","sensitive","sensitive","resistant","resistant"
"PE0170-C","2013","true","1095","null","Tanzania","TZ","Tanga","Tanga","sensitive","sensitive","undetermined","undetermined","undetermined","resistant"
"PE0172-C","2013","true","1095","null","Tanzania","TZ","Tanga","Tanga","sensitive","sensitive","sensitive","sensitive","resistant","resistant"
"PE0173-C","2013","true","1095","null","Tanzania","TZ","Tanga","Tanga","sensitive","resistant","sensitive","sensitive","resistant","resistant"
"PE0177-C","2013","true","1095","null","Tanzania","TZ","Tanga","Tanga","sensitive","resistant","sensitive","sensitive","resistant","resistant"
"PE0178-C","2013","true","1095","null","Tanzania","TZ","Tanga","Tanga","sensitive","undetermined","undetermined","sensitive","resistant","resistant"
"PE0179-C","2013","true","1095","null","Tanzania","TZ","Tanga","Tanga","sensitive","sensitive","sensitive","sensitive","resistant","resistant"
"PE0180-C","2013","true","1095","null","Tanzania","TZ","Tanga","Tanga","sensitive","sensitive","sensitive","sensitive","resistant","resistant"
"PE0181-C","2013","true","1095","null","Tanzania","TZ","Tanga","Tanga","sensitive","resistant","undetermined","sensitive","resistant","resistant"
"PE0182-C","2013","true","1095","null","Tanzania","TZ","Tanga","Tanga","sensitive","sensitive","sensitive","sensitive","resistant","sensitive"
"PE0184-C","2013","true","1095","null","Tanzania","TZ","Tanga","Tanga","sensitive","resistant","sensitive","sensitive","resistant","resistant"
"PE0185-C","2013","true","1095","null","Tanzania","TZ","Tanga","Tanga","sensitive","undetermined","sensitive","sensitive","resistant","resistant"
"PE0186-C","2013","true","1095","null","Tanzania","TZ","Tanga","Tanga","sensitive","sensitive","undetermined","sensitive","resistant","resistant"
"PE0187-C","2013","true","1095","null","Tanzania","TZ","Tanga","Tanga","sensitive","sensitive","sensitive","sensitive","resistant","resistant"
"PE0189-C","2013","true","1095","null","Tanzania","TZ","Tanga","Tanga","sensitive","resistant","sensitive","sensitive","resistant","resistant"
"PE0190-C","2013","true","1095","null","Tanzania","TZ","Tanga","Tanga","sensitive","sensitive","sensitive","sensitive","resistant","resistant"
"PE0191-C","2013","true","1095","null","Tanzania","TZ","Tanga","Tanga","sensitive","sensitive","sensitive","sensitive","resistant","resistant"
"PE0192-C","2013","false","1095","null","Tanzania","TZ","Tanga","Tanga","null","null","null","null","null","null"
"PE0195-C","2013","true","1095","null","Tanzania","TZ","Tanga","Tanga","sensitive","sensitive","sensitive","sensitive","resistant","resistant"
"PE0197-C","2013","true","1095","null","Tanzania","TZ","Tanga","Tanga","sensitive","sensitive","sensitive","sensitive","resistant","resistant"
"PE0198-C","2013","true","1095","null","Tanzania","TZ","Tanga","Tanga","sensitive","undetermined","sensitive","sensitive","resistant","resistant"
"PE0199-C","2013","true","1095","null","Tanzania","TZ","Tanga","Tanga","sensitive","resistant","sensitive","sensitive","resistant","resistant"
"PE0200-C","2013","true","1095","null","Tanzania","TZ","Tanga","Tanga","sensitive","sensitive","sensitive","sensitive","resistant","resistant"
"PE0201-C","2013","true","1095","null","Tanzania","TZ","Tanga","Tanga","sensitive","resistant","sensitive","sensitive","resistant","resistant"
"PE0202-C","2013","true","1095","null","Tanzania","TZ","Tanga","Tanga","sensitive","sensitive","sensitive","sensitive","resistant","sensitive"
"PE0203-C","2013","true","1095","null","Tanzania","TZ","Tanga","Tanga","sensitive","sensitive","sensitive","sensitive","resistant","resistant"
"PE0205-C","2013","true","1095","null","Tanzania","TZ","Tanga","Tanga","sensitive","sensitive","sensitive","sensitive","resistant","resistant"
"PE0206-C","2013","true","1095","null","Tanzania","TZ","Tanga","Tanga","sensitive","undetermined","sensitive","sensitive","resistant","resistant"
"PE0207-C","2013","true","1095","null","Tanzania","TZ","Tanga","Tanga","sensitive","sensitive","sensitive","sensitive","resistant","resistant"
"PE0208-C","2013","true","1095","null","Tanzania","TZ","Tanga","Tanga","sensitive","sensitive","sensitive","sensitive","resistant","resistant"
"PE0209-C","2013","false","1095","null","Tanzania","TZ","Tanga","Tanga","null","null","null","null","null","null"
"PE0210-C","2013","true","1095","null","Tanzania","TZ","Tanga","Tanga","sensitive","sensitive","sensitive","sensitive","resistant","resistant"
"PE0212-C","2013","true","1095","null","Tanzania","TZ","Tanga","Tanga","sensitive","sensitive","sensitive","sensitive","resistant","resistant"
"PE0213-C","2013","true","1095","null","Tanzania","TZ","Tanga","Tanga","sensitive","sensitive","sensitive","sensitive","resistant","resistant"
"PE0215-C","2013","true","1095","null","Tanzania","TZ","Tanga","Tanga","sensitive","sensitive","sensitive","sensitive","resistant","resistant"
"PE0216-C","2013","true","1095","null","Tanzania","TZ","Tanga","Tanga","sensitive","sensitive","sensitive","sensitive","resistant","resistant"
"PE0218-C","2013","true","1095","null","Tanzania","TZ","Tanga","Tanga","sensitive","sensitive","sensitive","sensitive","resistant","resistant"
"PE0219-C","2013","true","1095","null","Tanzania","TZ","Tanga","Tanga","sensitive","sensitive","sensitive","sensitive","resistant","resistant"
"PE0221-C","2013","true","1095","null","Tanzania","TZ","Tanga","Tanga","sensitive","sensitive","sensitive","sensitive","resistant","undetermined"
"PE0223-C","2013","true","1095","null","Tanzania","TZ","Tanga","Tanga","sensitive","sensitive","sensitive","sensitive","resistant","resistant"
"PE0224-C","2013","true","1095","null","Tanzania","TZ","Tanga","Tanga","sensitive","sensitive","sensitive","sensitive","resistant","resistant"
"PE0225-C","2013","true","1095","null","Tanzania","TZ","Tanga","Tanga","sensitive","resistant","sensitive","sensitive","resistant","resistant"
"PE0226-C","2013","true","1095","null","Tanzania","TZ","Tanga","Tanga","sensitive","sensitive","sensitive","sensitive","resistant","resistant"
"PE0227-C","2013","true","1095","null","Tanzania","TZ","Tanga","Tanga","sensitive","sensitive","undetermined","sensitive","resistant","resistant"
"PE0228-C","2013","true","1095","null","Tanzania","TZ","Tanga","Tanga","sensitive","undetermined","sensitive","sensitive","resistant","resistant"
"PE0229-C","2013","true","1095","null","Tanzania","TZ","Tanga","Tanga","sensitive","sensitive","sensitive","sensitive","resistant","resistant"
"PE0230-C","2013","true","1095","null","Tanzania","TZ","Tanga","Tanga","sensitive","sensitive","sensitive","sensitive","resistant","resistant"
"PE0231-C","2013","true","1095","null","Tanzania","TZ","Tanga","Tanga","sensitive","sensitive","sensitive","sensitive","resistant","resistant"
"PE0232-C","2013","true","1095","null","Tanzania","TZ","Tanga","Tanga","sensitive","sensitive","undetermined","sensitive","resistant","resistant"
"PE0234-C","2013","true","1095","null","Tanzania","TZ","Tanga","Tanga","sensitive","sensitive","sensitive","sensitive","resistant","resistant"
"PE0237-C","2013","true","1095","null","Tanzania","TZ","Tanga","Tanga","sensitive","resistant","sensitive","sensitive","resistant","resistant"
"PE0241-C","2013","false","1095","null","Tanzania","TZ","Tanga","Tanga","null","null","null","null","null","null"
"PE0242-C","2013","true","1095","null","Tanzania","TZ","Tanga","Tanga","sensitive","sensitive","sensitive","sensitive","resistant","resistant"
"PE0244-C","2013","true","1095","null","Tanzania","TZ","Tanga","Tanga","sensitive","sensitive","sensitive","sensitive","resistant","resistant"
"PE0245-C","2013","true","1095","null","Tanzania","TZ","Tanga","Tanga","sensitive","sensitive","sensitive","sensitive","resistant","resistant"
"PE0247-C","2013","true","1095","null","Tanzania","TZ","Tanga","Tanga","sensitive","sensitive","sensitive","sensitive","resistant","resistant"
"PE0251-C","2013","true","1095","null","Tanzania","TZ","Tanga","Tanga","sensitive","sensitive","sensitive","sensitive","resistant","resistant"
"PE0252-C","2013","true","1095","null","Tanzania","TZ","Tanga","Tanga","sensitive","sensitive","sensitive","sensitive","resistant","resistant"
"PE0253-C","2013","true","1095","null","Tanzania","TZ","Tanga","Tanga","sensitive","sensitive","sensitive","sensitive","resistant","resistant"
"PE0254-C","2013","true","1095","null","Tanzania","TZ","Tanga","Tanga","sensitive","sensitive","sensitive","sensitive","resistant","resistant"
"PE0255-C","2013","true","1095","null","Tanzania","TZ","Tanga","Tanga","sensitive","resistant","sensitive","sensitive","resistant","resistant"
"PE0256-C","2013","true","1095","null","Tanzania","TZ","Tanga","Tanga","sensitive","sensitive","sensitive","sensitive","resistant","resistant"
"PE0258-C","2013","true","1095","null","Tanzania","TZ","Tanga","Tanga","sensitive","sensitive","sensitive","sensitive","resistant","resistant"
"PE0259-C","2013","true","1095","null","Tanzania","TZ","Tanga","Tanga","sensitive","sensitive","undetermined","sensitive","resistant","resistant"
"PE0261-C","2013","true","1095","null","Tanzania","TZ","Tanga","Tanga","sensitive","sensitive","sensitive","sensitive","resistant","resistant"
"PE0262-C","2013","true","1095","null","Tanzania","TZ","Tanga","Tanga","sensitive","sensitive","sensitive","sensitive","resistant","resistant"
"PE0264-C","2013","true","1095","null","Tanzania","TZ","Tanga","Tanga","sensitive","sensitive","sensitive","sensitive","resistant","resistant"
"PE0265-C","2013","true","1095","null","Tanzania","TZ","Tanga","Tanga","sensitive","sensitive","sensitive","sensitive","resistant","resistant"
"PE0266-C","2013","true","1095","null","Tanzania","TZ","Tanga","Tanga","sensitive","sensitive","sensitive","sensitive","resistant","resistant"
"PE0267-C","2013","true","1095","null","Tanzania","TZ","Tanga","Tanga","sensitive","sensitive","sensitive","sensitive","resistant","resistant"
"PE0268-C","2013","true","1095","null","Tanzania","TZ","Tanga","Tanga","sensitive","sensitive","sensitive","sensitive","resistant","resistant"
"PE0269-C","2013","true","1095","null","Tanzania","TZ","Tanga","Tanga","sensitive","undetermined","sensitive","sensitive","resistant","resistant"
"PE0270-C","2013","true","1095","null","Tanzania","TZ","Tanga","Tanga","sensitive","undetermined","sensitive","sensitive","resistant","resistant"
"PE0271-C","2013","true","1095","null","Tanzania","TZ","Tanga","Tanga","sensitive","sensitive","sensitive","sensitive","resistant","resistant"
"PE0272-C","2013","true","1095","null","Tanzania","TZ","Tanga","Tanga","sensitive","sensitive","sensitive","sensitive","resistant","resistant"
"PE0273-C","2013","true","1095","null","Tanzania","TZ","Tanga","Tanga","sensitive","sensitive","sensitive","sensitive","resistant","resistant"
"PE0274-C","2013","true","1095","null","Tanzania","TZ","Tanga","Tanga","sensitive","sensitive","sensitive","sensitive","resistant","resistant"
"PE0275-C","2013","true","1095","null","Tanzania","TZ","Tanga","Tanga","sensitive","undetermined","sensitive","sensitive","resistant","resistant"
"PE0276-C","2013","true","1095","null","Tanzania","TZ","Tanga","Tanga","sensitive","sensitive","sensitive","sensitive","resistant","resistant"
"PE0277-C","2013","false","1095","null","Tanzania","TZ","Tanga","Tanga","null","null","null","null","null","null"
"PE0278-C","2013","true","1095","null","Tanzania","TZ","Tanga","Tanga","sensitive","sensitive","sensitive","sensitive","resistant","resistant"
"PE0279-C","2013","true","1095","null","Tanzania","TZ","Tanga","Tanga","sensitive","sensitive","sensitive","sensitive","resistant","resistant"
"PE0281-C","2013","true","1095","null","Tanzania","TZ","Tanga","Tanga","sensitive","sensitive","sensitive","sensitive","resistant","resistant"
"PE0282-C","2013","true","1095","null","Tanzania","TZ","Tanga","Tanga","sensitive","sensitive","sensitive","sensitive","resistant","resistant"
"PE0283-C","2013","true","1095","null","Tanzania","TZ","Tanga","Tanga","sensitive","sensitive","sensitive","sensitive","resistant","resistant"
"PE0284-C","2013","true","1095","null","Tanzania","TZ","Tanga","Tanga","sensitive","sensitive","sensitive","sensitive","resistant","resistant"
"PE0285-C","2013","true","1095","null","Tanzania","TZ","Tanga","Tanga","sensitive","sensitive","sensitive","sensitive","resistant","resistant"
"PE0286-C","2013","true","1095","null","Tanzania","TZ","Tanga","Tanga","sensitive","sensitive","sensitive","sensitive","resistant","resistant"
"PE0288-C","2013","true","1095","null","Tanzania","TZ","Tanga","Tanga","sensitive","sensitive","sensitive","sensitive","resistant","resistant"
"PE0290-C","2013","true","1095","null","Tanzania","TZ","Tanga","Tanga","sensitive","sensitive","sensitive","sensitive","resistant","resistant"
"PE0291-C","2013","true","1095","null","Tanzania","TZ","Tanga","Tanga","sensitive","undetermined","sensitive","sensitive","resistant","resistant"
"PE0292-C","2013","true","1095","null","Tanzania","TZ","Tanga","Tanga","sensitive","sensitive","sensitive","sensitive","resistant","resistant"
"PE0294-C","2013","true","1095","null","Tanzania","TZ","Tanga","Tanga","sensitive","sensitive","sensitive","sensitive","resistant","resistant"
"PE0296-C","2013","true","1095","null","Tanzania","TZ","Tanga","Tanga","sensitive","sensitive","sensitive","sensitive","resistant","resistant"
"PE0297-C","2013","true","1095","null","Tanzania","TZ","Tanga","Tanga","sensitive","resistant","sensitive","sensitive","resistant","resistant"
"PE0298-C","2013","true","1095","null","Tanzania","TZ","Tanga","Tanga","sensitive","sensitive","sensitive","sensitive","resistant","sensitive"
"PE0299-C","2013","true","1095","null","Tanzania","TZ","Tanga","Tanga","sensitive","sensitive","sensitive","sensitive","resistant","resistant"
"PE0300-C","2013","true","1095","null","Tanzania","TZ","Tanga","Tanga","sensitive","sensitive","sensitive","sensitive","resistant","resistant"
"PE0301-C","2013","true","1095","null","Tanzania","TZ","Tanga","Tanga","sensitive","sensitive","sensitive","sensitive","resistant","resistant"
"PE0302-C","2013","true","1095","null","Tanzania","TZ","Tanga","Tanga","sensitive","undetermined","sensitive","sensitive","resistant","resistant"
"PE0303-C","2013","true","1095","null","Tanzania","TZ","Tanga","Tanga","sensitive","sensitive","sensitive","sensitive","resistant","resistant"
"PE0305-C","2013","true","1095","null","Tanzania","TZ","Tanga","Tanga","sensitive","sensitive","sensitive","sensitive","resistant","resistant"
"PE0307-C","2013","true","1095","null","Tanzania","TZ","Tanga","Tanga","sensitive","sensitive","sensitive","sensitive","resistant","resistant"
"PE0308-C","2013","true","1095","null","Tanzania","TZ","Tanga","Tanga","sensitive","sensitive","sensitive","sensitive","resistant","resistant"
"PE0309-C","2013","true","1095","null","Tanzania","TZ","Tanga","Tanga","sensitive","sensitive","sensitive","sensitive","resistant","resistant"
"PE0310-C","2013","true","1095","null","Tanzania","TZ","Tanga","Tanga","sensitive","resistant","sensitive","sensitive","resistant","resistant"
"PE0311-C","2013","true","1095","null","Tanzania","TZ","Tanga","Tanga","sensitive","sensitive","sensitive","sensitive","resistant","resistant"
"PE0312-C","2013","true","1095","null","Tanzania","TZ","Tanga","Tanga","sensitive","sensitive","sensitive","sensitive","resistant","resistant"
"PE0314-C","2013","true","1095","null","Tanzania","TZ","Tanga","Tanga","sensitive","sensitive","sensitive","sensitive","resistant","resistant"
"PE0315-C","2013","true","1095","null","Tanzania","TZ","Tanga","Tanga","sensitive","sensitive","sensitive","sensitive","resistant","resistant"
"PE0317-C","2013","true","1095","null","Tanzania","TZ","Tanga","Tanga","sensitive","sensitive","sensitive","sensitive","resistant","resistant"
"PE0318-C","2013","false","1095","null","Tanzania","TZ","Tanga","Tanga","null","null","null","null","null","null"
"PE0319-C","2013","true","1095","null","Tanzania","TZ","Tanga","Tanga","sensitive","sensitive","sensitive","sensitive","resistant","resistant"
"PE0324-C","2013","false","1095","null","Tanzania","TZ","Tanga","Tanga","null","null","null","null","null","null"
"PE0327-C","2013","true","1095","null","Tanzania","TZ","Tanga","Tanga","sensitive","sensitive","sensitive","sensitive","resistant","resistant"
"PE0329-C","2013","true","1095","null","Tanzania","TZ","Tanga","Tanga","sensitive","sensitive","sensitive","sensitive","resistant","resistant"
"PE0330-C","2013","true","1095","null","Tanzania","TZ","Tanga","Tanga","sensitive","resistant","sensitive","sensitive","resistant","resistant"
"PE0332-C","2013","false","1095","null","Tanzania","TZ","Tanga","Tanga","null","null","null","null","null","null"
"PE0333-C","2013","true","1095","null","Tanzania","TZ","Tanga","Tanga","sensitive","sensitive","sensitive","sensitive","resistant","resistant"
"PE0335-C","2013","true","1095","null","Tanzania","TZ","Tanga","Tanga","sensitive","sensitive","sensitive","sensitive","resistant","resistant"
"PE0336-C","2013","true","1095","null","Tanzania","TZ","Tanga","Tanga","sensitive","sensitive","sensitive","sensitive","resistant","resistant"
"PE0337-C","2013","true","1095","null","Tanzania","TZ","Tanga","Tanga","sensitive","sensitive","sensitive","sensitive","resistant","resistant"
"PE0338-C","2013","true","1095","null","Tanzania","TZ","Tanga","Tanga","sensitive","undetermined","sensitive","sensitive","resistant","resistant"
"PE0339-C","2013","true","1095","null","Tanzania","TZ","Tanga","Tanga","sensitive","resistant","sensitive","sensitive","resistant","resistant"
"PE0340-C","2013","true","1095","null","Tanzania","TZ","Tanga","Tanga","sensitive","resistant","sensitive","sensitive","resistant","resistant"
"PE0341-C","2013","true","1095","null","Tanzania","TZ","Tanga","Tanga","sensitive","sensitive","sensitive","sensitive","resistant","resistant"
"PE0342-C","2013","true","1095","null","Tanzania","TZ","Tanga","Tanga","sensitive","sensitive","sensitive","sensitive","resistant","resistant"
"PE0343-C","2013","true","1095","null","Tanzania","TZ","Tanga","Tanga","sensitive","undetermined","sensitive","sensitive","resistant","resistant"
"PE0347-C","2013","true","1095","null","Tanzania","TZ","Lindi","Lindi","sensitive","sensitive","sensitive","sensitive","resistant","undetermined"
"PE0348-C","2013","true","1095","null","Tanzania","TZ","Lindi","Lindi","sensitive","sensitive","sensitive","sensitive","resistant","resistant"
"PE0349-C","2013","true","1095","null","Tanzania","TZ","Lindi","Lindi","sensitive","sensitive","sensitive","sensitive","resistant","resistant"
"PE0350-C","2013","true","1095","null","Tanzania","TZ","Lindi","Lindi","sensitive","sensitive","sensitive","sensitive","resistant","sensitive"
"PE0351-C","2013","true","1095","null","Tanzania","TZ","Lindi","Lindi","sensitive","sensitive","sensitive","sensitive","resistant","sensitive"
"PE0354-C","2013","true","1095","null","Tanzania","TZ","Lindi","Lindi","sensitive","sensitive","sensitive","sensitive","resistant","resistant"
"PE0357-C","2013","false","1095","null","Tanzania","TZ","Lindi","Lindi","null","null","null","null","null","null"
"PE0358-C","2013","false","1095","null","Tanzania","TZ","Lindi","Lindi","null","null","null","null","null","null"
"PE0361-C","2013","true","1095","null","Tanzania","TZ","Lindi","Lindi","sensitive","sensitive","sensitive","sensitive","resistant","resistant"
"PE0362-C","2013","true","1095","null","Tanzania","TZ","Lindi","Lindi","sensitive","sensitive","sensitive","sensitive","resistant","resistant"
"PE0363-C","2013","false","1095","null","Tanzania","TZ","Lindi","Lindi","null","null","null","null","null","null"
"PE0366-C","2013","true","1095","null","Tanzania","TZ","Lindi","Lindi","sensitive","sensitive","sensitive","sensitive","resistant","resistant"
"PE0367-C","2013","false","1095","null","Tanzania","TZ","Lindi","Lindi","null","null","null","null","null","null"
"PE0368-C","2013","true","1095","null","Tanzania","TZ","Lindi","Lindi","sensitive","sensitive","sensitive","sensitive","resistant","resistant"
"PE0369-C","2013","true","1095","null","Tanzania","TZ","Lindi","Lindi","sensitive","sensitive","sensitive","sensitive","resistant","resistant"
"PE0370-C","2013","true","1095","null","Tanzania","TZ","Lindi","Lindi","sensitive","sensitive","sensitive","sensitive","resistant","resistant"
"PE0371-C","2013","false","1095","null","Tanzania","TZ","Lindi","Lindi","null","null","null","null","null","null"
"PE0372-C","2013","true","1095","null","Tanzania","TZ","Lindi","Lindi","sensitive","sensitive","sensitive","sensitive","resistant","undetermined"
"PE0373-C","2013","false","1095","null","Tanzania","TZ","Lindi","Lindi","null","null","null","null","null","null"
"PE0375-C","2013","false","1095","null","Tanzania","TZ","Lindi","Lindi","null","null","null","null","null","null"
"PE0376-C","2013","true","1095","null","Tanzania","TZ","Lindi","Lindi","sensitive","sensitive","sensitive","sensitive","resistant","resistant"
"PE0377-C","2013","true","1095","null","Tanzania","TZ","Lindi","Lindi","sensitive","sensitive","sensitive","sensitive","resistant","resistant"
"PE0378-C","2013","true","1095","null","Tanzania","TZ","Lindi","Lindi","sensitive","sensitive","sensitive","sensitive","resistant","resistant"
"PE0379-C","2013","true","1095","null","Tanzania","TZ","Lindi","Lindi","sensitive","sensitive","sensitive","sensitive","resistant","resistant"
"PE0382-C","2013","true","1095","null","Tanzania","TZ","Lindi","Lindi","sensitive","sensitive","sensitive","sensitive","resistant","resistant"
"PE0383-C","2013","true","1095","null","Tanzania","TZ","Lindi","Lindi","sensitive","sensitive","sensitive","sensitive","resistant","resistant"
"PE0385-C","2013","true","1095","null","Tanzania","TZ","Lindi","Lindi","sensitive","sensitive","sensitive","sensitive","resistant","resistant"
"PE0386-C","2013","true","1095","null","Tanzania","TZ","Lindi","Lindi","sensitive","undetermined","sensitive","sensitive","resistant","undetermined"
"PE0387-C","2013","true","1095","null","Tanzania","TZ","Lindi","Lindi","sensitive","resistant","sensitive","sensitive","resistant","resistant"
"PE0390-C","2013","true","1095","null","Tanzania","TZ","Lindi","Lindi","sensitive","sensitive","sensitive","sensitive","resistant","resistant"
"PE0391-C","2013","true","1095","null","Tanzania","TZ","Lindi","Lindi","sensitive","sensitive","sensitive","sensitive","resistant","resistant"
"PE0393-C","2013","true","1095","null","Tanzania","TZ","Lindi","Lindi","sensitive","sensitive","sensitive","sensitive","resistant","resistant"
"PE0395-C","2013","true","1095","null","Tanzania","TZ","Lindi","Lindi","sensitive","sensitive","sensitive","sensitive","resistant","undetermined"
"PE0397-C","2013","true","1095","null","Tanzania","TZ","Lindi","Lindi","sensitive","resistant","sensitive","sensitive","resistant","resistant"
"PE0399-C","2013","true","1095","null","Tanzania","TZ","Lindi","Lindi","sensitive","sensitive","sensitive","sensitive","resistant","undetermined"
"PE0400-C","2013","true","1095","null","Tanzania","TZ","Lindi","Lindi","sensitive","sensitive","sensitive","sensitive","resistant","resistant"
"PE0401-C","2013","true","1095","null","Tanzania","TZ","Lindi","Lindi","sensitive","sensitive","sensitive","sensitive","resistant","resistant"
"PE0403-C","2013","true","1095","null","Tanzania","TZ","Lindi","Lindi","sensitive","sensitive","sensitive","sensitive","resistant","undetermined"
"PE0404-C","2013","false","1095","null","Tanzania","TZ","Lindi","Lindi","null","null","null","null","null","null"
"PE0405-C","2013","true","1095","null","Tanzania","TZ","Lindi","Lindi","sensitive","sensitive","sensitive","sensitive","resistant","resistant"
"PE0406-C","2013","true","1095","null","Tanzania","TZ","Lindi","Lindi","sensitive","sensitive","sensitive","sensitive","resistant","sensitive"
"PE0408-C","2013","false","1095","null","Tanzania","TZ","Lindi","Lindi","null","null","null","null","null","null"
"PE0409-C","2013","true","1095","null","Tanzania","TZ","Lindi","Lindi","sensitive","sensitive","sensitive","sensitive","resistant","resistant"
"PE0411-C","2013","true","1095","null","Tanzania","TZ","Lindi","Lindi","sensitive","sensitive","sensitive","sensitive","sensitive","sensitive"
"PE0412-C","2013","true","1095","null","Tanzania","TZ","Lindi","Lindi","sensitive","sensitive","sensitive","sensitive","resistant","sensitive"
"PE0415-C","2013","true","1095","null","Tanzania","TZ","Lindi","Lindi","sensitive","sensitive","sensitive","sensitive","resistant","sensitive"
"PE0416-C","2013","true","1095","null","Tanzania","TZ","Lindi","Lindi","sensitive","sensitive","sensitive","sensitive","resistant","sensitive"
"PE0417-C","2013","false","1095","null","Tanzania","TZ","Lindi","Lindi","null","null","null","null","null","null"
"PE0418-C","2013","false","1095","null","Tanzania","TZ","Lindi","Lindi","null","null","null","null","null","null"
"PE0419-C","2013","true","1095","null","Tanzania","TZ","Lindi","Lindi","sensitive","sensitive","sensitive","sensitive","resistant","resistant"
"PE0420-C","2013","true","1095","null","Tanzania","TZ","Lindi","Lindi","sensitive","sensitive","sensitive","sensitive","resistant","undetermined"
"PE0421-C","2013","true","1095","null","Tanzania","TZ","Lindi","Lindi","sensitive","sensitive","sensitive","sensitive","resistant","sensitive"
"PE0423-C","2013","true","1095","null","Tanzania","TZ","Lindi","Lindi","sensitive","sensitive","sensitive","sensitive","resistant","undetermined"
"PE0424-C","2013","true","1095","null","Tanzania","TZ","Lindi","Lindi","sensitive","sensitive","sensitive","sensitive","resistant","sensitive"
"PE0425-C","2013","true","1095","null","Tanzania","TZ","Lindi","Lindi","sensitive","sensitive","sensitive","sensitive","resistant","resistant"
"PE0426-C","2013","true","1095","null","Tanzania","TZ","Lindi","Lindi","sensitive","sensitive","sensitive","sensitive","resistant","resistant"
"PE0427-C","2013","false","1095","null","Tanzania","TZ","Lindi","Lindi","null","null","null","null","null","null"
"PE0428-C","2013","false","1095","null","Tanzania","TZ","Lindi","Lindi","null","null","null","null","null","null"
"PE0429-C","2013","true","1095","null","Tanzania","TZ","Lindi","Lindi","sensitive","sensitive","sensitive","sensitive","resistant","resistant"
"PE0430-C","2013","true","1095","null","Tanzania","TZ","Lindi","Lindi","sensitive","resistant","sensitive","sensitive","resistant","resistant"
"PE0431-C","2013","true","1095","null","Tanzania","TZ","Lindi","Lindi","sensitive","sensitive","sensitive","sensitive","resistant","resistant"
"PE0432-C","2013","true","1095","null","Tanzania","TZ","Lindi","Lindi","sensitive","sensitive","sensitive","sensitive","resistant","undetermined"
"PE0434-C","2013","true","1095","null","Tanzania","TZ","Lindi","Lindi","sensitive","sensitive","sensitive","sensitive","resistant","resistant"
"PE0435-C","2013","true","1095","null","Tanzania","TZ","Lindi","Lindi","sensitive","sensitive","sensitive","sensitive","resistant","resistant"
"PE0436-C","2013","true","1095","null","Tanzania","TZ","Lindi","Lindi","sensitive","sensitive","sensitive","sensitive","resistant","resistant"
"PE0437-C","2013","true","1095","null","Tanzania","TZ","Lindi","Lindi","sensitive","sensitive","sensitive","sensitive","resistant","resistant"
"PE0438-C","2013","true","1095","null","Tanzania","TZ","Lindi","Lindi","sensitive","sensitive","sensitive","sensitive","resistant","undetermined"
"PE0439-C","2013","true","1095","null","Tanzania","TZ","Lindi","Lindi","sensitive","sensitive","sensitive","sensitive","resistant","resistant"
"PE0440-C","2013","true","1095","null","Tanzania","TZ","Lindi","Lindi","sensitive","sensitive","sensitive","sensitive","resistant","sensitive"
"PE0441-C","2013","true","1095","null","Tanzania","TZ","Lindi","Lindi","sensitive","sensitive","sensitive","sensitive","resistant","resistant"
"PE0442-C","2013","true","1095","null","Tanzania","TZ","Lindi","Lindi","sensitive","sensitive","sensitive","sensitive","resistant","resistant"
"PE0444-C","2013","true","1095","null","Tanzania","TZ","Lindi","Lindi","sensitive","sensitive","sensitive","sensitive","resistant","resistant"
"PE0445-C","2013","true","1095","null","Tanzania","TZ","Lindi","Lindi","sensitive","sensitive","sensitive","sensitive","resistant","resistant"
"PE0447-C","2013","true","1095","null","Tanzania","TZ","Lindi","Lindi","sensitive","sensitive","sensitive","sensitive","resistant","resistant"
"PE0448-C","2013","true","1095","null","Tanzania","TZ","Lindi","Lindi","sensitive","sensitive","sensitive","sensitive","resistant","undetermined"
"PE0452-C","2013","true","1095","null","Tanzania","TZ","Lindi","Lindi","sensitive","undetermined","sensitive","sensitive","undetermined","undetermined"
"PE0453-C","2013","true","1095","null","Tanzania","TZ","Lindi","Lindi","sensitive","sensitive","sensitive","sensitive","resistant","undetermined"
"PE0454-C","2013","true","1095","null","Tanzania","TZ","Lindi","Lindi","sensitive","sensitive","sensitive","sensitive","resistant","resistant"
"PE0455-C","2013","false","1095","null","Tanzania","TZ","Lindi","Lindi","null","null","null","null","null","null"
"PE0456-C","2013","true","1095","null","Tanzania","TZ","Kagera","Kagera","sensitive","sensitive","sensitive","sensitive","resistant","resistant"
"PE0460-C","2013","false","1095","null","Tanzania","TZ","Kagera","Kagera","null","null","null","null","null","null"
"PE0462-C","2013","true","1095","null","Tanzania","TZ","Kagera","Kagera","sensitive","undetermined","sensitive","sensitive","resistant","resistant"
"PE0465-C","2013","true","1095","null","Tanzania","TZ","Kagera","Kagera","sensitive","resistant","sensitive","sensitive","resistant","resistant"
"PE0466-C","2013","true","1095","null","Tanzania","TZ","Kagera","Kagera","sensitive","undetermined","sensitive","sensitive","resistant","undetermined"
"PE0467-C","2013","true","1095","null","Tanzania","TZ","Kagera","Kagera","sensitive","undetermined","sensitive","sensitive","resistant","sensitive"
"PE0468-C","2013","true","1095","null","Tanzania","TZ","Kagera","Kagera","sensitive","sensitive","sensitive","sensitive","resistant","resistant"
"PE0469-C","2013","true","1095","null","Tanzania","TZ","Kagera","Kagera","sensitive","undetermined","sensitive","sensitive","resistant","resistant"
"PE0470-C","2013","true","1095","null","Tanzania","TZ","Kagera","Kagera","sensitive","undetermined","sensitive","sensitive","resistant","resistant"
"PE0471-C","2013","true","1095","null","Tanzania","TZ","Kagera","Kagera","sensitive","sensitive","sensitive","sensitive","resistant","sensitive"
"PE0473-C","2013","true","1095","null","Tanzania","TZ","Kagera","Kagera","sensitive","sensitive","sensitive","sensitive","resistant","undetermined"
"PE0476-C","2013","true","1095","null","Tanzania","TZ","Kagera","Kagera","sensitive","sensitive","sensitive","sensitive","resistant","sensitive"
"PE0477-C","2013","true","1095","null","Tanzania","TZ","Kagera","Kagera","sensitive","sensitive","sensitive","sensitive","resistant","resistant"
"PE0479-C","2013","true","1095","null","Tanzania","TZ","Kagera","Kagera","sensitive","sensitive","sensitive","sensitive","resistant","resistant"
"PE0480-C","2013","true","1095","null","Tanzania","TZ","Kagera","Kagera","sensitive","resistant","sensitive","sensitive","resistant","resistant"
"PE0482-C","2013","true","1095","null","Tanzania","TZ","Kagera","Kagera","sensitive","undetermined","sensitive","sensitive","resistant","sensitive"
"PE0483-C","2013","true","1095","null","Tanzania","TZ","Kagera","Kagera","sensitive","resistant","sensitive","sensitive","resistant","resistant"
"PE0485-C","2013","true","1095","null","Tanzania","TZ","Kagera","Kagera","sensitive","sensitive","sensitive","sensitive","resistant","resistant"
"PE0487-C","2013","true","1095","null","Tanzania","TZ","Kagera","Kagera","sensitive","sensitive","sensitive","sensitive","resistant","resistant"
"PE0490-C","2013","true","1095","null","Tanzania","TZ","Kagera","Kagera","sensitive","resistant","sensitive","sensitive","resistant","resistant"
"PE0492-C","2013","true","1095","null","Tanzania","TZ","Kagera","Kagera","sensitive","sensitive","sensitive","sensitive","resistant","resistant"
"PE0493-C","2013","true","1095","null","Tanzania","TZ","Kagera","Kagera","sensitive","sensitive","sensitive","sensitive","resistant","resistant"
"PE0494-C","2013","true","1095","null","Tanzania","TZ","Kagera","Kagera","sensitive","sensitive","sensitive","sensitive","resistant","sensitive"
"PE0496-C","2013","true","1095","null","Tanzania","TZ","Kagera","Kagera","sensitive","sensitive","sensitive","sensitive","resistant","resistant"
"PE0499-C","2013","true","1095","null","Tanzania","TZ","Kagera","Kagera","sensitive","undetermined","sensitive","sensitive","resistant","resistant"
"PE0500-C","2013","true","1095","null","Tanzania","TZ","Kagera","Kagera","sensitive","sensitive","sensitive","sensitive","resistant","undetermined"
"PE0501-C","2013","true","1095","null","Tanzania","TZ","Kagera","Kagera","sensitive","sensitive","sensitive","sensitive","resistant","sensitive"
"PE0504-C","2013","true","1095","null","Tanzania","TZ","Kagera","Kagera","sensitive","resistant","sensitive","sensitive","resistant","sensitive"
"PE0505-C","2013","true","1095","null","Tanzania","TZ","Kagera","Kagera","sensitive","sensitive","sensitive","sensitive","resistant","resistant"
"PE0506-C","2013","false","1095","null","Tanzania","TZ","Kagera","Kagera","null","null","null","null","null","null"
"PE0508-C","2013","true","1095","null","Tanzania","TZ","Kagera","Kagera","sensitive","undetermined","sensitive","sensitive","resistant","resistant"
"PE0510-C","2013","true","1095","null","Tanzania","TZ","Kagera","Kagera","sensitive","resistant","sensitive","sensitive","resistant","resistant"
"PE0512-C","2013","true","1095","null","Tanzania","TZ","Kagera","Kagera","sensitive","sensitive","sensitive","sensitive","resistant","resistant"
"PE0513-C","2013","false","1095","null","Tanzania","TZ","Kagera","Kagera","null","null","null","null","null","null"
"PE0515-C","2013","true","1095","null","Tanzania","TZ","Kagera","Kagera","sensitive","sensitive","sensitive","sensitive","resistant","resistant"
"PE0516-C","2013","true","1095","null","Tanzania","TZ","Kagera","Kagera","sensitive","sensitive","sensitive","sensitive","resistant","resistant"
"PE0519-C","2013","false","1095","null","Tanzania","TZ","Kagera","Kagera","null","null","null","null","null","null"
"PE0521-C","2013","true","1095","null","Tanzania","TZ","Kagera","Kagera","sensitive","resistant","sensitive","sensitive","resistant","resistant"
"PE0522-C","2013","false","1095","null","Tanzania","TZ","Kagera","Kagera","null","null","null","null","null","null"
"PE0525-C","2013","false","1095","null","Tanzania","TZ","Kagera","Kagera","null","null","null","null","null","null"
"PE0529-C","2013","true","1095","null","Tanzania","TZ","Kagera","Kagera","sensitive","sensitive","sensitive","sensitive","resistant","resistant"
"PE0530-C","2013","true","1095","null","Tanzania","TZ","Kagera","Kagera","sensitive","sensitive","sensitive","sensitive","resistant","undetermined"
"PE0531-C","2013","false","1095","null","Tanzania","TZ","Kagera","Kagera","null","null","null","null","null","null"
"PE0532-C","2013","true","1095","null","Tanzania","TZ","Kagera","Kagera","sensitive","undetermined","sensitive","sensitive","resistant","resistant"
"PE0535-C","2013","true","1095","null","Tanzania","TZ","Kagera","Kagera","sensitive","sensitive","sensitive","sensitive","resistant","resistant"
"PE0536-C","2013","false","1095","null","Tanzania","TZ","Kagera","Kagera","null","null","null","null","null","null"
"PE0537-C","2013","true","1095","null","Tanzania","TZ","Kagera","Kagera","sensitive","sensitive","sensitive","sensitive","resistant","resistant"
"PE0538-C","2013","true","1095","null","Tanzania","TZ","Kagera","Kagera","sensitive","resistant","sensitive","sensitive","resistant","resistant"
"PE0539-C","2013","false","1095","null","Tanzania","TZ","Kagera","Kagera","null","null","null","null","null","null"
"PE0540-C","2013","true","1095","null","Tanzania","TZ","Kagera","Kagera","sensitive","sensitive","sensitive","sensitive","resistant","resistant"
"PE0541-C","2013","true","1095","null","Tanzania","TZ","Kagera","Kagera","sensitive","sensitive","sensitive","sensitive","resistant","resistant"
"PE0542-C","2013","true","1095","null","Tanzania","TZ","Kagera","Kagera","sensitive","sensitive","sensitive","sensitive","resistant","undetermined"
"PE0543-C","2013","true","1095","null","Tanzania","TZ","Kagera","Kagera","sensitive","sensitive","sensitive","sensitive","resistant","resistant"
"PE0544-C","2013","true","1095","null","Tanzania","TZ","Kagera","Kagera","sensitive","sensitive","sensitive","sensitive","resistant","resistant"
"PE0547-C","2013","true","1095","null","Tanzania","TZ","Kagera","Kagera","sensitive","resistant","sensitive","sensitive","resistant","resistant"
"PE0548-C","2013","true","1095","null","Tanzania","TZ","Kagera","Kagera","sensitive","sensitive","sensitive","sensitive","resistant","resistant"
"PE0550-C","2013","true","1095","null","Tanzania","TZ","Kagera","Kagera","sensitive","sensitive","sensitive","sensitive","resistant","resistant"
"PE0553-C","2013","true","1095","null","Tanzania","TZ","Kagera","Kagera","sensitive","sensitive","sensitive","sensitive","resistant","resistant"
"PE0554-C","2013","true","1095","null","Tanzania","TZ","Kagera","Kagera","sensitive","sensitive","sensitive","sensitive","resistant","resistant"
"PE0555-C","2013","true","1095","null","Tanzania","TZ","Kagera","Kagera","sensitive","sensitive","sensitive","sensitive","resistant","resistant"
"PE0558-C","2013","true","1095","null","Tanzania","TZ","Kagera","Kagera","sensitive","sensitive","sensitive","sensitive","resistant","resistant"
"SPT15294","2014","true","1167","null","Tanzania","TZ","Kigoma","Kigoma","sensitive","sensitive","sensitive","sensitive","resistant","resistant"
"SPT15295","2014","false","1167","null","Tanzania","TZ","Kigoma","Kigoma","null","null","null","null","null","null"
"SPT15296","2014","true","1167","null","Tanzania","TZ","Kigoma","Kigoma","sensitive","sensitive","undetermined","sensitive","resistant","sensitive"
"SPT15297","2014","true","1167","null","Tanzania","TZ","Kigoma","Kigoma","sensitive","sensitive","sensitive","sensitive","resistant","resistant"
"SPT15298","2014","true","1167","null","Tanzania","TZ","Kigoma","Kigoma","sensitive","sensitive","sensitive","sensitive","resistant","resistant"
"SPT15304","2014","true","1167","null","Tanzania","TZ","Kigoma","Kigoma","sensitive","sensitive","sensitive","sensitive","resistant","resistant"
"SPT15309","2014","true","1167","null","Tanzania","TZ","Kigoma","Kigoma","sensitive","sensitive","sensitive","sensitive","resistant","resistant"
"SPT15314","2014","true","1167","null","Tanzania","TZ","Kigoma","Kigoma","sensitive","sensitive","sensitive","sensitive","resistant","resistant"
"SPT15325","2014","true","1167","null","Tanzania","TZ","Kigoma","Kigoma","sensitive","sensitive","sensitive","sensitive","resistant","resistant"
"SPT15326","2014","false","1167","null","Tanzania","TZ","Kigoma","Kigoma","null","null","null","null","null","null"
"SPT15327","2014","true","1167","null","Tanzania","TZ","Kigoma","Kigoma","sensitive","sensitive","sensitive","sensitive","resistant","resistant"
"SPT15330","2014","true","1167","null","Tanzania","TZ","Kigoma","Kigoma","sensitive","sensitive","sensitive","sensitive","resistant","resistant"
"SPT15333","2014","true","1167","null","Tanzania","TZ","Kigoma","Kigoma","sensitive","sensitive","sensitive","sensitive","resistant","resistant"
"SPT15334","2014","false","1167","null","Tanzania","TZ","Kigoma","Kigoma","null","null","null","null","null","null"
"SPT15335","2014","true","1167","null","Tanzania","TZ","Kigoma","Kigoma","sensitive","sensitive","sensitive","sensitive","resistant","resistant"
"SPT15340","2014","true","1167","null","Tanzania","TZ","Kigoma","Kigoma","sensitive","sensitive","sensitive","sensitive","resistant","resistant"
"SPT15341","2014","false","1167","null","Tanzania","TZ","Kigoma","Kigoma","null","null","null","null","null","null"
"SPT15342","2014","true","1167","null","Tanzania","TZ","Kigoma","Kigoma","sensitive","sensitive","sensitive","sensitive","resistant","resistant"
"SPT15346","2014","true","1167","null","Tanzania","TZ","Kigoma","Kigoma","sensitive","sensitive","sensitive","sensitive","resistant","resistant"
"SPT15347","2014","false","1167","null","Tanzania","TZ","Kigoma","Kigoma","null","null","null","null","null","null"
"SPT15348","2014","true","1167","null","Tanzania","TZ","Kigoma","Kigoma","sensitive","sensitive","sensitive","sensitive","resistant","resistant"
"SPT15349","2014","true","1167","null","Tanzania","TZ","Kigoma","Kigoma","sensitive","sensitive","sensitive","sensitive","resistant","resistant"
"SPT15350","2014","false","1167","null","Tanzania","TZ","Kigoma","Kigoma","null","null","null","null","null","null"
"SPT15351","2014","true","1167","null","Tanzania","TZ","Kigoma","Kigoma","sensitive","sensitive","sensitive","sensitive","resistant","resistant"
"SPT15352","2014","false","1167","null","Tanzania","TZ","Kigoma","Kigoma","null","null","null","null","null","null"
"SPT15356","2014","true","1167","null","Tanzania","TZ","Kigoma","Kigoma","sensitive","sensitive","sensitive","sensitive","resistant","sensitive"
"SPT15357","2014","false","1167","null","Tanzania","TZ","Kigoma","Kigoma","null","null","null","null","null","null"
"SPT15372","2014","true","1167","null","Tanzania","TZ","Kigoma","Kigoma","sensitive","sensitive","sensitive","sensitive","resistant","undetermined"
"SPT15376","2014","true","1167","null","Tanzania","TZ","Kigoma","Kigoma","sensitive","sensitive","sensitive","sensitive","resistant","resistant"
"SPT15381","2014","true","1167","null","Tanzania","TZ","Kigoma","Kigoma","sensitive","sensitive","sensitive","sensitive","resistant","resistant"
"SPT15382","2014","false","1167","null","Tanzania","TZ","Kigoma","Kigoma","null","null","null","null","null","null"
"SPT15389","2014","true","1167","null","Tanzania","TZ","Kigoma","Kigoma","sensitive","sensitive","sensitive","sensitive","resistant","resistant"
"SPT15407","2014","true","1167","null","Tanzania","TZ","Kigoma","Kigoma","sensitive","resistant","undetermined","undetermined","resistant","resistant"
"SPT15408","2014","false","1167","null","Tanzania","TZ","Kigoma","Kigoma","null","null","null","null","null","null"
"SPT15413","2014","true","1167","null","Tanzania","TZ","Kigoma","Kigoma","sensitive","sensitive","sensitive","sensitive","resistant","resistant"
"SPT15414","2014","true","1167","null","Tanzania","TZ","Kigoma","Kigoma","sensitive","resistant","sensitive","sensitive","resistant","resistant"
"SPT15417","2014","true","1167","null","Tanzania","TZ","Kigoma","Kigoma","sensitive","sensitive","sensitive","sensitive","resistant","resistant"
"SPT15418","2014","false","1167","null","Tanzania","TZ","Kigoma","Kigoma","null","null","null","null","null","null"
"SPT15420","2014","true","1167","null","Tanzania","TZ","Kigoma","Kigoma","sensitive","sensitive","sensitive","sensitive","resistant","resistant"
"SPT15421","2014","false","1167","null","Tanzania","TZ","Kigoma","Kigoma","null","null","null","null","null","null"
"SPT15443","2014","true","1167","null","Tanzania","TZ","Kigoma","Kigoma","sensitive","undetermined","sensitive","sensitive","resistant","resistant"
"SPT15446","2014","true","1167","null","Tanzania","TZ","Kigoma","Kigoma","sensitive","sensitive","sensitive","sensitive","resistant","resistant"
"SPT15447","2014","false","1167","null","Tanzania","TZ","Kigoma","Kigoma","null","null","null","null","null","null"
"SPT15448","2014","true","1167","null","Tanzania","TZ","Kigoma","Kigoma","sensitive","undetermined","undetermined","undetermined","resistant","resistant"
"SPT15455","2014","true","1167","null","Tanzania","TZ","Kigoma","Kigoma","sensitive","sensitive","undetermined","undetermined","resistant","resistant"
"SPT15456","2014","true","1167","null","Tanzania","TZ","Kigoma","Kigoma","sensitive","sensitive","sensitive","sensitive","resistant","resistant"
"SPT15457","2014","false","1167","null","Tanzania","TZ","Kigoma","Kigoma","null","null","null","null","null","null"
"SPT15459","2014","true","1167","null","Tanzania","TZ","Kigoma","Kigoma","sensitive","sensitive","sensitive","sensitive","resistant","undetermined"
"SPT15471","2014","true","1167","null","Tanzania","TZ","Kigoma","Kigoma","sensitive","sensitive","sensitive","sensitive","resistant","sensitive"
"SPT15480","2014","false","1167","null","Tanzania","TZ","Kigoma","Kigoma","null","null","null","null","null","null"
"SPT15483","2014","true","1167","null","Tanzania","TZ","Kigoma","Kigoma","sensitive","sensitive","sensitive","sensitive","resistant","resistant"
"SPT15486","2014","true","1167","null","Tanzania","TZ","Kigoma","Kigoma","sensitive","undetermined","undetermined","undetermined","resistant","resistant"
"SPT15491","2014","true","1167","null","Tanzania","TZ","Kigoma","Kigoma","sensitive","sensitive","sensitive","sensitive","resistant","resistant"
"SPT15504","2014","true","1167","null","Tanzania","TZ","Kigoma","Kigoma","sensitive","sensitive","sensitive","sensitive","resistant","resistant"
"SPT15506","2014","true","1167","null","Tanzania","TZ","Kigoma","Kigoma","sensitive","sensitive","sensitive","sensitive","resistant","undetermined"
"SPT15510","2014","false","1167","null","Tanzania","TZ","Kigoma","Kigoma","null","null","null","null","null","null"
"SPT15511","2014","true","1167","null","Tanzania","TZ","Kigoma","Kigoma","sensitive","sensitive","sensitive","sensitive","resistant","resistant"
"SPT15516","2014","true","1167","null","Tanzania","TZ","Kigoma","Kigoma","sensitive","sensitive","sensitive","sensitive","resistant","sensitive"
"SPT15517","2014","false","1167","null","Tanzania","TZ","Kigoma","Kigoma","null","null","null","null","null","null"
"SPT15519","2014","true","1167","null","Tanzania","TZ","Kigoma","Kigoma","sensitive","sensitive","sensitive","undetermined","resistant","resistant"
"SPT15522","2014","true","1167","null","Tanzania","TZ","Kigoma","Kigoma","sensitive","undetermined","sensitive","sensitive","resistant","resistant"
"SPT15527","2014","false","1167","null","Tanzania","TZ","Kigoma","Kigoma","null","null","null","null","null","null"
"SPT15528","2014","true","1167","null","Tanzania","TZ","Kigoma","Kigoma","sensitive","sensitive","sensitive","sensitive","resistant","resistant"
"SPT15529","2014","true","1167","null","Tanzania","TZ","Kigoma","Kigoma","undetermined","sensitive","undetermined","undetermined","resistant","resistant"
"SPT15530","2014","false","1167","null","Tanzania","TZ","Kigoma","Kigoma","null","null","null","null","null","null"
"SPT15531","2014","true","1167","null","Tanzania","TZ","Kigoma","Kigoma","sensitive","sensitive","undetermined","undetermined","resistant","resistant"
"SPT15532","2014","true","1167","null","Tanzania","TZ","Kigoma","Kigoma","undetermined","sensitive","undetermined","undetermined","resistant","undetermined"
"SPT15533","2014","false","1167","null","Tanzania","TZ","Kigoma","Kigoma","null","null","null","null","null","null"
"SPT15534","2014","false","1167","null","Tanzania","TZ","Kigoma","Kigoma","null","null","null","null","null","null"
"SPT15535","2014","true","1167","null","Tanzania","TZ","Kigoma","Kigoma","undetermined","sensitive","undetermined","undetermined","undetermined","resistant"
"SPT15536","2014","true","1167","null","Tanzania","TZ","Kigoma","Kigoma","sensitive","sensitive","undetermined","undetermined","resistant","resistant"
"SPT15537","2014","true","1167","null","Tanzania","TZ","Kigoma","Kigoma","sensitive","resistant","undetermined","undetermined","resistant","resistant"
"SPT15538","2014","false","1167","null","Tanzania","TZ","Kigoma","Kigoma","null","null","null","null","null","null"
"SPT15540","2014","false","1167","null","Tanzania","TZ","Kigoma","Kigoma","null","null","null","null","null","null"
"SPT15541","2014","true","1167","null","Tanzania","TZ","Kigoma","Kigoma","sensitive","undetermined","undetermined","undetermined","resistant","resistant"
"SPT15542","2014","true","1167","null","Tanzania","TZ","Kigoma","Kigoma","sensitive","resistant","sensitive","sensitive","resistant","resistant"
"SPT15543","2014","true","1167","null","Tanzania","TZ","Kigoma","Kigoma","sensitive","resistant","undetermined","sensitive","resistant","resistant"
"SPT15544","2014","false","1167","null","Tanzania","TZ","Kigoma","Kigoma","null","null","null","null","null","null"
"SPT15545","2014","true","1167","null","Tanzania","TZ","Kigoma","Kigoma","undetermined","sensitive","undetermined","undetermined","resistant","resistant"
"SPT15546","2014","false","1167","null","Tanzania","TZ","Kigoma","Kigoma","null","null","null","null","null","null"
"SPT15547","2014","true","1167","null","Tanzania","TZ","Kigoma","Kigoma","sensitive","sensitive","undetermined","undetermined","resistant","resistant"
"SPT15548","2014","true","1167","null","Tanzania","TZ","Kigoma","Kigoma","sensitive","sensitive","sensitive","sensitive","resistant","resistant"
"SPT15549","2014","true","1167","null","Tanzania","TZ","Kigoma","Kigoma","sensitive","sensitive","undetermined","undetermined","resistant","undetermined"
"SPT15550","2014","false","1167","null","Tanzania","TZ","Kigoma","Kigoma","null","null","null","null","null","null"
"SPT15551","2014","false","1167","null","Tanzania","TZ","Kigoma","Kigoma","null","null","null","null","null","null"
"SPT15553","2014","false","1167","null","Tanzania","TZ","Kigoma","Kigoma","null","null","null","null","null","null"
"SPT15554","2014","false","1167","null","Tanzania","TZ","Kigoma","Kigoma","null","null","null","null","null","null"
"SPT15555","2014","false","1167","null","Tanzania","TZ","Kigoma","Kigoma","null","null","null","null","null","null"
"SPT15556","2014","false","1167","null","Tanzania","TZ","Kigoma","Kigoma","null","null","null","null","null","null"
"SPT15557","2014","false","1167","null","Tanzania","TZ","Kigoma","Kigoma","null","null","null","null","null","null"
"SPT15558","2014","true","1167","null","Tanzania","TZ","Kigoma","Kigoma","sensitive","sensitive","undetermined","undetermined","resistant","resistant"
"SPT15559","2014","false","1167","null","Tanzania","TZ","Kigoma","Kigoma","null","null","null","null","null","null"
"SPT15560","2014","false","1167","null","Tanzania","TZ","Kigoma","Kigoma","null","null","null","null","null","null"
"SPT15561","2014","false","1167","null","Tanzania","TZ","Kigoma","Kigoma","null","null","null","null","null","null"
"SPT15562","2014","true","1167","null","Tanzania","TZ","Kigoma","Kigoma","sensitive","sensitive","undetermined","undetermined","resistant","resistant"
"SPT15563","2014","true","1167","null","Tanzania","TZ","Kigoma","Kigoma","sensitive","resistant","undetermined","undetermined","resistant","resistant"
"SPT15564","2014","true","1167","null","Tanzania","TZ","Kigoma","Kigoma","sensitive","sensitive","undetermined","undetermined","resistant","resistant"
"SPT15565","2014","true","1167","null","Tanzania","TZ","Kigoma","Kigoma","sensitive","sensitive","undetermined","undetermined","resistant","undetermined"
"SPT15566","2014","true","1167","null","Tanzania","TZ","Kigoma","Kigoma","sensitive","resistant","undetermined","undetermined","resistant","resistant"
"SPT15567","2014","true","1167","null","Tanzania","TZ","Kigoma","Kigoma","sensitive","sensitive","sensitive","sensitive","resistant","resistant"
"SPT15568","2014","false","1167","null","Tanzania","TZ","Kigoma","Kigoma","null","null","null","null","null","null"
"SPT15569","2014","false","1167","null","Tanzania","TZ","Kigoma","Kigoma","null","null","null","null","null","null"
"SPT15570","2014","false","1167","null","Tanzania","TZ","Kigoma","Kigoma","null","null","null","null","null","null"
"SPT15571","2014","true","1167","null","Tanzania","TZ","Kigoma","Kigoma","undetermined","sensitive","undetermined","undetermined","resistant","resistant"
"SPT15572","2014","false","1167","null","Tanzania","TZ","Kigoma","Kigoma","null","null","null","null","null","null"
"SPT15573","2014","false","1167","null","Tanzania","TZ","Kigoma","Kigoma","null","null","null","null","null","null"
"SPT15574","2014","false","1167","null","Tanzania","TZ","Kigoma","Kigoma","null","null","null","null","null","null"
"SPT15575","2014","false","1167","null","Tanzania","TZ","Kigoma","Kigoma","null","null","null","null","null","null"
"SPT15576","2014","false","1167","null","Tanzania","TZ","Kigoma","Kigoma","null","null","null","null","null","null"
"SPT15577","2014","true","1167","null","Tanzania","TZ","Kigoma","Kigoma","sensitive","sensitive","undetermined","undetermined","resistant","resistant"
"SPT15578","2014","false","1167","null","Tanzania","TZ","Kigoma","Kigoma","null","null","null","null","null","null"
"SPT15579","2014","true","1167","null","Tanzania","TZ","Kigoma","Kigoma","sensitive","sensitive","undetermined","undetermined","resistant","resistant"
"SPT15580","2014","true","1167","null","Tanzania","TZ","Kigoma","Kigoma","sensitive","sensitive","undetermined","undetermined","resistant","resistant"
"SPT15581","2014","true","1167","null","Tanzania","TZ","Kigoma","Kigoma","undetermined","undetermined","undetermined","undetermined","undetermined","resistant"
"SPT15582","2014","false","1167","null","Tanzania","TZ","Kigoma","Kigoma","null","null","null","null","null","null"
"SPT15586","2014","true","1167","null","Tanzania","TZ","Kigoma","Kigoma","sensitive","sensitive","undetermined","undetermined","resistant","resistant"
"SPT15587","2014","true","1167","null","Tanzania","TZ","Kigoma","Kigoma","sensitive","sensitive","undetermined","undetermined","resistant","resistant"
"SPT15588","2014","true","1167","null","Tanzania","TZ","Kigoma","Kigoma","sensitive","sensitive","sensitive","sensitive","resistant","resistant"
"SPT15589","2014","true","1167","null","Tanzania","TZ","Kigoma","Kigoma","sensitive","sensitive","undetermined","undetermined","resistant","resistant"
"SPT15590","2014","true","1167","null","Tanzania","TZ","Kigoma","Kigoma","sensitive","sensitive","undetermined","undetermined","resistant","resistant"
"SPT15591","2014","true","1167","null","Tanzania","TZ","Kigoma","Kigoma","sensitive","sensitive","undetermined","undetermined","resistant","resistant"
"SPT15592","2014","false","1167","null","Tanzania","TZ","Kigoma","Kigoma","null","null","null","null","null","null"
"SPT15593","2014","true","1167","null","Tanzania","TZ","Kigoma","Kigoma","sensitive","sensitive","sensitive","sensitive","resistant","resistant"
"SPT15594","2014","true","1167","null","Tanzania","TZ","Kigoma","Kigoma","undetermined","sensitive","undetermined","undetermined","resistant","sensitive"
"SPT15595","2014","true","1167","null","Tanzania","TZ","Kigoma","Kigoma","sensitive","resistant","undetermined","undetermined","resistant","resistant"
"SPT15598","2014","true","1167","null","Tanzania","TZ","Kigoma","Kigoma","sensitive","sensitive","sensitive","undetermined","resistant","resistant"
"SPT15599","2014","true","1167","null","Tanzania","TZ","Kigoma","Kigoma","undetermined","sensitive","undetermined","undetermined","undetermined","resistant"
"SPT15600","2014","true","1167","null","Tanzania","TZ","Kigoma","Kigoma","sensitive","sensitive","undetermined","undetermined","resistant","resistant"
"SPT15602","2014","true","1167","null","Tanzania","TZ","Kigoma","Kigoma","sensitive","undetermined","undetermined","undetermined","resistant","undetermined"
"SPT15603","2014","true","1167","null","Tanzania","TZ","Kigoma","Kigoma","sensitive","sensitive","undetermined","undetermined","resistant","resistant"
"SPT15604","2014","true","1167","null","Tanzania","TZ","Kigoma","Kigoma","sensitive","sensitive","undetermined","undetermined","resistant","sensitive"
"SPT15605","2014","true","1167","null","Tanzania","TZ","Kigoma","Kigoma","sensitive","sensitive","undetermined","undetermined","resistant","resistant"
"SPT15606","2014","true","1167","null","Tanzania","TZ","Kigoma","Kigoma","sensitive","sensitive","undetermined","undetermined","resistant","resistant"
"SPT15607","2014","true","1167","null","Tanzania","TZ","Kigoma","Kigoma","sensitive","sensitive","undetermined","undetermined","resistant","resistant"
"SPT15608","2014","true","1167","null","Tanzania","TZ","Kigoma","Kigoma","undetermined","sensitive","undetermined","undetermined","resistant","resistant"
"SPT15609","2014","true","1167","null","Tanzania","TZ","Kigoma","Kigoma","sensitive","sensitive","undetermined","undetermined","resistant","resistant"
"SPT15611","2014","true","1167","null","Tanzania","TZ","Kigoma","Kigoma","undetermined","undetermined","undetermined","undetermined","resistant","resistant"
"SPT15612","2014","true","1167","null","Tanzania","TZ","Kigoma","Kigoma","sensitive","undetermined","undetermined","undetermined","resistant","resistant"
"SPT15614","2014","true","1167","null","Tanzania","TZ","Kigoma","Kigoma","sensitive","sensitive","undetermined","undetermined","resistant","resistant"
"SPT15615","2014","true","1167","null","Tanzania","TZ","Kigoma","Kigoma","sensitive","sensitive","undetermined","undetermined","resistant","resistant"
"SPT15616","2014","true","1167","null","Tanzania","TZ","Kigoma","Kigoma","sensitive","sensitive","undetermined","undetermined","resistant","resistant"
"SPT15617","2014","true","1167","null","Tanzania","TZ","Kigoma","Kigoma","undetermined","sensitive","undetermined","undetermined","resistant","resistant"
"SPT15618","2014","false","1167","null","Tanzania","TZ","Kigoma","Kigoma","null","null","null","null","null","null"
"SPT15619","2014","true","1167","null","Tanzania","TZ","Kigoma","Kigoma","sensitive","sensitive","sensitive","sensitive","resistant","undetermined"
"SPT15620","2014","true","1167","null","Tanzania","TZ","Kigoma","Kigoma","sensitive","undetermined","undetermined","undetermined","resistant","resistant"
"SPT15621","2014","true","1167","null","Tanzania","TZ","Kigoma","Kigoma","sensitive","sensitive","undetermined","undetermined","resistant","resistant"
"SPT15622","2014","true","1167","null","Tanzania","TZ","Kigoma","Kigoma","undetermined","sensitive","undetermined","undetermined","resistant","resistant"
"SPT15623","2014","true","1167","null","Tanzania","TZ","Kigoma","Kigoma","sensitive","undetermined","undetermined","undetermined","resistant","resistant"
"SPT15624","2014","false","1167","null","Tanzania","TZ","Kigoma","Kigoma","null","null","null","null","null","null"
"SPT15625","2014","true","1167","null","Tanzania","TZ","Kigoma","Kigoma","sensitive","sensitive","undetermined","undetermined","resistant","resistant"
"SPT15626","2014","true","1167","null","Tanzania","TZ","Kigoma","Kigoma","sensitive","undetermined","undetermined","undetermined","resistant","resistant"
"SPT15627","2014","true","1167","null","Tanzania","TZ","Kigoma","Kigoma","sensitive","sensitive","undetermined","undetermined","resistant","resistant"
"SPT15628","2014","true","1167","null","Tanzania","TZ","Kigoma","Kigoma","sensitive","sensitive","undetermined","undetermined","resistant","resistant"
"SPT15630","2014","true","1167","null","Tanzania","TZ","Kigoma","Kigoma","sensitive","sensitive","undetermined","sensitive","resistant","undetermined"
"SPT15631","2014","true","1167","null","Tanzania","TZ","Kigoma","Kigoma","sensitive","resistant","undetermined","undetermined","resistant","resistant"
"SPT15632","2014","true","1167","null","Tanzania","TZ","Kigoma","Kigoma","sensitive","sensitive","undetermined","sensitive","resistant","resistant"
"SPT15633","2014","true","1167","null","Tanzania","TZ","Kigoma","Kigoma","sensitive","sensitive","undetermined","sensitive","resistant","resistant"
"SPT15634","2014","true","1167","null","Tanzania","TZ","Kigoma","Kigoma","sensitive","sensitive","sensitive","sensitive","resistant","resistant"
"SPT15635","2014","true","1167","null","Tanzania","TZ","Kigoma","Kigoma","sensitive","sensitive","undetermined","undetermined","resistant","resistant"
"SPT15636","2014","true","1167","null","Tanzania","TZ","Kigoma","Kigoma","sensitive","sensitive","undetermined","undetermined","resistant","undetermined"
"SPT15637","2014","true","1167","null","Tanzania","TZ","Kigoma","Kigoma","sensitive","resistant","undetermined","undetermined","resistant","resistant"
"SPT15638","2014","true","1167","null","Tanzania","TZ","Kigoma","Kigoma","sensitive","resistant","undetermined","undetermined","resistant","resistant"
"SPT15639","2014","true","1167","null","Tanzania","TZ","Kigoma","Kigoma","sensitive","sensitive","undetermined","undetermined","resistant","resistant"
"SPT15640","2014","true","1167","null","Tanzania","TZ","Kigoma","Kigoma","sensitive","sensitive","undetermined","undetermined","resistant","sensitive"
"SPT15641","2014","true","1167","null","Tanzania","TZ","Kigoma","Kigoma","sensitive","sensitive","undetermined","undetermined","resistant","resistant"
"SPT15642","2014","true","1167","null","Tanzania","TZ","Kigoma","Kigoma","undetermined","sensitive","undetermined","undetermined","resistant","resistant"
"SPT15643","2014","true","1167","null","Tanzania","TZ","Kigoma","Kigoma","sensitive","sensitive","undetermined","undetermined","resistant","resistant"
"SPT15644","2014","true","1167","null","Tanzania","TZ","Kigoma","Kigoma","sensitive","sensitive","undetermined","undetermined","resistant","resistant"
"SPT15645","2014","true","1167","null","Tanzania","TZ","Kigoma","Kigoma","sensitive","sensitive","sensitive","sensitive","resistant","resistant"
"SPT15646","2014","true","1167","null","Tanzania","TZ","Kigoma","Kigoma","sensitive","sensitive","undetermined","undetermined","resistant","resistant"
"SPT15647","2014","true","1167","null","Tanzania","TZ","Kigoma","Kigoma","sensitive","sensitive","undetermined","undetermined","resistant","resistant"
"SPT15649","2014","true","1167","null","Tanzania","TZ","Kigoma","Kigoma","sensitive","sensitive","sensitive","sensitive","resistant","sensitive"
"SPT15650","2014","true","1167","null","Tanzania","TZ","Kigoma","Kigoma","sensitive","sensitive","undetermined","undetermined","resistant","resistant"
"SPT15651","2014","false","1167","null","Tanzania","TZ","Kigoma","Kigoma","null","null","null","null","null","null"
"SPT15652","2014","false","1167","null","Tanzania","TZ","Kigoma","Kigoma","null","null","null","null","null","null"
"SPT15653","2014","true","1167","null","Tanzania","TZ","Kigoma","Kigoma","sensitive","sensitive","undetermined","undetermined","resistant","resistant"
"SPT15654","2014","true","1167","null","Tanzania","TZ","Kigoma","Kigoma","sensitive","sensitive","undetermined","undetermined","resistant","resistant"
"SPT15655","2014","true","1167","null","Tanzania","TZ","Kigoma","Kigoma","undetermined","undetermined","undetermined","undetermined","resistant","resistant"
"SPT15656","2014","true","1167","null","Tanzania","TZ","Kigoma","Kigoma","sensitive","resistant","undetermined","undetermined","resistant","resistant"
"SPT15657","2014","false","1167","null","Tanzania","TZ","Kigoma","Kigoma","null","null","null","null","null","null"
"SPT15658","2014","true","1167","null","Tanzania","TZ","Kigoma","Kigoma","sensitive","sensitive","undetermined","undetermined","resistant","resistant"
"SPT15659","2014","true","1167","null","Tanzania","TZ","Kigoma","Kigoma","undetermined","sensitive","undetermined","undetermined","resistant","resistant"
"SPT15660","2014","true","1167","null","Tanzania","TZ","Kigoma","Kigoma","sensitive","sensitive","undetermined","undetermined","resistant","resistant"
"SPT15661","2014","false","1167","null","Tanzania","TZ","Kigoma","Kigoma","null","null","null","null","null","null"
"SPT15662","2014","false","1167","null","Tanzania","TZ","Kigoma","Kigoma","null","null","null","null","null","null"
"SPT15663","2014","false","1167","null","Tanzania","TZ","Kigoma","Kigoma","null","null","null","null","null","null"
"SPT15664","2014","false","1167","null","Tanzania","TZ","Kigoma","Kigoma","null","null","null","null","null","null"
"SPT15665","2014","true","1167","null","Tanzania","TZ","Kigoma","Kigoma","sensitive","sensitive","undetermined","undetermined","resistant","resistant"
"SPT15666","2014","true","1167","null","Tanzania","TZ","Kigoma","Kigoma","sensitive","sensitive","undetermined","undetermined","resistant","sensitive"
"SPT15667","2014","false","1167","null","Tanzania","TZ","Kigoma","Kigoma","null","null","null","null","null","null"
"SPT15668","2014","true","1167","null","Tanzania","TZ","Kigoma","Kigoma","sensitive","sensitive","undetermined","undetermined","resistant","resistant"
"SPT15669","2014","true","1167","null","Tanzania","TZ","Kigoma","Kigoma","sensitive","sensitive","undetermined","undetermined","resistant","sensitive"
"SPT15670","2014","true","1167","null","Tanzania","TZ","Kigoma","Kigoma","sensitive","sensitive","undetermined","undetermined","resistant","resistant"
"SPT15671","2014","true","1167","null","Tanzania","TZ","Kigoma","Kigoma","sensitive","sensitive","undetermined","undetermined","undetermined","sensitive"
"SPT15672","2014","true","1167","null","Tanzania","TZ","Kigoma","Kigoma","sensitive","resistant","undetermined","undetermined","resistant","resistant"
"SPT15678","2014","true","1167","null","Tanzania","TZ","Tanga","Tanga","sensitive","resistant","undetermined","undetermined","resistant","resistant"
"SPT15679","2014","true","1167","null","Tanzania","TZ","Tanga","Tanga","sensitive","sensitive","sensitive","sensitive","resistant","resistant"
"SPT15680","2014","true","1167","null","Tanzania","TZ","Tanga","Tanga","undetermined","resistant","undetermined","undetermined","resistant","resistant"
"SPT15681","2014","true","1167","null","Tanzania","TZ","Tanga","Tanga","sensitive","sensitive","sensitive","sensitive","resistant","resistant"
"SPT15682","2014","true","1167","null","Tanzania","TZ","Tanga","Tanga","sensitive","sensitive","sensitive","sensitive","resistant","resistant"
"SPT15683","2014","true","1167","null","Tanzania","TZ","Tanga","Tanga","sensitive","sensitive","sensitive","sensitive","resistant","resistant"
"SPT15684","2014","true","1167","null","Tanzania","TZ","Tanga","Tanga","sensitive","sensitive","sensitive","undetermined","resistant","resistant"
"SPT15685","2014","true","1167","null","Tanzania","TZ","Tanga","Tanga","sensitive","sensitive","sensitive","sensitive","resistant","resistant"
"SPT15686","2014","true","1167","null","Tanzania","TZ","Tanga","Tanga","sensitive","sensitive","sensitive","undetermined","resistant","resistant"
"SPT15687","2014","true","1167","null","Tanzania","TZ","Tanga","Tanga","sensitive","sensitive","sensitive","sensitive","resistant","resistant"
"SPT15688","2014","true","1167","null","Tanzania","TZ","Tanga","Tanga","sensitive","sensitive","undetermined","undetermined","resistant","resistant"
"SPT15689","2014","true","1167","null","Tanzania","TZ","Tanga","Tanga","sensitive","sensitive","sensitive","sensitive","resistant","resistant"
"SPT15690","2014","true","1167","null","Tanzania","TZ","Tanga","Tanga","sensitive","sensitive","sensitive","sensitive","resistant","resistant"
"SPT15691","2014","true","1167","null","Tanzania","TZ","Tanga","Tanga","undetermined","sensitive","undetermined","undetermined","resistant","resistant"
"SPT15692","2014","true","1167","null","Tanzania","TZ","Tanga","Tanga","sensitive","sensitive","undetermined","undetermined","resistant","resistant"
"SPT15694","2014","true","1167","null","Tanzania","TZ","Tanga","Tanga","sensitive","sensitive","sensitive","sensitive","resistant","resistant"
"SPT15695","2014","true","1167","null","Tanzania","TZ","Tanga","Tanga","sensitive","resistant","sensitive","sensitive","resistant","resistant"
"SPT15696","2014","true","1167","null","Tanzania","TZ","Tanga","Tanga","sensitive","sensitive","sensitive","sensitive","resistant","resistant"
"SPT15697","2014","true","1167","null","Tanzania","TZ","Tanga","Tanga","sensitive","sensitive","sensitive","sensitive","resistant","resistant"
"SPT15698","2014","true","1167","null","Tanzania","TZ","Tanga","Tanga","sensitive","sensitive","undetermined","sensitive","resistant","resistant"
"SPT15699","2014","true","1167","null","Tanzania","TZ","Tanga","Tanga","sensitive","resistant","sensitive","sensitive","resistant","resistant"
"SPT15700","2014","true","1167","null","Tanzania","TZ","Tanga","Tanga","sensitive","sensitive","undetermined","undetermined","resistant","resistant"
"SPT15701","2014","true","1167","null","Tanzania","TZ","Tanga","Tanga","sensitive","sensitive","sensitive","sensitive","resistant","resistant"
"SPT15702","2014","true","1167","null","Tanzania","TZ","Tanga","Tanga","sensitive","sensitive","sensitive","sensitive","resistant","resistant"
"SPT15703","2014","true","1167","null","Tanzania","TZ","Tanga","Tanga","sensitive","undetermined","sensitive","sensitive","resistant","resistant"
"SPT15704","2014","true","1167","null","Tanzania","TZ","Tanga","Tanga","sensitive","sensitive","sensitive","sensitive","resistant","resistant"
"SPT15705","2014","true","1167","null","Tanzania","TZ","Tanga","Tanga","sensitive","resistant","sensitive","sensitive","resistant","resistant"
"SPT15706","2014","true","1167","null","Tanzania","TZ","Tanga","Tanga","sensitive","sensitive","sensitive","sensitive","resistant","resistant"
"SPT15707","2014","true","1167","null","Tanzania","TZ","Tanga","Tanga","sensitive","sensitive","sensitive","sensitive","resistant","resistant"
"SPT15708","2014","true","1167","null","Tanzania","TZ","Tanga","Tanga","sensitive","sensitive","sensitive","sensitive","resistant","resistant"
"SPT15709","2014","true","1167","null","Tanzania","TZ","Tanga","Tanga","sensitive","sensitive","sensitive","sensitive","resistant","resistant"
"SPT15710","2014","true","1167","null","Tanzania","TZ","Tanga","Tanga","sensitive","sensitive","sensitive","sensitive","resistant","resistant"
"SPT15711","2014","true","1167","null","Tanzania","TZ","Tanga","Tanga","sensitive","sensitive","sensitive","sensitive","resistant","resistant"
"SPT15712","2014","true","1167","null","Tanzania","TZ","Tanga","Tanga","sensitive","sensitive","sensitive","sensitive","resistant","resistant"
"SPT15713","2014","true","1167","null","Tanzania","TZ","Tanga","Tanga","sensitive","sensitive","sensitive","sensitive","resistant","resistant"
"SPT15714","2014","true","1167","null","Tanzania","TZ","Tanga","Tanga","sensitive","sensitive","sensitive","sensitive","resistant","resistant"
"SPT15715","2014","true","1167","null","Tanzania","TZ","Tanga","Tanga","sensitive","undetermined","sensitive","sensitive","resistant","resistant"
"SPT15716","2014","true","1167","null","Tanzania","TZ","Tanga","Tanga","sensitive","sensitive","sensitive","sensitive","resistant","resistant"
"SPT15717","2014","true","1167","null","Tanzania","TZ","Tanga","Tanga","sensitive","resistant","sensitive","sensitive","resistant","resistant"
"SPT15718","2014","true","1167","null","Tanzania","TZ","Tanga","Tanga","sensitive","sensitive","sensitive","sensitive","resistant","resistant"
"SPT15719","2014","true","1167","null","Tanzania","TZ","Tanga","Tanga","sensitive","sensitive","sensitive","sensitive","resistant","resistant"
"SPT15720","2014","true","1167","null","Tanzania","TZ","Tanga","Tanga","sensitive","sensitive","sensitive","sensitive","resistant","resistant"
"SPT15721","2014","true","1167","null","Tanzania","TZ","Tanga","Tanga","sensitive","sensitive","sensitive","sensitive","resistant","resistant"
"SPT15722","2014","true","1167","null","Tanzania","TZ","Tanga","Tanga","sensitive","sensitive","sensitive","sensitive","resistant","resistant"
"SPT15723","2014","true","1167","null","Tanzania","TZ","Tanga","Tanga","sensitive","sensitive","sensitive","sensitive","resistant","resistant"
"SPT15724","2014","true","1167","null","Tanzania","TZ","Tanga","Tanga","sensitive","sensitive","sensitive","sensitive","resistant","resistant"
"SPT15725","2014","true","1167","null","Tanzania","TZ","Tanga","Tanga","sensitive","sensitive","undetermined","undetermined","resistant","resistant"
"SPT15726","2014","true","1167","null","Tanzania","TZ","Tanga","Tanga","sensitive","sensitive","sensitive","sensitive","resistant","resistant"
"SPT15727","2014","true","1167","null","Tanzania","TZ","Tanga","Tanga","sensitive","resistant","undetermined","sensitive","resistant","resistant"
"SPT15728","2014","true","1167","null","Tanzania","TZ","Tanga","Tanga","sensitive","sensitive","sensitive","sensitive","resistant","resistant"
"SPT15729","2014","true","1167","null","Tanzania","TZ","Tanga","Tanga","sensitive","sensitive","sensitive","sensitive","resistant","resistant"
"SPT15730","2014","true","1167","null","Tanzania","TZ","Tanga","Tanga","sensitive","sensitive","sensitive","sensitive","resistant","resistant"
"SPT15731","2014","true","1167","null","Tanzania","TZ","Tanga","Tanga","sensitive","sensitive","sensitive","sensitive","resistant","resistant"
"SPT15732","2014","true","1167","null","Tanzania","TZ","Tanga","Tanga","sensitive","sensitive","undetermined","sensitive","resistant","resistant"
"SPT15733","2014","true","1167","null","Tanzania","TZ","Tanga","Tanga","sensitive","resistant","sensitive","sensitive","resistant","sensitive"
"SPT15734","2014","true","1167","null","Tanzania","TZ","Tanga","Tanga","sensitive","sensitive","sensitive","sensitive","resistant","undetermined"
"SPT15735","2014","true","1167","null","Tanzania","TZ","Tanga","Tanga","sensitive","sensitive","undetermined","undetermined","resistant","resistant"
"SPT15736","2014","true","1167","null","Tanzania","TZ","Tanga","Tanga","sensitive","sensitive","sensitive","sensitive","resistant","resistant"
"SPT15737","2014","true","1167","null","Tanzania","TZ","Tanga","Tanga","sensitive","sensitive","undetermined","sensitive","resistant","resistant"
"SPT15738","2014","true","1167","null","Tanzania","TZ","Tanga","Tanga","sensitive","sensitive","sensitive","sensitive","resistant","resistant"
"SPT15739","2014","false","1167","null","Tanzania","TZ","Tanga","Tanga","null","null","null","null","null","null"
"SPT15740","2014","true","1167","null","Tanzania","TZ","Tanga","Tanga","sensitive","sensitive","sensitive","sensitive","resistant","resistant"
"SPT15742","2014","true","1167","null","Tanzania","TZ","Tanga","Tanga","sensitive","undetermined","sensitive","sensitive","resistant","resistant"
"SPT15743","2014","false","1167","null","Tanzania","TZ","Tanga","Tanga","null","null","null","null","null","null"
"SPT15744","2014","true","1167","null","Tanzania","TZ","Tanga","Tanga","sensitive","sensitive","sensitive","sensitive","resistant","resistant"
"SPT15745","2014","true","1167","null","Tanzania","TZ","Tanga","Tanga","sensitive","sensitive","sensitive","sensitive","resistant","resistant"
"SPT15746","2014","false","1167","null","Tanzania","TZ","Tanga","Tanga","null","null","null","null","null","null"
"SPT15747","2014","true","1167","null","Tanzania","TZ","Tanga","Tanga","sensitive","sensitive","sensitive","sensitive","resistant","resistant"
"SPT15748","2014","false","1167","null","Tanzania","TZ","Tanga","Tanga","null","null","null","null","null","null"
"SPT15749","2014","true","1167","null","Tanzania","TZ","Tanga","Tanga","sensitive","undetermined","sensitive","sensitive","resistant","resistant"
"SPT15752","2014","true","1167","null","Tanzania","TZ","Tanga","Tanga","sensitive","sensitive","undetermined","undetermined","resistant","resistant"
"SPT15753","2014","true","1167","null","Tanzania","TZ","Tanga","Tanga","sensitive","sensitive","sensitive","sensitive","resistant","resistant"
"SPT15754","2014","false","1167","null","Tanzania","TZ","Tanga","Tanga","null","null","null","null","null","null"
"SPT15756","2014","true","1167","null","Tanzania","TZ","Tanga","Tanga","sensitive","sensitive","sensitive","sensitive","resistant","resistant"
"SPT15757","2014","true","1167","null","Tanzania","TZ","Tanga","Tanga","sensitive","sensitive","sensitive","sensitive","resistant","resistant"
"SPT15758","2014","true","1167","null","Tanzania","TZ","Tanga","Tanga","sensitive","resistant","sensitive","sensitive","resistant","resistant"
"SPT15761","2014","true","1167","null","Tanzania","TZ","Tanga","Tanga","sensitive","sensitive","sensitive","sensitive","resistant","resistant"
"SPT15764","2014","true","1167","null","Tanzania","TZ","Tanga","Tanga","sensitive","sensitive","sensitive","sensitive","resistant","sensitive"
"SPT15765","2014","false","1167","null","Tanzania","TZ","Tanga","Tanga","null","null","null","null","null","null"
"SPT15766","2014","true","1167","null","Tanzania","TZ","Tanga","Tanga","sensitive","sensitive","sensitive","sensitive","resistant","undetermined"
"SPT15767","2014","true","1167","null","Tanzania","TZ","Tanga","Tanga","sensitive","resistant","sensitive","sensitive","resistant","sensitive"
"SPT15768","2014","true","1167","null","Tanzania","TZ","Tanga","Tanga","sensitive","sensitive","sensitive","sensitive","resistant","resistant"
"SPT15770","2014","true","1167","null","Tanzania","TZ","Tanga","Tanga","sensitive","sensitive","sensitive","sensitive","resistant","resistant"
"SPT15772","2014","true","1167","null","Tanzania","TZ","Tanga","Tanga","sensitive","sensitive","sensitive","sensitive","resistant","resistant"
"SPT15773","2014","true","1167","null","Tanzania","TZ","Tanga","Tanga","sensitive","sensitive","sensitive","sensitive","resistant","resistant"
"SPT15775","2014","true","1167","null","Tanzania","TZ","Tanga","Tanga","sensitive","sensitive","sensitive","sensitive","resistant","resistant"
"SPT15776","2014","false","1167","null","Tanzania","TZ","Tanga","Tanga","null","null","null","null","null","null"
"SPT15777","2014","true","1167","null","Tanzania","TZ","Tanga","Tanga","sensitive","resistant","sensitive","sensitive","resistant","resistant"
"SPT15779","2014","true","1167","null","Tanzania","TZ","Tanga","Tanga","sensitive","sensitive","sensitive","sensitive","resistant","resistant"
"SPT15780","2014","false","1167","null","Tanzania","TZ","Tanga","Tanga","null","null","null","null","null","null"
"SPT15781","2014","false","1167","null","Tanzania","TZ","Tanga","Tanga","null","null","null","null","null","null"
"SPT15782","2014","true","1167","null","Tanzania","TZ","Tanga","Tanga","sensitive","sensitive","sensitive","sensitive","resistant","resistant"
"SPT15785","2014","true","1167","null","Tanzania","TZ","Tanga","Tanga","sensitive","undetermined","sensitive","sensitive","resistant","resistant"
"SPT15787","2014","true","1167","null","Tanzania","TZ","Tanga","Tanga","sensitive","sensitive","sensitive","sensitive","resistant","undetermined"
"SPT15788","2014","false","1167","null","Tanzania","TZ","Tanga","Tanga","null","null","null","null","null","null"
"SPT15789","2014","true","1167","null","Tanzania","TZ","Tanga","Tanga","sensitive","undetermined","sensitive","sensitive","resistant","resistant"
"SPT15792","2014","true","1167","null","Tanzania","TZ","Tanga","Tanga","sensitive","sensitive","sensitive","sensitive","resistant","resistant"
"SPT15794","2014","true","1167","null","Tanzania","TZ","Tanga","Tanga","sensitive","sensitive","sensitive","sensitive","resistant","resistant"
"SPT15796","2014","false","1167","null","Tanzania","TZ","Tanga","Tanga","null","null","null","null","null","null"
"SPT15797","2014","true","1167","null","Tanzania","TZ","Tanga","Tanga","sensitive","sensitive","sensitive","sensitive","resistant","resistant"
"SPT15799","2014","true","1167","null","Tanzania","TZ","Tanga","Tanga","sensitive","sensitive","sensitive","sensitive","resistant","resistant"
"SPT15800","2014","true","1167","null","Tanzania","TZ","Tanga","Tanga","sensitive","sensitive","sensitive","sensitive","resistant","resistant"
"SPT15803","2014","false","1167","null","Tanzania","TZ","Tanga","Tanga","null","null","null","null","null","null"
"SPT15804","2014","true","1167","null","Tanzania","TZ","Tanga","Tanga","sensitive","sensitive","sensitive","sensitive","undetermined","resistant"
"SPT15805","2014","true","1167","null","Tanzania","TZ","Tanga","Tanga","sensitive","resistant","sensitive","sensitive","resistant","resistant"
"SPT15807","2014","true","1167","null","Tanzania","TZ","Tanga","Tanga","sensitive","sensitive","sensitive","sensitive","resistant","resistant"
"SPT15808","2014","true","1167","null","Tanzania","TZ","Tanga","Tanga","sensitive","sensitive","sensitive","sensitive","resistant","resistant"
"SPT15810","2014","true","1167","null","Tanzania","TZ","Tanga","Tanga","sensitive","sensitive","sensitive","sensitive","resistant","resistant"
"SPT15814","2014","true","1167","null","Tanzania","TZ","Tanga","Tanga","sensitive","sensitive","sensitive","sensitive","resistant","resistant"
"SPT15817","2014","true","1167","null","Tanzania","TZ","Tanga","Tanga","sensitive","sensitive","sensitive","sensitive","resistant","resistant"
"SPT15818","2014","true","1167","null","Tanzania","TZ","Tanga","Tanga","sensitive","sensitive","sensitive","sensitive","resistant","resistant"
"SPT15820","2014","true","1167","null","Tanzania","TZ","Tanga","Tanga","sensitive","sensitive","sensitive","sensitive","resistant","resistant"
"SPT15823","2014","true","1167","null","Tanzania","TZ","Tanga","Tanga","sensitive","sensitive","sensitive","sensitive","resistant","resistant"
"SPT15825","2014","false","1167","null","Tanzania","TZ","Tanga","Tanga","null","null","null","null","null","null"
"SPT15827","2014","false","1167","null","Tanzania","TZ","Tanga","Tanga","null","null","null","null","null","null"
"SPT15828","2014","false","1167","null","Tanzania","TZ","Tanga","Tanga","null","null","null","null","null","null"
"SPT15829","2014","false","1167","null","Tanzania","TZ","Tanga","Tanga","null","null","null","null","null","null"
"SPT15830","2014","false","1167","null","Tanzania","TZ","Tanga","Tanga","null","null","null","null","null","null"
"SPT15831","2014","false","1167","null","Tanzania","TZ","Tanga","Tanga","null","null","null","null","null","null"
"SPT15832","2014","true","1167","null","Tanzania","TZ","Tanga","Tanga","sensitive","sensitive","sensitive","sensitive","resistant","sensitive"
"SPT15834","2014","true","1167","null","Tanzania","TZ","Tanga","Tanga","sensitive","sensitive","sensitive","sensitive","resistant","resistant"
"SPT15838","2014","true","1167","null","Tanzania","TZ","Tanga","Tanga","sensitive","sensitive","sensitive","sensitive","resistant","resistant"
"SPT15846","2014","true","1167","null","Tanzania","TZ","Tanga","Tanga","sensitive","sensitive","sensitive","sensitive","resistant","resistant"
"SPT15849","2014","true","1167","null","Tanzania","TZ","Tanga","Tanga","sensitive","sensitive","sensitive","sensitive","resistant","resistant"
"SPT15850","2014","true","1167","null","Tanzania","TZ","Tanga","Tanga","sensitive","sensitive","undetermined","sensitive","resistant","resistant"
"SPT15851","2014","true","1167","null","Tanzania","TZ","Tanga","Tanga","sensitive","sensitive","sensitive","sensitive","resistant","resistant"
"SPT15852","2014","true","1167","null","Tanzania","TZ","Tanga","Tanga","sensitive","sensitive","undetermined","sensitive","resistant","resistant"
"SPT15853","2014","true","1167","null","Tanzania","TZ","Tanga","Tanga","sensitive","sensitive","sensitive","sensitive","resistant","resistant"
"SPT15854","2014","true","1167","null","Tanzania","TZ","Tanga","Tanga","sensitive","resistant","sensitive","sensitive","resistant","resistant"
"SPT15855","2014","true","1167","null","Tanzania","TZ","Tanga","Tanga","sensitive","sensitive","sensitive","sensitive","resistant","resistant"
"SPT15856","2014","true","1167","null","Tanzania","TZ","Tanga","Tanga","sensitive","undetermined","sensitive","sensitive","resistant","resistant"
"SPT15857","2014","true","1167","null","Tanzania","TZ","Tanga","Tanga","sensitive","sensitive","sensitive","sensitive","resistant","resistant"
"SPT15858","2014","true","1167","null","Tanzania","TZ","Tanga","Tanga","sensitive","sensitive","sensitive","sensitive","resistant","resistant"
"SPT15859","2014","true","1167","null","Tanzania","TZ","Tanga","Tanga","sensitive","sensitive","sensitive","sensitive","resistant","resistant"
"SPT15860","2014","true","1167","null","Tanzania","TZ","Tanga","Tanga","sensitive","sensitive","sensitive","sensitive","resistant","resistant"
"SPT15861","2014","true","1167","null","Tanzania","TZ","Tanga","Tanga","sensitive","undetermined","sensitive","sensitive","resistant","undetermined"
"SPT15862","2014","true","1167","null","Tanzania","TZ","Tanga","Tanga","sensitive","sensitive","sensitive","sensitive","resistant","resistant"
"SPT15863","2014","true","1167","null","Tanzania","TZ","Tanga","Tanga","sensitive","sensitive","sensitive","sensitive","resistant","resistant"
"SPT15865","2014","true","1167","null","Tanzania","TZ","Tanga","Tanga","sensitive","sensitive","sensitive","sensitive","resistant","resistant"
"SPT15866","2014","true","1167","null","Tanzania","TZ","Tanga","Tanga","sensitive","sensitive","undetermined","sensitive","resistant","resistant"
"SPT15867","2014","true","1167","null","Tanzania","TZ","Tanga","Tanga","sensitive","sensitive","sensitive","sensitive","resistant","resistant"
"SPT15869","2014","true","1167","null","Tanzania","TZ","Tanga","Tanga","sensitive","undetermined","sensitive","sensitive","resistant","resistant"
"SPT15870","2014","true","1167","null","Tanzania","TZ","Tanga","Tanga","sensitive","sensitive","sensitive","sensitive","resistant","resistant"
"SPT15871","2014","true","1167","null","Tanzania","TZ","Tanga","Tanga","sensitive","undetermined","sensitive","sensitive","resistant","resistant"
"SPT15873","2014","true","1167","null","Tanzania","TZ","Tanga","Tanga","sensitive","sensitive","sensitive","sensitive","resistant","resistant"
"SPT15874","2014","true","1167","null","Tanzania","TZ","Tanga","Tanga","sensitive","sensitive","sensitive","sensitive","resistant","resistant"
"SPT15875","2014","true","1167","null","Tanzania","TZ","Tanga","Tanga","sensitive","sensitive","sensitive","sensitive","resistant","resistant"
"SPT15876","2014","true","1167","null","Tanzania","TZ","Tanga","Tanga","sensitive","sensitive","sensitive","sensitive","resistant","resistant"
"SPT15877","2014","true","1167","null","Tanzania","TZ","Kigoma","Kigoma","sensitive","undetermined","undetermined","undetermined","resistant","resistant"
"SPT15879","2014","true","1167","null","Tanzania","TZ","Kigoma","Kigoma","sensitive","sensitive","undetermined","undetermined","resistant","resistant"
"SPT15880","2014","true","1167","null","Tanzania","TZ","Kigoma","Kigoma","sensitive","sensitive","sensitive","sensitive","resistant","sensitive"
"SPT18689","2014","true","1167","null","Tanzania","TZ","Kigoma","Kigoma","sensitive","sensitive","undetermined","undetermined","resistant","resistant"
"SPT46076","2019","true","1263","null","Tanzania","TZ","Pwani","Pwani","sensitive","sensitive","sensitive","sensitive","resistant","resistant"
"SPT46077","2019","true","1263","null","Tanzania","TZ","Pwani","Pwani","sensitive","sensitive","undetermined","sensitive","resistant","resistant"
"SPT46078","2019","true","1263","null","Tanzania","TZ","Pwani","Pwani","sensitive","sensitive","sensitive","sensitive","resistant","undetermined"
"SPT46079","2019","true","1263","null","Tanzania","TZ","Pwani","Pwani","sensitive","sensitive","undetermined","undetermined","resistant","resistant"
"SPT46080","2019","true","1263","null","Tanzania","TZ","Pwani","Pwani","sensitive","sensitive","sensitive","sensitive","resistant","resistant"
"SPT46081","2019","true","1263","null","Tanzania","TZ","Pwani","Pwani","undetermined","sensitive","undetermined","undetermined","sensitive","sensitive"
"SPT46083","2019","true","1263","null","Tanzania","TZ","Pwani","Pwani","sensitive","sensitive","undetermined","undetermined","resistant","resistant"
"SPT46085","2019","true","1263","null","Tanzania","TZ","Pwani","Pwani","sensitive","sensitive","sensitive","sensitive","resistant","undetermined"
"SPT46086","2019","true","1263","null","Tanzania","TZ","Pwani","Pwani","sensitive","sensitive","sensitive","sensitive","resistant","resistant"
"SPT46087","2019","true","1263","null","Tanzania","TZ","Pwani","Pwani","sensitive","sensitive","sensitive","sensitive","resistant","resistant"
"SPT46088","2019","true","1263","null","Tanzania","TZ","Pwani","Pwani","sensitive","sensitive","sensitive","sensitive","resistant","resistant"
"SPT46089","2019","true","1263","null","Tanzania","TZ","Pwani","Pwani","sensitive","sensitive","sensitive","sensitive","resistant","resistant"
"SPT46090","2019","true","1263","null","Tanzania","TZ","Pwani","Pwani","sensitive","sensitive","sensitive","undetermined","resistant","resistant"
"SPT46092","2019","true","1263","null","Tanzania","TZ","Pwani","Pwani","sensitive","sensitive","undetermined","sensitive","resistant","resistant"
"SPT46093","2019","true","1263","null","Tanzania","TZ","Pwani","Pwani","sensitive","sensitive","sensitive","sensitive","resistant","sensitive"
"SPT46094","2019","true","1263","null","Tanzania","TZ","Pwani","Pwani","sensitive","sensitive","undetermined","undetermined","resistant","resistant"
"SPT46096","2019","true","1263","null","Tanzania","TZ","Pwani","Pwani","sensitive","sensitive","sensitive","undetermined","resistant","resistant"
"SPT46097","2019","false","1263","null","Tanzania","TZ","Pwani","Pwani","null","null","null","null","null","null"
"SPT46098","2019","true","1263","null","Tanzania","TZ","Pwani","Pwani","sensitive","sensitive","sensitive","undetermined","resistant","resistant"
"SPT46099","2019","true","1263","null","Tanzania","TZ","Pwani","Pwani","sensitive","sensitive","sensitive","sensitive","resistant","resistant"
"SPT46100","2019","true","1263","null","Tanzania","TZ","Pwani","Pwani","sensitive","sensitive","sensitive","sensitive","resistant","resistant"
"SPT46101","2019","true","1263","null","Tanzania","TZ","Pwani","Pwani","sensitive","sensitive","sensitive","sensitive","resistant","resistant"
"SPT46102","2019","true","1263","null","Tanzania","TZ","Pwani","Pwani","sensitive","sensitive","sensitive","undetermined","resistant","resistant"
"SPT46103","2019","true","1263","null","Tanzania","TZ","Pwani","Pwani","sensitive","sensitive","sensitive","sensitive","resistant","resistant"
"SPT46105","2019","true","1263","null","Tanzania","TZ","Pwani","Pwani","sensitive","sensitive","sensitive","undetermined","resistant","resistant"
"SPT46106","2019","true","1263","null","Tanzania","TZ","Pwani","Pwani","sensitive","sensitive","undetermined","sensitive","undetermined","undetermined"
"SPT46107","2019","true","1263","null","Tanzania","TZ","Pwani","Pwani","sensitive","sensitive","undetermined","undetermined","resistant","resistant"
"SPT46108","2019","true","1263","null","Tanzania","TZ","Pwani","Pwani","sensitive","sensitive","sensitive","undetermined","resistant","resistant"
"SPT46109","2019","true","1263","null","Tanzania","TZ","Pwani","Pwani","sensitive","sensitive","sensitive","sensitive","resistant","resistant"
"SPT46110","2019","true","1263","null","Tanzania","TZ","Pwani","Pwani","sensitive","sensitive","sensitive","undetermined","resistant","resistant"
"SPT46111","2019","false","1263","null","Tanzania","TZ","Pwani","Pwani","null","null","null","null","null","null"
"SPT46112","2019","true","1263","null","Tanzania","TZ","Pwani","Pwani","sensitive","sensitive","sensitive","sensitive","resistant","resistant"
"SPT46113","2019","true","1263","null","Tanzania","TZ","Pwani","Pwani","sensitive","sensitive","sensitive","sensitive","resistant","resistant"
"SPT46114","2019","true","1263","null","Tanzania","TZ","Pwani","Pwani","undetermined","sensitive","sensitive","undetermined","resistant","resistant"
"SPT46115","2019","true","1263","null","Tanzania","TZ","Pwani","Pwani","sensitive","sensitive","sensitive","sensitive","resistant","resistant"
"SPT46116","2019","true","1263","null","Tanzania","TZ","Pwani","Pwani","sensitive","sensitive","sensitive","sensitive","resistant","resistant"
"SPT46118","2019","true","1263","null","Tanzania","TZ","Pwani","Pwani","sensitive","sensitive","sensitive","sensitive","resistant","resistant"
"SPT46119","2019","true","1263","null","Tanzania","TZ","Pwani","Pwani","undetermined","sensitive","sensitive","sensitive","resistant","sensitive"
"SPT46120","2019","true","1263","null","Tanzania","TZ","Pwani","Pwani","sensitive","sensitive","undetermined","undetermined","resistant","resistant"
"SPT46121","2019","true","1263","null","Tanzania","TZ","Pwani","Pwani","sensitive","sensitive","sensitive","undetermined","resistant","resistant"
"SPT46122","2019","true","1263","null","Tanzania","TZ","Pwani","Pwani","sensitive","sensitive","sensitive","sensitive","resistant","resistant"
"SPT46123","2019","true","1263","null","Tanzania","TZ","Pwani","Pwani","sensitive","sensitive","undetermined","undetermined","resistant","resistant"
"SPT46124","2019","true","1263","null","Tanzania","TZ","Pwani","Pwani","sensitive","sensitive","undetermined","undetermined","resistant","resistant"
"SPT46125","2019","true","1263","null","Tanzania","TZ","Pwani","Pwani","sensitive","sensitive","undetermined","undetermined","resistant","resistant"
"SPT46126","2019","true","1263","null","Tanzania","TZ","Pwani","Pwani","sensitive","sensitive","undetermined","undetermined","resistant","resistant"
"SPT46127","2019","true","1263","null","Tanzania","TZ","Pwani","Pwani","sensitive","sensitive","sensitive","sensitive","resistant","resistant"
"SPT46128","2019","true","1263","null","Tanzania","TZ","Pwani","Pwani","sensitive","sensitive","sensitive","sensitive","resistant","resistant"
"SPT46129","2019","true","1263","null","Tanzania","TZ","Pwani","Pwani","sensitive","sensitive","sensitive","undetermined","resistant","undetermined"
"SPT46131","2019","true","1263","null","Tanzania","TZ","Pwani","Pwani","sensitive","sensitive","undetermined","undetermined","resistant","resistant"
"SPT46132","2019","true","1263","null","Tanzania","TZ","Pwani","Pwani","sensitive","sensitive","undetermined","undetermined","resistant","resistant"
"SPT46133","2019","true","1263","null","Tanzania","TZ","Pwani","Pwani","sensitive","sensitive","sensitive","sensitive","resistant","resistant"
"SPT46134","2019","false","1263","null","Tanzania","TZ","Pwani","Pwani","null","null","null","null","null","null"
"SPT46135","2019","true","1263","null","Tanzania","TZ","Pwani","Pwani","sensitive","sensitive","sensitive","sensitive","resistant","resistant"
"SPT46136","2019","true","1263","null","Tanzania","TZ","Pwani","Pwani","sensitive","sensitive","sensitive","sensitive","resistant","resistant"
"SPT46137","2019","true","1263","null","Tanzania","TZ","Pwani","Pwani","sensitive","sensitive","sensitive","sensitive","resistant","resistant"
"SPT46138","2019","true","1263","null","Tanzania","TZ","Pwani","Pwani","sensitive","sensitive","sensitive","sensitive","resistant","resistant"
"SPT46140","2019","true","1263","null","Tanzania","TZ","Pwani","Pwani","sensitive","sensitive","sensitive","sensitive","resistant","undetermined"
"SPT46141","2019","true","1263","null","Tanzania","TZ","Pwani","Pwani","sensitive","sensitive","sensitive","sensitive","resistant","undetermined"
"SPT46142","2019","true","1263","null","Tanzania","TZ","Pwani","Pwani","sensitive","sensitive","sensitive","sensitive","resistant","resistant"
"SPT46143","2019","true","1263","null","Tanzania","TZ","Pwani","Pwani","sensitive","sensitive","sensitive","undetermined","resistant","resistant"
"SPT46144","2019","true","1263","null","Tanzania","TZ","Pwani","Pwani","sensitive","sensitive","sensitive","sensitive","resistant","resistant"
"SPT46145","2019","true","1263","null","Tanzania","TZ","Pwani","Pwani","sensitive","sensitive","undetermined","undetermined","resistant","resistant"
"SPT46146","2019","true","1263","null","Tanzania","TZ","Pwani","Pwani","sensitive","sensitive","sensitive","sensitive","resistant","resistant"
"SPT46148","2019","true","1263","null","Tanzania","TZ","Pwani","Pwani","sensitive","sensitive","undetermined","undetermined","resistant","undetermined"
"SPT46149","2019","true","1263","null","Tanzania","TZ","Pwani","Pwani","sensitive","sensitive","undetermined","undetermined","resistant","resistant"
"SPT46150","2019","true","1263","null","Tanzania","TZ","Pwani","Pwani","sensitive","sensitive","sensitive","sensitive","resistant","resistant"
"SPT46151","2019","true","1263","null","Tanzania","TZ","Pwani","Pwani","sensitive","sensitive","sensitive","sensitive","resistant","resistant"
"SPT46152","2019","true","1263","null","Tanzania","TZ","Pwani","Pwani","sensitive","sensitive","sensitive","sensitive","resistant","resistant"
"SPT46153","2019","true","1263","null","Tanzania","TZ","Pwani","Pwani","sensitive","sensitive","sensitive","sensitive","resistant","resistant"
"SPT46154","2019","true","1263","null","Tanzania","TZ","Pwani","Pwani","sensitive","sensitive","sensitive","sensitive","resistant","sensitive"
"SPT46155","2019","true","1263","null","Tanzania","TZ","Pwani","Pwani","sensitive","sensitive","undetermined","undetermined","resistant","resistant"
"SPT46156","2019","true","1263","null","Tanzania","TZ","Pwani","Pwani","sensitive","sensitive","sensitive","sensitive","resistant","resistant"
"SPT46157","2019","true","1263","null","Tanzania","TZ","Pwani","Pwani","sensitive","sensitive","sensitive","sensitive","resistant","resistant"
"SPT46158","2019","true","1263","null","Tanzania","TZ","Pwani","Pwani","sensitive","sensitive","sensitive","sensitive","resistant","resistant"
"SPT46159","2019","true","1263","null","Tanzania","TZ","Pwani","Pwani","sensitive","sensitive","sensitive","sensitive","resistant","resistant"
"SPT46160","2019","true","1263","null","Tanzania","TZ","Pwani","Pwani","sensitive","sensitive","undetermined","undetermined","resistant","resistant"
"SPT46161","2019","true","1263","null","Tanzania","TZ","Pwani","Pwani","sensitive","sensitive","sensitive","sensitive","resistant","undetermined"
"SPT46162","2019","true","1263","null","Tanzania","TZ","Pwani","Pwani","sensitive","sensitive","sensitive","undetermined","resistant","resistant"
"SPT46163","2019","true","1263","null","Tanzania","TZ","Pwani","Pwani","sensitive","sensitive","sensitive","sensitive","resistant","resistant"
"SPT46164","2019","true","1263","null","Tanzania","TZ","Pwani","Pwani","sensitive","sensitive","sensitive","sensitive","resistant","resistant"
"SPT46165","2019","true","1263","null","Tanzania","TZ","Pwani","Pwani","sensitive","sensitive","sensitive","sensitive","resistant","resistant"
"SPT46166","2019","true","1263","null","Tanzania","TZ","Pwani","Pwani","sensitive","sensitive","sensitive","sensitive","resistant","resistant"
"SPT46167","2019","true","1263","null","Tanzania","TZ","Pwani","Pwani","undetermined","sensitive","undetermined","undetermined","resistant","resistant"
"SPT46168","2019","true","1263","null","Tanzania","TZ","Pwani","Pwani","undetermined","sensitive","undetermined","undetermined","resistant","undetermined"
"SPT46169","2019","true","1263","null","Tanzania","TZ","Pwani","Pwani","sensitive","sensitive","sensitive","undetermined","resistant","resistant"
"SPT46170","2019","true","1263","null","Tanzania","TZ","Pwani","Pwani","sensitive","sensitive","undetermined","undetermined","resistant","resistant"
"SPT46171","2019","true","1263","null","Tanzania","TZ","Pwani","Pwani","undetermined","sensitive","undetermined","undetermined","resistant","resistant"
"SPT46172","2019","true","1263","null","Tanzania","TZ","Pwani","Pwani","sensitive","sensitive","undetermined","undetermined","resistant","resistant"
"SPT46173","2019","true","1263","null","Tanzania","TZ","Pwani","Pwani","sensitive","sensitive","undetermined","undetermined","resistant","resistant"
"SPT46174","2019","true","1263","null","Tanzania","TZ","Pwani","Pwani","sensitive","sensitive","undetermined","undetermined","resistant","resistant"
"SPT46175","2019","true","1263","null","Tanzania","TZ","Pwani","Pwani","sensitive","sensitive","undetermined","undetermined","resistant","resistant"
"SPT46178","2019","true","1263","null","Tanzania","TZ","Pwani","Pwani","sensitive","sensitive","undetermined","undetermined","resistant","resistant"
"SPT46179","2019","true","1263","null","Tanzania","TZ","Pwani","Pwani","sensitive","sensitive","undetermined","undetermined","resistant","sensitive"
"SPT46180","2019","true","1263","null","Tanzania","TZ","Pwani","Pwani","sensitive","sensitive","undetermined","undetermined","resistant","resistant"
"SPT46182","2019","true","1263","null","Tanzania","TZ","Pwani","Pwani","sensitive","sensitive","undetermined","undetermined","resistant","resistant"
"SPT46183","2019","true","1263","null","Tanzania","TZ","Pwani","Pwani","sensitive","sensitive","undetermined","undetermined","resistant","undetermined"
"SPT46184","2019","true","1263","null","Tanzania","TZ","Pwani","Pwani","sensitive","sensitive","undetermined","undetermined","resistant","resistant"
"SPT46185","2019","true","1263","null","Tanzania","TZ","Pwani","Pwani","sensitive","sensitive","undetermined","undetermined","sensitive","sensitive"
"SPT46186","2019","true","1263","null","Tanzania","TZ","Pwani","Pwani","sensitive","sensitive","undetermined","undetermined","resistant","resistant"
"SPT46187","2019","true","1263","null","Tanzania","TZ","Pwani","Pwani","sensitive","sensitive","undetermined","undetermined","resistant","resistant"
"SPT46188","2019","false","1263","null","Tanzania","TZ","Pwani","Pwani","null","null","null","null","null","null"
"SPT46190","2019","false","1263","null","Tanzania","TZ","Pwani","Pwani","null","null","null","null","null","null"
"SPT46191","2019","true","1263","null","Tanzania","TZ","Pwani","Pwani","sensitive","sensitive","undetermined","undetermined","resistant","undetermined"
"SPT46192","2019","true","1263","null","Tanzania","TZ","Pwani","Pwani","sensitive","sensitive","undetermined","undetermined","resistant","resistant"
"SPT46193","2019","true","1263","null","Tanzania","TZ","Pwani","Pwani","sensitive","sensitive","undetermined","undetermined","resistant","resistant"
"SPT46194","2019","true","1263","null","Tanzania","TZ","Pwani","Pwani","sensitive","sensitive","undetermined","undetermined","resistant","resistant"
"SPT46195","2019","true","1263","null","Tanzania","TZ","Pwani","Pwani","sensitive","sensitive","undetermined","sensitive","resistant","resistant"
"SPT46196","2019","true","1263","null","Tanzania","TZ","Pwani","Pwani","sensitive","sensitive","undetermined","undetermined","resistant","resistant"
"SPT46197","2019","true","1263","null","Tanzania","TZ","Pwani","Pwani","sensitive","sensitive","undetermined","undetermined","resistant","resistant"
"SPT46199","2019","true","1263","null","Tanzania","TZ","Pwani","Pwani","sensitive","sensitive","undetermined","undetermined","resistant","resistant"
"SPT46200","2019","true","1263","null","Tanzania","TZ","Pwani","Pwani","sensitive","sensitive","undetermined","undetermined","resistant","resistant"
"SPT46201","2019","true","1263","null","Tanzania","TZ","Pwani","Pwani","sensitive","sensitive","undetermined","undetermined","resistant","resistant"
"SPT46202","2019","true","1263","null","Tanzania","TZ","Pwani","Pwani","sensitive","sensitive","undetermined","undetermined","resistant","resistant"
"SPT46204","2019","true","1263","null","Tanzania","TZ","Pwani","Pwani","sensitive","sensitive","sensitive","undetermined","resistant","resistant"
"SPT46205","2019","true","1263","null","Tanzania","TZ","Pwani","Pwani","sensitive","sensitive","undetermined","undetermined","resistant","sensitive"
"SPT46206","2019","true","1263","null","Tanzania","TZ","Pwani","Pwani","sensitive","sensitive","undetermined","undetermined","resistant","resistant"
"SPT46207","2019","true","1263","null","Tanzania","TZ","Pwani","Pwani","sensitive","sensitive","undetermined","undetermined","resistant","resistant"
"SPT46208","2019","true","1263","null","Tanzania","TZ","Pwani","Pwani","sensitive","sensitive","undetermined","undetermined","resistant","resistant"
"SPT46209","2019","true","1263","null","Tanzania","TZ","Pwani","Pwani","sensitive","sensitive","undetermined","undetermined","resistant","resistant"
"SPT46210","2019","true","1263","null","Tanzania","TZ","Pwani","Pwani","sensitive","sensitive","undetermined","undetermined","resistant","sensitive"
"SPT46211","2019","true","1263","null","Tanzania","TZ","Pwani","Pwani","sensitive","sensitive","undetermined","undetermined","resistant","undetermined"
"SPT46212","2019","true","1263","null","Tanzania","TZ","Pwani","Pwani","sensitive","sensitive","undetermined","undetermined","resistant","resistant"
"SPT46213","2019","true","1263","null","Tanzania","TZ","Pwani","Pwani","sensitive","sensitive","undetermined","undetermined","resistant","resistant"
"SPT46214","2019","true","1263","null","Tanzania","TZ","Pwani","Pwani","sensitive","sensitive","undetermined","undetermined","resistant","resistant"
"SPT46216","2019","true","1263","null","Tanzania","TZ","Pwani","Pwani","sensitive","sensitive","undetermined","sensitive","sensitive","resistant"
"SPT46218","2019","true","1263","null","Tanzania","TZ","Pwani","Pwani","sensitive","sensitive","undetermined","sensitive","resistant","resistant"
"SPT46219","2019","true","1263","null","Tanzania","TZ","Pwani","Pwani","sensitive","sensitive","undetermined","undetermined","resistant","resistant"
"SPT46220","2019","true","1263","null","Tanzania","TZ","Pwani","Pwani","sensitive","sensitive","sensitive","undetermined","resistant","resistant"
"SPT46222","2019","true","1263","null","Tanzania","TZ","Pwani","Pwani","sensitive","sensitive","undetermined","undetermined","resistant","resistant"
"SPT46223","2019","true","1263","null","Tanzania","TZ","Pwani","Pwani","sensitive","sensitive","undetermined","undetermined","resistant","resistant"
"SPT46225","2019","true","1263","null","Tanzania","TZ","Pwani","Pwani","sensitive","sensitive","undetermined","undetermined","resistant","resistant"
"SPT46226","2019","true","1263","null","Tanzania","TZ","Pwani","Pwani","sensitive","sensitive","undetermined","undetermined","resistant","resistant"
"SPT46227","2019","true","1263","null","Tanzania","TZ","Pwani","Pwani","sensitive","sensitive","undetermined","undetermined","resistant","resistant"
"SPT46229","2019","true","1263","null","Tanzania","TZ","Pwani","Pwani","sensitive","sensitive","undetermined","undetermined","resistant","sensitive"
"SPT46230","2019","true","1263","null","Tanzania","TZ","Pwani","Pwani","sensitive","sensitive","undetermined","undetermined","resistant","resistant"
"SPT46231","2019","true","1263","null","Tanzania","TZ","Pwani","Pwani","undetermined","sensitive","undetermined","undetermined","resistant","resistant"
"SPT46232","2019","true","1263","null","Tanzania","TZ","Pwani","Pwani","sensitive","sensitive","undetermined","undetermined","resistant","resistant"
"SPT46233","2019","true","1263","null","Tanzania","TZ","Pwani","Pwani","sensitive","sensitive","undetermined","undetermined","resistant","resistant"
"SPT46234","2019","true","1263","null","Tanzania","TZ","Pwani","Pwani","sensitive","sensitive","undetermined","undetermined","resistant","resistant"
"SPT46235","2019","true","1263","null","Tanzania","TZ","Pwani","Pwani","sensitive","sensitive","sensitive","sensitive","resistant","sensitive"
"SPT46236","2019","true","1263","null","Tanzania","TZ","Pwani","Pwani","sensitive","sensitive","sensitive","sensitive","resistant","resistant"
"SPT46237","2019","true","1263","null","Tanzania","TZ","Pwani","Pwani","sensitive","sensitive","sensitive","undetermined","resistant","resistant"
"SPT46238","2019","true","1263","null","Tanzania","TZ","Pwani","Pwani","sensitive","sensitive","sensitive","sensitive","resistant","resistant"
"SPT46239","2019","true","1263","null","Tanzania","TZ","Pwani","Pwani","sensitive","sensitive","undetermined","undetermined","resistant","resistant"
"SPT46240","2019","true","1263","null","Tanzania","TZ","Pwani","Pwani","undetermined","sensitive","undetermined","undetermined","resistant","resistant"
"SPT46241","2019","true","1263","null","Tanzania","TZ","Pwani","Pwani","sensitive","sensitive","undetermined","undetermined","resistant","resistant"
"SPT46242","2019","true","1263","null","Tanzania","TZ","Pwani","Pwani","sensitive","sensitive","undetermined","undetermined","resistant","resistant"
"SPT46243","2019","true","1263","null","Tanzania","TZ","Pwani","Pwani","sensitive","sensitive","undetermined","undetermined","resistant","resistant"
"SPT46244","2019","true","1263","null","Tanzania","TZ","Pwani","Pwani","sensitive","sensitive","undetermined","undetermined","resistant","sensitive"
"SPT46245","2019","true","1263","null","Tanzania","TZ","Pwani","Pwani","sensitive","sensitive","undetermined","undetermined","resistant","resistant"
"SPT46246","2019","true","1263","null","Tanzania","TZ","Pwani","Pwani","sensitive","sensitive","undetermined","undetermined","resistant","resistant"
"SPT46247","2019","true","1263","null","Tanzania","TZ","Pwani","Pwani","sensitive","sensitive","undetermined","undetermined","resistant","resistant"
"SPT46248","2019","true","1263","null","Tanzania","TZ","Pwani","Pwani","sensitive","sensitive","undetermined","undetermined","resistant","resistant"
"SPT46251","2019","true","1263","null","Tanzania","TZ","Pwani","Pwani","sensitive","sensitive","undetermined","undetermined","resistant","resistant"
"SPT46252","2019","true","1263","null","Tanzania","TZ","Pwani","Pwani","sensitive","sensitive","undetermined","undetermined","resistant","resistant"
"SPT46254","2019","true","1263","null","Tanzania","TZ","Pwani","Pwani","undetermined","sensitive","undetermined","undetermined","resistant","resistant"
"SPT46255","2019","true","1263","null","Tanzania","TZ","Pwani","Pwani","sensitive","sensitive","undetermined","undetermined","resistant","sensitive"
"SPT46257","2019","true","1263","null","Tanzania","TZ","Pwani","Pwani","sensitive","sensitive","undetermined","undetermined","resistant","resistant"
"SPT46258","2019","true","1263","null","Tanzania","TZ","Pwani","Pwani","sensitive","sensitive","undetermined","undetermined","resistant","resistant"
"SPT46259","2019","true","1263","null","Tanzania","TZ","Pwani","Pwani","sensitive","sensitive","undetermined","undetermined","resistant","resistant"
"SPT46260","2019","true","1263","null","Tanzania","TZ","Pwani","Pwani","sensitive","sensitive","undetermined","undetermined","resistant","sensitive"
"SPT46261","2019","true","1263","null","Tanzania","TZ","Pwani","Pwani","sensitive","sensitive","undetermined","undetermined","resistant","resistant"
"SPT46262","2019","true","1263","null","Tanzania","TZ","Pwani","Pwani","sensitive","sensitive","undetermined","undetermined","resistant","sensitive"
"SPT46263","2019","true","1263","null","Tanzania","TZ","Pwani","Pwani","sensitive","sensitive","undetermined","undetermined","resistant","resistant"
"SPT46264","2019","true","1263","null","Tanzania","TZ","Pwani","Pwani","sensitive","sensitive","undetermined","undetermined","resistant","sensitive"
"SPT46265","2019","true","1263","null","Tanzania","TZ","Pwani","Pwani","sensitive","sensitive","sensitive","sensitive","resistant","resistant"
"SPT46266","2019","true","1263","null","Tanzania","TZ","Pwani","Pwani","sensitive","sensitive","sensitive","sensitive","resistant","resistant"
"SPT46267","2019","true","1263","null","Tanzania","TZ","Pwani","Pwani","sensitive","sensitive","sensitive","sensitive","resistant","resistant"
"SPT46268","2019","true","1263","null","Tanzania","TZ","Pwani","Pwani","sensitive","sensitive","sensitive","sensitive","resistant","resistant"
"SPT46269","2019","true","1263","null","Tanzania","TZ","Pwani","Pwani","sensitive","sensitive","sensitive","undetermined","resistant","resistant"
"SPT46270","2019","true","1263","null","Tanzania","TZ","Pwani","Pwani","sensitive","sensitive","sensitive","sensitive","resistant","resistant"
"SPT46271","2019","true","1263","null","Tanzania","TZ","Pwani","Pwani","sensitive","sensitive","sensitive","sensitive","resistant","resistant"
"SPT46272","2019","true","1263","null","Tanzania","TZ","Pwani","Pwani","sensitive","sensitive","undetermined","undetermined","resistant","undetermined"
"SPT46273","2019","true","1263","null","Tanzania","TZ","Pwani","Pwani","sensitive","sensitive","sensitive","sensitive","resistant","resistant"
"SPT46274","2019","true","1263","null","Tanzania","TZ","Pwani","Pwani","sensitive","sensitive","sensitive","undetermined","resistant","resistant"
"SPT46275","2019","true","1263","null","Tanzania","TZ","Pwani","Pwani","sensitive","sensitive","sensitive","undetermined","resistant","resistant"
"SPT46276","2019","true","1263","null","Tanzania","TZ","Pwani","Pwani","sensitive","sensitive","sensitive","sensitive","resistant","resistant"
"SPT46277","2019","true","1263","null","Tanzania","TZ","Pwani","Pwani","sensitive","sensitive","sensitive","undetermined","resistant","sensitive"
"SPT46278","2019","true","1263","null","Tanzania","TZ","Pwani","Pwani","sensitive","sensitive","sensitive","sensitive","resistant","resistant"
"SPT46279","2019","true","1263","null","Tanzania","TZ","Pwani","Pwani","sensitive","sensitive","sensitive","sensitive","resistant","resistant"
"SPT46280","2019","true","1263","null","Tanzania","TZ","Pwani","Pwani","sensitive","sensitive","undetermined","undetermined","resistant","undetermined"
"SPT46281","2019","true","1263","null","Tanzania","TZ","Pwani","Pwani","sensitive","sensitive","sensitive","sensitive","resistant","resistant"
"SPT46282","2019","true","1263","null","Tanzania","TZ","Pwani","Pwani","sensitive","sensitive","undetermined","undetermined","resistant","resistant"
"SPT46283","2019","true","1263","null","Tanzania","TZ","Pwani","Pwani","sensitive","sensitive","sensitive","sensitive","resistant","resistant"
"SPT46284","2019","true","1263","null","Tanzania","TZ","Pwani","Pwani","sensitive","sensitive","undetermined","undetermined","resistant","resistant"
"SPT46285","2019","true","1263","null","Tanzania","TZ","Pwani","Pwani","sensitive","sensitive","sensitive","sensitive","resistant","resistant"
"SPT46286","2019","true","1263","null","Tanzania","TZ","Pwani","Pwani","undetermined","sensitive","sensitive","sensitive","resistant","resistant"
"SPT46287","2019","true","1263","null","Tanzania","TZ","Pwani","Pwani","sensitive","sensitive","sensitive","sensitive","resistant","resistant"
"SPT46288","2019","true","1263","null","Tanzania","TZ","Pwani","Pwani","sensitive","sensitive","undetermined","undetermined","resistant","resistant"
"SPT46289","2019","true","1263","null","Tanzania","TZ","Pwani","Pwani","sensitive","sensitive","sensitive","sensitive","resistant","sensitive"
"SPT46290","2019","true","1263","null","Tanzania","TZ","Pwani","Pwani","sensitive","sensitive","sensitive","sensitive","resistant","undetermined"
"SPT46291","2019","true","1263","null","Tanzania","TZ","Pwani","Pwani","sensitive","sensitive","sensitive","sensitive","resistant","resistant"
"SPT46292","2019","true","1263","null","Tanzania","TZ","Pwani","Pwani","sensitive","sensitive","sensitive","undetermined","resistant","undetermined"
"SPT46293","2019","true","1263","null","Tanzania","TZ","Pwani","Pwani","sensitive","sensitive","sensitive","sensitive","resistant","resistant"
"SPT46295","2019","true","1263","null","Tanzania","TZ","Pwani","Pwani","sensitive","sensitive","sensitive","sensitive","resistant","resistant"
"SPT46296","2019","true","1263","null","Tanzania","TZ","Pwani","Pwani","sensitive","sensitive","undetermined","undetermined","resistant","resistant"
"SPT46297","2019","true","1263","null","Tanzania","TZ","Pwani","Pwani","sensitive","sensitive","sensitive","sensitive","resistant","undetermined"
"SPT46298","2019","true","1263","null","Tanzania","TZ","Pwani","Pwani","sensitive","sensitive","sensitive","undetermined","resistant","resistant"
"SPT46299","2019","true","1263","null","Tanzania","TZ","Pwani","Pwani","sensitive","sensitive","sensitive","sensitive","resistant","resistant"
"SPT46300","2019","true","1263","null","Tanzania","TZ","Pwani","Pwani","sensitive","sensitive","sensitive","sensitive","resistant","resistant"
"SPT46302","2019","true","1263","null","Tanzania","TZ","Pwani","Pwani","sensitive","sensitive","sensitive","sensitive","resistant","sensitive"
"SPT46303","2019","true","1263","null","Tanzania","TZ","Pwani","Pwani","sensitive","sensitive","undetermined","undetermined","resistant","resistant"
"SPT46304","2019","true","1263","null","Tanzania","TZ","Pwani","Pwani","sensitive","sensitive","sensitive","sensitive","resistant","resistant"
"SPT46306","2019","true","1263","null","Tanzania","TZ","Pwani","Pwani","sensitive","sensitive","sensitive","sensitive","resistant","resistant"
"SPT46307","2019","true","1263","null","Tanzania","TZ","Pwani","Pwani","sensitive","sensitive","sensitive","sensitive","resistant","resistant"
"SPT46308","2019","true","1263","null","Tanzania","TZ","Pwani","Pwani","sensitive","sensitive","sensitive","sensitive","resistant","resistant"
"SPT46309","2019","true","1263","null","Tanzania","TZ","Pwani","Pwani","sensitive","sensitive","sensitive","sensitive","resistant","resistant"
"SPT46310","2019","true","1263","null","Tanzania","TZ","Pwani","Pwani","sensitive","sensitive","sensitive","sensitive","resistant","resistant"
"SPT46311","2019","true","1263","null","Tanzania","TZ","Pwani","Pwani","sensitive","sensitive","sensitive","sensitive","resistant","undetermined"
"SPT46312","2019","false","1263","null","Tanzania","TZ","Pwani","Pwani","null","null","null","null","null","null"
"SPT46313","2019","true","1263","null","Tanzania","TZ","Pwani","Pwani","sensitive","sensitive","sensitive","sensitive","resistant","undetermined"
"SPT46314","2019","true","1263","null","Tanzania","TZ","Pwani","Pwani","sensitive","sensitive","sensitive","sensitive","resistant","undetermined"
"SPT46315","2019","true","1263","null","Tanzania","TZ","Pwani","Pwani","sensitive","sensitive","undetermined","undetermined","resistant","undetermined"
"SPT46316","2019","true","1263","null","Tanzania","TZ","Pwani","Pwani","sensitive","sensitive","sensitive","sensitive","resistant","resistant"
"SPT46317","2019","true","1263","null","Tanzania","TZ","Pwani","Pwani","sensitive","sensitive","sensitive","undetermined","resistant","sensitive"
"SPT46318","2019","true","1263","null","Tanzania","TZ","Pwani","Pwani","sensitive","sensitive","sensitive","sensitive","resistant","resistant"
"SPT46319","2019","true","1263","null","Tanzania","TZ","Pwani","Pwani","sensitive","sensitive","sensitive","sensitive","resistant","resistant"
"SPT46320","2019","true","1263","null","Tanzania","TZ","Pwani","Pwani","sensitive","sensitive","sensitive","sensitive","resistant","undetermined"
"SPT46321","2019","true","1263","null","Tanzania","TZ","Pwani","Pwani","sensitive","sensitive","sensitive","sensitive","resistant","undetermined"
"SPT46322","2019","true","1263","null","Tanzania","TZ","Pwani","Pwani","sensitive","sensitive","sensitive","sensitive","resistant","resistant"
"SPT46323","2019","true","1263","null","Tanzania","TZ","Pwani","Pwani","sensitive","sensitive","sensitive","sensitive","resistant","sensitive"
"SPT46324","2019","true","1263","null","Tanzania","TZ","Pwani","Pwani","sensitive","sensitive","sensitive","sensitive","resistant","sensitive"
"SPT46325","2019","true","1263","null","Tanzania","TZ","Pwani","Pwani","sensitive","sensitive","undetermined","undetermined","resistant","resistant"
"SPT46326","2019","true","1263","null","Tanzania","TZ","Pwani","Pwani","sensitive","sensitive","undetermined","undetermined","resistant","resistant"
"SPT46327","2019","true","1263","null","Tanzania","TZ","Pwani","Pwani","sensitive","sensitive","sensitive","sensitive","resistant","resistant"
"SPT46328","2019","true","1263","null","Tanzania","TZ","Pwani","Pwani","sensitive","sensitive","sensitive","sensitive","resistant","resistant"
"SPT46329","2019","true","1263","null","Tanzania","TZ","Pwani","Pwani","sensitive","sensitive","sensitive","sensitive","resistant","undetermined"
"SPT46330","2019","true","1263","null","Tanzania","TZ","Pwani","Pwani","sensitive","sensitive","sensitive","sensitive","resistant","resistant"
"SPT46331","2019","true","1263","null","Tanzania","TZ","Pwani","Pwani","sensitive","sensitive","sensitive","undetermined","resistant","resistant"
"SPT46332","2019","true","1263","null","Tanzania","TZ","Pwani","Pwani","sensitive","sensitive","sensitive","sensitive","resistant","resistant"
"SPT46333","2019","true","1263","null","Tanzania","TZ","Pwani","Pwani","sensitive","sensitive","undetermined","undetermined","resistant","resistant"
"SPT46334","2019","true","1263","null","Tanzania","TZ","Pwani","Pwani","sensitive","sensitive","undetermined","undetermined","resistant","resistant"
"SPT46335","2019","true","1263","null","Tanzania","TZ","Pwani","Pwani","sensitive","sensitive","sensitive","sensitive","resistant","sensitive"
"SPT46336","2019","true","1263","null","Tanzania","TZ","Pwani","Pwani","sensitive","sensitive","undetermined","sensitive","resistant","sensitive"
"SPT46337","2019","true","1263","null","Tanzania","TZ","Pwani","Pwani","sensitive","sensitive","sensitive","sensitive","resistant","resistant"
"SPT46338","2019","true","1263","null","Tanzania","TZ","Pwani","Pwani","sensitive","sensitive","sensitive","sensitive","resistant","undetermined"
"SPT46340","2019","false","1263","null","Tanzania","TZ","Pwani","Pwani","null","null","null","null","null","null"
"SPT46341","2019","true","1263","null","Tanzania","TZ","Pwani","Pwani","sensitive","sensitive","sensitive","sensitive","resistant","resistant"
"SPT46342","2019","true","1263","null","Tanzania","TZ","Pwani","Pwani","sensitive","sensitive","sensitive","sensitive","resistant","undetermined"
"SPT46343","2019","true","1263","null","Tanzania","TZ","Pwani","Pwani","undetermined","sensitive","sensitive","sensitive","resistant","resistant"
"SPT46344","2019","true","1263","null","Tanzania","TZ","Pwani","Pwani","sensitive","sensitive","sensitive","sensitive","resistant","resistant"
"SPT46345","2019","true","1263","null","Tanzania","TZ","Pwani","Pwani","sensitive","sensitive","undetermined","undetermined","resistant","resistant"
"SPT46346","2019","true","1263","null","Tanzania","TZ","Pwani","Pwani","sensitive","sensitive","undetermined","undetermined","resistant","resistant"
"SPT46347","2019","true","1263","null","Tanzania","TZ","Pwani","Pwani","sensitive","sensitive","sensitive","sensitive","resistant","resistant"
"SPT46348","2019","true","1263","null","Tanzania","TZ","Pwani","Pwani","sensitive","sensitive","sensitive","undetermined","resistant","resistant"
"SPT46349","2019","true","1263","null","Tanzania","TZ","Pwani","Pwani","sensitive","sensitive","sensitive","sensitive","resistant","resistant"
"SPT46350","2019","true","1263","null","Tanzania","TZ","Pwani","Pwani","sensitive","sensitive","sensitive","sensitive","resistant","resistant"
"SPT46351","2019","true","1263","null","Tanzania","TZ","Pwani","Pwani","sensitive","sensitive","undetermined","undetermined","resistant","resistant"
"SPT46352","2019","true","1263","null","Tanzania","TZ","Pwani","Pwani","sensitive","sensitive","sensitive","sensitive","resistant","resistant"
"SPT46353","2019","true","1263","null","Tanzania","TZ","Pwani","Pwani","sensitive","sensitive","sensitive","sensitive","resistant","resistant"
"SPT46354","2019","true","1263","null","Tanzania","TZ","Pwani","Pwani","sensitive","sensitive","sensitive","sensitive","resistant","resistant"
"SPT46355","2019","true","1263","null","Tanzania","TZ","Pwani","Pwani","sensitive","sensitive","sensitive","sensitive","resistant","resistant"
"SPT46356","2019","true","1263","null","Tanzania","TZ","Pwani","Pwani","sensitive","sensitive","sensitive","sensitive","resistant","resistant"
"SPT46357","2019","true","1263","null","Tanzania","TZ","Pwani","Pwani","sensitive","sensitive","undetermined","sensitive","resistant","resistant"
"SPT46358","2019","true","1263","null","Tanzania","TZ","Pwani","Pwani","sensitive","sensitive","sensitive","undetermined","resistant","resistant"
"SPT46359","2019","true","1263","null","Tanzania","TZ","Pwani","Pwani","undetermined","sensitive","undetermined","undetermined","resistant","resistant"
"SPT46360","2019","true","1263","null","Tanzania","TZ","Pwani","Pwani","sensitive","sensitive","sensitive","sensitive","resistant","undetermined"
"SPT46361","2019","true","1263","null","Tanzania","TZ","Pwani","Pwani","sensitive","sensitive","sensitive","sensitive","resistant","resistant"
"SPT46362","2019","true","1263","null","Tanzania","TZ","Pwani","Pwani","sensitive","sensitive","undetermined","undetermined","resistant","resistant"
"SPT46363","2019","true","1263","null","Tanzania","TZ","Pwani","Pwani","sensitive","sensitive","sensitive","sensitive","resistant","resistant"
"SPT46364","2019","true","1263","null","Tanzania","TZ","Pwani","Pwani","sensitive","sensitive","sensitive","sensitive","resistant","resistant"
"SPT46365","2019","true","1263","null","Tanzania","TZ","Pwani","Pwani","sensitive","sensitive","sensitive","undetermined","resistant","undetermined"
"SPT46366","2019","false","1263","null","Tanzania","TZ","Pwani","Pwani","null","null","null","null","null","null"
"SPT46367","2019","true","1263","null","Tanzania","TZ","Pwani","Pwani","sensitive","sensitive","undetermined","undetermined","resistant","resistant"
"SPT46368","2019","false","1263","null","Tanzania","TZ","Pwani","Pwani","null","null","null","null","null","null"
"SPT46369","2019","true","1263","null","Tanzania","TZ","Pwani","Pwani","sensitive","sensitive","undetermined","undetermined","resistant","sensitive"
"SPT46370","2019","true","1263","null","Tanzania","TZ","Pwani","Pwani","sensitive","sensitive","sensitive","sensitive","resistant","resistant"
"SPT46372","2019","true","1263","null","Tanzania","TZ","Pwani","Pwani","sensitive","sensitive","undetermined","undetermined","resistant","resistant"
"SPT46373","2019","true","1263","null","Tanzania","TZ","Pwani","Pwani","sensitive","sensitive","sensitive","undetermined","resistant","resistant"
"SPT46374","2019","true","1263","null","Tanzania","TZ","Pwani","Pwani","sensitive","sensitive","undetermined","undetermined","resistant","resistant"
"SPT46375","2019","true","1263","null","Tanzania","TZ","Pwani","Pwani","sensitive","sensitive","undetermined","undetermined","resistant","resistant"
"SPT46376","2019","true","1263","null","Tanzania","TZ","Pwani","Pwani","sensitive","sensitive","undetermined","sensitive","resistant","resistant"
"SPT46377","2019","true","1263","null","Tanzania","TZ","Pwani","Pwani","sensitive","sensitive","undetermined","sensitive","sensitive","sensitive"
"SPT46378","2019","true","1263","null","Tanzania","TZ","Pwani","Pwani","sensitive","sensitive","sensitive","sensitive","resistant","resistant"
"SPT46379","2019","true","1263","null","Tanzania","TZ","Pwani","Pwani","sensitive","sensitive","sensitive","sensitive","resistant","resistant"
"SPT46380","2019","true","1263","null","Tanzania","TZ","Pwani","Pwani","undetermined","sensitive","undetermined","undetermined","undetermined","resistant"
"SPT46381","2016","true","1263","null","Tanzania","TZ","Pwani","Pwani","sensitive","sensitive","sensitive","sensitive","resistant","resistant"
"SPT46382","2019","true","1263","null","Tanzania","TZ","Pwani","Pwani","undetermined","sensitive","undetermined","undetermined","resistant","resistant"
"SPT46383","2019","true","1263","null","Tanzania","TZ","Pwani","Pwani","sensitive","sensitive","undetermined","undetermined","resistant","resistant"
"SPT46384","2019","true","1263","null","Tanzania","TZ","Pwani","Pwani","sensitive","sensitive","undetermined","undetermined","resistant","resistant"
"SPT46385","2019","true","1263","null","Tanzania","TZ","Pwani","Pwani","undetermined","sensitive","undetermined","undetermined","resistant","resistant"
"SPT46386","2019","true","1263","null","Tanzania","TZ","Pwani","Pwani","sensitive","sensitive","undetermined","undetermined","resistant","undetermined"
"SPT46387","2019","true","1263","null","Tanzania","TZ","Pwani","Pwani","sensitive","sensitive","undetermined","sensitive","resistant","resistant"
"SPT46388","2019","true","1263","null","Tanzania","TZ","Pwani","Pwani","sensitive","sensitive","sensitive","sensitive","resistant","resistant"
"SPT46389","2019","true","1263","null","Tanzania","TZ","Pwani","Pwani","sensitive","sensitive","undetermined","undetermined","resistant","resistant"
"SPT46390","2019","true","1263","null","Tanzania","TZ","Pwani","Pwani","sensitive","sensitive","undetermined","undetermined","resistant","resistant"
"SPT46391","2019","true","1263","null","Tanzania","TZ","Pwani","Pwani","sensitive","sensitive","undetermined","sensitive","resistant","resistant"
"SPT46392","2019","true","1263","null","Tanzania","TZ","Pwani","Pwani","sensitive","sensitive","sensitive","sensitive","resistant","sensitive"
"SPT46393","2019","true","1263","null","Tanzania","TZ","Pwani","Pwani","sensitive","sensitive","undetermined","undetermined","resistant","resistant"
"SPT46394","2019","true","1263","null","Tanzania","TZ","Pwani","Pwani","sensitive","sensitive","undetermined","undetermined","resistant","sensitive"
"SPT46395","2019","true","1263","null","Tanzania","TZ","Pwani","Pwani","undetermined","sensitive","undetermined","undetermined","resistant","undetermined"
"SPT46396","2019","true","1263","null","Tanzania","TZ","Pwani","Pwani","undetermined","sensitive","undetermined","undetermined","undetermined","resistant"
"SPT46397","2019","true","1263","null","Tanzania","TZ","Pwani","Pwani","sensitive","sensitive","undetermined","undetermined","resistant","resistant"
"SPT46398","2019","true","1263","null","Tanzania","TZ","Pwani","Pwani","sensitive","sensitive","sensitive","sensitive","resistant","undetermined"
"SPT46399","2019","true","1263","null","Tanzania","TZ","Pwani","Pwani","sensitive","sensitive","sensitive","undetermined","resistant","resistant"
"SPT46400","2019","false","1263","null","Tanzania","TZ","Pwani","Pwani","null","null","null","null","null","null"
"SPT46401","2019","true","1263","null","Tanzania","TZ","Pwani","Pwani","sensitive","sensitive","undetermined","undetermined","resistant","resistant"
"SPT46402","2019","true","1263","null","Tanzania","TZ","Pwani","Pwani","sensitive","sensitive","sensitive","sensitive","resistant","resistant"
"SPT46404","2019","true","1263","null","Tanzania","TZ","Pwani","Pwani","sensitive","sensitive","sensitive","sensitive","resistant","resistant"
"SPT46405","2019","true","1263","null","Tanzania","TZ","Pwani","Pwani","sensitive","sensitive","sensitive","sensitive","resistant","resistant"
"SPT46406","2019","true","1263","null","Tanzania","TZ","Pwani","Pwani","sensitive","sensitive","undetermined","undetermined","resistant","resistant"
"SPT46408","2016","true","1263","null","Tanzania","TZ","Pwani","Pwani","sensitive","sensitive","undetermined","undetermined","resistant","resistant"
"SPT46409","2019","true","1263","null","Tanzania","TZ","Pwani","Pwani","sensitive","sensitive","undetermined","undetermined","resistant","resistant"
"SPT46411","2019","true","1263","null","Tanzania","TZ","Pwani","Pwani","sensitive","sensitive","undetermined","undetermined","resistant","resistant"
"SPT46412","2019","true","1263","null","Tanzania","TZ","Pwani","Pwani","sensitive","sensitive","undetermined","undetermined","resistant","resistant"
"SPT46413","2019","true","1263","null","Tanzania","TZ","Pwani","Pwani","sensitive","sensitive","undetermined","undetermined","resistant","sensitive"
"SPT46415","2019","true","1263","null","Tanzania","TZ","Pwani","Pwani","sensitive","sensitive","sensitive","undetermined","resistant","resistant"
"SPT46416","2019","true","1263","null","Tanzania","TZ","Pwani","Pwani","sensitive","sensitive","undetermined","undetermined","resistant","resistant"
"SPT46417","2019","true","1263","null","Tanzania","TZ","Pwani","Pwani","sensitive","sensitive","undetermined","undetermined","resistant","resistant"
"SPT46418","2019","true","1263","null","Tanzania","TZ","Pwani","Pwani","sensitive","sensitive","undetermined","undetermined","resistant","resistant"
"SPT46419","2019","true","1263","null","Tanzania","TZ","Pwani","Pwani","sensitive","sensitive","sensitive","sensitive","resistant","undetermined"
"SPT46420","2016","true","1263","null","Tanzania","TZ","Pwani","Pwani","sensitive","sensitive","undetermined","undetermined","resistant","resistant"
"SPT46421","2019","true","1263","null","Tanzania","TZ","Pwani","Pwani","sensitive","sensitive","undetermined","undetermined","resistant","resistant"
"SPT46422","2019","true","1263","null","Tanzania","TZ","Pwani","Pwani","sensitive","sensitive","sensitive","sensitive","resistant","resistant"
"SPT46423","2019","true","1263","null","Tanzania","TZ","Pwani","Pwani","sensitive","sensitive","undetermined","undetermined","resistant","resistant"
"SPT46424","2019","true","1263","null","Tanzania","TZ","Pwani","Pwani","sensitive","sensitive","undetermined","undetermined","resistant","sensitive"
"SPT46425","2019","true","1263","null","Tanzania","TZ","Pwani","Pwani","undetermined","sensitive","undetermined","undetermined","resistant","resistant"
"SPT46426","2019","true","1263","null","Tanzania","TZ","Pwani","Pwani","sensitive","sensitive","sensitive","sensitive","resistant","resistant"
"SPT46427","2019","true","1263","null","Tanzania","TZ","Pwani","Pwani","sensitive","sensitive","undetermined","undetermined","resistant","undetermined"
"SPT46428","2019","true","1263","null","Tanzania","TZ","Pwani","Pwani","sensitive","sensitive","sensitive","sensitive","resistant","resistant"
"SPT46429","2019","true","1263","null","Tanzania","TZ","Pwani","Pwani","sensitive","sensitive","sensitive","sensitive","resistant","undetermined"
"SPT46430","2019","true","1263","null","Tanzania","TZ","Pwani","Pwani","sensitive","sensitive","undetermined","undetermined","resistant","resistant"
"SPT46432","2019","true","1263","null","Tanzania","TZ","Pwani","Pwani","sensitive","sensitive","undetermined","sensitive","resistant","resistant"
"SPT46433","2019","true","1263","null","Tanzania","TZ","Pwani","Pwani","sensitive","sensitive","undetermined","undetermined","resistant","resistant"
"SPT46434","2019","true","1263","null","Tanzania","TZ","Pwani","Pwani","undetermined","sensitive","undetermined","undetermined","resistant","resistant"
"SPT46436","2019","true","1263","null","Tanzania","TZ","Pwani","Pwani","sensitive","sensitive","undetermined","undetermined","resistant","resistant"
"SPT46437","2019","true","1263","null","Tanzania","TZ","Pwani","Pwani","sensitive","sensitive","undetermined","undetermined","resistant","resistant"
"SPT46438","2019","true","1263","null","Tanzania","TZ","Pwani","Pwani","sensitive","sensitive","undetermined","sensitive","resistant","resistant"
"SPT46439","2019","true","1263","null","Tanzania","TZ","Pwani","Pwani","sensitive","sensitive","undetermined","undetermined","resistant","resistant"
"SPT46440","2019","true","1263","null","Tanzania","TZ","Pwani","Pwani","sensitive","sensitive","undetermined","undetermined","resistant","resistant"
"SPT46441","2019","true","1263","null","Tanzania","TZ","Pwani","Pwani","sensitive","sensitive","undetermined","undetermined","resistant","undetermined"
"SPT46442","2019","true","1263","null","Tanzania","TZ","Pwani","Pwani","sensitive","sensitive","undetermined","sensitive","resistant","resistant"
"SPT46443","2019","true","1263","null","Tanzania","TZ","Pwani","Pwani","sensitive","sensitive","sensitive","sensitive","resistant","resistant"
"SPT46444","2019","true","1263","null","Tanzania","TZ","Pwani","Pwani","sensitive","sensitive","sensitive","undetermined","resistant","resistant"
"SPT46445","2019","true","1263","null","Tanzania","TZ","Pwani","Pwani","sensitive","sensitive","undetermined","sensitive","resistant","resistant"
"SPT46446","2019","true","1263","null","Tanzania","TZ","Pwani","Pwani","sensitive","sensitive","sensitive","sensitive","resistant","resistant"
"SPT46447","2019","true","1263","null","Tanzania","TZ","Pwani","Pwani","sensitive","sensitive","undetermined","undetermined","resistant","resistant"
"SPT46448","2016","true","1263","null","Tanzania","TZ","Pwani","Pwani","sensitive","sensitive","sensitive","sensitive","resistant","undetermined"
"SPT46449","2019","true","1263","null","Tanzania","TZ","Pwani","Pwani","sensitive","sensitive","sensitive","sensitive","resistant","resistant"
"SPT46450","2019","true","1263","null","Tanzania","TZ","Pwani","Pwani","sensitive","sensitive","sensitive","sensitive","resistant","resistant"
"SPT46451","2019","true","1263","null","Tanzania","TZ","Pwani","Pwani","sensitive","sensitive","sensitive","sensitive","resistant","resistant"
"SPT46452","2019","true","1263","null","Tanzania","TZ","Pwani","Pwani","sensitive","sensitive","undetermined","undetermined","resistant","resistant"
"SPT46453","2019","true","1263","null","Tanzania","TZ","Pwani","Pwani","sensitive","sensitive","sensitive","sensitive","resistant","resistant"
"SPT46454","2019","true","1263","null","Tanzania","TZ","Pwani","Pwani","sensitive","sensitive","undetermined","undetermined","resistant","resistant"
"SPT46455","2019","true","1263","null","Tanzania","TZ","Pwani","Pwani","undetermined","sensitive","undetermined","undetermined","resistant","resistant"
"SPT46456","2019","true","1263","null","Tanzania","TZ","Pwani","Pwani","sensitive","sensitive","undetermined","undetermined","resistant","resistant"
"SPT46457","2019","true","1263","null","Tanzania","TZ","Pwani","Pwani","sensitive","sensitive","sensitive","sensitive","resistant","sensitive"
"SPT46458","2019","true","1263","null","Tanzania","TZ","Pwani","Pwani","sensitive","sensitive","sensitive","sensitive","resistant","sensitive"
"SPT46459","2019","true","1263","null","Tanzania","TZ","Pwani","Pwani","sensitive","sensitive","sensitive","sensitive","resistant","resistant"
"SPT46460","2019","true","1263","null","Tanzania","TZ","Pwani","Pwani","sensitive","sensitive","sensitive","sensitive","resistant","resistant"
"SPT46461","2019","true","1263","null","Tanzania","TZ","Pwani","Pwani","sensitive","sensitive","sensitive","sensitive","resistant","resistant"
"SPT46463","2019","true","1263","null","Tanzania","TZ","Pwani","Pwani","sensitive","sensitive","undetermined","sensitive","resistant","undetermined"
"SPT46464","2019","true","1263","null","Tanzania","TZ","Pwani","Pwani","sensitive","sensitive","sensitive","sensitive","resistant","resistant"
"SPT46465","2019","true","1263","null","Tanzania","TZ","Pwani","Pwani","sensitive","sensitive","sensitive","undetermined","undetermined","resistant"
"SPT46466","2019","true","1263","null","Tanzania","TZ","Pwani","Pwani","sensitive","sensitive","undetermined","undetermined","resistant","undetermined"
"SPT46467","2019","true","1263","null","Tanzania","TZ","Pwani","Pwani","sensitive","sensitive","undetermined","undetermined","resistant","sensitive"
"SPT46468","2019","true","1263","null","Tanzania","TZ","Pwani","Pwani","sensitive","sensitive","sensitive","undetermined","resistant","resistant"
"SPT46469","2019","true","1263","null","Tanzania","TZ","Pwani","Pwani","sensitive","sensitive","undetermined","undetermined","resistant","resistant"
"SPT46470","2019","true","1263","null","Tanzania","TZ","Pwani","Pwani","sensitive","sensitive","sensitive","sensitive","resistant","resistant"
"SPT46471","2019","true","1263","null","Tanzania","TZ","Pwani","Pwani","sensitive","sensitive","sensitive","sensitive","sensitive","sensitive"
"SPT46472","2019","true","1263","null","Tanzania","TZ","Pwani","Pwani","sensitive","sensitive","sensitive","sensitive","resistant","resistant"
"SPT46473","2019","true","1263","null","Tanzania","TZ","Pwani","Pwani","sensitive","sensitive","sensitive","sensitive","resistant","sensitive"
"SPT46474","2019","true","1263","null","Tanzania","TZ","Pwani","Pwani","sensitive","sensitive","sensitive","sensitive","resistant","sensitive"
"SPT46475","2019","true","1263","null","Tanzania","TZ","Pwani","Pwani","sensitive","sensitive","sensitive","sensitive","resistant","resistant"
"SPT46476","2019","true","1263","null","Tanzania","TZ","Pwani","Pwani","sensitive","sensitive","sensitive","sensitive","resistant","resistant"
"SPT46477","2019","true","1263","null","Tanzania","TZ","Pwani","Pwani","sensitive","sensitive","sensitive","sensitive","resistant","sensitive"
"SPT46478","2019","true","1263","null","Tanzania","TZ","Pwani","Pwani","sensitive","sensitive","sensitive","undetermined","resistant","resistant"
"SPT46479","2019","true","1263","null","Tanzania","TZ","Pwani","Pwani","sensitive","sensitive","undetermined","undetermined","resistant","resistant"
"SPT46480","2019","true","1263","null","Tanzania","TZ","Pwani","Pwani","sensitive","sensitive","undetermined","undetermined","resistant","undetermined"
"SPT46481","2019","true","1263","null","Tanzania","TZ","Pwani","Pwani","sensitive","sensitive","undetermined","undetermined","resistant","resistant"
"SPT46482","2019","true","1263","null","Tanzania","TZ","Pwani","Pwani","sensitive","sensitive","sensitive","sensitive","resistant","resistant"
"SPT46483","2019","true","1263","null","Tanzania","TZ","Pwani","Pwani","sensitive","sensitive","sensitive","sensitive","resistant","resistant"
"SPT46484","2019","true","1263","null","Tanzania","TZ","Pwani","Pwani","sensitive","sensitive","sensitive","sensitive","resistant","sensitive"
"SPT46486","2019","true","1263","null","Tanzania","TZ","Pwani","Pwani","sensitive","sensitive","sensitive","sensitive","resistant","resistant"
"SPT46487","2019","false","1263","null","Tanzania","TZ","Pwani","Pwani","null","null","null","null","null","null"
"SPT46488","2019","true","1263","null","Tanzania","TZ","Pwani","Pwani","undetermined","sensitive","sensitive","sensitive","resistant","resistant"
"SPT46489","2019","true","1263","null","Tanzania","TZ","Pwani","Pwani","sensitive","sensitive","undetermined","undetermined","resistant","sensitive"
"SPT46490","2019","true","1263","null","Tanzania","TZ","Pwani","Pwani","sensitive","sensitive","undetermined","undetermined","resistant","resistant"
"SPT46491","2019","true","1263","null","Tanzania","TZ","Pwani","Pwani","sensitive","sensitive","undetermined","undetermined","resistant","resistant"
"SPT46492","2019","true","1263","null","Tanzania","TZ","Pwani","Pwani","sensitive","sensitive","sensitive","sensitive","resistant","resistant"
"SPT46493","2019","true","1263","null","Tanzania","TZ","Pwani","Pwani","sensitive","sensitive","sensitive","sensitive","resistant","resistant"
"SPT46494","2019","true","1263","null","Tanzania","TZ","Pwani","Pwani","sensitive","sensitive","sensitive","sensitive","resistant","resistant"
"SPT46495","2019","true","1263","null","Tanzania","TZ","Pwani","Pwani","sensitive","sensitive","sensitive","sensitive","resistant","resistant"
"SPT46496","2019","true","1263","null","Tanzania","TZ","Pwani","Pwani","sensitive","sensitive","undetermined","sensitive","resistant","resistant"
"SPT46497","2019","true","1263","null","Tanzania","TZ","Pwani","Pwani","sensitive","sensitive","sensitive","sensitive","resistant","sensitive"
"SPT46498","2019","true","1263","null","Tanzania","TZ","Pwani","Pwani","undetermined","sensitive","undetermined","undetermined","resistant","resistant"
"SPT46499","2019","true","1263","null","Tanzania","TZ","Pwani","Pwani","sensitive","sensitive","sensitive","sensitive","resistant","resistant"
"SPT46501","2019","true","1263","null","Tanzania","TZ","Pwani","Pwani","sensitive","sensitive","undetermined","undetermined","resistant","resistant"
"SPT46502","2019","true","1263","null","Tanzania","TZ","Pwani","Pwani","sensitive","sensitive","sensitive","sensitive","resistant","resistant"
"SPT46503","2019","true","1263","null","Tanzania","TZ","Pwani","Pwani","sensitive","sensitive","undetermined","undetermined","resistant","resistant"
"SPT46504","2019","true","1263","null","Tanzania","TZ","Pwani","Pwani","sensitive","sensitive","sensitive","sensitive","resistant","resistant"
"SPT46505","2019","true","1263","null","Tanzania","TZ","Pwani","Pwani","sensitive","sensitive","sensitive","sensitive","resistant","resistant"
"SPT46506","2019","true","1263","null","Tanzania","TZ","Pwani","Pwani","sensitive","sensitive","sensitive","sensitive","resistant","resistant"
"SPT46507","2019","true","1263","null","Tanzania","TZ","Pwani","Pwani","sensitive","sensitive","sensitive","sensitive","resistant","resistant"
"SPT46508","2019","true","1263","null","Tanzania","TZ","Pwani","Pwani","sensitive","sensitive","sensitive","sensitive","resistant","resistant"
"SPT46509","2019","true","1263","null","Tanzania","TZ","Pwani","Pwani","sensitive","sensitive","sensitive","sensitive","resistant","resistant"
"SPT46510","2019","true","1263","null","Tanzania","TZ","Pwani","Pwani","sensitive","sensitive","undetermined","sensitive","resistant","resistant"
"SPT46511","2019","true","1263","null","Tanzania","TZ","Pwani","Pwani","sensitive","sensitive","sensitive","sensitive","resistant","resistant"
"SPT46512","2019","true","1263","null","Tanzania","TZ","Pwani","Pwani","sensitive","sensitive","sensitive","sensitive","resistant","resistant"
"SPT46513","2019","true","1263","null","Tanzania","TZ","Pwani","Pwani","sensitive","sensitive","sensitive","sensitive","resistant","resistant"
"SPT46514","2019","true","1263","null","Tanzania","TZ","Pwani","Pwani","sensitive","sensitive","sensitive","sensitive","resistant","resistant"
"SPT46515","2019","true","1263","null","Tanzania","TZ","Pwani","Pwani","sensitive","sensitive","sensitive","sensitive","resistant","resistant"
"SPT46516","2019","true","1263","null","Tanzania","TZ","Pwani","Pwani","sensitive","sensitive","sensitive","sensitive","resistant","resistant"
"SPT46517","2019","true","1263","null","Tanzania","TZ","Pwani","Pwani","undetermined","sensitive","undetermined","undetermined","resistant","resistant"
"SPT46518","2019","true","1263","null","Tanzania","TZ","Pwani","Pwani","sensitive","sensitive","sensitive","sensitive","resistant","resistant"
"SPT46519","2019","true","1263","null","Tanzania","TZ","Pwani","Pwani","undetermined","sensitive","undetermined","undetermined","resistant","undetermined"
"SPT46520","2019","true","1263","null","Tanzania","TZ","Pwani","Pwani","sensitive","sensitive","sensitive","sensitive","resistant","resistant"
"SPT46521","2019","true","1263","null","Tanzania","TZ","Pwani","Pwani","sensitive","sensitive","undetermined","sensitive","resistant","resistant"
"SPT46523","2019","true","1263","null","Tanzania","TZ","Pwani","Pwani","sensitive","sensitive","undetermined","undetermined","resistant","undetermined"
"SPT46524","2019","true","1263","null","Tanzania","TZ","Pwani","Pwani","sensitive","sensitive","sensitive","sensitive","sensitive","sensitive"
"SPT46525","2019","true","1263","null","Tanzania","TZ","Pwani","Pwani","sensitive","sensitive","sensitive","sensitive","resistant","resistant"
"SPT46526","2019","true","1263","null","Tanzania","TZ","Pwani","Pwani","sensitive","sensitive","undetermined","undetermined","resistant","resistant"
"SPT46527","2019","true","1263","null","Tanzania","TZ","Pwani","Pwani","sensitive","sensitive","undetermined","undetermined","resistant","resistant"
"SPT46528","2019","true","1263","null","Tanzania","TZ","Pwani","Pwani","sensitive","sensitive","sensitive","sensitive","resistant","resistant"
"SPT46529","2019","true","1263","null","Tanzania","TZ","Pwani","Pwani","undetermined","sensitive","undetermined","undetermined","resistant","resistant"
"SPT46531","2019","true","1263","null","Tanzania","TZ","Pwani","Pwani","sensitive","sensitive","sensitive","sensitive","resistant","undetermined"
"SPT46532","2019","true","1263","null","Tanzania","TZ","Pwani","Pwani","sensitive","sensitive","undetermined","undetermined","resistant","resistant"
"SPT46533","2019","true","1263","null","Tanzania","TZ","Pwani","Pwani","sensitive","sensitive","sensitive","sensitive","resistant","resistant"
"SPT46534","2019","true","1263","null","Tanzania","TZ","Pwani","Pwani","sensitive","sensitive","sensitive","sensitive","resistant","resistant"
"SPT46535","2019","true","1263","null","Tanzania","TZ","Pwani","Pwani","sensitive","sensitive","undetermined","undetermined","resistant","resistant"
"SPT46536","2019","true","1263","null","Tanzania","TZ","Pwani","Pwani","sensitive","sensitive","undetermined","sensitive","resistant","resistant"
"SPT46538","2019","true","1263","null","Tanzania","TZ","Pwani","Pwani","sensitive","sensitive","sensitive","sensitive","resistant","resistant"
"SPT46539","2019","true","1263","null","Tanzania","TZ","Pwani","Pwani","sensitive","resistant","sensitive","sensitive","resistant","resistant"
"SPT46541","2019","true","1263","null","Tanzania","TZ","Pwani","Pwani","sensitive","sensitive","sensitive","sensitive","resistant","undetermined"
"SPT46542","2019","true","1263","null","Tanzania","TZ","Pwani","Pwani","sensitive","sensitive","undetermined","undetermined","resistant","resistant"
"SPT46543","2019","true","1263","null","Tanzania","TZ","Pwani","Pwani","sensitive","sensitive","undetermined","undetermined","resistant","sensitive"
"SPT46544","2019","true","1263","null","Tanzania","TZ","Pwani","Pwani","sensitive","sensitive","sensitive","sensitive","resistant","resistant"
"SPT46545","2019","true","1263","null","Tanzania","TZ","Pwani","Pwani","sensitive","sensitive","undetermined","undetermined","resistant","sensitive"
"SPT46546","2019","true","1263","null","Tanzania","TZ","Pwani","Pwani","sensitive","sensitive","undetermined","undetermined","undetermined","resistant"
"SPT46547","2019","true","1263","null","Tanzania","TZ","Pwani","Pwani","sensitive","sensitive","sensitive","sensitive","resistant","resistant"
"SPT46548","2019","true","1263","null","Tanzania","TZ","Pwani","Pwani","sensitive","sensitive","undetermined","undetermined","resistant","undetermined"
"SPT46549","2019","true","1263","null","Tanzania","TZ","Pwani","Pwani","sensitive","sensitive","sensitive","sensitive","resistant","resistant"
"SPT46550","2019","true","1263","null","Tanzania","TZ","Pwani","Pwani","sensitive","sensitive","undetermined","sensitive","resistant","resistant"
"SPT46551","2019","true","1263","null","Tanzania","TZ","Pwani","Pwani","sensitive","sensitive","sensitive","sensitive","resistant","resistant"
"SPT46552","2019","true","1263","null","Tanzania","TZ","Pwani","Pwani","sensitive","sensitive","sensitive","sensitive","resistant","resistant"
"SPT46553","2019","true","1263","null","Tanzania","TZ","Pwani","Pwani","sensitive","sensitive","undetermined","undetermined","resistant","undetermined"
"SPT46554","2019","true","1263","null","Tanzania","TZ","Pwani","Pwani","sensitive","sensitive","sensitive","sensitive","resistant","resistant"
"SPT46555","2019","true","1263","null","Tanzania","TZ","Pwani","Pwani","sensitive","sensitive","sensitive","sensitive","resistant","resistant"
"SPT46556","2019","true","1263","null","Tanzania","TZ","Pwani","Pwani","sensitive","sensitive","sensitive","sensitive","resistant","resistant"
"SPT46557","2019","true","1263","null","Tanzania","TZ","Pwani","Pwani","sensitive","sensitive","sensitive","sensitive","resistant","resistant"
"SPT46558","2019","true","1263","null","Tanzania","TZ","Pwani","Pwani","sensitive","sensitive","sensitive","sensitive","resistant","resistant"
"SPT46559","2019","true","1263","null","Tanzania","TZ","Pwani","Pwani","sensitive","sensitive","sensitive","undetermined","resistant","sensitive"
"SPT46560","2019","true","1263","null","Tanzania","TZ","Pwani","Pwani","sensitive","sensitive","undetermined","undetermined","resistant","resistant"
"SPT46561","2019","true","1263","null","Tanzania","TZ","Pwani","Pwani","undetermined","sensitive","undetermined","undetermined","resistant","resistant"
"SPT46562","2019","true","1263","null","Tanzania","TZ","Pwani","Pwani","sensitive","sensitive","sensitive","sensitive","resistant","resistant"
"SPT46563","2019","true","1263","null","Tanzania","TZ","Pwani","Pwani","sensitive","sensitive","sensitive","sensitive","resistant","resistant"
"SPT46564","2019","true","1263","null","Tanzania","TZ","Pwani","Pwani","sensitive","sensitive","sensitive","sensitive","resistant","resistant"
