sample_id,year,qc_pass,study_id,region,country,country_id,site,site_id,ARTresistant,CQresistant,MQresistant,PPQresistant,PYRresistant,SDXresistant
"SPT22196","2014","false","1223","null","Mozambique","MZ","Gaza","Gaza","null","null","null","null","null","null"
"SPT22197","2014","false","1223","null","Mozambique","MZ","Gaza","Gaza","null","null","null","null","null","null"
"SPT22199","2014","false","1223","null","Mozambique","MZ","Gaza","Gaza","null","null","null","null","null","null"
"SPT22200","2014","true","1223","null","Mozambique","MZ","Gaza","Gaza","sensitive","sensitive","sensitive","sensitive","resistant","resistant"
"SPT22201","2014","true","1223","null","Mozambique","MZ","Gaza","Gaza","sensitive","sensitive","undetermined","undetermined","resistant","resistant"
"SPT22202","2014","false","1223","null","Mozambique","MZ","Gaza","Gaza","null","null","null","null","null","null"
"SPT22203","2014","false","1223","null","Mozambique","MZ","Gaza","Gaza","null","null","null","null","null","null"
"SPT22204","2014","true","1223","null","Mozambique","MZ","Gaza","Gaza","sensitive","sensitive","undetermined","undetermined","resistant","resistant"
"SPT22205","2014","false","1223","null","Mozambique","MZ","Gaza","Gaza","null","null","null","null","null","null"
"SPT22206","2014","false","1223","null","Mozambique","MZ","Gaza","Gaza","null","null","null","null","null","null"
"SPT22207","2014","true","1223","null","Mozambique","MZ","Gaza","Gaza","sensitive","sensitive","undetermined","sensitive","resistant","resistant"
"SPT22208","2014","false","1223","null","Mozambique","MZ","Gaza","Gaza","null","null","null","null","null","null"
"SPT22209","2014","false","1223","null","Mozambique","MZ","Gaza","Gaza","null","null","null","null","null","null"
"SPT22210","2014","false","1223","null","Mozambique","MZ","Gaza","Gaza","null","null","null","null","null","null"
"SPT22211","2014","true","1223","null","Mozambique","MZ","Gaza","Gaza","sensitive","sensitive","undetermined","undetermined","resistant","resistant"
"SPT22212","2014","false","1223","null","Mozambique","MZ","Gaza","Gaza","null","null","null","null","null","null"
"SPT22213","2014","true","1223","null","Mozambique","MZ","Gaza","Gaza","sensitive","undetermined","undetermined","sensitive","resistant","resistant"
"SPT22214","2014","true","1223","null","Mozambique","MZ","Gaza","Gaza","sensitive","undetermined","undetermined","undetermined","resistant","resistant"
"SPT22215","2014","false","1223","null","Mozambique","MZ","Gaza","Gaza","null","null","null","null","null","null"
"SPT22216","2014","false","1223","null","Mozambique","MZ","Gaza","Gaza","null","null","null","null","null","null"
"SPT22217","2014","false","1223","null","Mozambique","MZ","Gaza","Gaza","null","null","null","null","null","null"
"SPT22218","2014","false","1223","null","Mozambique","MZ","Gaza","Gaza","null","null","null","null","null","null"
"SPT22219","2014","false","1223","null","Mozambique","MZ","Gaza","Gaza","null","null","null","null","null","null"
"SPT22220","2014","true","1223","null","Mozambique","MZ","Gaza","Gaza","sensitive","sensitive","undetermined","undetermined","resistant","resistant"
"SPT22221","2014","true","1223","null","Mozambique","MZ","Gaza","Gaza","sensitive","sensitive","undetermined","undetermined","resistant","resistant"
"SPT22222","2014","true","1223","null","Mozambique","MZ","Gaza","Gaza","sensitive","sensitive","sensitive","sensitive","resistant","undetermined"
"SPT22223","2014","true","1223","null","Mozambique","MZ","Gaza","Gaza","sensitive","sensitive","undetermined","undetermined","resistant","undetermined"
"SPT22224","2014","false","1223","null","Mozambique","MZ","Gaza","Gaza","null","null","null","null","null","null"
"SPT22226","2014","false","1223","null","Mozambique","MZ","Gaza","Gaza","null","null","null","null","null","null"
"SPT22227","2014","true","1223","null","Mozambique","MZ","Gaza","Gaza","sensitive","sensitive","sensitive","sensitive","resistant","resistant"
"SPT22228","2014","false","1223","null","Mozambique","MZ","Gaza","Gaza","null","null","null","null","null","null"
"SPT22229","2014","false","1223","null","Mozambique","MZ","Gaza","Gaza","null","null","null","null","null","null"
"SPT22230","2014","true","1223","null","Mozambique","MZ","Gaza","Gaza","sensitive","sensitive","undetermined","undetermined","resistant","resistant"
"SPT22231","2014","false","1223","null","Mozambique","MZ","Gaza","Gaza","null","null","null","null","null","null"
"SPT22232","2014","false","1223","null","Mozambique","MZ","Gaza","Gaza","null","null","null","null","null","null"
"SPT22233","2014","false","1223","null","Mozambique","MZ","Gaza","Gaza","null","null","null","null","null","null"
"SPT22234","2014","false","1223","null","Mozambique","MZ","Gaza","Gaza","null","null","null","null","null","null"
"SPT22235","2014","false","1223","null","Mozambique","MZ","Gaza","Gaza","null","null","null","null","null","null"
"SPT22236","2014","false","1223","null","Mozambique","MZ","Gaza","Gaza","null","null","null","null","null","null"
"SPT22237","2014","false","1223","null","Mozambique","MZ","Gaza","Gaza","null","null","null","null","null","null"
"SPT22238","2014","true","1223","null","Mozambique","MZ","Gaza","Gaza","sensitive","sensitive","undetermined","sensitive","resistant","resistant"
"SPT22239","2014","false","1223","null","Mozambique","MZ","Gaza","Gaza","null","null","null","null","null","null"
"SPT22240","2014","true","1223","null","Mozambique","MZ","Gaza","Gaza","sensitive","sensitive","undetermined","sensitive","resistant","undetermined"
"SPT22241","2014","true","1223","null","Mozambique","MZ","Gaza","Gaza","sensitive","sensitive","undetermined","sensitive","resistant","resistant"
"SPT22242","2014","false","1223","null","Mozambique","MZ","Gaza","Gaza","null","null","null","null","null","null"
"SPT22243","2014","true","1223","null","Mozambique","MZ","Gaza","Gaza","sensitive","sensitive","undetermined","undetermined","resistant","resistant"
"SPT22244","2014","false","1223","null","Mozambique","MZ","Gaza","Gaza","null","null","null","null","null","null"
"SPT22245","2015","false","1223","null","Mozambique","MZ","Gaza","Gaza","null","null","null","null","null","null"
"SPT22246","2015","false","1223","null","Mozambique","MZ","Gaza","Gaza","null","null","null","null","null","null"
"SPT22247","2015","false","1223","null","Mozambique","MZ","Gaza","Gaza","null","null","null","null","null","null"
"SPT22248","2015","true","1223","null","Mozambique","MZ","Gaza","Gaza","sensitive","sensitive","undetermined","undetermined","resistant","resistant"
"SPT22249","2015","true","1223","null","Mozambique","MZ","Gaza","Gaza","sensitive","undetermined","undetermined","sensitive","resistant","resistant"
"SPT22250","2015","false","1223","null","Mozambique","MZ","Gaza","Gaza","null","null","null","null","null","null"
"SPT22251","2015","true","1223","null","Mozambique","MZ","Gaza","Gaza","sensitive","resistant","undetermined","undetermined","resistant","resistant"
"SPT22252","2015","true","1223","null","Mozambique","MZ","Gaza","Gaza","sensitive","sensitive","undetermined","undetermined","resistant","resistant"
"SPT22253","2015","true","1223","null","Mozambique","MZ","Gaza","Gaza","sensitive","sensitive","undetermined","sensitive","resistant","resistant"
"SPT22254","2015","true","1223","null","Mozambique","MZ","Gaza","Gaza","sensitive","sensitive","undetermined","undetermined","resistant","resistant"
"SPT22255","2015","true","1223","null","Mozambique","MZ","Gaza","Gaza","sensitive","sensitive","undetermined","sensitive","resistant","resistant"
"SPT22256","2015","true","1223","null","Mozambique","MZ","Gaza","Gaza","sensitive","sensitive","undetermined","undetermined","resistant","resistant"
"SPT22257","2014","false","1223","null","Mozambique","MZ","Gaza","Gaza","null","null","null","null","null","null"
"SPT22258","2015","true","1223","null","Mozambique","MZ","Gaza","Gaza","sensitive","sensitive","undetermined","undetermined","resistant","resistant"
"SPT22260","2015","false","1223","null","Mozambique","MZ","Gaza","Gaza","null","null","null","null","null","null"
"SPT22261","2015","true","1223","null","Mozambique","MZ","Gaza","Gaza","sensitive","sensitive","undetermined","sensitive","resistant","resistant"
"SPT22265","2015","true","1223","null","Mozambique","MZ","Gaza","Gaza","sensitive","sensitive","undetermined","undetermined","resistant","resistant"
"SPT22266","2015","false","1223","null","Mozambique","MZ","Gaza","Gaza","null","null","null","null","null","null"
"SPT22267","2015","false","1223","null","Mozambique","MZ","Gaza","Gaza","null","null","null","null","null","null"
"SPT22268","2015","false","1223","null","Mozambique","MZ","Gaza","Gaza","null","null","null","null","null","null"
"SPT22269","2015","false","1223","null","Mozambique","MZ","Gaza","Gaza","null","null","null","null","null","null"
"SPT22270","2015","true","1223","null","Mozambique","MZ","Gaza","Gaza","sensitive","sensitive","undetermined","sensitive","resistant","resistant"
"SPT22271","2015","false","1223","null","Mozambique","MZ","Gaza","Gaza","null","null","null","null","null","null"
"SPT22272","2015","false","1223","null","Mozambique","MZ","Gaza","Gaza","null","null","null","null","null","null"
"SPT22273","2015","true","1223","null","Mozambique","MZ","Gaza","Gaza","sensitive","sensitive","undetermined","undetermined","resistant","resistant"
"SPT22274","2015","true","1223","null","Mozambique","MZ","Gaza","Gaza","sensitive","sensitive","undetermined","undetermined","resistant","resistant"
"SPT22275","2015","false","1223","null","Mozambique","MZ","Gaza","Gaza","null","null","null","null","null","null"
"SPT22276","2015","false","1223","null","Mozambique","MZ","Gaza","Gaza","null","null","null","null","null","null"
"SPT22277","2015","false","1223","null","Mozambique","MZ","Gaza","Gaza","null","null","null","null","null","null"
"SPT22278","2015","true","1223","null","Mozambique","MZ","Gaza","Gaza","sensitive","sensitive","sensitive","sensitive","resistant","resistant"
"SPT22279","2015","false","1223","null","Mozambique","MZ","Gaza","Gaza","null","null","null","null","null","null"
"SPT22280","2015","false","1223","null","Mozambique","MZ","Gaza","Gaza","null","null","null","null","null","null"
"SPT22281","2015","true","1223","null","Mozambique","MZ","Gaza","Gaza","sensitive","sensitive","sensitive","sensitive","resistant","resistant"
"SPT22282","2015","true","1223","null","Mozambique","MZ","Gaza","Gaza","sensitive","sensitive","sensitive","sensitive","resistant","resistant"
"SPT22283","2015","false","1223","null","Mozambique","MZ","Gaza","Gaza","null","null","null","null","null","null"
"SPT22284","2015","false","1223","null","Mozambique","MZ","Gaza","Gaza","null","null","null","null","null","null"
"SPT22287","2015","false","1223","null","Mozambique","MZ","Gaza","Gaza","null","null","null","null","null","null"
"SPT22288","2015","false","1223","null","Mozambique","MZ","Gaza","Gaza","null","null","null","null","null","null"
"SPT22290","2015","false","1223","null","Mozambique","MZ","Gaza","Gaza","null","null","null","null","null","null"
"SPT22291","2015","false","1223","null","Mozambique","MZ","Gaza","Gaza","null","null","null","null","null","null"
"SPT22293","2015","false","1223","null","Mozambique","MZ","Gaza","Gaza","null","null","null","null","null","null"
"SPT22294","2015","false","1223","null","Mozambique","MZ","Gaza","Gaza","null","null","null","null","null","null"
"SPT22295","2015","false","1223","null","Mozambique","MZ","Gaza","Gaza","null","null","null","null","null","null"
"SPT22296","2015","false","1223","null","Mozambique","MZ","Gaza","Gaza","null","null","null","null","null","null"
"SPT50958","2017","true","1234","null","Mozambique","MZ","Maputo","Maputo","undetermined","sensitive","undetermined","undetermined","resistant","resistant"
"SPT50959","2017","true","1234","null","Mozambique","MZ","Maputo","Maputo","sensitive","sensitive","undetermined","undetermined","resistant","resistant"
"SPT50960","2016","true","1234","null","Mozambique","MZ","Maputo","Maputo","sensitive","sensitive","undetermined","undetermined","resistant","resistant"
"SPT50962","2017","true","1234","null","Mozambique","MZ","Maputo","Maputo","sensitive","sensitive","undetermined","undetermined","resistant","resistant"
"SPT50965","2017","false","1234","null","Mozambique","MZ","Maputo","Maputo","null","null","null","null","null","null"
"SPT50969","2016","true","1234","null","Mozambique","MZ","Maputo","Maputo","sensitive","sensitive","undetermined","undetermined","resistant","resistant"
"SPT50970","2016","true","1234","null","Mozambique","MZ","Maputo","Maputo","sensitive","sensitive","undetermined","undetermined","resistant","resistant"
"SPT50971","2017","true","1234","null","Mozambique","MZ","Maputo","Maputo","undetermined","sensitive","undetermined","undetermined","resistant","resistant"
"SPT50972","2017","true","1234","null","Mozambique","MZ","Maputo","Maputo","sensitive","sensitive","undetermined","undetermined","resistant","undetermined"
"SPT50973","2017","true","1234","null","Mozambique","MZ","Maputo","Maputo","undetermined","sensitive","undetermined","undetermined","resistant","resistant"
"SPT50974","2016","true","1234","null","Mozambique","MZ","Maputo","Maputo","sensitive","sensitive","undetermined","undetermined","resistant","resistant"
"SPT50980","2016","false","1234","null","Mozambique","MZ","Maputo","Maputo","null","null","null","null","null","null"
"SPT50983","2016","false","1234","null","Mozambique","MZ","Maputo","Maputo","null","null","null","null","null","null"
"SPT50984","2017","true","1234","null","Mozambique","MZ","Maputo","Maputo","sensitive","sensitive","undetermined","undetermined","resistant","resistant"
"SPT50985","2017","true","1234","null","Mozambique","MZ","Maputo","Maputo","undetermined","sensitive","undetermined","undetermined","resistant","resistant"
"SPT50986","2017","true","1234","null","Mozambique","MZ","Maputo","Maputo","undetermined","sensitive","undetermined","undetermined","resistant","sensitive"
"SPT50991","2017","true","1234","null","Mozambique","MZ","Maputo","Maputo","sensitive","sensitive","undetermined","undetermined","resistant","resistant"
"SPT50993","2016","true","1234","null","Mozambique","MZ","Maputo","Maputo","undetermined","sensitive","undetermined","undetermined","undetermined","resistant"
"SPT50994","2017","true","1234","null","Mozambique","MZ","Maputo","Maputo","undetermined","sensitive","undetermined","undetermined","resistant","resistant"
"SPT51001","2017","false","1234","null","Mozambique","MZ","Maputo","Maputo","null","null","null","null","null","null"
"SPT51004","2016","true","1234","null","Mozambique","MZ","Maputo","Maputo","sensitive","sensitive","undetermined","undetermined","resistant","resistant"
"SPT51005","2017","true","1234","null","Mozambique","MZ","Maputo","Maputo","sensitive","sensitive","undetermined","undetermined","resistant","resistant"
"SPT51006","2017","true","1234","null","Mozambique","MZ","Maputo","Maputo","sensitive","sensitive","undetermined","undetermined","resistant","resistant"
"SPT51007","2017","false","1234","null","Mozambique","MZ","Maputo","Maputo","null","null","null","null","null","null"
"SPT51009","2017","true","1234","null","Mozambique","MZ","Maputo","Maputo","undetermined","sensitive","undetermined","undetermined","undetermined","resistant"
"SPT51010","2017","true","1234","null","Mozambique","MZ","Maputo","Maputo","undetermined","sensitive","undetermined","undetermined","resistant","resistant"
"SPT51011","2017","true","1234","null","Mozambique","MZ","Maputo","Maputo","undetermined","sensitive","undetermined","undetermined","resistant","resistant"
"SPT51014","2017","true","1234","null","Mozambique","MZ","Maputo","Maputo","undetermined","sensitive","undetermined","undetermined","resistant","resistant"
"SPT51017","2017","true","1234","null","Mozambique","MZ","Maputo","Maputo","undetermined","sensitive","undetermined","undetermined","resistant","resistant"
"SPT51018","2017","true","1234","null","Mozambique","MZ","Maputo","Maputo","undetermined","sensitive","undetermined","undetermined","resistant","resistant"
"SPT51019","2017","true","1234","null","Mozambique","MZ","Maputo","Maputo","sensitive","sensitive","undetermined","undetermined","resistant","resistant"
"SPT51021","2017","true","1234","null","Mozambique","MZ","Maputo","Maputo","undetermined","sensitive","undetermined","undetermined","undetermined","resistant"
"SPT51022","2017","false","1234","null","Mozambique","MZ","Maputo","Maputo","null","null","null","null","null","null"
"SPT51025","2017","false","1234","null","Mozambique","MZ","Maputo","Maputo","null","null","null","null","null","null"
"SPT51028","2017","false","1234","null","Mozambique","MZ","Maputo","Maputo","null","null","null","null","null","null"
"SPT51030","2016","false","1234","null","Mozambique","MZ","Maputo","Maputo","null","null","null","null","null","null"
"SPT51034","2017","true","1234","null","Mozambique","MZ","Maputo","Maputo","sensitive","sensitive","undetermined","undetermined","resistant","resistant"
"SPT51035","2017","false","1234","null","Mozambique","MZ","Maputo","Maputo","null","null","null","null","null","null"
"SPT51036","2017","true","1234","null","Mozambique","MZ","Maputo","Maputo","sensitive","sensitive","undetermined","undetermined","resistant","resistant"
"SPT51038","2017","false","1234","null","Mozambique","MZ","Maputo","Maputo","null","null","null","null","null","null"
"SPT51039","2017","true","1234","null","Mozambique","MZ","Maputo","Maputo","undetermined","sensitive","undetermined","undetermined","resistant","resistant"
"SPT51041","2016","true","1234","null","Mozambique","MZ","Maputo","Maputo","sensitive","sensitive","undetermined","undetermined","resistant","resistant"
"SPT51042","2016","true","1234","null","Mozambique","MZ","Maputo","Maputo","sensitive","sensitive","undetermined","undetermined","resistant","resistant"
"SPT51045","2017","true","1234","null","Mozambique","MZ","Maputo","Maputo","undetermined","sensitive","undetermined","undetermined","resistant","resistant"
"SPT51046","2017","true","1234","null","Mozambique","MZ","Maputo","Maputo","undetermined","sensitive","undetermined","undetermined","undetermined","resistant"
"SPT51047","2016","false","1234","null","Mozambique","MZ","Maputo","Maputo","null","null","null","null","null","null"
"SPT51049","2017","true","1234","null","Mozambique","MZ","Maputo","Maputo","undetermined","sensitive","undetermined","undetermined","resistant","resistant"
"SPT51051","2017","true","1234","null","Mozambique","MZ","Maputo","Maputo","sensitive","sensitive","undetermined","undetermined","resistant","resistant"
"SPT51055","2017","false","1234","null","Mozambique","MZ","Maputo","Maputo","null","null","null","null","null","null"
"SPT51056","2016","true","1234","null","Mozambique","MZ","Maputo","Maputo","undetermined","sensitive","undetermined","undetermined","undetermined","resistant"
"SPT51057","2017","false","1234","null","Mozambique","MZ","Maputo","Maputo","null","null","null","null","null","null"
"SPT51058","2018","true","1234","null","Mozambique","MZ","Maputo","Maputo","undetermined","sensitive","undetermined","undetermined","undetermined","resistant"
"SPT51059","2018","false","1234","null","Mozambique","MZ","Maputo","Maputo","null","null","null","null","null","null"
"SPT51060","2018","true","1234","null","Mozambique","MZ","Maputo","Maputo","sensitive","sensitive","undetermined","undetermined","resistant","resistant"
"SPT51061","2018","false","1234","null","Mozambique","MZ","Maputo","Maputo","null","null","null","null","null","null"
"SPT51062","2018","true","1234","null","Mozambique","MZ","Maputo","Maputo","sensitive","sensitive","undetermined","undetermined","resistant","resistant"
"SPT51063","2018","true","1234","null","Mozambique","MZ","Maputo","Maputo","sensitive","sensitive","undetermined","undetermined","resistant","resistant"
"SPT51064","2018","false","1234","null","Mozambique","MZ","Maputo","Maputo","null","null","null","null","null","null"
"SPT51065","2018","false","1234","null","Mozambique","MZ","Maputo","Maputo","null","null","null","null","null","null"
"SPT51070","2018","true","1234","null","Mozambique","MZ","Maputo","Maputo","sensitive","sensitive","undetermined","undetermined","resistant","resistant"
"SPT51071","2018","true","1234","null","Mozambique","MZ","Maputo","Maputo","sensitive","sensitive","undetermined","undetermined","resistant","resistant"
"SPT51073","2018","false","1234","null","Mozambique","MZ","Maputo","Maputo","null","null","null","null","null","null"
"SPT51075","2018","true","1234","null","Mozambique","MZ","Maputo","Maputo","sensitive","sensitive","undetermined","undetermined","resistant","resistant"
"SPT51076","2018","true","1234","null","Mozambique","MZ","Maputo","Maputo","sensitive","sensitive","undetermined","undetermined","resistant","resistant"
"SPT51081","2018","true","1234","null","Mozambique","MZ","Maputo","Maputo","undetermined","sensitive","undetermined","undetermined","resistant","resistant"
"SPT51083","2018","true","1234","null","Mozambique","MZ","Maputo","Maputo","undetermined","sensitive","undetermined","undetermined","resistant","resistant"
"SPT51084","2018","false","1234","null","Mozambique","MZ","Maputo","Maputo","null","null","null","null","null","null"
"SPT51085","2018","true","1234","null","Mozambique","MZ","Maputo","Maputo","sensitive","sensitive","sensitive","sensitive","resistant","undetermined"
"SPT51087","2018","false","1234","null","Mozambique","MZ","Maputo","Maputo","null","null","null","null","null","null"
"SPT51088","2018","true","1234","null","Mozambique","MZ","Maputo","Maputo","undetermined","sensitive","undetermined","undetermined","resistant","resistant"
"SPT51089","2018","true","1234","null","Mozambique","MZ","Maputo","Maputo","undetermined","sensitive","undetermined","undetermined","undetermined","resistant"
"SPT51091","2018","false","1234","null","Mozambique","MZ","Maputo","Maputo","null","null","null","null","null","null"
"SPT51092","2018","true","1234","null","Mozambique","MZ","Maputo","Maputo","undetermined","sensitive","undetermined","undetermined","resistant","resistant"
"SPT51093","2018","false","1234","null","Mozambique","MZ","Maputo","Maputo","null","null","null","null","null","null"
"SPT51094","2018","true","1234","null","Mozambique","MZ","Maputo","Maputo","undetermined","sensitive","undetermined","undetermined","undetermined","resistant"
"SPT51095","2018","true","1234","null","Mozambique","MZ","Maputo","Maputo","sensitive","sensitive","undetermined","undetermined","resistant","resistant"
"SPT51096","2018","true","1234","null","Mozambique","MZ","Maputo","Maputo","undetermined","sensitive","undetermined","undetermined","resistant","resistant"
"SPT51099","2018","false","1234","null","Mozambique","MZ","Maputo","Maputo","null","null","null","null","null","null"
"SPT51100","2016","true","1234","null","Mozambique","MZ","Maputo","Maputo","sensitive","sensitive","undetermined","undetermined","resistant","resistant"
"SPT51101","2018","true","1234","null","Mozambique","MZ","Maputo","Maputo","undetermined","sensitive","undetermined","undetermined","resistant","resistant"
"SPT51102","2018","false","1234","null","Mozambique","MZ","Maputo","Maputo","null","null","null","null","null","null"
"SPT51103","2018","true","1234","null","Mozambique","MZ","Maputo","Maputo","undetermined","sensitive","undetermined","undetermined","resistant","resistant"
"SPT51104","2018","true","1234","null","Mozambique","MZ","Maputo","Maputo","undetermined","sensitive","undetermined","undetermined","resistant","resistant"
"SPT51105","2018","true","1234","null","Mozambique","MZ","Maputo","Maputo","undetermined","sensitive","undetermined","undetermined","resistant","resistant"
"SPT51107","2018","false","1234","null","Mozambique","MZ","Maputo","Maputo","null","null","null","null","null","null"
"SPT51108","2018","true","1234","null","Mozambique","MZ","Maputo","Maputo","undetermined","sensitive","undetermined","undetermined","resistant","resistant"
"SPT51109","2018","false","1234","null","Mozambique","MZ","Maputo","Maputo","null","null","null","null","null","null"
"SPT51110","2018","true","1234","null","Mozambique","MZ","Maputo","Maputo","sensitive","sensitive","undetermined","undetermined","resistant","resistant"
"SPT51111","2018","true","1234","null","Mozambique","MZ","Maputo","Maputo","undetermined","sensitive","undetermined","undetermined","resistant","resistant"
"SPT51117","2016","true","1234","null","Mozambique","MZ","Maputo","Maputo","undetermined","sensitive","undetermined","undetermined","resistant","resistant"
"SPT51121","2018","true","1234","null","Mozambique","MZ","Maputo","Maputo","undetermined","sensitive","undetermined","undetermined","resistant","resistant"
"SPT51126","2018","false","1234","null","Mozambique","MZ","Maputo","Maputo","null","null","null","null","null","null"
"SPT51143","2016","true","1234","null","Mozambique","MZ","Maputo","Maputo","undetermined","sensitive","undetermined","undetermined","resistant","resistant"
"SPT51144","2016","false","1234","null","Mozambique","MZ","Maputo","Maputo","null","null","null","null","null","null"
"SPT51150","2016","true","1234","null","Mozambique","MZ","Maputo","Maputo","sensitive","sensitive","undetermined","undetermined","resistant","resistant"
"SPT51154","2018","false","1234","null","Mozambique","MZ","Maputo","Maputo","null","null","null","null","null","null"
"SPT51155","2018","true","1234","null","Mozambique","MZ","Maputo","Maputo","sensitive","sensitive","undetermined","undetermined","resistant","resistant"
"SPT51156","2018","true","1234","null","Mozambique","MZ","Maputo","Maputo","sensitive","sensitive","undetermined","undetermined","resistant","resistant"
"SPT51157","2017","true","1234","null","Mozambique","MZ","Maputo","Maputo","sensitive","sensitive","sensitive","sensitive","resistant","resistant"
"SPT51159","2017","true","1234","null","Mozambique","MZ","Maputo","Maputo","sensitive","sensitive","sensitive","sensitive","resistant","resistant"
"SPT51160","2017","true","1234","null","Mozambique","MZ","Maputo","Maputo","sensitive","sensitive","sensitive","sensitive","resistant","resistant"
"SPT51161","2016","true","1234","null","Mozambique","MZ","Maputo","Maputo","sensitive","sensitive","sensitive","sensitive","resistant","resistant"
"SPT51164","2017","true","1234","null","Mozambique","MZ","Maputo","Maputo","sensitive","sensitive","undetermined","undetermined","resistant","resistant"
"SPT51166","2016","true","1234","null","Mozambique","MZ","Maputo","Maputo","sensitive","sensitive","undetermined","sensitive","resistant","resistant"
"SPT51169","2016","true","1234","null","Mozambique","MZ","Maputo","Maputo","sensitive","sensitive","sensitive","sensitive","resistant","resistant"
"SPT51172","2017","true","1234","null","Mozambique","MZ","Maputo","Maputo","sensitive","sensitive","undetermined","undetermined","resistant","resistant"
"SPT51174","2017","true","1234","null","Mozambique","MZ","Maputo","Maputo","sensitive","sensitive","undetermined","undetermined","resistant","resistant"
"SPT51175","2017","true","1234","null","Mozambique","MZ","Maputo","Maputo","sensitive","sensitive","sensitive","sensitive","resistant","resistant"
"SPT51176","2017","false","1234","null","Mozambique","MZ","Maputo","Maputo","null","null","null","null","null","null"
"SPT51178","2017","true","1234","null","Mozambique","MZ","Maputo","Maputo","sensitive","sensitive","sensitive","undetermined","resistant","resistant"
"SPT51180","2017","true","1234","null","Mozambique","MZ","Maputo","Maputo","sensitive","sensitive","undetermined","undetermined","resistant","resistant"
"SPT51182","2017","true","1234","null","Mozambique","MZ","Maputo","Maputo","sensitive","sensitive","sensitive","sensitive","resistant","resistant"
"SPT51183","2017","true","1234","null","Mozambique","MZ","Maputo","Maputo","sensitive","sensitive","undetermined","undetermined","resistant","resistant"
"SPT51185","2017","true","1234","null","Mozambique","MZ","Maputo","Maputo","sensitive","sensitive","sensitive","sensitive","resistant","resistant"
"SPT51187","2017","false","1234","null","Mozambique","MZ","Maputo","Maputo","null","null","null","null","null","null"
"SPT51189","2017","true","1234","null","Mozambique","MZ","Maputo","Maputo","sensitive","sensitive","undetermined","undetermined","resistant","resistant"
"SPT51190","2017","true","1234","null","Mozambique","MZ","Maputo","Maputo","sensitive","sensitive","undetermined","undetermined","resistant","resistant"
"SPT51191","2017","true","1234","null","Mozambique","MZ","Maputo","Maputo","sensitive","sensitive","undetermined","undetermined","resistant","resistant"
"SPT51195","2017","true","1234","null","Mozambique","MZ","Maputo","Maputo","undetermined","sensitive","undetermined","undetermined","resistant","resistant"
"SPT51198","2016","true","1234","null","Mozambique","MZ","Maputo","Maputo","sensitive","sensitive","undetermined","undetermined","resistant","resistant"
"SPT51201","2017","true","1234","null","Mozambique","MZ","Maputo","Maputo","sensitive","sensitive","undetermined","undetermined","resistant","resistant"
"SPT51204","2017","true","1234","null","Mozambique","MZ","Maputo","Maputo","sensitive","sensitive","undetermined","undetermined","resistant","resistant"
"SPT51209","2016","false","1234","null","Mozambique","MZ","Maputo","Maputo","null","null","null","null","null","null"
"SPT51211","2016","true","1234","null","Mozambique","MZ","Maputo","Maputo","sensitive","sensitive","undetermined","sensitive","resistant","resistant"
"SPT51213","2017","true","1234","null","Mozambique","MZ","Maputo","Maputo","sensitive","sensitive","undetermined","undetermined","resistant","resistant"
"SPT51214","2017","true","1234","null","Mozambique","MZ","Maputo","Maputo","undetermined","sensitive","undetermined","undetermined","resistant","resistant"
"SPT51215","2017","true","1234","null","Mozambique","MZ","Maputo","Maputo","sensitive","sensitive","undetermined","undetermined","resistant","resistant"
"SPT51216","2016","true","1234","null","Mozambique","MZ","Maputo","Maputo","sensitive","sensitive","undetermined","undetermined","resistant","resistant"
"SPT51218","2017","true","1234","null","Mozambique","MZ","Maputo","Maputo","sensitive","sensitive","undetermined","sensitive","resistant","resistant"
"SPT51221","2017","true","1234","null","Mozambique","MZ","Maputo","Maputo","sensitive","sensitive","sensitive","sensitive","resistant","sensitive"
"SPT51222","2016","false","1234","null","Mozambique","MZ","Maputo","Maputo","null","null","null","null","null","null"
"SPT51223","2016","true","1234","null","Mozambique","MZ","Maputo","Maputo","sensitive","sensitive","undetermined","undetermined","resistant","resistant"
"SPT51225","2017","true","1234","null","Mozambique","MZ","Maputo","Maputo","sensitive","sensitive","undetermined","sensitive","resistant","resistant"
"SPT51226","2016","true","1234","null","Mozambique","MZ","Maputo","Maputo","sensitive","sensitive","undetermined","undetermined","resistant","resistant"
"SPT51227","2016","true","1234","null","Mozambique","MZ","Maputo","Maputo","sensitive","sensitive","sensitive","sensitive","resistant","resistant"
"SPT51229","2017","true","1234","null","Mozambique","MZ","Maputo","Maputo","sensitive","sensitive","undetermined","undetermined","resistant","resistant"
"SPT51232","2017","true","1234","null","Mozambique","MZ","Maputo","Maputo","sensitive","sensitive","undetermined","undetermined","resistant","resistant"
"SPT51234","2016","true","1234","null","Mozambique","MZ","Maputo","Maputo","sensitive","sensitive","sensitive","sensitive","resistant","resistant"
"SPT51237","2017","false","1234","null","Mozambique","MZ","Maputo","Maputo","null","null","null","null","null","null"
"SPT51241","2017","true","1234","null","Mozambique","MZ","Maputo","Maputo","sensitive","sensitive","undetermined","undetermined","resistant","resistant"
"SPT51242","2017","true","1234","null","Mozambique","MZ","Maputo","Maputo","sensitive","sensitive","undetermined","undetermined","resistant","resistant"
"SPT51244","2017","true","1234","null","Mozambique","MZ","Maputo","Maputo","sensitive","sensitive","undetermined","undetermined","resistant","resistant"
"SPT51248","2017","false","1234","null","Mozambique","MZ","Maputo","Maputo","null","null","null","null","null","null"
"SPT51249","2017","true","1234","null","Mozambique","MZ","Maputo","Maputo","sensitive","sensitive","undetermined","undetermined","resistant","resistant"
"SPT51253","2017","true","1234","null","Mozambique","MZ","Maputo","Maputo","sensitive","sensitive","undetermined","undetermined","resistant","resistant"
"SPT51258","2017","true","1234","null","Mozambique","MZ","Maputo","Maputo","sensitive","sensitive","undetermined","undetermined","resistant","resistant"
"SPT51261","2017","true","1234","null","Mozambique","MZ","Maputo","Maputo","undetermined","sensitive","undetermined","undetermined","resistant","resistant"
"SPT51262","2017","true","1234","null","Mozambique","MZ","Maputo","Maputo","sensitive","sensitive","undetermined","undetermined","resistant","resistant"
"SPT51264","2017","false","1234","null","Mozambique","MZ","Maputo","Maputo","null","null","null","null","null","null"
"SPT51265","2017","true","1234","null","Mozambique","MZ","Maputo","Maputo","sensitive","sensitive","undetermined","undetermined","resistant","resistant"
"SPT51270","2017","false","1234","null","Mozambique","MZ","Maputo","Maputo","null","null","null","null","null","null"
"SPT51272","2016","true","1234","null","Mozambique","MZ","Maputo","Maputo","sensitive","sensitive","undetermined","undetermined","resistant","resistant"
"SPT51273","2017","false","1234","null","Mozambique","MZ","Maputo","Maputo","null","null","null","null","null","null"
"SPT51274","2017","true","1234","null","Mozambique","MZ","Maputo","Maputo","sensitive","sensitive","undetermined","undetermined","resistant","resistant"
"SPT51276","2017","true","1234","null","Mozambique","MZ","Maputo","Maputo","sensitive","sensitive","sensitive","sensitive","resistant","resistant"
"SPT51277","2017","true","1234","null","Mozambique","MZ","Maputo","Maputo","sensitive","sensitive","undetermined","undetermined","resistant","resistant"
"SPT51279","2017","true","1234","null","Mozambique","MZ","Maputo","Maputo","sensitive","sensitive","sensitive","sensitive","resistant","resistant"
"SPT51282","2017","true","1234","null","Mozambique","MZ","Maputo","Maputo","sensitive","sensitive","undetermined","undetermined","resistant","resistant"
"SPT51283","2017","false","1234","null","Mozambique","MZ","Maputo","Maputo","null","null","null","null","null","null"
"SPT51284","2017","true","1234","null","Mozambique","MZ","Maputo","Maputo","sensitive","sensitive","undetermined","undetermined","resistant","resistant"
"SPT51286","2017","true","1234","null","Mozambique","MZ","Maputo","Maputo","sensitive","sensitive","undetermined","undetermined","resistant","resistant"
"SPT51287","2017","true","1234","null","Mozambique","MZ","Maputo","Maputo","sensitive","sensitive","undetermined","undetermined","resistant","resistant"
"SPT51288","2017","true","1234","null","Mozambique","MZ","Maputo","Maputo","sensitive","sensitive","undetermined","undetermined","resistant","resistant"
"SPT51291","2017","false","1234","null","Mozambique","MZ","Maputo","Maputo","null","null","null","null","null","null"
"SPT51292","2017","false","1234","null","Mozambique","MZ","Maputo","Maputo","null","null","null","null","null","null"
"SPT51295","2017","false","1234","null","Mozambique","MZ","Maputo","Maputo","null","null","null","null","null","null"
"SPT51296","2017","true","1234","null","Mozambique","MZ","Maputo","Maputo","sensitive","sensitive","undetermined","undetermined","resistant","resistant"
"SPT51298","2017","true","1234","null","Mozambique","MZ","Maputo","Maputo","sensitive","sensitive","undetermined","undetermined","resistant","resistant"
"SPT51302","2017","true","1234","null","Mozambique","MZ","Maputo","Maputo","undetermined","sensitive","undetermined","undetermined","resistant","resistant"
"SPT51305","2017","true","1234","null","Mozambique","MZ","Maputo","Maputo","sensitive","sensitive","undetermined","undetermined","resistant","resistant"
"SPT51306","2017","true","1234","null","Mozambique","MZ","Maputo","Maputo","sensitive","sensitive","undetermined","undetermined","resistant","resistant"
"SPT51307","2017","true","1234","null","Mozambique","MZ","Maputo","Maputo","undetermined","sensitive","undetermined","undetermined","resistant","resistant"
"SPT51308","2017","true","1234","null","Mozambique","MZ","Maputo","Maputo","sensitive","sensitive","undetermined","undetermined","resistant","resistant"
"SPT51309","2016","true","1234","null","Mozambique","MZ","Maputo","Maputo","sensitive","sensitive","undetermined","sensitive","resistant","resistant"
"SPT51310","2016","true","1234","null","Mozambique","MZ","Maputo","Maputo","sensitive","sensitive","undetermined","undetermined","resistant","resistant"
"SPT51313","2016","true","1234","null","Mozambique","MZ","Maputo","Maputo","sensitive","sensitive","undetermined","undetermined","resistant","resistant"
"SPT51314","2016","true","1234","null","Mozambique","MZ","Maputo","Maputo","sensitive","sensitive","undetermined","undetermined","resistant","resistant"
"SPT51316","2016","true","1234","null","Mozambique","MZ","Maputo","Maputo","sensitive","sensitive","undetermined","undetermined","resistant","resistant"
"SPT51318","2016","true","1234","null","Mozambique","MZ","Maputo","Maputo","sensitive","sensitive","undetermined","undetermined","resistant","resistant"
"SPT51321","2017","true","1234","null","Mozambique","MZ","Maputo","Maputo","sensitive","sensitive","undetermined","undetermined","resistant","resistant"
"SPT51322","2017","true","1234","null","Mozambique","MZ","Maputo","Maputo","sensitive","sensitive","undetermined","undetermined","resistant","resistant"
"SPT51323","2016","true","1234","null","Mozambique","MZ","Maputo","Maputo","sensitive","sensitive","undetermined","undetermined","resistant","resistant"
"SPT51327","2016","true","1234","null","Mozambique","MZ","Maputo","Maputo","undetermined","sensitive","undetermined","undetermined","resistant","resistant"
"SPT51328","2018","true","1234","null","Mozambique","MZ","Maputo","Maputo","sensitive","sensitive","undetermined","undetermined","resistant","resistant"
"SPT51329","2018","true","1234","null","Mozambique","MZ","Maputo","Maputo","sensitive","sensitive","undetermined","undetermined","resistant","resistant"
"SPT51332","2018","false","1234","null","Mozambique","MZ","Maputo","Maputo","null","null","null","null","null","null"
"SPT51337","2018","true","1234","null","Mozambique","MZ","Maputo","Maputo","sensitive","sensitive","undetermined","undetermined","resistant","resistant"
"SPT51338","2018","true","1234","null","Mozambique","MZ","Maputo","Maputo","sensitive","sensitive","undetermined","undetermined","resistant","resistant"
"SPT51341","2018","false","1234","null","Mozambique","MZ","Maputo","Maputo","null","null","null","null","null","null"
"SPT51344","2018","true","1234","null","Mozambique","MZ","Maputo","Maputo","sensitive","sensitive","undetermined","undetermined","resistant","resistant"
"SPT51346","2018","true","1234","null","Mozambique","MZ","Maputo","Maputo","sensitive","sensitive","sensitive","sensitive","resistant","resistant"
"SPT51347","2018","false","1234","null","Mozambique","MZ","Maputo","Maputo","null","null","null","null","null","null"
"SPT51353","2018","true","1234","null","Mozambique","MZ","Maputo","Maputo","sensitive","sensitive","sensitive","sensitive","resistant","resistant"
"SPT51354","2018","true","1234","null","Mozambique","MZ","Maputo","Maputo","undetermined","sensitive","undetermined","undetermined","resistant","resistant"
"SPT51355","2018","true","1234","null","Mozambique","MZ","Maputo","Maputo","sensitive","sensitive","undetermined","undetermined","resistant","resistant"
"SPT51356","2018","true","1234","null","Mozambique","MZ","Maputo","Maputo","sensitive","sensitive","undetermined","undetermined","resistant","resistant"
"SPT51357","2018","true","1234","null","Mozambique","MZ","Maputo","Maputo","sensitive","sensitive","sensitive","sensitive","resistant","resistant"
"SPT51358","2018","true","1234","null","Mozambique","MZ","Maputo","Maputo","sensitive","sensitive","undetermined","undetermined","resistant","resistant"
"SPT51359","2018","true","1234","null","Mozambique","MZ","Maputo","Maputo","sensitive","sensitive","undetermined","undetermined","resistant","resistant"
"SPT51361","2018","true","1234","null","Mozambique","MZ","Maputo","Maputo","undetermined","sensitive","undetermined","undetermined","resistant","resistant"
"SPT51362","2018","true","1234","null","Mozambique","MZ","Maputo","Maputo","undetermined","sensitive","undetermined","undetermined","resistant","resistant"
"SPT51364","2018","true","1234","null","Mozambique","MZ","Maputo","Maputo","sensitive","sensitive","sensitive","sensitive","resistant","resistant"
"SPT51365","2018","true","1234","null","Mozambique","MZ","Maputo","Maputo","undetermined","sensitive","undetermined","undetermined","resistant","resistant"
"SPT51366","2018","true","1234","null","Mozambique","MZ","Maputo","Maputo","undetermined","sensitive","undetermined","undetermined","resistant","undetermined"
"SPT51367","2018","true","1234","null","Mozambique","MZ","Maputo","Maputo","sensitive","sensitive","undetermined","undetermined","resistant","resistant"
"SPT51368","2018","true","1234","null","Mozambique","MZ","Maputo","Maputo","sensitive","sensitive","undetermined","undetermined","resistant","resistant"
"SPT51369","2018","true","1234","null","Mozambique","MZ","Maputo","Maputo","undetermined","sensitive","undetermined","undetermined","resistant","resistant"
"SPT51370","2018","true","1234","null","Mozambique","MZ","Maputo","Maputo","sensitive","sensitive","undetermined","sensitive","resistant","sensitive"
"SPT51371","2018","true","1234","null","Mozambique","MZ","Maputo","Maputo","sensitive","sensitive","sensitive","sensitive","resistant","resistant"
"SPT51376","2018","true","1234","null","Mozambique","MZ","Maputo","Maputo","sensitive","sensitive","undetermined","undetermined","resistant","resistant"
"SPT51377","2018","false","1234","null","Mozambique","MZ","Maputo","Maputo","null","null","null","null","null","null"
"SPT51378","2018","true","1234","null","Mozambique","MZ","Maputo","Maputo","sensitive","sensitive","undetermined","undetermined","resistant","resistant"
"SPT51379","2018","true","1234","null","Mozambique","MZ","Maputo","Maputo","sensitive","sensitive","undetermined","undetermined","resistant","resistant"
"SPT51381","2018","true","1234","null","Mozambique","MZ","Maputo","Maputo","sensitive","sensitive","undetermined","undetermined","resistant","sensitive"
"SPT51382","2018","true","1234","null","Mozambique","MZ","Maputo","Maputo","undetermined","sensitive","undetermined","undetermined","resistant","resistant"
"SPT51383","2018","true","1234","null","Mozambique","MZ","Maputo","Maputo","undetermined","sensitive","undetermined","undetermined","resistant","undetermined"
"SPT51384","2018","true","1234","null","Mozambique","MZ","Maputo","Maputo","sensitive","sensitive","undetermined","undetermined","resistant","resistant"
"SPT51385","2018","true","1234","null","Mozambique","MZ","Maputo","Maputo","sensitive","sensitive","undetermined","undetermined","resistant","resistant"
"SPT51386","2018","true","1234","null","Mozambique","MZ","Maputo","Maputo","undetermined","sensitive","undetermined","undetermined","resistant","resistant"
"SPT51387","2018","true","1234","null","Mozambique","MZ","Maputo","Maputo","undetermined","sensitive","undetermined","undetermined","resistant","resistant"
"SPT51388","2018","true","1234","null","Mozambique","MZ","Maputo","Maputo","sensitive","sensitive","undetermined","undetermined","resistant","resistant"
"SPT51389","2018","true","1234","null","Mozambique","MZ","Maputo","Maputo","undetermined","sensitive","undetermined","undetermined","resistant","resistant"
"SPT51390","2018","false","1234","null","Mozambique","MZ","Maputo","Maputo","null","null","null","null","null","null"
"SPT51391","2018","true","1234","null","Mozambique","MZ","Maputo","Maputo","sensitive","sensitive","undetermined","undetermined","resistant","resistant"
"SPT51392","2018","true","1234","null","Mozambique","MZ","Maputo","Maputo","sensitive","sensitive","undetermined","undetermined","resistant","resistant"
"SPT51393","2018","true","1234","null","Mozambique","MZ","Maputo","Maputo","sensitive","sensitive","undetermined","undetermined","resistant","resistant"
"SPT51395","2018","false","1234","null","Mozambique","MZ","Maputo","Maputo","null","null","null","null","null","null"
"SPT51398","2018","true","1234","null","Mozambique","MZ","Maputo","Maputo","sensitive","sensitive","undetermined","undetermined","resistant","resistant"
"SPT51399","2018","true","1234","null","Mozambique","MZ","Maputo","Maputo","sensitive","sensitive","undetermined","undetermined","resistant","resistant"
"SPT51400","2018","true","1234","null","Mozambique","MZ","Maputo","Maputo","undetermined","sensitive","undetermined","undetermined","resistant","resistant"
"SPT51401","2018","true","1234","null","Mozambique","MZ","Maputo","Maputo","undetermined","sensitive","undetermined","undetermined","resistant","resistant"
"SPT51402","2018","true","1234","null","Mozambique","MZ","Maputo","Maputo","sensitive","sensitive","undetermined","undetermined","resistant","resistant"
"SPT51403","2018","true","1234","null","Mozambique","MZ","Maputo","Maputo","sensitive","sensitive","undetermined","undetermined","resistant","resistant"
"SPT51404","2018","true","1234","null","Mozambique","MZ","Maputo","Maputo","sensitive","sensitive","undetermined","undetermined","resistant","undetermined"
"SPT51407","2018","false","1234","null","Mozambique","MZ","Maputo","Maputo","null","null","null","null","null","null"
"SPT51408","2018","true","1234","null","Mozambique","MZ","Maputo","Maputo","sensitive","sensitive","undetermined","undetermined","resistant","resistant"
"SPT51411","2018","true","1234","null","Mozambique","MZ","Maputo","Maputo","sensitive","sensitive","sensitive","undetermined","resistant","resistant"
"SPT51412","2018","true","1234","null","Mozambique","MZ","Maputo","Maputo","sensitive","sensitive","undetermined","undetermined","resistant","resistant"
"SPT51413","2018","true","1234","null","Mozambique","MZ","Maputo","Maputo","sensitive","sensitive","sensitive","sensitive","resistant","resistant"
"SPT51415","2018","true","1234","null","Mozambique","MZ","Maputo","Maputo","sensitive","sensitive","undetermined","undetermined","resistant","resistant"
"SPT51416","2018","true","1234","null","Mozambique","MZ","Maputo","Maputo","sensitive","sensitive","undetermined","sensitive","resistant","resistant"
"SPT51417","2018","false","1234","null","Mozambique","MZ","Maputo","Maputo","null","null","null","null","null","null"
"SPT51419","2018","true","1234","null","Mozambique","MZ","Maputo","Maputo","undetermined","sensitive","undetermined","undetermined","resistant","resistant"
"SPT51422","2018","true","1234","null","Mozambique","MZ","Maputo","Maputo","undetermined","sensitive","undetermined","undetermined","resistant","resistant"
"SPT51423","2018","true","1234","null","Mozambique","MZ","Maputo","Maputo","undetermined","sensitive","undetermined","undetermined","resistant","resistant"
"SPT51425","2018","true","1234","null","Mozambique","MZ","Maputo","Maputo","sensitive","sensitive","undetermined","undetermined","resistant","resistant"
"SPT51428","2018","true","1234","null","Mozambique","MZ","Maputo","Maputo","sensitive","sensitive","undetermined","undetermined","resistant","resistant"
"SPT51429","2018","true","1234","null","Mozambique","MZ","Maputo","Maputo","undetermined","sensitive","undetermined","undetermined","resistant","resistant"
"SPT51430","2018","true","1234","null","Mozambique","MZ","Maputo","Maputo","sensitive","sensitive","undetermined","undetermined","resistant","resistant"
"SPT51431","2018","true","1234","null","Mozambique","MZ","Maputo","Maputo","undetermined","sensitive","undetermined","undetermined","resistant","resistant"
"SPT51432","2018","false","1234","null","Mozambique","MZ","Maputo","Maputo","null","null","null","null","null","null"
"SPT51433","2018","true","1234","null","Mozambique","MZ","Maputo","Maputo","undetermined","sensitive","undetermined","undetermined","resistant","resistant"
"SPT51440","2018","false","1234","null","Mozambique","MZ","Maputo","Maputo","null","null","null","null","null","null"
"SPT51442","2018","true","1234","null","Mozambique","MZ","Maputo","Maputo","sensitive","sensitive","sensitive","undetermined","resistant","resistant"
"SPT51444","2018","true","1234","null","Mozambique","MZ","Maputo","Maputo","sensitive","sensitive","sensitive","sensitive","resistant","resistant"
"SPT51447","2018","true","1234","null","Mozambique","MZ","Maputo","Maputo","sensitive","sensitive","undetermined","undetermined","resistant","resistant"
"SPT51448","2018","true","1234","null","Mozambique","MZ","Maputo","Maputo","sensitive","sensitive","sensitive","sensitive","resistant","resistant"
"SPT51452","2018","false","1234","null","Mozambique","MZ","Maputo","Maputo","null","null","null","null","null","null"
"SPT51453","2018","true","1234","null","Mozambique","MZ","Maputo","Maputo","undetermined","sensitive","undetermined","undetermined","resistant","resistant"
"SPT51458","2018","true","1234","null","Mozambique","MZ","Maputo","Maputo","sensitive","sensitive","undetermined","sensitive","resistant","resistant"
"SPT51461","2018","true","1234","null","Mozambique","MZ","Maputo","Maputo","undetermined","sensitive","undetermined","undetermined","resistant","resistant"
"SPT51468","2016","false","1234","null","Mozambique","MZ","Maputo","Maputo","null","null","null","null","null","null"
"SPT51470","2018","true","1234","null","Mozambique","MZ","Maputo","Maputo","undetermined","sensitive","undetermined","undetermined","undetermined","undetermined"
"SPT51474","2016","true","1234","null","Mozambique","MZ","Maputo","Maputo","undetermined","sensitive","undetermined","undetermined","undetermined","resistant"
"SPT51477","2016","true","1234","null","Mozambique","MZ","Maputo","Maputo","sensitive","sensitive","undetermined","sensitive","resistant","undetermined"
"SPT51481","2016","true","1234","null","Mozambique","MZ","Maputo","Maputo","undetermined","sensitive","undetermined","undetermined","resistant","resistant"
"SPT51490","2018","false","1234","null","Mozambique","MZ","Maputo","Maputo","null","null","null","null","null","null"
"SPT51492","2016","true","1234","null","Mozambique","MZ","Maputo","Maputo","undetermined","sensitive","undetermined","undetermined","resistant","undetermined"
"SPT51493","2018","false","1234","null","Mozambique","MZ","Maputo","Maputo","null","null","null","null","null","null"
"SPT51494","2016","false","1234","null","Mozambique","MZ","Maputo","Maputo","null","null","null","null","null","null"
"SPT51495","2016","true","1234","null","Mozambique","MZ","Maputo","Maputo","sensitive","sensitive","undetermined","undetermined","resistant","resistant"
"SPT51496","2016","true","1234","null","Mozambique","MZ","Maputo","Maputo","undetermined","sensitive","undetermined","undetermined","resistant","resistant"
"SPT51497","2018","true","1234","null","Mozambique","MZ","Maputo","Maputo","sensitive","sensitive","sensitive","sensitive","resistant","resistant"
"SPT51498","2018","false","1234","null","Mozambique","MZ","Maputo","Maputo","null","null","null","null","null","null"
"SPT51500","2018","false","1234","null","Mozambique","MZ","Maputo","Maputo","null","null","null","null","null","null"
"SPT51503","2018","true","1234","null","Mozambique","MZ","Maputo","Maputo","sensitive","sensitive","sensitive","sensitive","resistant","resistant"
"SPT51504","2018","true","1234","null","Mozambique","MZ","Maputo","Maputo","sensitive","sensitive","undetermined","sensitive","resistant","resistant"
"SPT51507","2018","true","1234","null","Mozambique","MZ","Maputo","Maputo","sensitive","sensitive","undetermined","undetermined","resistant","resistant"
"SPT51510","2018","true","1234","null","Mozambique","MZ","Maputo","Maputo","sensitive","sensitive","undetermined","undetermined","resistant","resistant"
"SPT51511","2016","true","1234","null","Mozambique","MZ","Maputo","Maputo","undetermined","sensitive","undetermined","undetermined","resistant","resistant"
"SPT51512","2018","false","1234","null","Mozambique","MZ","Maputo","Maputo","null","null","null","null","null","null"
"SPT51516","2018","false","1234","null","Mozambique","MZ","Maputo","Maputo","null","null","null","null","null","null"
"SPT51519","2018","true","1234","null","Mozambique","MZ","Maputo","Maputo","sensitive","sensitive","sensitive","sensitive","resistant","resistant"
"SPT51520","2018","true","1234","null","Mozambique","MZ","Maputo","Maputo","sensitive","sensitive","undetermined","undetermined","resistant","resistant"
"SPT51522","2018","true","1234","null","Mozambique","MZ","Maputo","Maputo","sensitive","sensitive","undetermined","undetermined","resistant","resistant"
"SPT51523","2016","true","1234","null","Mozambique","MZ","Maputo","Maputo","sensitive","sensitive","undetermined","undetermined","resistant","resistant"
"SPT51525","2018","false","1234","null","Mozambique","MZ","Maputo","Maputo","null","null","null","null","null","null"
"SPT51539","2016","true","1234","null","Mozambique","MZ","Maputo","Maputo","sensitive","sensitive","undetermined","undetermined","resistant","resistant"
"SPT51544","2016","true","1234","null","Mozambique","MZ","Maputo","Maputo","undetermined","sensitive","undetermined","undetermined","undetermined","resistant"
"SPT51548","2018","true","1234","null","Mozambique","MZ","Maputo","Maputo","sensitive","sensitive","undetermined","undetermined","resistant","resistant"
"SPT51549","2016","true","1234","null","Mozambique","MZ","Maputo","Maputo","undetermined","sensitive","undetermined","undetermined","resistant","resistant"
"SPT51552","2016","true","1234","null","Mozambique","MZ","Maputo","Maputo","undetermined","sensitive","undetermined","undetermined","undetermined","resistant"
"SPT51555","2016","true","1234","null","Mozambique","MZ","Maputo","Maputo","sensitive","sensitive","undetermined","undetermined","resistant","resistant"
"SPT51558","2018","true","1234","null","Mozambique","MZ","Maputo","Maputo","sensitive","sensitive","undetermined","undetermined","resistant","resistant"
"SPT51559","2018","false","1234","null","Mozambique","MZ","Maputo","Maputo","null","null","null","null","null","null"
"SPT51560","2018","true","1234","null","Mozambique","MZ","Maputo","Maputo","sensitive","sensitive","undetermined","undetermined","resistant","resistant"
"SPT51562","2018","true","1234","null","Mozambique","MZ","Maputo","Maputo","sensitive","sensitive","undetermined","undetermined","resistant","resistant"
"SPT52402","2017","true","1234","null","Mozambique","MZ","Maputo","Maputo","undetermined","sensitive","undetermined","undetermined","resistant","resistant"
"SPT52404","2017","true","1234","null","Mozambique","MZ","Maputo","Maputo","undetermined","sensitive","undetermined","undetermined","undetermined","resistant"
"SPT52407","2017","false","1234","null","Mozambique","MZ","Maputo","Maputo","null","null","null","null","null","null"
"SPT52412","2017","true","1234","null","Mozambique","MZ","Maputo","Maputo","undetermined","sensitive","undetermined","undetermined","resistant","resistant"
"SPT52413","2017","true","1234","null","Mozambique","MZ","Maputo","Maputo","undetermined","sensitive","undetermined","undetermined","resistant","resistant"
"SPT52414","2017","true","1234","null","Mozambique","MZ","Maputo","Maputo","undetermined","sensitive","undetermined","undetermined","sensitive","sensitive"
"SPT52418","2017","true","1234","null","Mozambique","MZ","Maputo","Maputo","sensitive","sensitive","undetermined","sensitive","resistant","resistant"
"SPT52419","2017","true","1234","null","Mozambique","MZ","Maputo","Maputo","undetermined","sensitive","undetermined","undetermined","resistant","resistant"
"SPT52420","2017","false","1234","null","Mozambique","MZ","Maputo","Maputo","null","null","null","null","null","null"
"SPT52422","2017","true","1234","null","Mozambique","MZ","Maputo","Maputo","sensitive","sensitive","undetermined","undetermined","resistant","resistant"
"SPT52425","2017","true","1234","null","Mozambique","MZ","Maputo","Maputo","sensitive","sensitive","undetermined","undetermined","resistant","resistant"
"SPT52427","2017","false","1234","null","Mozambique","MZ","Maputo","Maputo","null","null","null","null","null","null"
"SPT52429","2017","false","1234","null","Mozambique","MZ","Maputo","Maputo","null","null","null","null","null","null"
"SPT52432","2017","true","1234","null","Mozambique","MZ","Gaza","Gaza","undetermined","sensitive","undetermined","undetermined","resistant","resistant"
"SPT52433","2017","false","1234","null","Mozambique","MZ","Cabo Delgado","Cabo Delgado","null","null","null","null","null","null"
"SPT52434","2017","false","1234","null","Mozambique","MZ","Cabo Delgado","Cabo Delgado","null","null","null","null","null","null"
"SPT52435","2017","true","1234","null","Mozambique","MZ","Cabo Delgado","Cabo Delgado","sensitive","sensitive","undetermined","undetermined","resistant","resistant"
"SPT52436","2017","true","1234","null","Mozambique","MZ","Cabo Delgado","Cabo Delgado","undetermined","sensitive","undetermined","undetermined","resistant","sensitive"
"SPT52437","2017","true","1234","null","Mozambique","MZ","Gaza","Gaza","undetermined","sensitive","undetermined","undetermined","resistant","resistant"
"SPT52438","2017","false","1234","null","Mozambique","MZ","Cabo Delgado","Cabo Delgado","null","null","null","null","null","null"
"SPT52439","2017","true","1234","null","Mozambique","MZ","Cabo Delgado","Cabo Delgado","undetermined","sensitive","undetermined","undetermined","resistant","sensitive"
"SPT52440","2017","true","1234","null","Mozambique","MZ","Gaza","Gaza","sensitive","sensitive","undetermined","undetermined","resistant","resistant"
"SPT52441","2017","true","1234","null","Mozambique","MZ","Gaza","Gaza","undetermined","sensitive","undetermined","undetermined","resistant","sensitive"
"SPT52442","2017","false","1234","null","Mozambique","MZ","Cabo Delgado","Cabo Delgado","null","null","null","null","null","null"
"SPT52444","2017","true","1234","null","Mozambique","MZ","Gaza","Gaza","undetermined","sensitive","undetermined","undetermined","resistant","resistant"
"SPT52445","2017","false","1234","null","Mozambique","MZ","Cabo Delgado","Cabo Delgado","null","null","null","null","null","null"
"SPT52446","2017","false","1234","null","Mozambique","MZ","Gaza","Gaza","null","null","null","null","null","null"
"SPT52447","2017","true","1234","null","Mozambique","MZ","Gaza","Gaza","sensitive","resistant","undetermined","undetermined","resistant","resistant"
"SPT52449","2017","false","1234","null","Mozambique","MZ","Gaza","Gaza","null","null","null","null","null","null"
"SPT52450","2017","true","1234","null","Mozambique","MZ","Gaza","Gaza","undetermined","sensitive","undetermined","undetermined","resistant","sensitive"
"SPT52451","2017","false","1234","null","Mozambique","MZ","Gaza","Gaza","null","null","null","null","null","null"
"SPT52452","2017","true","1234","null","Mozambique","MZ","Gaza","Gaza","sensitive","sensitive","undetermined","undetermined","resistant","resistant"
"SPT52453","2017","true","1234","null","Mozambique","MZ","Gaza","Gaza","sensitive","sensitive","undetermined","undetermined","resistant","resistant"
"SPT52454","2017","true","1234","null","Mozambique","MZ","Gaza","Gaza","undetermined","undetermined","undetermined","undetermined","resistant","resistant"
"SPT52455","2017","true","1234","null","Mozambique","MZ","Gaza","Gaza","undetermined","sensitive","undetermined","undetermined","undetermined","resistant"
"SPT52456","2017","true","1234","null","Mozambique","MZ","Gaza","Gaza","undetermined","sensitive","undetermined","undetermined","sensitive","resistant"
"SPT52457","2017","false","1234","null","Mozambique","MZ","Gaza","Gaza","null","null","null","null","null","null"
"SPT52458","2017","true","1234","null","Mozambique","MZ","Gaza","Gaza","undetermined","sensitive","undetermined","undetermined","resistant","resistant"
"SPT52459","2017","true","1234","null","Mozambique","MZ","Gaza","Gaza","undetermined","sensitive","undetermined","undetermined","resistant","resistant"
"SPT52460","2017","true","1234","null","Mozambique","MZ","Gaza","Gaza","undetermined","sensitive","undetermined","undetermined","resistant","resistant"
"SPT52461","2017","true","1234","null","Mozambique","MZ","Gaza","Gaza","undetermined","sensitive","undetermined","undetermined","undetermined","resistant"
"SPT52462","2017","true","1234","null","Mozambique","MZ","Gaza","Gaza","undetermined","sensitive","undetermined","undetermined","resistant","resistant"
"SPT52464","2017","false","1234","null","Mozambique","MZ","Gaza","Gaza","null","null","null","null","null","null"
"SPT52466","2017","true","1234","null","Mozambique","MZ","Gaza","Gaza","sensitive","sensitive","undetermined","undetermined","resistant","resistant"
"SPT52467","2017","false","1234","null","Mozambique","MZ","Gaza","Gaza","null","null","null","null","null","null"
"SPT52468","2017","true","1234","null","Mozambique","MZ","Gaza","Gaza","undetermined","sensitive","undetermined","undetermined","resistant","resistant"
"SPT52469","2017","true","1234","null","Mozambique","MZ","Gaza","Gaza","undetermined","sensitive","undetermined","undetermined","resistant","undetermined"
"SPT52470","2017","false","1234","null","Mozambique","MZ","Gaza","Gaza","null","null","null","null","null","null"
"SPT52471","2017","false","1234","null","Mozambique","MZ","Gaza","Gaza","null","null","null","null","null","null"
"SPT52472","2017","true","1234","null","Mozambique","MZ","Gaza","Gaza","undetermined","sensitive","undetermined","undetermined","resistant","resistant"
"SPT52473","2017","true","1234","null","Mozambique","MZ","Gaza","Gaza","sensitive","sensitive","undetermined","undetermined","resistant","resistant"
"SPT52474","2017","true","1234","null","Mozambique","MZ","Gaza","Gaza","undetermined","sensitive","undetermined","undetermined","resistant","resistant"
"SPT52475","2017","true","1234","null","Mozambique","MZ","Gaza","Gaza","sensitive","sensitive","undetermined","undetermined","resistant","resistant"
"SPT52476","2017","true","1234","null","Mozambique","MZ","Gaza","Gaza","sensitive","sensitive","undetermined","undetermined","resistant","resistant"
"SPT52477","2017","true","1234","null","Mozambique","MZ","Gaza","Gaza","sensitive","sensitive","undetermined","undetermined","resistant","resistant"
"SPT52478","2017","true","1234","null","Mozambique","MZ","Gaza","Gaza","sensitive","sensitive","undetermined","undetermined","resistant","resistant"
"SPT52479","2017","true","1234","null","Mozambique","MZ","Cabo Delgado","Cabo Delgado","undetermined","sensitive","undetermined","undetermined","resistant","sensitive"
"SPT52480","2017","true","1234","null","Mozambique","MZ","Gaza","Gaza","sensitive","sensitive","undetermined","sensitive","resistant","resistant"
"SPT52481","2017","true","1234","null","Mozambique","MZ","Gaza","Gaza","sensitive","sensitive","undetermined","undetermined","resistant","resistant"
"SPT52482","2017","true","1234","null","Mozambique","MZ","Gaza","Gaza","undetermined","sensitive","undetermined","undetermined","resistant","resistant"
"SPT52483","2017","true","1234","null","Mozambique","MZ","Gaza","Gaza","undetermined","sensitive","undetermined","undetermined","resistant","resistant"
"SPT52484","2017","false","1234","null","Mozambique","MZ","Gaza","Gaza","null","null","null","null","null","null"
"SPT52485","2017","false","1234","null","Mozambique","MZ","Gaza","Gaza","null","null","null","null","null","null"
"SPT52486","2017","true","1234","null","Mozambique","MZ","Gaza","Gaza","undetermined","sensitive","undetermined","undetermined","resistant","resistant"
"SPT52487","2017","true","1234","null","Mozambique","MZ","Gaza","Gaza","undetermined","resistant","undetermined","undetermined","resistant","resistant"
"SPT52488","2017","true","1234","null","Mozambique","MZ","Gaza","Gaza","undetermined","sensitive","undetermined","undetermined","resistant","resistant"
"SPT52489","2017","true","1234","null","Mozambique","MZ","Gaza","Gaza","undetermined","sensitive","undetermined","undetermined","resistant","resistant"
"SPT52490","2017","true","1234","null","Mozambique","MZ","Cabo Delgado","Cabo Delgado","sensitive","sensitive","undetermined","undetermined","resistant","undetermined"
"SPT52491","2017","true","1234","null","Mozambique","MZ","Gaza","Gaza","sensitive","sensitive","undetermined","undetermined","resistant","sensitive"
"SPT52492","2017","true","1234","null","Mozambique","MZ","Gaza","Gaza","undetermined","sensitive","undetermined","undetermined","resistant","undetermined"
"SPT52493","2017","true","1234","null","Mozambique","MZ","Gaza","Gaza","undetermined","resistant","undetermined","undetermined","resistant","resistant"
"SPT52494","2017","false","1234","null","Mozambique","MZ","Gaza","Gaza","null","null","null","null","null","null"
"SPT52496","2017","false","1234","null","Mozambique","MZ","Gaza","Gaza","null","null","null","null","null","null"
"SPT52497","2017","false","1234","null","Mozambique","MZ","Gaza","Gaza","null","null","null","null","null","null"
"SPT52498","2017","false","1234","null","Mozambique","MZ","Gaza","Gaza","null","null","null","null","null","null"
"SPT52499","2017","true","1234","null","Mozambique","MZ","Gaza","Gaza","undetermined","resistant","undetermined","undetermined","resistant","resistant"
"SPT52500","2017","true","1234","null","Mozambique","MZ","Gaza","Gaza","undetermined","sensitive","undetermined","undetermined","resistant","resistant"
"SPT52501","2017","true","1234","null","Mozambique","MZ","Gaza","Gaza","undetermined","sensitive","undetermined","undetermined","resistant","resistant"
"SPT52502","2017","true","1234","null","Mozambique","MZ","Gaza","Gaza","undetermined","sensitive","undetermined","undetermined","resistant","resistant"
"SPT52503","2017","true","1234","null","Mozambique","MZ","Gaza","Gaza","undetermined","resistant","undetermined","undetermined","resistant","resistant"
"SPT52505","2017","false","1234","null","Mozambique","MZ","Gaza","Gaza","null","null","null","null","null","null"
"SPT52506","2017","true","1234","null","Mozambique","MZ","Gaza","Gaza","undetermined","sensitive","undetermined","undetermined","resistant","resistant"
"SPT52507","2017","true","1234","null","Mozambique","MZ","Gaza","Gaza","undetermined","sensitive","undetermined","undetermined","resistant","resistant"
"SPT52508","2017","false","1234","null","Mozambique","MZ","Gaza","Gaza","null","null","null","null","null","null"
"SPT52509","2017","true","1234","null","Mozambique","MZ","Gaza","Gaza","undetermined","sensitive","undetermined","undetermined","resistant","resistant"
"SPT52510","2017","true","1234","null","Mozambique","MZ","Gaza","Gaza","undetermined","sensitive","undetermined","undetermined","resistant","resistant"
"SPT52511","2017","true","1234","null","Mozambique","MZ","Gaza","Gaza","sensitive","sensitive","undetermined","undetermined","resistant","resistant"
"SPT52512","2017","true","1234","null","Mozambique","MZ","Gaza","Gaza","sensitive","sensitive","undetermined","undetermined","resistant","resistant"
"SPT52513","2017","true","1234","null","Mozambique","MZ","Gaza","Gaza","undetermined","sensitive","undetermined","undetermined","resistant","resistant"
"SPT52514","2017","true","1234","null","Mozambique","MZ","Gaza","Gaza","sensitive","sensitive","undetermined","undetermined","resistant","resistant"
"SPT52515","2017","false","1234","null","Mozambique","MZ","Cabo Delgado","Cabo Delgado","null","null","null","null","null","null"
"SPT52516","2017","true","1234","null","Mozambique","MZ","Gaza","Gaza","undetermined","sensitive","undetermined","undetermined","resistant","sensitive"
"SPT52517","2017","true","1234","null","Mozambique","MZ","Gaza","Gaza","undetermined","sensitive","undetermined","undetermined","resistant","resistant"
"SPT52518","2017","false","1234","null","Mozambique","MZ","Gaza","Gaza","null","null","null","null","null","null"
"SPT52519","2017","true","1234","null","Mozambique","MZ","Gaza","Gaza","undetermined","sensitive","undetermined","undetermined","resistant","resistant"
"SPT52520","2017","true","1234","null","Mozambique","MZ","Gaza","Gaza","undetermined","sensitive","undetermined","undetermined","resistant","resistant"
"SPT52521","2017","false","1234","null","Mozambique","MZ","Gaza","Gaza","null","null","null","null","null","null"
"SPT52522","2017","true","1234","null","Mozambique","MZ","Gaza","Gaza","undetermined","sensitive","undetermined","undetermined","resistant","resistant"
"SPT52523","2017","false","1234","null","Mozambique","MZ","Cabo Delgado","Cabo Delgado","null","null","null","null","null","null"
"SPT52524","2016","false","1234","null","Mozambique","MZ","Gaza","Gaza","null","null","null","null","null","null"
"SPT52525","2017","true","1234","null","Mozambique","MZ","Gaza","Gaza","undetermined","sensitive","undetermined","undetermined","resistant","resistant"
"SPT52526","2017","true","1234","null","Mozambique","MZ","Gaza","Gaza","undetermined","sensitive","undetermined","undetermined","resistant","resistant"
"SPT52527","2017","true","1234","null","Mozambique","MZ","Gaza","Gaza","undetermined","sensitive","undetermined","undetermined","resistant","resistant"
"SPT52528","2017","true","1234","null","Mozambique","MZ","Gaza","Gaza","undetermined","sensitive","undetermined","undetermined","undetermined","sensitive"
"SPT52529","2017","true","1234","null","Mozambique","MZ","Gaza","Gaza","undetermined","sensitive","undetermined","undetermined","resistant","resistant"
"SPT52531","2015","true","1234","null","Mozambique","MZ","Maputo","Maputo","undetermined","sensitive","undetermined","undetermined","undetermined","resistant"
"SPT52532","2015","false","1234","null","Mozambique","MZ","Maputo","Maputo","null","null","null","null","null","null"
"SPT52537","2017","true","1234","null","Mozambique","MZ","Cabo Delgado","Cabo Delgado","sensitive","sensitive","undetermined","undetermined","resistant","sensitive"
"SPT52538","2017","true","1234","null","Mozambique","MZ","Cabo Delgado","Cabo Delgado","sensitive","sensitive","undetermined","undetermined","resistant","resistant"
"SPT52539","2017","true","1234","null","Mozambique","MZ","Cabo Delgado","Cabo Delgado","sensitive","sensitive","undetermined","undetermined","resistant","resistant"
"SPT52540","2017","true","1234","null","Mozambique","MZ","Cabo Delgado","Cabo Delgado","sensitive","sensitive","undetermined","undetermined","resistant","undetermined"
"SPT52541","2015","true","1234","null","Mozambique","MZ","Maputo","Maputo","sensitive","sensitive","undetermined","undetermined","resistant","resistant"
"SPT52542","2015","true","1234","null","Mozambique","MZ","Maputo","Maputo","sensitive","sensitive","undetermined","undetermined","resistant","sensitive"
"SPT52543","2015","true","1234","null","Mozambique","MZ","Maputo","Maputo","sensitive","sensitive","undetermined","undetermined","resistant","resistant"
"SPT52544","2017","true","1234","null","Mozambique","MZ","Cabo Delgado","Cabo Delgado","undetermined","sensitive","undetermined","undetermined","sensitive","sensitive"
"SPT52545","2017","true","1234","null","Mozambique","MZ","Cabo Delgado","Cabo Delgado","undetermined","sensitive","undetermined","undetermined","resistant","resistant"
"SPT52546","2017","true","1234","null","Mozambique","MZ","Cabo Delgado","Cabo Delgado","undetermined","sensitive","undetermined","undetermined","resistant","sensitive"
"SPT52548","2017","true","1234","null","Mozambique","MZ","Cabo Delgado","Cabo Delgado","undetermined","sensitive","undetermined","undetermined","resistant","undetermined"
"SPT52549","2017","true","1234","null","Mozambique","MZ","Cabo Delgado","Cabo Delgado","undetermined","sensitive","undetermined","undetermined","resistant","undetermined"
"SPT52551","2017","true","1234","null","Mozambique","MZ","Cabo Delgado","Cabo Delgado","undetermined","sensitive","undetermined","undetermined","undetermined","resistant"
"SPT52553","2017","false","1234","null","Mozambique","MZ","Cabo Delgado","Cabo Delgado","null","null","null","null","null","null"
"SPT52555","2017","false","1234","null","Mozambique","MZ","Cabo Delgado","Cabo Delgado","null","null","null","null","null","null"
"SPT52557","2017","true","1234","null","Mozambique","MZ","Cabo Delgado","Cabo Delgado","undetermined","sensitive","undetermined","undetermined","undetermined","undetermined"
"SPT52558","2017","true","1234","null","Mozambique","MZ","Cabo Delgado","Cabo Delgado","undetermined","sensitive","undetermined","undetermined","undetermined","sensitive"
"SPT52559","2017","true","1234","null","Mozambique","MZ","Cabo Delgado","Cabo Delgado","undetermined","sensitive","undetermined","undetermined","resistant","undetermined"
"SPT52561","2017","true","1234","null","Mozambique","MZ","Cabo Delgado","Cabo Delgado","undetermined","sensitive","undetermined","undetermined","undetermined","sensitive"
"SPT52562","2017","true","1234","null","Mozambique","MZ","Maputo","Maputo","sensitive","sensitive","undetermined","undetermined","resistant","resistant"
"SPT52563","2017","true","1234","null","Mozambique","MZ","Cabo Delgado","Cabo Delgado","undetermined","sensitive","undetermined","undetermined","resistant","resistant"
"SPT52564","2016","true","1234","null","Mozambique","MZ","Maputo","Maputo","sensitive","sensitive","undetermined","undetermined","resistant","resistant"
"SPT52565","2016","false","1234","null","Mozambique","MZ","Maputo","Maputo","null","null","null","null","null","null"
"SPT52566","2015","true","1234","null","Mozambique","MZ","Maputo","Maputo","undetermined","sensitive","undetermined","undetermined","resistant","resistant"
"SPT52571","2017","false","1234","null","Mozambique","MZ","Cabo Delgado","Cabo Delgado","null","null","null","null","null","null"
"SPT52572","2017","false","1234","null","Mozambique","MZ","Cabo Delgado","Cabo Delgado","null","null","null","null","null","null"
"SPT52574","2016","true","1234","null","Mozambique","MZ","Maputo","Maputo","undetermined","sensitive","undetermined","undetermined","resistant","sensitive"
"SPT52575","2016","true","1234","null","Mozambique","MZ","Maputo","Maputo","undetermined","sensitive","undetermined","undetermined","undetermined","undetermined"
"SPT52579","2016","false","1234","null","Mozambique","MZ","Maputo","Maputo","null","null","null","null","null","null"
"SPT52580","2016","false","1234","null","Mozambique","MZ","Maputo","Maputo","null","null","null","null","null","null"
"SPT52581","2017","true","1234","null","Mozambique","MZ","Maputo","Maputo","sensitive","sensitive","undetermined","undetermined","resistant","resistant"
"SPT52583","2016","true","1234","null","Mozambique","MZ","Maputo","Maputo","undetermined","sensitive","undetermined","undetermined","resistant","resistant"
"SPT52586","2017","true","1234","null","Mozambique","MZ","Maputo","Maputo","undetermined","sensitive","undetermined","undetermined","undetermined","resistant"
"SPT52588","2016","false","1234","null","Mozambique","MZ","Maputo","Maputo","null","null","null","null","null","null"
"SPT52590","2016","false","1234","null","Mozambique","MZ","Maputo","Maputo","null","null","null","null","null","null"
"SPT52594","2017","false","1234","null","Mozambique","MZ","Maputo","Maputo","null","null","null","null","null","null"
"SPT52597","2017","false","1234","null","Mozambique","MZ","Maputo","Maputo","null","null","null","null","null","null"
"SPT52599","2017","true","1234","null","Mozambique","MZ","Maputo","Maputo","undetermined","sensitive","undetermined","undetermined","resistant","resistant"
"SPT52600","2017","false","1234","null","Mozambique","MZ","Maputo","Maputo","null","null","null","null","null","null"
"SPT52604","2016","false","1234","null","Mozambique","MZ","Maputo","Maputo","null","null","null","null","null","null"
"SPT52609","2017","true","1234","null","Mozambique","MZ","Maputo","Maputo","sensitive","sensitive","undetermined","undetermined","resistant","resistant"
"SPT52614","2017","false","1234","null","Mozambique","MZ","Maputo","Maputo","null","null","null","null","null","null"
"SPT52615","2016","false","1234","null","Mozambique","MZ","Maputo","Maputo","null","null","null","null","null","null"
"SPT52620","2017","true","1234","null","Mozambique","MZ","Cabo Delgado","Cabo Delgado","undetermined","sensitive","undetermined","undetermined","sensitive","resistant"
"SPT52622","2017","true","1234","null","Mozambique","MZ","Maputo","Maputo","undetermined","sensitive","undetermined","undetermined","resistant","resistant"
"SPT52626","2017","true","1234","null","Mozambique","MZ","Maputo","Maputo","sensitive","sensitive","undetermined","undetermined","resistant","resistant"
"SPT52630","2017","true","1234","null","Mozambique","MZ","Tete","Tete","undetermined","sensitive","undetermined","undetermined","resistant","resistant"
"SPT52631","2017","true","1234","null","Mozambique","MZ","Tete","Tete","undetermined","sensitive","undetermined","undetermined","resistant","resistant"
"SPT52632","2017","false","1234","null","Mozambique","MZ","Tete","Tete","null","null","null","null","null","null"
"SPT52633","2017","false","1234","null","Mozambique","MZ","Tete","Tete","null","null","null","null","null","null"
"SPT52634","2017","true","1234","null","Mozambique","MZ","Tete","Tete","undetermined","sensitive","undetermined","undetermined","resistant","undetermined"
"SPT52635","2017","true","1234","null","Mozambique","MZ","Tete","Tete","undetermined","sensitive","undetermined","undetermined","resistant","resistant"
"SPT52636","2017","false","1234","null","Mozambique","MZ","Tete","Tete","null","null","null","null","null","null"
"SPT52637","2015","false","1234","null","Mozambique","MZ","Maputo","Maputo","null","null","null","null","null","null"
"SPT52638","2017","false","1234","null","Mozambique","MZ","Tete","Tete","null","null","null","null","null","null"
"SPT52639","2017","false","1234","null","Mozambique","MZ","Tete","Tete","null","null","null","null","null","null"
"SPT52640","2017","false","1234","null","Mozambique","MZ","Tete","Tete","null","null","null","null","null","null"
"SPT52641","2015","true","1234","null","Mozambique","MZ","Maputo","Maputo","undetermined","sensitive","undetermined","undetermined","resistant","resistant"
"SPT52642","2017","false","1234","null","Mozambique","MZ","Tete","Tete","null","null","null","null","null","null"
"SPT52643","2017","true","1234","null","Mozambique","MZ","Tete","Tete","undetermined","sensitive","undetermined","undetermined","undetermined","undetermined"
"SPT52644","2017","true","1234","null","Mozambique","MZ","Tete","Tete","undetermined","sensitive","undetermined","undetermined","resistant","resistant"
"SPT52646","2017","false","1234","null","Mozambique","MZ","Tete","Tete","null","null","null","null","null","null"
"SPT52647","2017","true","1234","null","Mozambique","MZ","Tete","Tete","undetermined","sensitive","undetermined","undetermined","resistant","resistant"
"SPT52648","2017","false","1234","null","Mozambique","MZ","Tete","Tete","null","null","null","null","null","null"
"SPT52649","2017","true","1234","null","Mozambique","MZ","Tete","Tete","undetermined","sensitive","undetermined","undetermined","resistant","resistant"
"SPT52650","2017","false","1234","null","Mozambique","MZ","Tete","Tete","null","null","null","null","null","null"
"SPT52651","2017","false","1234","null","Mozambique","MZ","Tete","Tete","null","null","null","null","null","null"
"SPT52652","2017","true","1234","null","Mozambique","MZ","Tete","Tete","undetermined","sensitive","undetermined","undetermined","resistant","undetermined"
"SPT52653","2017","true","1234","null","Mozambique","MZ","Tete","Tete","sensitive","sensitive","undetermined","undetermined","resistant","resistant"
"SPT52654","2017","true","1234","null","Mozambique","MZ","Tete","Tete","sensitive","sensitive","undetermined","undetermined","resistant","resistant"
"SPT52655","2017","true","1234","null","Mozambique","MZ","Tete","Tete","sensitive","sensitive","undetermined","undetermined","resistant","resistant"
"SPT52657","2017","true","1234","null","Mozambique","MZ","Tete","Tete","sensitive","sensitive","undetermined","undetermined","resistant","undetermined"
"SPT52658","2017","true","1234","null","Mozambique","MZ","Tete","Tete","undetermined","sensitive","undetermined","undetermined","resistant","resistant"
"SPT52659","2017","true","1234","null","Mozambique","MZ","Tete","Tete","undetermined","sensitive","undetermined","undetermined","resistant","resistant"
"SPT52660","2017","true","1234","null","Mozambique","MZ","Tete","Tete","sensitive","sensitive","undetermined","undetermined","resistant","resistant"
"SPT52662","2017","true","1234","null","Mozambique","MZ","Tete","Tete","undetermined","sensitive","undetermined","undetermined","undetermined","resistant"
"SPT52664","2015","true","1234","null","Mozambique","MZ","Maputo","Maputo","sensitive","sensitive","undetermined","undetermined","resistant","resistant"
"SPT52665","2015","false","1234","null","Mozambique","MZ","Maputo","Maputo","null","null","null","null","null","null"
"SPT52666","2017","true","1234","null","Mozambique","MZ","Tete","Tete","undetermined","sensitive","undetermined","undetermined","resistant","sensitive"
"SPT52667","2015","true","1234","null","Mozambique","MZ","Maputo","Maputo","undetermined","sensitive","undetermined","undetermined","undetermined","resistant"
"SPT52668","2015","true","1234","null","Mozambique","MZ","Maputo","Maputo","undetermined","sensitive","undetermined","undetermined","resistant","resistant"
"SPT52669","2017","true","1234","null","Mozambique","MZ","Tete","Tete","undetermined","sensitive","undetermined","undetermined","resistant","resistant"
"SPT52670","2015","true","1234","null","Mozambique","MZ","Maputo","Maputo","undetermined","sensitive","undetermined","undetermined","resistant","resistant"
"SPT52671","2017","true","1234","null","Mozambique","MZ","Tete","Tete","undetermined","sensitive","undetermined","undetermined","resistant","resistant"
"SPT52672","2015","true","1234","null","Mozambique","MZ","Maputo","Maputo","undetermined","sensitive","undetermined","undetermined","resistant","resistant"
"SPT52673","2017","false","1234","null","Mozambique","MZ","Tete","Tete","null","null","null","null","null","null"
"SPT52674","2017","true","1234","null","Mozambique","MZ","Sofala","Sofala","undetermined","sensitive","undetermined","undetermined","resistant","resistant"
"SPT52675","2015","true","1234","null","Mozambique","MZ","Maputo","Maputo","sensitive","sensitive","undetermined","undetermined","resistant","resistant"
"SPT52678","2015","true","1234","null","Mozambique","MZ","Maputo","Maputo","undetermined","sensitive","undetermined","undetermined","resistant","resistant"
"SPT52679","2017","true","1234","null","Mozambique","MZ","Tete","Tete","undetermined","sensitive","undetermined","undetermined","resistant","resistant"
"SPT52680","2017","true","1234","null","Mozambique","MZ","Tete","Tete","undetermined","sensitive","undetermined","undetermined","resistant","resistant"
"SPT52681","2017","true","1234","null","Mozambique","MZ","Tete","Tete","undetermined","sensitive","undetermined","undetermined","resistant","resistant"
"SPT52682","2017","false","1234","null","Mozambique","MZ","Sofala","Sofala","null","null","null","null","null","null"
"SPT52683","2017","true","1234","null","Mozambique","MZ","Tete","Tete","undetermined","sensitive","undetermined","undetermined","resistant","resistant"
"SPT52684","2017","true","1234","null","Mozambique","MZ","Sofala","Sofala","undetermined","sensitive","undetermined","undetermined","resistant","resistant"
"SPT52685","2017","true","1234","null","Mozambique","MZ","Tete","Tete","undetermined","sensitive","undetermined","undetermined","resistant","undetermined"
"SPT52686","2015","true","1234","null","Mozambique","MZ","Maputo","Maputo","undetermined","sensitive","undetermined","undetermined","resistant","resistant"
"SPT52687","2017","true","1234","null","Mozambique","MZ","Tete","Tete","undetermined","sensitive","undetermined","undetermined","undetermined","resistant"
"SPT52688","2017","false","1234","null","Mozambique","MZ","Sofala","Sofala","null","null","null","null","null","null"
"SPT52689","2017","true","1234","null","Mozambique","MZ","Tete","Tete","undetermined","sensitive","undetermined","undetermined","resistant","resistant"
"SPT52690","2017","true","1234","null","Mozambique","MZ","Tete","Tete","undetermined","sensitive","undetermined","undetermined","resistant","resistant"
"SPT52691","2017","true","1234","null","Mozambique","MZ","Tete","Tete","undetermined","sensitive","undetermined","undetermined","resistant","resistant"
"SPT52692","2017","true","1234","null","Mozambique","MZ","Tete","Tete","undetermined","sensitive","undetermined","undetermined","undetermined","undetermined"
"SPT52693","2017","false","1234","null","Mozambique","MZ","Sofala","Sofala","null","null","null","null","null","null"
"SPT52694","2017","false","1234","null","Mozambique","MZ","Tete","Tete","null","null","null","null","null","null"
"SPT52695","2017","true","1234","null","Mozambique","MZ","Tete","Tete","undetermined","sensitive","undetermined","undetermined","resistant","resistant"
"SPT52696","2017","true","1234","null","Mozambique","MZ","Tete","Tete","undetermined","sensitive","undetermined","undetermined","resistant","resistant"
"SPT52698","2017","true","1234","null","Mozambique","MZ","Tete","Tete","undetermined","sensitive","undetermined","undetermined","resistant","resistant"
"SPT52699","2017","false","1234","null","Mozambique","MZ","Sofala","Sofala","null","null","null","null","null","null"
"SPT52700","2015","false","1234","null","Mozambique","MZ","Maputo","Maputo","null","null","null","null","null","null"
"SPT52702","2017","false","1234","null","Mozambique","MZ","Tete","Tete","null","null","null","null","null","null"
"SPT52703","2017","false","1234","null","Mozambique","MZ","Sofala","Sofala","null","null","null","null","null","null"
"SPT52704","2017","true","1234","null","Mozambique","MZ","Sofala","Sofala","undetermined","sensitive","undetermined","undetermined","undetermined","resistant"
"SPT52705","2017","false","1234","null","Mozambique","MZ","Tete","Tete","null","null","null","null","null","null"
"SPT52706","2017","true","1234","null","Mozambique","MZ","Tete","Tete","undetermined","sensitive","undetermined","undetermined","resistant","resistant"
"SPT52707","2017","false","1234","null","Mozambique","MZ","Sofala","Sofala","null","null","null","null","null","null"
"SPT52708","2017","true","1234","null","Mozambique","MZ","Tete","Tete","undetermined","sensitive","undetermined","undetermined","resistant","resistant"
"SPT52709","2017","true","1234","null","Mozambique","MZ","Tete","Tete","undetermined","sensitive","undetermined","undetermined","resistant","resistant"
"SPT52710","2017","false","1234","null","Mozambique","MZ","Sofala","Sofala","null","null","null","null","null","null"
"SPT52711","2017","true","1234","null","Mozambique","MZ","Tete","Tete","undetermined","sensitive","undetermined","undetermined","undetermined","undetermined"
"SPT52712","2017","true","1234","null","Mozambique","MZ","Tete","Tete","undetermined","sensitive","undetermined","undetermined","resistant","resistant"
"SPT52713","2017","false","1234","null","Mozambique","MZ","Sofala","Sofala","null","null","null","null","null","null"
"SPT52715","2017","true","1234","null","Mozambique","MZ","Tete","Tete","sensitive","sensitive","undetermined","undetermined","resistant","resistant"
"SPT52717","2017","true","1234","null","Mozambique","MZ","Tete","Tete","undetermined","sensitive","undetermined","undetermined","resistant","resistant"
"SPT52718","2017","false","1234","null","Mozambique","MZ","Tete","Tete","null","null","null","null","null","null"
"SPT52720","2017","true","1234","null","Mozambique","MZ","Tete","Tete","undetermined","sensitive","undetermined","undetermined","undetermined","resistant"
"SPT52721","2017","true","1234","null","Mozambique","MZ","Tete","Tete","undetermined","sensitive","undetermined","undetermined","resistant","resistant"
"SPT52723","2017","true","1234","null","Mozambique","MZ","Tete","Tete","undetermined","sensitive","undetermined","undetermined","resistant","undetermined"
"SPT52724","2017","true","1234","null","Mozambique","MZ","Tete","Tete","undetermined","sensitive","undetermined","undetermined","resistant","resistant"
"SPT52725","2017","true","1234","null","Mozambique","MZ","Tete","Tete","sensitive","sensitive","undetermined","undetermined","resistant","resistant"
"SPT52726","2017","true","1234","null","Mozambique","MZ","Tete","Tete","undetermined","sensitive","undetermined","undetermined","resistant","resistant"
"SPT52729","2018","true","1234","null","Mozambique","MZ","Maputo","Maputo","sensitive","sensitive","undetermined","undetermined","resistant","resistant"
"SPT52731","2018","false","1234","null","Mozambique","MZ","Maputo","Maputo","null","null","null","null","null","null"
"SPT52732","2018","true","1234","null","Mozambique","MZ","Maputo","Maputo","sensitive","sensitive","undetermined","undetermined","resistant","resistant"
"SPT52735","2019","false","1234","null","Mozambique","MZ","Maputo","Maputo","null","null","null","null","null","null"
"SPT52738","2017","true","1234","null","Mozambique","MZ","Maputo","Maputo","sensitive","sensitive","undetermined","undetermined","resistant","resistant"
"SPT52739","2019","false","1234","null","Mozambique","MZ","Maputo","Maputo","null","null","null","null","null","null"
"SPT52740","2019","false","1234","null","Mozambique","MZ","Maputo","Maputo","null","null","null","null","null","null"
"SPT52741","2018","true","1234","null","Mozambique","MZ","Maputo","Maputo","undetermined","sensitive","undetermined","undetermined","resistant","resistant"
"SPT52743","2018","true","1234","null","Mozambique","MZ","Maputo","Maputo","sensitive","sensitive","undetermined","undetermined","resistant","resistant"
"SPT52744","2018","true","1234","null","Mozambique","MZ","Maputo","Maputo","sensitive","sensitive","sensitive","undetermined","resistant","resistant"
"SPT52745","2018","true","1234","null","Mozambique","MZ","Maputo","Maputo","sensitive","sensitive","undetermined","undetermined","resistant","resistant"
"SPT52748","2019","false","1234","null","Mozambique","MZ","Maputo","Maputo","null","null","null","null","null","null"
"SPT52750","2018","true","1234","null","Mozambique","MZ","Maputo","Maputo","undetermined","sensitive","undetermined","undetermined","resistant","undetermined"
"SPT52751","2018","true","1234","null","Mozambique","MZ","Maputo","Maputo","undetermined","sensitive","undetermined","undetermined","resistant","resistant"
"SPT52752","2018","false","1234","null","Mozambique","MZ","Maputo","Maputo","null","null","null","null","null","null"
"SPT52753","2018","false","1234","null","Mozambique","MZ","Maputo","Maputo","null","null","null","null","null","null"
"SPT52754","2018","true","1234","null","Mozambique","MZ","Maputo","Maputo","sensitive","sensitive","undetermined","undetermined","undetermined","resistant"
"SPT52756","2018","true","1234","null","Mozambique","MZ","Maputo","Maputo","undetermined","sensitive","undetermined","undetermined","resistant","resistant"
"SPT52757","2018","false","1234","null","Mozambique","MZ","Maputo","Maputo","null","null","null","null","null","null"
"SPT52758","2018","false","1234","null","Mozambique","MZ","Maputo","Maputo","null","null","null","null","null","null"
"SPT52759","2018","true","1234","null","Mozambique","MZ","Maputo","Maputo","undetermined","sensitive","undetermined","undetermined","resistant","resistant"
"SPT52765","2018","true","1234","null","Mozambique","MZ","Maputo","Maputo","sensitive","sensitive","undetermined","undetermined","resistant","resistant"
"SPT52768","2018","true","1234","null","Mozambique","MZ","Maputo","Maputo","undetermined","sensitive","undetermined","undetermined","resistant","resistant"
"SPT52773","2017","true","1234","null","Mozambique","MZ","Maputo","Maputo","sensitive","sensitive","undetermined","undetermined","resistant","resistant"
"SPT52777","2018","true","1234","null","Mozambique","MZ","Maputo","Maputo","sensitive","sensitive","undetermined","undetermined","resistant","resistant"
"SPT52781","2017","true","1234","null","Mozambique","MZ","Maputo","Maputo","sensitive","sensitive","undetermined","sensitive","resistant","resistant"
"SPT52782","2018","true","1234","null","Mozambique","MZ","Maputo","Maputo","sensitive","sensitive","undetermined","sensitive","resistant","resistant"
"SPT52783","2018","false","1234","null","Mozambique","MZ","Maputo","Maputo","null","null","null","null","null","null"
"SPT52785","2019","true","1234","null","Mozambique","MZ","Maputo","Maputo","sensitive","sensitive","undetermined","undetermined","resistant","undetermined"
"SPT52790","2017","true","1234","null","Mozambique","MZ","Maputo","Maputo","undetermined","sensitive","undetermined","undetermined","resistant","resistant"
"SPT52794","2018","false","1234","null","Mozambique","MZ","Maputo","Maputo","null","null","null","null","null","null"
"SPT52797","2017","true","1234","null","Mozambique","MZ","Maputo","Maputo","undetermined","sensitive","undetermined","undetermined","resistant","resistant"
"SPT52799","2017","false","1234","null","Mozambique","MZ","Maputo","Maputo","null","null","null","null","null","null"
"SPT52800","2018","true","1234","null","Mozambique","MZ","Maputo","Maputo","sensitive","sensitive","undetermined","undetermined","resistant","resistant"
"SPT52802","2017","false","1234","null","Mozambique","MZ","Maputo","Maputo","null","null","null","null","null","null"
"SPT52803","2018","false","1234","null","Mozambique","MZ","Maputo","Maputo","null","null","null","null","null","null"
"SPT52805","2017","false","1234","null","Mozambique","MZ","Maputo","Maputo","null","null","null","null","null","null"
"SPT52806","2018","false","1234","null","Mozambique","MZ","Maputo","Maputo","null","null","null","null","null","null"
"SPT52807","2018","true","1234","null","Mozambique","MZ","Maputo","Maputo","undetermined","sensitive","undetermined","undetermined","undetermined","resistant"
"SPT52809","2017","true","1234","null","Mozambique","MZ","Maputo","Maputo","sensitive","sensitive","undetermined","undetermined","resistant","resistant"
"SPT52810","2017","false","1234","null","Mozambique","MZ","Maputo","Maputo","null","null","null","null","null","null"
"SPT52815","2017","false","1234","null","Mozambique","MZ","Maputo","Maputo","null","null","null","null","null","null"
"SPT52824","2017","true","1234","null","Mozambique","MZ","Maputo","Maputo","undetermined","sensitive","undetermined","undetermined","resistant","resistant"
"SPT52825","2017","true","1234","null","Mozambique","MZ","Maputo","Maputo","sensitive","sensitive","sensitive","sensitive","resistant","resistant"
"SPT52826","2017","true","1234","null","Mozambique","MZ","Maputo","Maputo","undetermined","undetermined","undetermined","undetermined","resistant","resistant"
"SPT52828","2017","true","1234","null","Mozambique","MZ","Maputo","Maputo","sensitive","sensitive","sensitive","sensitive","resistant","resistant"
"SPT52830","2017","true","1234","null","Mozambique","MZ","Maputo","Maputo","sensitive","sensitive","undetermined","undetermined","resistant","resistant"
"SPT52831","2017","true","1234","null","Mozambique","MZ","Maputo","Maputo","sensitive","sensitive","sensitive","sensitive","resistant","undetermined"
"SPT52834","2019","true","1234","null","Mozambique","MZ","Maputo","Maputo","undetermined","sensitive","undetermined","undetermined","resistant","resistant"
"SPT52835","2018","true","1234","null","Mozambique","MZ","Maputo","Maputo","sensitive","sensitive","undetermined","undetermined","resistant","resistant"
"SPT52838","2019","false","1234","null","Mozambique","MZ","Maputo","Maputo","null","null","null","null","null","null"
"SPT52839","2017","false","1234","null","Mozambique","MZ","Maputo","Maputo","null","null","null","null","null","null"
"SPT52840","2018","true","1234","null","Mozambique","MZ","Maputo","Maputo","undetermined","sensitive","undetermined","undetermined","resistant","resistant"
"SPT52841","2019","true","1234","null","Mozambique","MZ","Maputo","Maputo","undetermined","sensitive","undetermined","undetermined","resistant","resistant"
"SPT52843","2018","true","1234","null","Mozambique","MZ","Maputo","Maputo","undetermined","sensitive","undetermined","undetermined","undetermined","undetermined"
"SPT52844","2019","false","1234","null","Mozambique","MZ","Maputo","Maputo","null","null","null","null","null","null"
"SPT52849","2018","false","1234","null","Mozambique","MZ","Maputo","Maputo","null","null","null","null","null","null"
"SPT52852","2019","true","1234","null","Mozambique","MZ","Maputo","Maputo","undetermined","sensitive","undetermined","undetermined","resistant","resistant"
"SPT52854","2019","true","1234","null","Mozambique","MZ","Maputo","Maputo","sensitive","sensitive","undetermined","undetermined","resistant","resistant"
"SPT52855","2018","false","1234","null","Mozambique","MZ","Maputo","Maputo","null","null","null","null","null","null"
"SPT52856","2018","true","1234","null","Mozambique","MZ","Maputo","Maputo","undetermined","sensitive","undetermined","undetermined","resistant","resistant"
"SPT52857","2018","true","1234","null","Mozambique","MZ","Maputo","Maputo","sensitive","sensitive","undetermined","undetermined","resistant","resistant"
"SPT52858","2018","false","1234","null","Mozambique","MZ","Maputo","Maputo","null","null","null","null","null","null"
"SPT52861","2019","true","1234","null","Mozambique","MZ","Maputo","Maputo","undetermined","sensitive","undetermined","undetermined","resistant","resistant"
"SPT52864","2017","true","1234","null","Mozambique","MZ","Maputo","Maputo","undetermined","sensitive","undetermined","undetermined","resistant","resistant"
"SPT52875","2018","false","1234","null","Mozambique","MZ","Maputo","Maputo","null","null","null","null","null","null"
"SPT52877","2017","false","1234","null","Mozambique","MZ","Maputo","Maputo","null","null","null","null","null","null"
"SPT52882","2017","false","1234","null","Mozambique","MZ","Maputo","Maputo","null","null","null","null","null","null"
"SPT52885","2018","true","1234","null","Mozambique","MZ","Maputo","Maputo","sensitive","sensitive","undetermined","undetermined","resistant","resistant"
"SPT52886","2019","true","1234","null","Mozambique","MZ","Maputo","Maputo","sensitive","sensitive","undetermined","undetermined","sensitive","sensitive"
"SPT52887","2019","false","1234","null","Mozambique","MZ","Maputo","Maputo","null","null","null","null","null","null"
"SPT52889","2017","false","1234","null","Mozambique","MZ","Maputo","Maputo","null","null","null","null","null","null"
"SPT52890","2018","true","1234","null","Mozambique","MZ","Maputo","Maputo","undetermined","sensitive","undetermined","undetermined","resistant","resistant"
"SPT52893","2017","true","1234","null","Mozambique","MZ","Maputo","Maputo","sensitive","sensitive","undetermined","undetermined","resistant","resistant"
"SPT52897","2018","true","1234","null","Mozambique","MZ","Maputo","Maputo","sensitive","sensitive","undetermined","undetermined","resistant","resistant"
"SPT52899","2017","true","1234","null","Mozambique","MZ","Maputo","Maputo","undetermined","sensitive","undetermined","undetermined","sensitive","sensitive"
"SPT52901","2017","true","1234","null","Mozambique","MZ","Maputo","Maputo","undetermined","sensitive","undetermined","undetermined","resistant","resistant"
"SPT52905","2017","false","1234","null","Mozambique","MZ","Maputo","Maputo","null","null","null","null","null","null"
"SPT52906","2017","true","1234","null","Mozambique","MZ","Maputo","Maputo","undetermined","sensitive","undetermined","undetermined","undetermined","resistant"
"SPT52908","2017","true","1234","null","Mozambique","MZ","Maputo","Maputo","sensitive","sensitive","undetermined","undetermined","resistant","resistant"
"SPT52911","2018","false","1234","null","Mozambique","MZ","Maputo","Maputo","null","null","null","null","null","null"
"SPT52913","2018","false","1234","null","Mozambique","MZ","Maputo","Maputo","null","null","null","null","null","null"
"SPT52914","2018","false","1234","null","Mozambique","MZ","Maputo","Maputo","null","null","null","null","null","null"
"SPT52916","2017","true","1234","null","Mozambique","MZ","Maputo","Maputo","sensitive","sensitive","undetermined","undetermined","resistant","resistant"
"SPT52918","2018","false","1234","null","Mozambique","MZ","Maputo","Maputo","null","null","null","null","null","null"
"SPT52919","2018","false","1234","null","Mozambique","MZ","Maputo","Maputo","null","null","null","null","null","null"
"SPT52921","2018","true","1234","null","Mozambique","MZ","Maputo","Maputo","undetermined","sensitive","undetermined","undetermined","undetermined","resistant"
"SPT52924","2017","true","1234","null","Mozambique","MZ","Maputo","Maputo","sensitive","sensitive","undetermined","undetermined","resistant","resistant"
"SPT52926","2018","false","1234","null","Mozambique","MZ","Maputo","Maputo","null","null","null","null","null","null"
"SPT52929","2017","false","1234","null","Mozambique","MZ","Maputo","Maputo","null","null","null","null","null","null"
"SPT52932","2017","false","1234","null","Mozambique","MZ","Maputo","Maputo","null","null","null","null","null","null"
"SPT52935","2017","false","1234","null","Mozambique","MZ","Maputo","Maputo","null","null","null","null","null","null"
"SPT52938","2018","false","1234","null","Mozambique","MZ","Maputo","Maputo","null","null","null","null","null","null"
"SPT52940","2018","true","1234","null","Mozambique","MZ","Maputo","Maputo","sensitive","sensitive","undetermined","undetermined","resistant","resistant"
"SPT52943","2018","false","1234","null","Mozambique","MZ","Maputo","Maputo","null","null","null","null","null","null"
"SPT52944","2017","true","1234","null","Mozambique","MZ","Maputo","Maputo","undetermined","sensitive","undetermined","undetermined","undetermined","resistant"
"SPT52948","2017","true","1234","null","Mozambique","MZ","Maputo","Maputo","sensitive","sensitive","undetermined","undetermined","resistant","resistant"
"SPT52950","2017","true","1234","null","Mozambique","MZ","Maputo","Maputo","sensitive","sensitive","sensitive","sensitive","resistant","resistant"
"SPT52952","2017","false","1234","null","Mozambique","MZ","Maputo","Maputo","null","null","null","null","null","null"
"SPT52953","2017","true","1234","null","Mozambique","MZ","Maputo","Maputo","sensitive","sensitive","undetermined","undetermined","resistant","resistant"
"SPT52954","2017","false","1234","null","Mozambique","MZ","Maputo","Maputo","null","null","null","null","null","null"
"SPT52958","2017","true","1234","null","Mozambique","MZ","Maputo","Maputo","sensitive","sensitive","undetermined","undetermined","resistant","resistant"
"SPT52959","2017","true","1234","null","Mozambique","MZ","Maputo","Maputo","sensitive","sensitive","undetermined","undetermined","resistant","resistant"
"SPT52960","2018","true","1234","null","Mozambique","MZ","Maputo","Maputo","sensitive","sensitive","undetermined","undetermined","resistant","resistant"
"SPT52961","2018","true","1234","null","Mozambique","MZ","Maputo","Maputo","sensitive","sensitive","undetermined","undetermined","resistant","resistant"
"SPT52962","2017","true","1234","null","Mozambique","MZ","Maputo","Maputo","sensitive","sensitive","undetermined","undetermined","resistant","resistant"
"SPT52963","2018","true","1234","null","Mozambique","MZ","Maputo","Maputo","undetermined","sensitive","undetermined","undetermined","undetermined","resistant"
"SPT52965","2018","false","1234","null","Mozambique","MZ","Maputo","Maputo","null","null","null","null","null","null"
"SPT52967","2018","true","1234","null","Mozambique","MZ","Maputo","Maputo","sensitive","sensitive","undetermined","undetermined","resistant","resistant"
"SPT52968","2018","true","1234","null","Mozambique","MZ","Maputo","Maputo","sensitive","sensitive","undetermined","undetermined","resistant","resistant"
"SPT52969","2018","true","1234","null","Mozambique","MZ","Maputo","Maputo","sensitive","sensitive","sensitive","undetermined","resistant","resistant"
"SPT52971","2018","true","1234","null","Mozambique","MZ","Maputo","Maputo","sensitive","sensitive","undetermined","undetermined","resistant","resistant"
"SPT52974","2018","false","1234","null","Mozambique","MZ","Maputo","Maputo","null","null","null","null","null","null"
"SPT52975","2017","true","1234","null","Mozambique","MZ","Maputo","Maputo","sensitive","sensitive","undetermined","undetermined","resistant","resistant"
"SPT52979","2018","false","1234","null","Mozambique","MZ","Maputo","Maputo","null","null","null","null","null","null"
"SPT52980","2017","false","1234","null","Mozambique","MZ","Maputo","Maputo","null","null","null","null","null","null"
"SPT52981","2018","true","1234","null","Mozambique","MZ","Maputo","Maputo","undetermined","sensitive","undetermined","undetermined","resistant","resistant"
"SPT52984","2017","true","1234","null","Mozambique","MZ","Maputo","Maputo","undetermined","sensitive","undetermined","undetermined","resistant","resistant"
"SPT52988","2018","true","1234","null","Mozambique","MZ","Maputo","Maputo","undetermined","sensitive","undetermined","undetermined","resistant","resistant"
"SPT52989","2017","false","1234","null","Mozambique","MZ","Sofala","Sofala","null","null","null","null","null","null"
"SPT52991","2017","true","1234","null","Mozambique","MZ","Sofala","Sofala","undetermined","sensitive","undetermined","undetermined","undetermined","resistant"
"SPT52992","2017","true","1234","null","Mozambique","MZ","Sofala","Sofala","undetermined","sensitive","undetermined","undetermined","resistant","resistant"
"SPT52993","2017","false","1234","null","Mozambique","MZ","Sofala","Sofala","null","null","null","null","null","null"
"SPT52994","2017","true","1234","null","Mozambique","MZ","Sofala","Sofala","undetermined","sensitive","undetermined","undetermined","undetermined","undetermined"
"SPT52996","2017","false","1234","null","Mozambique","MZ","Sofala","Sofala","null","null","null","null","null","null"
"SPT52997","2017","false","1234","null","Mozambique","MZ","Sofala","Sofala","null","null","null","null","null","null"
"SPT52998","2017","false","1234","null","Mozambique","MZ","Sofala","Sofala","null","null","null","null","null","null"
"SPT52999","2017","false","1234","null","Mozambique","MZ","Sofala","Sofala","null","null","null","null","null","null"
"SPT53000","2017","false","1234","null","Mozambique","MZ","Sofala","Sofala","null","null","null","null","null","null"
"SPT53001","2017","false","1234","null","Mozambique","MZ","Sofala","Sofala","null","null","null","null","null","null"
"SPT53002","2015","true","1234","null","Mozambique","MZ","Maputo","Maputo","undetermined","sensitive","undetermined","undetermined","resistant","undetermined"
"SPT53004","2017","false","1234","null","Mozambique","MZ","Sofala","Sofala","null","null","null","null","null","null"
"SPT53005","2015","false","1234","null","Mozambique","MZ","Maputo","Maputo","null","null","null","null","null","null"
"SPT53006","2017","false","1234","null","Mozambique","MZ","Sofala","Sofala","null","null","null","null","null","null"
"SPT53008","2017","false","1234","null","Mozambique","MZ","Sofala","Sofala","null","null","null","null","null","null"
"SPT53011","2017","false","1234","null","Mozambique","MZ","Sofala","Sofala","null","null","null","null","null","null"
"SPT53012","2017","false","1234","null","Mozambique","MZ","Sofala","Sofala","null","null","null","null","null","null"
"SPT53013","2017","false","1234","null","Mozambique","MZ","Sofala","Sofala","null","null","null","null","null","null"
"SPT53014","2017","true","1234","null","Mozambique","MZ","Sofala","Sofala","undetermined","sensitive","undetermined","undetermined","resistant","resistant"
"SPT53015","2017","true","1234","null","Mozambique","MZ","Sofala","Sofala","undetermined","sensitive","undetermined","undetermined","resistant","resistant"
"SPT53016","2017","false","1234","null","Mozambique","MZ","Sofala","Sofala","null","null","null","null","null","null"
"SPT53018","2017","false","1234","null","Mozambique","MZ","Sofala","Sofala","null","null","null","null","null","null"
"SPT53019","2017","false","1234","null","Mozambique","MZ","Sofala","Sofala","null","null","null","null","null","null"
"SPT53025","2017","false","1234","null","Mozambique","MZ","Sofala","Sofala","null","null","null","null","null","null"
"SPT53026","2017","false","1234","null","Mozambique","MZ","Sofala","Sofala","null","null","null","null","null","null"
"SPT53027","2017","false","1234","null","Mozambique","MZ","Sofala","Sofala","null","null","null","null","null","null"
"SPT53028","2017","false","1234","null","Mozambique","MZ","Sofala","Sofala","null","null","null","null","null","null"
"SPT53029","2017","false","1234","null","Mozambique","MZ","Sofala","Sofala","null","null","null","null","null","null"
"SPT53030","2017","true","1234","null","Mozambique","MZ","Sofala","Sofala","undetermined","sensitive","undetermined","undetermined","resistant","resistant"
"SPT53032","2017","true","1234","null","Mozambique","MZ","Sofala","Sofala","undetermined","sensitive","undetermined","undetermined","resistant","undetermined"
"SPT53033","2017","false","1234","null","Mozambique","MZ","Sofala","Sofala","null","null","null","null","null","null"
"SPT53034","2017","true","1234","null","Mozambique","MZ","Sofala","Sofala","undetermined","sensitive","undetermined","undetermined","resistant","resistant"
"SPT53035","2017","false","1234","null","Mozambique","MZ","Sofala","Sofala","null","null","null","null","null","null"
"SPT53036","2017","true","1234","null","Mozambique","MZ","Sofala","Sofala","undetermined","sensitive","undetermined","undetermined","resistant","resistant"
"SPT53037","2017","false","1234","null","Mozambique","MZ","Sofala","Sofala","null","null","null","null","null","null"
"SPT53038","2017","true","1234","null","Mozambique","MZ","Sofala","Sofala","undetermined","sensitive","undetermined","undetermined","resistant","resistant"
"SPT53039","2017","false","1234","null","Mozambique","MZ","Sofala","Sofala","null","null","null","null","null","null"
"SPT53040","2017","false","1234","null","Mozambique","MZ","Sofala","Sofala","null","null","null","null","null","null"
"SPT53041","2015","false","1234","null","Mozambique","MZ","Maputo","Maputo","null","null","null","null","null","null"
"SPT53042","2015","false","1234","null","Mozambique","MZ","Maputo","Maputo","null","null","null","null","null","null"
"SPT53043","2015","false","1234","null","Mozambique","MZ","Maputo","Maputo","null","null","null","null","null","null"
"SPT53044","2017","false","1234","null","Mozambique","MZ","Sofala","Sofala","null","null","null","null","null","null"
"SPT53046","2017","false","1234","null","Mozambique","MZ","Sofala","Sofala","null","null","null","null","null","null"
"SPT53047","2017","false","1234","null","Mozambique","MZ","Sofala","Sofala","null","null","null","null","null","null"
"SPT53049","2015","false","1234","null","Mozambique","MZ","Maputo","Maputo","null","null","null","null","null","null"
"SPT53050","2017","false","1234","null","Mozambique","MZ","Sofala","Sofala","null","null","null","null","null","null"
"SPT53051","2017","false","1234","null","Mozambique","MZ","Sofala","Sofala","null","null","null","null","null","null"
"SPT53053","2015","true","1234","null","Mozambique","MZ","Maputo","Maputo","undetermined","sensitive","undetermined","undetermined","resistant","resistant"
"SPT53054","2015","true","1234","null","Mozambique","MZ","Maputo","Maputo","undetermined","sensitive","undetermined","undetermined","resistant","resistant"
"SPT53058","2017","true","1234","null","Mozambique","MZ","Sofala","Sofala","undetermined","sensitive","undetermined","undetermined","resistant","resistant"
"SPT53060","2015","false","1234","null","Mozambique","MZ","Maputo","Maputo","null","null","null","null","null","null"
"SPT53062","2017","true","1234","null","Mozambique","MZ","Sofala","Sofala","undetermined","sensitive","undetermined","undetermined","resistant","resistant"
"SPT53065","2015","false","1234","null","Mozambique","MZ","Maputo","Maputo","null","null","null","null","null","null"
"SPT53066","2017","true","1234","null","Mozambique","MZ","Sofala","Sofala","undetermined","sensitive","undetermined","undetermined","resistant","undetermined"
"SPT53067","2015","false","1234","null","Mozambique","MZ","Maputo","Maputo","null","null","null","null","null","null"
"SPT53068","2017","true","1234","null","Mozambique","MZ","Sofala","Sofala","undetermined","sensitive","undetermined","undetermined","undetermined","undetermined"
"SPT53069","2015","false","1234","null","Mozambique","MZ","Maputo","Maputo","null","null","null","null","null","null"
"SPT53071","2017","true","1234","null","Mozambique","MZ","Sofala","Sofala","sensitive","sensitive","undetermined","undetermined","resistant","resistant"
"SPT53072","2015","true","1234","null","Mozambique","MZ","Maputo","Maputo","undetermined","sensitive","undetermined","undetermined","resistant","resistant"
"SPT53073","2015","true","1234","null","Mozambique","MZ","Maputo","Maputo","sensitive","sensitive","undetermined","undetermined","resistant","resistant"
"SPT53074","2017","false","1234","null","Mozambique","MZ","Sofala","Sofala","null","null","null","null","null","null"
"SPT53076","2017","true","1234","null","Mozambique","MZ","Sofala","Sofala","undetermined","sensitive","undetermined","undetermined","resistant","undetermined"
"SPT53077","2017","true","1234","null","Mozambique","MZ","Sofala","Sofala","undetermined","sensitive","undetermined","undetermined","resistant","resistant"
"SPT53078","2017","true","1234","null","Mozambique","MZ","Sofala","Sofala","undetermined","sensitive","undetermined","undetermined","resistant","undetermined"
"SPT53079","2017","false","1234","null","Mozambique","MZ","Sofala","Sofala","null","null","null","null","null","null"
"SPT53080","2017","true","1234","null","Mozambique","MZ","Sofala","Sofala","undetermined","sensitive","undetermined","undetermined","resistant","undetermined"
"SPT53081","2017","true","1234","null","Mozambique","MZ","Sofala","Sofala","undetermined","sensitive","undetermined","undetermined","resistant","resistant"
"SPT53082","2017","true","1234","null","Mozambique","MZ","Cabo Delgado","Cabo Delgado","sensitive","sensitive","undetermined","undetermined","resistant","sensitive"
"SPT53083","2017","true","1234","null","Mozambique","MZ","Cabo Delgado","Cabo Delgado","undetermined","sensitive","undetermined","undetermined","resistant","undetermined"
"SPT53084","2017","true","1234","null","Mozambique","MZ","Cabo Delgado","Cabo Delgado","undetermined","sensitive","undetermined","undetermined","resistant","undetermined"
"SPT53085","2016","true","1234","null","Mozambique","MZ","Maputo","Maputo","sensitive","sensitive","undetermined","undetermined","resistant","undetermined"
"SPT53086","2017","true","1234","null","Mozambique","MZ","Cabo Delgado","Cabo Delgado","sensitive","sensitive","undetermined","undetermined","resistant","resistant"
"SPT53087","2017","true","1234","null","Mozambique","MZ","Cabo Delgado","Cabo Delgado","undetermined","sensitive","undetermined","undetermined","resistant","resistant"
"SPT53089","2017","true","1234","null","Mozambique","MZ","Cabo Delgado","Cabo Delgado","sensitive","sensitive","undetermined","undetermined","resistant","resistant"
"SPT53090","2017","true","1234","null","Mozambique","MZ","Cabo Delgado","Cabo Delgado","sensitive","sensitive","undetermined","undetermined","resistant","undetermined"
"SPT53091","2016","true","1234","null","Mozambique","MZ","Maputo","Maputo","sensitive","sensitive","sensitive","sensitive","resistant","resistant"
"SPT53092","2017","true","1234","null","Mozambique","MZ","Cabo Delgado","Cabo Delgado","undetermined","sensitive","undetermined","undetermined","sensitive","sensitive"
"SPT53093","2017","true","1234","null","Mozambique","MZ","Cabo Delgado","Cabo Delgado","undetermined","sensitive","undetermined","undetermined","sensitive","sensitive"
"SPT53094","2016","true","1234","null","Mozambique","MZ","Maputo","Maputo","sensitive","sensitive","sensitive","sensitive","resistant","resistant"
"SPT53095","2017","true","1234","null","Mozambique","MZ","Cabo Delgado","Cabo Delgado","sensitive","sensitive","undetermined","undetermined","resistant","sensitive"
"SPT53097","2017","true","1234","null","Mozambique","MZ","Cabo Delgado","Cabo Delgado","undetermined","sensitive","undetermined","undetermined","resistant","resistant"
"SPT53098","2017","true","1234","null","Mozambique","MZ","Cabo Delgado","Cabo Delgado","undetermined","sensitive","undetermined","undetermined","resistant","sensitive"
"SPT53099","2017","true","1234","null","Mozambique","MZ","Cabo Delgado","Cabo Delgado","undetermined","sensitive","undetermined","undetermined","sensitive","resistant"
"SPT53100","2016","true","1234","null","Mozambique","MZ","Maputo","Maputo","sensitive","sensitive","undetermined","undetermined","resistant","resistant"
"SPT53101","2016","true","1234","null","Mozambique","MZ","Maputo","Maputo","sensitive","sensitive","undetermined","undetermined","resistant","resistant"
"SPT53102","2016","false","1234","null","Mozambique","MZ","Maputo","Maputo","null","null","null","null","null","null"
"SPT53103","2016","false","1234","null","Mozambique","MZ","Maputo","Maputo","null","null","null","null","null","null"
"SPT53104","2017","true","1234","null","Mozambique","MZ","Cabo Delgado","Cabo Delgado","sensitive","sensitive","undetermined","undetermined","resistant","resistant"
"SPT53105","2017","true","1234","null","Mozambique","MZ","Cabo Delgado","Cabo Delgado","sensitive","sensitive","undetermined","undetermined","resistant","resistant"
"SPT53106","2016","true","1234","null","Mozambique","MZ","Maputo","Maputo","sensitive","sensitive","undetermined","undetermined","resistant","resistant"
"SPT53107","2017","true","1234","null","Mozambique","MZ","Cabo Delgado","Cabo Delgado","undetermined","sensitive","undetermined","undetermined","undetermined","sensitive"
"SPT53109","2017","true","1234","null","Mozambique","MZ","Cabo Delgado","Cabo Delgado","undetermined","sensitive","undetermined","undetermined","resistant","sensitive"
"SPT53110","2016","false","1234","null","Mozambique","MZ","Maputo","Maputo","null","null","null","null","null","null"
"SPT53111","2017","true","1234","null","Mozambique","MZ","Cabo Delgado","Cabo Delgado","sensitive","sensitive","undetermined","undetermined","resistant","resistant"
"SPT53112","2017","true","1234","null","Mozambique","MZ","Cabo Delgado","Cabo Delgado","sensitive","sensitive","undetermined","sensitive","resistant","sensitive"
"SPT53113","2016","true","1234","null","Mozambique","MZ","Maputo","Maputo","undetermined","sensitive","undetermined","undetermined","resistant","resistant"
"SPT53115","2017","true","1234","null","Mozambique","MZ","Cabo Delgado","Cabo Delgado","sensitive","sensitive","sensitive","sensitive","resistant","resistant"
"SPT53116","2017","true","1234","null","Mozambique","MZ","Cabo Delgado","Cabo Delgado","undetermined","sensitive","undetermined","undetermined","resistant","resistant"
"SPT53117","2017","true","1234","null","Mozambique","MZ","Cabo Delgado","Cabo Delgado","sensitive","sensitive","undetermined","sensitive","resistant","sensitive"
"SPT53118","2016","true","1234","null","Mozambique","MZ","Maputo","Maputo","sensitive","sensitive","undetermined","undetermined","resistant","resistant"
"SPT53119","2016","false","1234","null","Mozambique","MZ","Maputo","Maputo","null","null","null","null","null","null"
"SPT53121","2017","true","1234","null","Mozambique","MZ","Cabo Delgado","Cabo Delgado","sensitive","sensitive","undetermined","undetermined","resistant","undetermined"
"SPT53122","2016","false","1234","null","Mozambique","MZ","Maputo","Maputo","null","null","null","null","null","null"
"SPT53123","2016","false","1234","null","Mozambique","MZ","Maputo","Maputo","null","null","null","null","null","null"
"SPT53124","2016","true","1234","null","Mozambique","MZ","Maputo","Maputo","sensitive","undetermined","undetermined","undetermined","resistant","undetermined"
"SPT53125","2017","true","1234","null","Mozambique","MZ","Cabo Delgado","Cabo Delgado","sensitive","sensitive","undetermined","undetermined","resistant","undetermined"
"SPT53126","2017","true","1234","null","Mozambique","MZ","Cabo Delgado","Cabo Delgado","sensitive","sensitive","undetermined","undetermined","resistant","resistant"
"SPT53127","2017","true","1234","null","Mozambique","MZ","Cabo Delgado","Cabo Delgado","sensitive","sensitive","undetermined","undetermined","resistant","sensitive"
"SPT53128","2016","true","1234","null","Mozambique","MZ","Maputo","Maputo","undetermined","sensitive","undetermined","undetermined","resistant","resistant"
"SPT53129","2017","true","1234","null","Mozambique","MZ","Cabo Delgado","Cabo Delgado","sensitive","sensitive","undetermined","undetermined","resistant","undetermined"
"SPT53130","2017","true","1234","null","Mozambique","MZ","Cabo Delgado","Cabo Delgado","sensitive","sensitive","undetermined","undetermined","resistant","sensitive"
"SPT53131","2016","true","1234","null","Mozambique","MZ","Maputo","Maputo","sensitive","sensitive","undetermined","sensitive","resistant","undetermined"
"SPT53132","2017","true","1234","null","Mozambique","MZ","Cabo Delgado","Cabo Delgado","undetermined","sensitive","undetermined","undetermined","resistant","sensitive"
"SPT53133","2017","true","1234","null","Mozambique","MZ","Cabo Delgado","Cabo Delgado","sensitive","sensitive","undetermined","undetermined","resistant","resistant"
"SPT53134","2017","true","1234","null","Mozambique","MZ","Cabo Delgado","Cabo Delgado","sensitive","sensitive","undetermined","undetermined","resistant","sensitive"
"SPT53135","2017","true","1234","null","Mozambique","MZ","Cabo Delgado","Cabo Delgado","sensitive","sensitive","undetermined","undetermined","undetermined","sensitive"
"SPT53137","2017","true","1234","null","Mozambique","MZ","Cabo Delgado","Cabo Delgado","sensitive","sensitive","undetermined","undetermined","resistant","resistant"
"SPT53138","2016","false","1234","null","Mozambique","MZ","Maputo","Maputo","null","null","null","null","null","null"
"SPT53139","2017","true","1234","null","Mozambique","MZ","Cabo Delgado","Cabo Delgado","sensitive","sensitive","undetermined","undetermined","resistant","sensitive"
"SPT53141","2017","true","1234","null","Mozambique","MZ","Cabo Delgado","Cabo Delgado","sensitive","sensitive","undetermined","undetermined","resistant","sensitive"
"SPT53142","2017","true","1234","null","Mozambique","MZ","Cabo Delgado","Cabo Delgado","sensitive","sensitive","undetermined","undetermined","resistant","resistant"
"SPT53143","2017","true","1234","null","Mozambique","MZ","Cabo Delgado","Cabo Delgado","sensitive","sensitive","undetermined","undetermined","resistant","sensitive"
"SPT53144","2016","false","1234","null","Mozambique","MZ","Maputo","Maputo","null","null","null","null","null","null"
"SPT53145","2017","true","1234","null","Mozambique","MZ","Cabo Delgado","Cabo Delgado","sensitive","sensitive","undetermined","undetermined","resistant","resistant"
"SPT53146","2017","true","1234","null","Mozambique","MZ","Cabo Delgado","Cabo Delgado","undetermined","sensitive","undetermined","undetermined","undetermined","sensitive"
"SPT53147","2017","true","1234","null","Mozambique","MZ","Cabo Delgado","Cabo Delgado","sensitive","sensitive","undetermined","undetermined","sensitive","sensitive"
"SPT53148","2016","false","1234","null","Mozambique","MZ","Maputo","Maputo","null","null","null","null","null","null"
"SPT53149","2017","true","1234","null","Mozambique","MZ","Cabo Delgado","Cabo Delgado","undetermined","sensitive","undetermined","undetermined","resistant","sensitive"
"SPT53150","2017","true","1234","null","Mozambique","MZ","Cabo Delgado","Cabo Delgado","sensitive","sensitive","undetermined","sensitive","resistant","sensitive"
"SPT53154","2017","true","1234","null","Mozambique","MZ","Cabo Delgado","Cabo Delgado","undetermined","sensitive","undetermined","undetermined","undetermined","resistant"
"SPT53155","2017","true","1234","null","Mozambique","MZ","Cabo Delgado","Cabo Delgado","undetermined","sensitive","undetermined","undetermined","resistant","resistant"
"SPT53159","2017","true","1234","null","Mozambique","MZ","Cabo Delgado","Cabo Delgado","undetermined","sensitive","undetermined","undetermined","resistant","sensitive"
"SPT53160","2016","false","1234","null","Mozambique","MZ","Maputo","Maputo","null","null","null","null","null","null"
"SPT53161","2017","true","1234","null","Mozambique","MZ","Cabo Delgado","Cabo Delgado","sensitive","sensitive","undetermined","undetermined","resistant","undetermined"
"SPT53162","2017","true","1234","null","Mozambique","MZ","Cabo Delgado","Cabo Delgado","undetermined","sensitive","undetermined","undetermined","resistant","resistant"
"SPT53164","2017","true","1234","null","Mozambique","MZ","Cabo Delgado","Cabo Delgado","undetermined","sensitive","undetermined","undetermined","resistant","undetermined"
"SPT53165","2016","true","1234","null","Mozambique","MZ","Maputo","Maputo","undetermined","sensitive","undetermined","undetermined","resistant","resistant"
"SPT53166","2016","true","1234","null","Mozambique","MZ","Maputo","Maputo","sensitive","sensitive","undetermined","undetermined","resistant","resistant"
"SPT53169","2017","false","1234","null","Mozambique","MZ","Cabo Delgado","Cabo Delgado","null","null","null","null","null","null"
"SPT53171","2017","true","1234","null","Mozambique","MZ","Cabo Delgado","Cabo Delgado","undetermined","sensitive","undetermined","undetermined","resistant","sensitive"
"SPT53173","2017","true","1234","null","Mozambique","MZ","Cabo Delgado","Cabo Delgado","undetermined","sensitive","undetermined","undetermined","resistant","resistant"
"SPT53174","2017","true","1234","null","Mozambique","MZ","Cabo Delgado","Cabo Delgado","sensitive","sensitive","undetermined","undetermined","undetermined","undetermined"
"SPT53176","2017","true","1234","null","Mozambique","MZ","Cabo Delgado","Cabo Delgado","undetermined","sensitive","undetermined","undetermined","resistant","undetermined"
"SPT53178","2016","true","1234","null","Mozambique","MZ","Maputo","Maputo","undetermined","sensitive","undetermined","undetermined","undetermined","resistant"
"SPT53179","2016","true","1234","null","Mozambique","MZ","Maputo","Maputo","undetermined","sensitive","undetermined","undetermined","resistant","resistant"
"SPT53182","2015","true","1234","null","Mozambique","MZ","Maputo","Maputo","undetermined","sensitive","undetermined","undetermined","resistant","resistant"
"SPT53183","2015","true","1234","null","Mozambique","MZ","Maputo","Maputo","undetermined","sensitive","undetermined","undetermined","resistant","resistant"
"SPT53185","2015","true","1234","null","Mozambique","MZ","Maputo","Maputo","sensitive","sensitive","undetermined","undetermined","resistant","resistant"
"SPT53186","2015","false","1234","null","Mozambique","MZ","Maputo","Maputo","null","null","null","null","null","null"
"SPT53187","2015","false","1234","null","Mozambique","MZ","Maputo","Maputo","null","null","null","null","null","null"
"SPT53188","2015","true","1234","null","Mozambique","MZ","Maputo","Maputo","undetermined","sensitive","undetermined","undetermined","resistant","resistant"
"SPT53189","2015","true","1234","null","Mozambique","MZ","Maputo","Maputo","sensitive","sensitive","sensitive","sensitive","resistant","undetermined"
"SPT53190","2015","true","1234","null","Mozambique","MZ","Maputo","Maputo","sensitive","sensitive","sensitive","undetermined","resistant","resistant"
"SPT53191","2015","true","1234","null","Mozambique","MZ","Maputo","Maputo","sensitive","sensitive","sensitive","sensitive","resistant","resistant"
"SPT53192","2015","true","1234","null","Mozambique","MZ","Maputo","Maputo","sensitive","sensitive","undetermined","sensitive","resistant","resistant"
"SPT53194","2015","true","1234","null","Mozambique","MZ","Maputo","Maputo","undetermined","sensitive","undetermined","undetermined","undetermined","resistant"
"SPT53195","2015","false","1234","null","Mozambique","MZ","Maputo","Maputo","null","null","null","null","null","null"
"SPT53196","2015","false","1234","null","Mozambique","MZ","Maputo","Maputo","null","null","null","null","null","null"
"SPT53197","2015","true","1234","null","Mozambique","MZ","Maputo","Maputo","undetermined","sensitive","undetermined","undetermined","resistant","resistant"
"SPT53201","2015","true","1234","null","Mozambique","MZ","Maputo","Maputo","undetermined","sensitive","undetermined","undetermined","resistant","resistant"
"SPT53203","2015","false","1234","null","Mozambique","MZ","Maputo","Maputo","null","null","null","null","null","null"
"SPT53208","2015","true","1234","null","Mozambique","MZ","Maputo","Maputo","undetermined","sensitive","undetermined","undetermined","undetermined","resistant"
"SPT53209","2015","true","1234","null","Mozambique","MZ","Maputo","Maputo","undetermined","sensitive","undetermined","undetermined","resistant","resistant"
"SPT53211","2015","false","1234","null","Mozambique","MZ","Maputo","Maputo","null","null","null","null","null","null"
"SPT53219","2015","false","1234","null","Mozambique","MZ","Maputo","Maputo","null","null","null","null","null","null"
"SPT53221","2015","true","1234","null","Mozambique","MZ","Maputo","Maputo","undetermined","sensitive","undetermined","undetermined","resistant","resistant"
"SPT53223","2015","false","1234","null","Mozambique","MZ","Maputo","Maputo","null","null","null","null","null","null"
"SPT53225","2015","false","1234","null","Mozambique","MZ","Maputo","Maputo","null","null","null","null","null","null"
"SPT53228","2015","true","1234","null","Mozambique","MZ","Maputo","Maputo","undetermined","sensitive","undetermined","undetermined","resistant","resistant"
"SPT53229","2015","true","1234","null","Mozambique","MZ","Maputo","Maputo","undetermined","sensitive","undetermined","undetermined","undetermined","resistant"
"SPT53230","2016","true","1234","null","Mozambique","MZ","Maputo","Maputo","sensitive","sensitive","undetermined","undetermined","resistant","resistant"
"SPT53232","2015","false","1234","null","Mozambique","MZ","Maputo","Maputo","null","null","null","null","null","null"
"SPT53233","2015","true","1234","null","Mozambique","MZ","Maputo","Maputo","undetermined","sensitive","undetermined","undetermined","resistant","resistant"
"SPT53235","2015","true","1234","null","Mozambique","MZ","Maputo","Maputo","undetermined","sensitive","undetermined","undetermined","resistant","resistant"
"SPT53239","2015","false","1234","null","Mozambique","MZ","Maputo","Maputo","null","null","null","null","null","null"
"SPT53240","2017","false","1234","null","Mozambique","MZ","Tete","Tete","null","null","null","null","null","null"
"SPT53241","2017","false","1234","null","Mozambique","MZ","Tete","Tete","null","null","null","null","null","null"
"SPT54385","2018","true","1234","null","Mozambique","MZ","Inhambane","Inhambane","undetermined","sensitive","undetermined","undetermined","resistant","resistant"
"SPT54386","2018","true","1234","null","Mozambique","MZ","Inhambane","Inhambane","sensitive","sensitive","undetermined","undetermined","resistant","resistant"
"SPT54387","2018","true","1234","null","Mozambique","MZ","Inhambane","Inhambane","sensitive","sensitive","sensitive","sensitive","resistant","resistant"
"SPT54388","2018","true","1234","null","Mozambique","MZ","Inhambane","Inhambane","sensitive","sensitive","undetermined","undetermined","resistant","resistant"
"SPT54389","2019","true","1234","null","Mozambique","MZ","Maputo","Maputo","sensitive","sensitive","undetermined","undetermined","resistant","resistant"
"SPT54394","2017","true","1234","null","Mozambique","MZ","Maputo","Maputo","sensitive","sensitive","undetermined","undetermined","resistant","resistant"
"SPT54395","2017","true","1234","null","Mozambique","MZ","Maputo","Maputo","sensitive","sensitive","sensitive","sensitive","resistant","resistant"
"SPT54396","2018","false","1234","null","Mozambique","MZ","Maputo","Maputo","null","null","null","null","null","null"
"SPT54397","2018","true","1234","null","Mozambique","MZ","Inhambane","Inhambane","sensitive","sensitive","undetermined","undetermined","resistant","resistant"
"SPT54401","2018","true","1234","null","Mozambique","MZ","Maputo","Maputo","undetermined","sensitive","undetermined","undetermined","resistant","resistant"
"SPT54402","2018","true","1234","null","Mozambique","MZ","Maputo","Maputo","sensitive","sensitive","undetermined","undetermined","resistant","resistant"
"SPT54403","2018","true","1234","null","Mozambique","MZ","Inhambane","Inhambane","sensitive","sensitive","undetermined","undetermined","resistant","resistant"
"SPT54406","2017","true","1234","null","Mozambique","MZ","Maputo","Maputo","sensitive","sensitive","undetermined","undetermined","resistant","resistant"
"SPT54407","2019","true","1234","null","Mozambique","MZ","Maputo","Maputo","sensitive","sensitive","undetermined","undetermined","resistant","resistant"
"SPT54409","2018","true","1234","null","Mozambique","MZ","Inhambane","Inhambane","sensitive","sensitive","undetermined","undetermined","resistant","resistant"
"SPT54410","2017","true","1234","null","Mozambique","MZ","Maputo","Maputo","sensitive","sensitive","undetermined","undetermined","resistant","resistant"
"SPT54411","2017","true","1234","null","Mozambique","MZ","Maputo","Maputo","undetermined","sensitive","undetermined","undetermined","resistant","resistant"
"SPT54412","2018","false","1234","null","Mozambique","MZ","Maputo","Maputo","null","null","null","null","null","null"
"SPT54413","2017","true","1234","null","Mozambique","MZ","Maputo","Maputo","sensitive","sensitive","undetermined","undetermined","resistant","resistant"
"SPT54414","2018","true","1234","null","Mozambique","MZ","Maputo","Maputo","sensitive","sensitive","undetermined","undetermined","resistant","resistant"
"SPT54415","2017","true","1234","null","Mozambique","MZ","Maputo","Maputo","undetermined","sensitive","undetermined","undetermined","resistant","resistant"
"SPT54416","2017","true","1234","null","Mozambique","MZ","Maputo","Maputo","sensitive","sensitive","undetermined","undetermined","resistant","resistant"
"SPT54417","2018","true","1234","null","Mozambique","MZ","Inhambane","Inhambane","sensitive","sensitive","undetermined","undetermined","resistant","resistant"
"SPT54418","2018","true","1234","null","Mozambique","MZ","Maputo","Maputo","sensitive","sensitive","undetermined","undetermined","resistant","resistant"
"SPT54419","2018","false","1234","null","Mozambique","MZ","Inhambane","Inhambane","null","null","null","null","null","null"
"SPT54420","2017","true","1234","null","Mozambique","MZ","Maputo","Maputo","sensitive","sensitive","undetermined","undetermined","resistant","resistant"
"SPT54421","2018","true","1234","null","Mozambique","MZ","Inhambane","Inhambane","sensitive","sensitive","undetermined","undetermined","resistant","resistant"
"SPT54423","2018","true","1234","null","Mozambique","MZ","Inhambane","Inhambane","sensitive","sensitive","undetermined","undetermined","resistant","resistant"
"SPT54425","2018","false","1234","null","Mozambique","MZ","Maputo","Maputo","null","null","null","null","null","null"
"SPT54426","2018","true","1234","null","Mozambique","MZ","Inhambane","Inhambane","sensitive","sensitive","undetermined","undetermined","resistant","resistant"
"SPT54428","2018","true","1234","null","Mozambique","MZ","Inhambane","Inhambane","sensitive","sensitive","undetermined","undetermined","resistant","resistant"
"SPT54429","2019","false","1234","null","Mozambique","MZ","Maputo","Maputo","null","null","null","null","null","null"
"SPT54430","2018","true","1234","null","Mozambique","MZ","Inhambane","Inhambane","sensitive","sensitive","undetermined","undetermined","resistant","resistant"
"SPT54431","2018","true","1234","null","Mozambique","MZ","Inhambane","Inhambane","sensitive","sensitive","undetermined","undetermined","resistant","sensitive"
"SPT54432","2018","true","1234","null","Mozambique","MZ","Inhambane","Inhambane","undetermined","sensitive","undetermined","undetermined","resistant","resistant"
"SPT54434","2018","true","1234","null","Mozambique","MZ","Inhambane","Inhambane","sensitive","sensitive","undetermined","undetermined","resistant","resistant"
"SPT54435","2018","true","1234","null","Mozambique","MZ","Inhambane","Inhambane","sensitive","sensitive","undetermined","undetermined","resistant","resistant"
"SPT54436","2018","true","1234","null","Mozambique","MZ","Inhambane","Inhambane","sensitive","sensitive","undetermined","undetermined","resistant","resistant"
"SPT54438","2018","true","1234","null","Mozambique","MZ","Inhambane","Inhambane","sensitive","sensitive","undetermined","undetermined","resistant","resistant"
"SPT54439","2018","true","1234","null","Mozambique","MZ","Inhambane","Inhambane","sensitive","sensitive","undetermined","undetermined","resistant","resistant"
"SPT54440","2018","true","1234","null","Mozambique","MZ","Inhambane","Inhambane","sensitive","sensitive","undetermined","undetermined","resistant","resistant"
"SPT54441","2018","true","1234","null","Mozambique","MZ","Inhambane","Inhambane","sensitive","sensitive","undetermined","undetermined","resistant","resistant"
"SPT54442","2018","true","1234","null","Mozambique","MZ","Inhambane","Inhambane","sensitive","sensitive","undetermined","undetermined","resistant","resistant"
"SPT54443","2018","true","1234","null","Mozambique","MZ","Inhambane","Inhambane","sensitive","sensitive","undetermined","undetermined","resistant","resistant"
"SPT54444","2018","true","1234","null","Mozambique","MZ","Inhambane","Inhambane","sensitive","sensitive","undetermined","undetermined","resistant","resistant"
"SPT54445","2018","true","1234","null","Mozambique","MZ","Inhambane","Inhambane","sensitive","sensitive","undetermined","undetermined","resistant","resistant"
"SPT54446","2018","true","1234","null","Mozambique","MZ","Inhambane","Inhambane","sensitive","sensitive","undetermined","undetermined","resistant","resistant"
"SPT54447","2018","true","1234","null","Mozambique","MZ","Inhambane","Inhambane","sensitive","sensitive","undetermined","undetermined","resistant","resistant"
"SPT54450","2018","true","1234","null","Mozambique","MZ","Inhambane","Inhambane","sensitive","sensitive","undetermined","undetermined","resistant","resistant"
"SPT54451","2018","true","1234","null","Mozambique","MZ","Inhambane","Inhambane","sensitive","sensitive","undetermined","sensitive","resistant","resistant"
"SPT54452","2018","true","1234","null","Mozambique","MZ","Inhambane","Inhambane","sensitive","sensitive","undetermined","undetermined","resistant","resistant"
"SPT54453","2018","true","1234","null","Mozambique","MZ","Inhambane","Inhambane","undetermined","sensitive","undetermined","undetermined","resistant","undetermined"
"SPT54454","2018","true","1234","null","Mozambique","MZ","Inhambane","Inhambane","sensitive","sensitive","undetermined","sensitive","resistant","resistant"
"SPT54455","2018","true","1234","null","Mozambique","MZ","Inhambane","Inhambane","sensitive","sensitive","undetermined","undetermined","resistant","resistant"
"SPT54456","2018","true","1234","null","Mozambique","MZ","Inhambane","Inhambane","sensitive","sensitive","undetermined","undetermined","resistant","resistant"
"SPT54457","2018","true","1234","null","Mozambique","MZ","Inhambane","Inhambane","sensitive","sensitive","undetermined","undetermined","resistant","resistant"
"SPT54458","2018","true","1234","null","Mozambique","MZ","Inhambane","Inhambane","undetermined","sensitive","undetermined","undetermined","resistant","resistant"
"SPT54459","2018","true","1234","null","Mozambique","MZ","Inhambane","Inhambane","sensitive","sensitive","undetermined","undetermined","resistant","resistant"
"SPT54460","2018","true","1234","null","Mozambique","MZ","Inhambane","Inhambane","sensitive","sensitive","undetermined","undetermined","resistant","resistant"
"SPT54461","2018","true","1234","null","Mozambique","MZ","Inhambane","Inhambane","undetermined","sensitive","undetermined","undetermined","resistant","resistant"
"SPT54462","2018","true","1234","null","Mozambique","MZ","Inhambane","Inhambane","sensitive","sensitive","undetermined","undetermined","resistant","resistant"
"SPT54463","2018","true","1234","null","Mozambique","MZ","Inhambane","Inhambane","sensitive","sensitive","undetermined","undetermined","resistant","resistant"
"SPT54464","2018","true","1234","null","Mozambique","MZ","Inhambane","Inhambane","sensitive","sensitive","undetermined","undetermined","resistant","undetermined"
"SPT54465","2018","true","1234","null","Mozambique","MZ","Inhambane","Inhambane","sensitive","sensitive","undetermined","undetermined","resistant","resistant"
"SPT54466","2018","true","1234","null","Mozambique","MZ","Inhambane","Inhambane","sensitive","sensitive","undetermined","undetermined","resistant","resistant"
"SPT54467","2018","true","1234","null","Mozambique","MZ","Inhambane","Inhambane","sensitive","sensitive","undetermined","undetermined","resistant","resistant"
"SPT54470","2018","true","1234","null","Mozambique","MZ","Inhambane","Inhambane","sensitive","sensitive","undetermined","undetermined","resistant","resistant"
"SPT54471","2019","false","1234","null","Mozambique","MZ","Maputo","Maputo","null","null","null","null","null","null"
"SPT54472","2018","true","1234","null","Mozambique","MZ","Maputo","Maputo","sensitive","sensitive","undetermined","undetermined","resistant","resistant"
"SPT54473","2018","false","1234","null","Mozambique","MZ","Inhambane","Inhambane","null","null","null","null","null","null"
"SPT54474","2018","true","1234","null","Mozambique","MZ","Inhambane","Inhambane","sensitive","sensitive","undetermined","undetermined","resistant","resistant"
"SPT54475","2017","true","1234","null","Mozambique","MZ","Maputo","Maputo","sensitive","sensitive","undetermined","undetermined","resistant","resistant"
"SPT54477","2018","true","1234","null","Mozambique","MZ","Inhambane","Inhambane","sensitive","sensitive","undetermined","undetermined","resistant","resistant"
"SPT54479","2018","true","1234","null","Mozambique","MZ","Inhambane","Inhambane","sensitive","sensitive","sensitive","sensitive","resistant","resistant"
"SPT54480","2018","true","1234","null","Mozambique","MZ","Inhambane","Inhambane","sensitive","sensitive","undetermined","undetermined","resistant","resistant"
"SPT54481","2018","true","1234","null","Mozambique","MZ","Inhambane","Inhambane","sensitive","sensitive","sensitive","undetermined","resistant","resistant"
"SPT54482","2018","true","1234","null","Mozambique","MZ","Inhambane","Inhambane","sensitive","sensitive","sensitive","sensitive","resistant","resistant"
"SPT54483","2018","true","1234","null","Mozambique","MZ","Inhambane","Inhambane","sensitive","sensitive","undetermined","undetermined","resistant","resistant"
"SPT54484","2018","true","1234","null","Mozambique","MZ","Tete","Tete","sensitive","sensitive","undetermined","undetermined","resistant","resistant"
"SPT54486","2018","true","1234","null","Mozambique","MZ","Cabo Delgado","Cabo Delgado","sensitive","sensitive","undetermined","undetermined","resistant","sensitive"
"SPT54487","2018","true","1234","null","Mozambique","MZ","Cabo Delgado","Cabo Delgado","sensitive","sensitive","undetermined","undetermined","resistant","undetermined"
"SPT54488","2018","true","1234","null","Mozambique","MZ","Cabo Delgado","Cabo Delgado","sensitive","sensitive","undetermined","undetermined","resistant","undetermined"
"SPT54489","2018","true","1234","null","Mozambique","MZ","Cabo Delgado","Cabo Delgado","sensitive","sensitive","undetermined","undetermined","resistant","undetermined"
"SPT54490","2018","true","1234","null","Mozambique","MZ","Cabo Delgado","Cabo Delgado","sensitive","sensitive","undetermined","undetermined","resistant","resistant"
"SPT54491","2018","true","1234","null","Mozambique","MZ","Cabo Delgado","Cabo Delgado","sensitive","sensitive","undetermined","undetermined","resistant","resistant"
"SPT54493","2018","false","1234","null","Mozambique","MZ","Cabo Delgado","Cabo Delgado","null","null","null","null","null","null"
"SPT54494","2018","false","1234","null","Mozambique","MZ","Cabo Delgado","Cabo Delgado","null","null","null","null","null","null"
"SPT54495","2018","true","1234","null","Mozambique","MZ","Cabo Delgado","Cabo Delgado","sensitive","sensitive","undetermined","undetermined","resistant","undetermined"
"SPT54496","2018","true","1234","null","Mozambique","MZ","Cabo Delgado","Cabo Delgado","sensitive","sensitive","undetermined","undetermined","resistant","resistant"
"SPT54497","2018","true","1234","null","Mozambique","MZ","Cabo Delgado","Cabo Delgado","undetermined","sensitive","undetermined","undetermined","undetermined","undetermined"
"SPT54498","2018","true","1234","null","Mozambique","MZ","Cabo Delgado","Cabo Delgado","sensitive","sensitive","undetermined","undetermined","resistant","undetermined"
"SPT54499","2018","true","1234","null","Mozambique","MZ","Cabo Delgado","Cabo Delgado","undetermined","sensitive","undetermined","undetermined","resistant","resistant"
"SPT54500","2018","false","1234","null","Mozambique","MZ","Cabo Delgado","Cabo Delgado","null","null","null","null","null","null"
"SPT54501","2018","true","1234","null","Mozambique","MZ","Cabo Delgado","Cabo Delgado","sensitive","sensitive","undetermined","undetermined","resistant","resistant"
"SPT54502","2018","false","1234","null","Mozambique","MZ","Cabo Delgado","Cabo Delgado","null","null","null","null","null","null"
"SPT54503","2018","true","1234","null","Mozambique","MZ","Cabo Delgado","Cabo Delgado","undetermined","sensitive","undetermined","undetermined","resistant","sensitive"
"SPT54504","2018","true","1234","null","Mozambique","MZ","Cabo Delgado","Cabo Delgado","undetermined","sensitive","undetermined","undetermined","resistant","undetermined"
"SPT54505","2018","true","1234","null","Mozambique","MZ","Cabo Delgado","Cabo Delgado","sensitive","sensitive","undetermined","undetermined","resistant","resistant"
"SPT54506","2018","true","1234","null","Mozambique","MZ","Cabo Delgado","Cabo Delgado","sensitive","sensitive","undetermined","undetermined","resistant","undetermined"
"SPT54507","2018","true","1234","null","Mozambique","MZ","Cabo Delgado","Cabo Delgado","undetermined","sensitive","undetermined","undetermined","resistant","resistant"
"SPT54508","2018","true","1234","null","Mozambique","MZ","Cabo Delgado","Cabo Delgado","sensitive","sensitive","undetermined","undetermined","resistant","resistant"
"SPT54510","2018","true","1234","null","Mozambique","MZ","Cabo Delgado","Cabo Delgado","sensitive","sensitive","undetermined","undetermined","resistant","sensitive"
"SPT54511","2018","true","1234","null","Mozambique","MZ","Tete","Tete","sensitive","sensitive","undetermined","undetermined","resistant","resistant"
"SPT54512","2018","true","1234","null","Mozambique","MZ","Cabo Delgado","Cabo Delgado","sensitive","sensitive","undetermined","undetermined","resistant","resistant"
"SPT54513","2018","true","1234","null","Mozambique","MZ","Cabo Delgado","Cabo Delgado","undetermined","sensitive","undetermined","undetermined","resistant","resistant"
"SPT54514","2018","true","1234","null","Mozambique","MZ","Cabo Delgado","Cabo Delgado","undetermined","sensitive","undetermined","undetermined","resistant","resistant"
"SPT54515","2018","false","1234","null","Mozambique","MZ","Tete","Tete","null","null","null","null","null","null"
"SPT54516","2018","true","1234","null","Mozambique","MZ","Cabo Delgado","Cabo Delgado","sensitive","sensitive","undetermined","undetermined","resistant","resistant"
"SPT54517","2018","false","1234","null","Mozambique","MZ","Cabo Delgado","Cabo Delgado","null","null","null","null","null","null"
"SPT54518","2018","true","1234","null","Mozambique","MZ","Cabo Delgado","Cabo Delgado","undetermined","sensitive","undetermined","undetermined","resistant","undetermined"
"SPT54519","2018","true","1234","null","Mozambique","MZ","Cabo Delgado","Cabo Delgado","undetermined","sensitive","undetermined","undetermined","resistant","resistant"
"SPT54520","2018","true","1234","null","Mozambique","MZ","Cabo Delgado","Cabo Delgado","undetermined","sensitive","undetermined","undetermined","resistant","resistant"
"SPT54521","2018","true","1234","null","Mozambique","MZ","Cabo Delgado","Cabo Delgado","undetermined","sensitive","undetermined","undetermined","resistant","resistant"
"SPT54522","2018","true","1234","null","Mozambique","MZ","Cabo Delgado","Cabo Delgado","sensitive","sensitive","undetermined","undetermined","resistant","undetermined"
"SPT54523","2018","true","1234","null","Mozambique","MZ","Cabo Delgado","Cabo Delgado","sensitive","sensitive","undetermined","undetermined","resistant","undetermined"
"SPT54524","2018","true","1234","null","Mozambique","MZ","Cabo Delgado","Cabo Delgado","sensitive","sensitive","undetermined","undetermined","resistant","resistant"
"SPT54525","2018","true","1234","null","Mozambique","MZ","Cabo Delgado","Cabo Delgado","sensitive","sensitive","undetermined","undetermined","resistant","sensitive"
"SPT54526","2018","true","1234","null","Mozambique","MZ","Cabo Delgado","Cabo Delgado","sensitive","sensitive","undetermined","undetermined","resistant","sensitive"
"SPT54527","2018","true","1234","null","Mozambique","MZ","Cabo Delgado","Cabo Delgado","sensitive","sensitive","undetermined","undetermined","resistant","sensitive"
"SPT54528","2018","true","1234","null","Mozambique","MZ","Cabo Delgado","Cabo Delgado","sensitive","sensitive","undetermined","undetermined","resistant","undetermined"
"SPT54529","2018","true","1234","null","Mozambique","MZ","Cabo Delgado","Cabo Delgado","sensitive","sensitive","undetermined","undetermined","resistant","resistant"
"SPT54530","2018","true","1234","null","Mozambique","MZ","Cabo Delgado","Cabo Delgado","sensitive","sensitive","undetermined","undetermined","resistant","undetermined"
"SPT54532","2018","true","1234","null","Mozambique","MZ","Cabo Delgado","Cabo Delgado","undetermined","sensitive","undetermined","undetermined","resistant","resistant"
"SPT54533","2018","false","1234","null","Mozambique","MZ","Tete","Tete","null","null","null","null","null","null"
"SPT54534","2018","true","1234","null","Mozambique","MZ","Cabo Delgado","Cabo Delgado","sensitive","sensitive","undetermined","undetermined","resistant","resistant"
"SPT54535","2018","true","1234","null","Mozambique","MZ","Tete","Tete","sensitive","sensitive","undetermined","undetermined","resistant","sensitive"
"SPT54536","2018","true","1234","null","Mozambique","MZ","Cabo Delgado","Cabo Delgado","undetermined","sensitive","undetermined","undetermined","resistant","resistant"
"SPT54538","2018","true","1234","null","Mozambique","MZ","Cabo Delgado","Cabo Delgado","sensitive","sensitive","undetermined","undetermined","resistant","resistant"
"SPT54539","2018","true","1234","null","Mozambique","MZ","Cabo Delgado","Cabo Delgado","undetermined","sensitive","undetermined","undetermined","resistant","resistant"
"SPT54540","2018","false","1234","null","Mozambique","MZ","Cabo Delgado","Cabo Delgado","null","null","null","null","null","null"
"SPT54541","2018","true","1234","null","Mozambique","MZ","Tete","Tete","undetermined","sensitive","undetermined","undetermined","resistant","resistant"
"SPT54542","2018","true","1234","null","Mozambique","MZ","Tete","Tete","undetermined","sensitive","undetermined","undetermined","resistant","resistant"
"SPT54543","2018","true","1234","null","Mozambique","MZ","Cabo Delgado","Cabo Delgado","sensitive","sensitive","undetermined","undetermined","resistant","resistant"
"SPT54544","2018","true","1234","null","Mozambique","MZ","Tete","Tete","sensitive","sensitive","undetermined","undetermined","resistant","undetermined"
"SPT54545","2018","true","1234","null","Mozambique","MZ","Cabo Delgado","Cabo Delgado","undetermined","sensitive","undetermined","undetermined","resistant","resistant"
"SPT54546","2018","true","1234","null","Mozambique","MZ","Tete","Tete","sensitive","sensitive","undetermined","undetermined","resistant","resistant"
"SPT54547","2018","true","1234","null","Mozambique","MZ","Tete","Tete","sensitive","sensitive","undetermined","undetermined","resistant","resistant"
"SPT54548","2018","true","1234","null","Mozambique","MZ","Cabo Delgado","Cabo Delgado","sensitive","sensitive","undetermined","undetermined","resistant","resistant"
"SPT54549","2018","false","1234","null","Mozambique","MZ","Tete","Tete","null","null","null","null","null","null"
"SPT54550","2018","true","1234","null","Mozambique","MZ","Tete","Tete","sensitive","sensitive","undetermined","undetermined","resistant","resistant"
"SPT54551","2018","true","1234","null","Mozambique","MZ","Tete","Tete","sensitive","sensitive","undetermined","undetermined","resistant","resistant"
"SPT54552","2018","true","1234","null","Mozambique","MZ","Tete","Tete","sensitive","sensitive","undetermined","undetermined","resistant","resistant"
"SPT54553","2018","true","1234","null","Mozambique","MZ","Tete","Tete","sensitive","sensitive","undetermined","undetermined","resistant","resistant"
"SPT54554","2018","true","1234","null","Mozambique","MZ","Tete","Tete","undetermined","sensitive","undetermined","undetermined","resistant","resistant"
"SPT54555","2018","true","1234","null","Mozambique","MZ","Tete","Tete","sensitive","sensitive","undetermined","undetermined","resistant","resistant"
"SPT54556","2018","true","1234","null","Mozambique","MZ","Tete","Tete","sensitive","sensitive","undetermined","undetermined","resistant","resistant"
"SPT54557","2018","false","1234","null","Mozambique","MZ","Tete","Tete","null","null","null","null","null","null"
"SPT54558","2018","true","1234","null","Mozambique","MZ","Tete","Tete","sensitive","sensitive","undetermined","undetermined","resistant","resistant"
"SPT54559","2018","true","1234","null","Mozambique","MZ","Tete","Tete","sensitive","sensitive","undetermined","undetermined","resistant","resistant"
"SPT54560","2018","true","1234","null","Mozambique","MZ","Tete","Tete","sensitive","sensitive","undetermined","undetermined","resistant","resistant"
"SPT54561","2018","true","1234","null","Mozambique","MZ","Tete","Tete","sensitive","sensitive","undetermined","undetermined","resistant","resistant"
"SPT54570","2018","true","1234","null","Mozambique","MZ","Tete","Tete","sensitive","sensitive","undetermined","undetermined","resistant","resistant"
"SPT54573","2018","true","1234","null","Mozambique","MZ","Tete","Tete","sensitive","sensitive","undetermined","undetermined","resistant","resistant"
"SPT54576","2018","true","1234","null","Mozambique","MZ","Tete","Tete","sensitive","sensitive","undetermined","sensitive","resistant","resistant"
"SPT54578","2018","true","1234","null","Mozambique","MZ","Tete","Tete","sensitive","sensitive","undetermined","undetermined","resistant","resistant"
"SPT54579","2018","true","1234","null","Mozambique","MZ","Tete","Tete","sensitive","sensitive","undetermined","undetermined","resistant","resistant"
"SPT54580","2018","true","1234","null","Mozambique","MZ","Tete","Tete","sensitive","sensitive","sensitive","sensitive","resistant","resistant"
"SPT54589","2018","true","1234","null","Mozambique","MZ","Zambezia","Zambezia","sensitive","sensitive","undetermined","undetermined","resistant","resistant"
"SPT54590","2018","true","1234","null","Mozambique","MZ","Zambezia","Zambezia","undetermined","sensitive","undetermined","undetermined","resistant","resistant"
"SPT54605","2018","true","1234","null","Mozambique","MZ","Zambezia","Zambezia","undetermined","sensitive","undetermined","undetermined","sensitive","undetermined"
"SPT54607","2018","true","1234","null","Mozambique","MZ","Zambezia","Zambezia","sensitive","sensitive","undetermined","sensitive","resistant","resistant"
"SPT54608","2018","false","1234","null","Mozambique","MZ","Zambezia","Zambezia","null","null","null","null","null","null"
"SPT54609","2018","true","1234","null","Mozambique","MZ","Zambezia","Zambezia","sensitive","sensitive","undetermined","undetermined","resistant","sensitive"
"SPT54610","2018","true","1234","null","Mozambique","MZ","Zambezia","Zambezia","undetermined","sensitive","undetermined","undetermined","resistant","resistant"
"SPT54612","2018","true","1234","null","Mozambique","MZ","Zambezia","Zambezia","sensitive","sensitive","undetermined","undetermined","resistant","sensitive"
"SPT54613","2018","false","1234","null","Mozambique","MZ","Zambezia","Zambezia","null","null","null","null","null","null"
"SPT54614","2018","true","1234","null","Mozambique","MZ","Zambezia","Zambezia","undetermined","sensitive","undetermined","undetermined","resistant","sensitive"
"SPT54615","2018","true","1234","null","Mozambique","MZ","Zambezia","Zambezia","sensitive","sensitive","undetermined","undetermined","resistant","resistant"
"SPT54618","2018","true","1234","null","Mozambique","MZ","Tete","Tete","undetermined","sensitive","undetermined","undetermined","resistant","resistant"
"SPT54619","2018","true","1234","null","Mozambique","MZ","Tete","Tete","sensitive","sensitive","undetermined","undetermined","resistant","resistant"
"SPT54620","2018","true","1234","null","Mozambique","MZ","Zambezia","Zambezia","sensitive","sensitive","undetermined","undetermined","resistant","resistant"
"SPT54621","2018","true","1234","null","Mozambique","MZ","Zambezia","Zambezia","undetermined","sensitive","undetermined","undetermined","resistant","sensitive"
"SPT54622","2018","false","1234","null","Mozambique","MZ","Zambezia","Zambezia","null","null","null","null","null","null"
"SPT54626","2018","true","1234","null","Mozambique","MZ","Zambezia","Zambezia","sensitive","sensitive","undetermined","undetermined","resistant","resistant"
"SPT54627","2018","false","1234","null","Mozambique","MZ","Tete","Tete","null","null","null","null","null","null"
"SPT54628","2018","true","1234","null","Mozambique","MZ","Zambezia","Zambezia","undetermined","sensitive","undetermined","undetermined","resistant","resistant"
"SPT54631","2018","true","1234","null","Mozambique","MZ","Zambezia","Zambezia","undetermined","sensitive","undetermined","undetermined","resistant","sensitive"
"SPT54632","2018","true","1234","null","Mozambique","MZ","Tete","Tete","sensitive","sensitive","undetermined","undetermined","resistant","resistant"
"SPT54633","2018","true","1234","null","Mozambique","MZ","Tete","Tete","sensitive","sensitive","undetermined","undetermined","resistant","resistant"
"SPT54634","2018","true","1234","null","Mozambique","MZ","Tete","Tete","undetermined","sensitive","undetermined","undetermined","resistant","resistant"
"SPT54635","2018","true","1234","null","Mozambique","MZ","Tete","Tete","sensitive","sensitive","undetermined","undetermined","resistant","resistant"
"SPT54636","2018","true","1234","null","Mozambique","MZ","Tete","Tete","undetermined","sensitive","undetermined","undetermined","resistant","resistant"
"SPT54638","2018","true","1234","null","Mozambique","MZ","Zambezia","Zambezia","sensitive","sensitive","sensitive","sensitive","resistant","resistant"
"SPT54639","2018","true","1234","null","Mozambique","MZ","Zambezia","Zambezia","sensitive","sensitive","undetermined","undetermined","resistant","resistant"
"SPT54642","2018","true","1234","null","Mozambique","MZ","Zambezia","Zambezia","undetermined","sensitive","undetermined","undetermined","resistant","sensitive"
"SPT54643","2018","true","1234","null","Mozambique","MZ","Zambezia","Zambezia","undetermined","sensitive","undetermined","undetermined","resistant","resistant"
"SPT54644","2018","true","1234","null","Mozambique","MZ","Zambezia","Zambezia","undetermined","sensitive","undetermined","undetermined","resistant","sensitive"
"SPT54649","2018","true","1234","null","Mozambique","MZ","Zambezia","Zambezia","sensitive","sensitive","undetermined","undetermined","resistant","resistant"
"SPT54650","2018","true","1234","null","Mozambique","MZ","Tete","Tete","sensitive","sensitive","undetermined","undetermined","resistant","resistant"
"SPT54654","2018","true","1234","null","Mozambique","MZ","Tete","Tete","sensitive","sensitive","undetermined","undetermined","resistant","resistant"
"SPT54656","2018","true","1234","null","Mozambique","MZ","Tete","Tete","undetermined","sensitive","undetermined","undetermined","resistant","resistant"
"SPT54657","2018","true","1234","null","Mozambique","MZ","Tete","Tete","undetermined","sensitive","undetermined","undetermined","resistant","resistant"
"SPT54658","2018","true","1234","null","Mozambique","MZ","Tete","Tete","undetermined","sensitive","undetermined","undetermined","resistant","resistant"
"SPT54659","2018","true","1234","null","Mozambique","MZ","Zambezia","Zambezia","sensitive","sensitive","undetermined","sensitive","resistant","undetermined"
"SPT54660","2018","true","1234","null","Mozambique","MZ","Tete","Tete","undetermined","sensitive","undetermined","undetermined","resistant","sensitive"
"SPT54661","2018","true","1234","null","Mozambique","MZ","Zambezia","Zambezia","sensitive","sensitive","undetermined","sensitive","resistant","resistant"
"SPT54662","2018","true","1234","null","Mozambique","MZ","Tete","Tete","sensitive","sensitive","undetermined","undetermined","resistant","sensitive"
"SPT54663","2018","true","1234","null","Mozambique","MZ","Tete","Tete","sensitive","sensitive","undetermined","undetermined","resistant","resistant"
"SPT54664","2018","true","1234","null","Mozambique","MZ","Zambezia","Zambezia","sensitive","sensitive","undetermined","undetermined","resistant","resistant"
"SPT54665","2018","true","1234","null","Mozambique","MZ","Tete","Tete","sensitive","sensitive","undetermined","sensitive","resistant","sensitive"
"SPT54666","2018","true","1234","null","Mozambique","MZ","Tete","Tete","sensitive","sensitive","undetermined","undetermined","resistant","resistant"
"SPT54667","2018","true","1234","null","Mozambique","MZ","Zambezia","Zambezia","sensitive","sensitive","sensitive","sensitive","resistant","resistant"
"SPT54668","2018","true","1234","null","Mozambique","MZ","Zambezia","Zambezia","sensitive","sensitive","undetermined","undetermined","resistant","resistant"
"SPT54669","2018","true","1234","null","Mozambique","MZ","Zambezia","Zambezia","sensitive","sensitive","undetermined","sensitive","resistant","resistant"
"SPT54672","2018","true","1234","null","Mozambique","MZ","Tete","Tete","sensitive","sensitive","undetermined","undetermined","resistant","resistant"
"SPT54673","2018","true","1234","null","Mozambique","MZ","Tete","Tete","sensitive","sensitive","undetermined","undetermined","resistant","resistant"
"SPT54674","2018","true","1234","null","Mozambique","MZ","Tete","Tete","sensitive","sensitive","undetermined","undetermined","resistant","resistant"
"SPT54675","2019","true","1234","null","Mozambique","MZ","Tete","Tete","sensitive","sensitive","undetermined","undetermined","resistant","resistant"
"SPT54676","2018","true","1234","null","Mozambique","MZ","Tete","Tete","sensitive","sensitive","undetermined","undetermined","resistant","resistant"
"SPT54678","2018","false","1234","null","Mozambique","MZ","Tete","Tete","null","null","null","null","null","null"
"SPT54679","2018","true","1234","null","Mozambique","MZ","Tete","Tete","sensitive","sensitive","undetermined","undetermined","resistant","resistant"
"SPT54681","2018","true","1234","null","Mozambique","MZ","Tete","Tete","sensitive","sensitive","undetermined","undetermined","resistant","resistant"
"SPT54682","2018","true","1234","null","Mozambique","MZ","Tete","Tete","sensitive","sensitive","undetermined","undetermined","resistant","resistant"
"SPT54683","2018","true","1234","null","Mozambique","MZ","Tete","Tete","sensitive","sensitive","undetermined","undetermined","resistant","resistant"
"SPT54684","2018","true","1234","null","Mozambique","MZ","Inhambane","Inhambane","sensitive","sensitive","undetermined","undetermined","resistant","resistant"
"SPT54685","2018","true","1234","null","Mozambique","MZ","Inhambane","Inhambane","sensitive","sensitive","undetermined","undetermined","resistant","resistant"
"SPT54687","2018","true","1234","null","Mozambique","MZ","Inhambane","Inhambane","undetermined","sensitive","undetermined","undetermined","resistant","sensitive"
"SPT54689","2018","true","1234","null","Mozambique","MZ","Zambezia","Zambezia","sensitive","sensitive","undetermined","undetermined","resistant","resistant"
"SPT54690","2018","true","1234","null","Mozambique","MZ","Inhambane","Inhambane","sensitive","sensitive","undetermined","undetermined","resistant","resistant"
"SPT54692","2018","true","1234","null","Mozambique","MZ","Zambezia","Zambezia","sensitive","sensitive","undetermined","undetermined","resistant","resistant"
"SPT54693","2018","true","1234","null","Mozambique","MZ","Inhambane","Inhambane","sensitive","sensitive","undetermined","undetermined","resistant","resistant"
"SPT54695","2018","true","1234","null","Mozambique","MZ","Zambezia","Zambezia","sensitive","sensitive","undetermined","undetermined","resistant","resistant"
"SPT54696","2018","true","1234","null","Mozambique","MZ","Zambezia","Zambezia","undetermined","sensitive","undetermined","undetermined","resistant","undetermined"
"SPT54697","2018","true","1234","null","Mozambique","MZ","Zambezia","Zambezia","sensitive","sensitive","undetermined","undetermined","resistant","resistant"
"SPT54698","2018","true","1234","null","Mozambique","MZ","Zambezia","Zambezia","sensitive","sensitive","undetermined","undetermined","resistant","undetermined"
"SPT54699","2018","true","1234","null","Mozambique","MZ","Zambezia","Zambezia","sensitive","sensitive","undetermined","undetermined","resistant","sensitive"
"SPT54700","2018","true","1234","null","Mozambique","MZ","Zambezia","Zambezia","sensitive","sensitive","undetermined","undetermined","resistant","undetermined"
"SPT54701","2018","true","1234","null","Mozambique","MZ","Zambezia","Zambezia","undetermined","sensitive","undetermined","undetermined","resistant","sensitive"
"SPT54702","2018","true","1234","null","Mozambique","MZ","Zambezia","Zambezia","sensitive","sensitive","undetermined","undetermined","resistant","resistant"
"SPT54704","2018","true","1234","null","Mozambique","MZ","Zambezia","Zambezia","sensitive","sensitive","undetermined","undetermined","resistant","resistant"
"SPT54705","2018","true","1234","null","Mozambique","MZ","Zambezia","Zambezia","undetermined","sensitive","undetermined","undetermined","undetermined","undetermined"
"SPT54706","2018","true","1234","null","Mozambique","MZ","Zambezia","Zambezia","sensitive","sensitive","undetermined","undetermined","resistant","resistant"
"SPT54707","2018","true","1234","null","Mozambique","MZ","Inhambane","Inhambane","undetermined","sensitive","undetermined","undetermined","resistant","undetermined"
"SPT54708","2018","true","1234","null","Mozambique","MZ","Zambezia","Zambezia","sensitive","sensitive","undetermined","undetermined","resistant","resistant"
"SPT54710","2018","true","1234","null","Mozambique","MZ","Zambezia","Zambezia","sensitive","sensitive","undetermined","undetermined","resistant","resistant"
"SPT54711","2018","true","1234","null","Mozambique","MZ","Zambezia","Zambezia","sensitive","sensitive","undetermined","undetermined","resistant","resistant"
"SPT54712","2018","true","1234","null","Mozambique","MZ","Inhambane","Inhambane","sensitive","sensitive","undetermined","undetermined","resistant","resistant"
"SPT54713","2018","true","1234","null","Mozambique","MZ","Inhambane","Inhambane","sensitive","sensitive","undetermined","undetermined","resistant","resistant"
"SPT54715","2018","true","1234","null","Mozambique","MZ","Inhambane","Inhambane","sensitive","sensitive","undetermined","undetermined","resistant","resistant"
"SPT54717","2018","true","1234","null","Mozambique","MZ","Zambezia","Zambezia","sensitive","undetermined","undetermined","undetermined","resistant","sensitive"
"SPT54718","2018","true","1234","null","Mozambique","MZ","Zambezia","Zambezia","sensitive","sensitive","undetermined","undetermined","resistant","sensitive"
"SPT54719","2018","true","1234","null","Mozambique","MZ","Zambezia","Zambezia","sensitive","sensitive","undetermined","undetermined","resistant","resistant"
"SPT54721","2018","false","1234","null","Mozambique","MZ","Zambezia","Zambezia","null","null","null","null","null","null"
"SPT54722","2018","true","1234","null","Mozambique","MZ","Zambezia","Zambezia","sensitive","sensitive","undetermined","undetermined","resistant","resistant"
"SPT54723","2018","true","1234","null","Mozambique","MZ","Zambezia","Zambezia","undetermined","sensitive","undetermined","undetermined","resistant","resistant"
"SPT54724","2018","true","1234","null","Mozambique","MZ","Zambezia","Zambezia","sensitive","sensitive","undetermined","undetermined","resistant","resistant"
"SPT54725","2018","true","1234","null","Mozambique","MZ","Zambezia","Zambezia","sensitive","sensitive","undetermined","undetermined","resistant","sensitive"
"SPT54726","2018","true","1234","null","Mozambique","MZ","Zambezia","Zambezia","sensitive","sensitive","undetermined","undetermined","resistant","resistant"
"SPT54727","2018","true","1234","null","Mozambique","MZ","Zambezia","Zambezia","sensitive","sensitive","undetermined","undetermined","resistant","resistant"
"SPT54728","2018","true","1234","null","Mozambique","MZ","Zambezia","Zambezia","sensitive","sensitive","undetermined","undetermined","resistant","resistant"
"SPT54729","2018","true","1234","null","Mozambique","MZ","Zambezia","Zambezia","sensitive","sensitive","undetermined","undetermined","resistant","sensitive"
"SPT54730","2018","true","1234","null","Mozambique","MZ","Zambezia","Zambezia","sensitive","sensitive","undetermined","undetermined","resistant","undetermined"
"SPT54732","2018","true","1234","null","Mozambique","MZ","Zambezia","Zambezia","sensitive","sensitive","undetermined","undetermined","resistant","resistant"
"SPT54733","2018","true","1234","null","Mozambique","MZ","Zambezia","Zambezia","sensitive","sensitive","undetermined","undetermined","resistant","resistant"
"SPT54735","2018","true","1234","null","Mozambique","MZ","Zambezia","Zambezia","sensitive","sensitive","undetermined","undetermined","resistant","resistant"
"SPT54736","2018","true","1234","null","Mozambique","MZ","Zambezia","Zambezia","sensitive","sensitive","undetermined","undetermined","resistant","resistant"
"SPT54737","2018","true","1234","null","Mozambique","MZ","Zambezia","Zambezia","sensitive","sensitive","undetermined","undetermined","resistant","sensitive"
"SPT54738","2018","true","1234","null","Mozambique","MZ","Zambezia","Zambezia","undetermined","sensitive","undetermined","undetermined","resistant","resistant"
"SPT54740","2018","true","1234","null","Mozambique","MZ","Zambezia","Zambezia","sensitive","sensitive","undetermined","undetermined","resistant","sensitive"
"SPT54741","2018","true","1234","null","Mozambique","MZ","Zambezia","Zambezia","sensitive","sensitive","undetermined","undetermined","resistant","resistant"
"SPT54743","2018","true","1234","null","Mozambique","MZ","Zambezia","Zambezia","sensitive","sensitive","undetermined","undetermined","resistant","resistant"
"SPT54744","2018","true","1234","null","Mozambique","MZ","Zambezia","Zambezia","sensitive","sensitive","undetermined","undetermined","resistant","sensitive"
"SPT54746","2018","true","1234","null","Mozambique","MZ","Inhambane","Inhambane","undetermined","sensitive","undetermined","undetermined","resistant","resistant"
"SPT54747","2018","true","1234","null","Mozambique","MZ","Zambezia","Zambezia","sensitive","sensitive","undetermined","undetermined","resistant","resistant"
"SPT54749","2018","true","1234","null","Mozambique","MZ","Zambezia","Zambezia","sensitive","sensitive","undetermined","undetermined","resistant","sensitive"
"SPT54750","2018","true","1234","null","Mozambique","MZ","Inhambane","Inhambane","sensitive","sensitive","undetermined","sensitive","resistant","undetermined"
"SPT54752","2018","true","1234","null","Mozambique","MZ","Zambezia","Zambezia","sensitive","sensitive","undetermined","undetermined","resistant","sensitive"
"SPT54753","2018","true","1234","null","Mozambique","MZ","Zambezia","Zambezia","sensitive","sensitive","undetermined","undetermined","resistant","resistant"
"SPT54754","2018","true","1234","null","Mozambique","MZ","Zambezia","Zambezia","sensitive","sensitive","undetermined","undetermined","resistant","resistant"
"SPT54755","2018","true","1234","null","Mozambique","MZ","Zambezia","Zambezia","undetermined","sensitive","undetermined","undetermined","resistant","sensitive"
"SPT54757","2018","true","1234","null","Mozambique","MZ","Zambezia","Zambezia","sensitive","sensitive","undetermined","undetermined","resistant","resistant"
"SPT54759","2018","true","1234","null","Mozambique","MZ","Zambezia","Zambezia","sensitive","sensitive","undetermined","undetermined","resistant","resistant"
"SPT54762","2018","true","1234","null","Mozambique","MZ","Zambezia","Zambezia","sensitive","sensitive","undetermined","undetermined","resistant","resistant"
"SPT54763","2018","true","1234","null","Mozambique","MZ","Zambezia","Zambezia","sensitive","sensitive","sensitive","sensitive","resistant","resistant"
"SPT54764","2018","true","1234","null","Mozambique","MZ","Inhambane","Inhambane","sensitive","sensitive","sensitive","undetermined","resistant","resistant"
"SPT54766","2018","true","1234","null","Mozambique","MZ","Inhambane","Inhambane","sensitive","sensitive","undetermined","undetermined","resistant","undetermined"
"SPT54767","2018","true","1234","null","Mozambique","MZ","Zambezia","Zambezia","sensitive","sensitive","undetermined","sensitive","resistant","resistant"
"SPT54769","2018","false","1234","null","Mozambique","MZ","Zambezia","Zambezia","null","null","null","null","null","null"
"SPT54770","2018","true","1234","null","Mozambique","MZ","Zambezia","Zambezia","sensitive","sensitive","undetermined","undetermined","resistant","resistant"
"SPT54771","2018","true","1234","null","Mozambique","MZ","Zambezia","Zambezia","sensitive","sensitive","undetermined","undetermined","resistant","resistant"
"SPT54775","2018","true","1234","null","Mozambique","MZ","Zambezia","Zambezia","sensitive","sensitive","undetermined","undetermined","resistant","undetermined"
"SPT54776","2018","true","1234","null","Mozambique","MZ","Zambezia","Zambezia","sensitive","sensitive","undetermined","undetermined","resistant","resistant"
"SPT54777","2018","false","1234","null","Mozambique","MZ","Zambezia","Zambezia","null","null","null","null","null","null"
"SPT54778","2018","true","1234","null","Mozambique","MZ","Zambezia","Zambezia","sensitive","sensitive","undetermined","undetermined","resistant","resistant"
"SPT54779","2018","true","1234","null","Mozambique","MZ","Zambezia","Zambezia","sensitive","sensitive","undetermined","undetermined","resistant","sensitive"
"SPT54780","2018","true","1234","null","Mozambique","MZ","Zambezia","Zambezia","undetermined","sensitive","undetermined","undetermined","resistant","undetermined"
"SPT54782","2018","true","1234","null","Mozambique","MZ","Inhambane","Inhambane","sensitive","sensitive","undetermined","undetermined","resistant","sensitive"
"SPT54784","2018","true","1234","null","Mozambique","MZ","Inhambane","Inhambane","sensitive","sensitive","undetermined","undetermined","resistant","resistant"
"SPT54785","2018","true","1234","null","Mozambique","MZ","Inhambane","Inhambane","sensitive","sensitive","undetermined","undetermined","resistant","resistant"
"SPT54786","2018","false","1234","null","Mozambique","MZ","Inhambane","Inhambane","null","null","null","null","null","null"
"SPT54788","2018","false","1234","null","Mozambique","MZ","Inhambane","Inhambane","null","null","null","null","null","null"
"SPT54793","2018","true","1234","null","Mozambique","MZ","Inhambane","Inhambane","sensitive","sensitive","undetermined","undetermined","resistant","resistant"
"SPT54794","2018","false","1234","null","Mozambique","MZ","Inhambane","Inhambane","null","null","null","null","null","null"
"SPT54795","2018","true","1234","null","Mozambique","MZ","Inhambane","Inhambane","sensitive","sensitive","undetermined","undetermined","resistant","resistant"
"SPT54796","2018","true","1234","null","Mozambique","MZ","Inhambane","Inhambane","sensitive","sensitive","undetermined","undetermined","resistant","resistant"
"SPT54797","2018","true","1234","null","Mozambique","MZ","Inhambane","Inhambane","sensitive","sensitive","undetermined","undetermined","resistant","resistant"
"SPT54800","2018","false","1234","null","Mozambique","MZ","Inhambane","Inhambane","null","null","null","null","null","null"
"SPT54801","2018","false","1234","null","Mozambique","MZ","Inhambane","Inhambane","null","null","null","null","null","null"
"SPT54804","2018","true","1234","null","Mozambique","MZ","Inhambane","Inhambane","sensitive","sensitive","undetermined","undetermined","resistant","resistant"
"SPT54808","2018","false","1234","null","Mozambique","MZ","Inhambane","Inhambane","null","null","null","null","null","null"
"SPT54809","2018","true","1234","null","Mozambique","MZ","Inhambane","Inhambane","undetermined","sensitive","undetermined","undetermined","resistant","resistant"
"SPT54810","2018","false","1234","null","Mozambique","MZ","Inhambane","Inhambane","null","null","null","null","null","null"
"SPT54811","2018","false","1234","null","Mozambique","MZ","Inhambane","Inhambane","null","null","null","null","null","null"
"SPT54812","2018","true","1234","null","Mozambique","MZ","Inhambane","Inhambane","sensitive","sensitive","undetermined","undetermined","resistant","resistant"
"SPT54817","2018","true","1234","null","Mozambique","MZ","Inhambane","Inhambane","sensitive","sensitive","undetermined","undetermined","resistant","resistant"
"SPT54818","2018","false","1234","null","Mozambique","MZ","Inhambane","Inhambane","null","null","null","null","null","null"
"SPT54819","2018","true","1234","null","Mozambique","MZ","Inhambane","Inhambane","sensitive","sensitive","undetermined","undetermined","resistant","resistant"
"SPT54822","2018","true","1234","null","Mozambique","MZ","Inhambane","Inhambane","sensitive","sensitive","undetermined","undetermined","resistant","resistant"
"SPT54823","2018","false","1234","null","Mozambique","MZ","Inhambane","Inhambane","null","null","null","null","null","null"
"SPT54825","2018","true","1234","null","Mozambique","MZ","Inhambane","Inhambane","sensitive","sensitive","undetermined","undetermined","resistant","resistant"
"SPT54826","2018","true","1234","null","Mozambique","MZ","Inhambane","Inhambane","sensitive","sensitive","undetermined","undetermined","resistant","resistant"
"SPT54827","2018","true","1234","null","Mozambique","MZ","Inhambane","Inhambane","sensitive","sensitive","undetermined","undetermined","resistant","resistant"
"SPT54832","2018","true","1234","null","Mozambique","MZ","Inhambane","Inhambane","sensitive","sensitive","undetermined","undetermined","resistant","resistant"
"SPT54833","2018","true","1234","null","Mozambique","MZ","Inhambane","Inhambane","sensitive","sensitive","undetermined","undetermined","resistant","resistant"
"SPT54834","2018","false","1234","null","Mozambique","MZ","Inhambane","Inhambane","null","null","null","null","null","null"
"SPT54836","2018","false","1234","null","Mozambique","MZ","Inhambane","Inhambane","null","null","null","null","null","null"
"SPT54837","2018","false","1234","null","Mozambique","MZ","Inhambane","Inhambane","null","null","null","null","null","null"
"SPT54840","2018","true","1234","null","Mozambique","MZ","Inhambane","Inhambane","undetermined","sensitive","undetermined","undetermined","resistant","resistant"
"SPT54845","2018","true","1234","null","Mozambique","MZ","Inhambane","Inhambane","sensitive","sensitive","undetermined","undetermined","resistant","resistant"
"SPT54848","2018","true","1234","null","Mozambique","MZ","Inhambane","Inhambane","sensitive","sensitive","undetermined","undetermined","resistant","resistant"
"SPT54852","2018","false","1234","null","Mozambique","MZ","Inhambane","Inhambane","null","null","null","null","null","null"
"SPT54855","2018","true","1234","null","Mozambique","MZ","Inhambane","Inhambane","sensitive","sensitive","undetermined","undetermined","resistant","resistant"
"SPT54856","2018","true","1234","null","Mozambique","MZ","Inhambane","Inhambane","sensitive","sensitive","sensitive","undetermined","resistant","resistant"
"SPT54857","2018","true","1234","null","Mozambique","MZ","Inhambane","Inhambane","sensitive","sensitive","undetermined","undetermined","resistant","resistant"
"SPT54858","2018","true","1234","null","Mozambique","MZ","Inhambane","Inhambane","sensitive","sensitive","undetermined","undetermined","resistant","resistant"
"SPT54860","2018","true","1234","null","Mozambique","MZ","Inhambane","Inhambane","sensitive","sensitive","undetermined","sensitive","resistant","resistant"
"SPT54861","2018","true","1234","null","Mozambique","MZ","Inhambane","Inhambane","sensitive","sensitive","undetermined","sensitive","resistant","resistant"
"SPT54863","2018","true","1234","null","Mozambique","MZ","Inhambane","Inhambane","sensitive","sensitive","undetermined","undetermined","sensitive","resistant"
"SPT54865","2017","false","1234","null","Mozambique","MZ","Inhambane","Inhambane","null","null","null","null","null","null"
"SPT54872","2018","true","1234","null","Mozambique","MZ","Inhambane","Inhambane","sensitive","sensitive","undetermined","undetermined","resistant","resistant"
"SPT54873","2018","true","1234","null","Mozambique","MZ","Inhambane","Inhambane","sensitive","sensitive","undetermined","undetermined","resistant","resistant"
"SPT54874","2018","true","1234","null","Mozambique","MZ","Inhambane","Inhambane","sensitive","sensitive","undetermined","undetermined","resistant","resistant"
"SPT54877","2018","true","1234","null","Mozambique","MZ","Inhambane","Inhambane","undetermined","sensitive","undetermined","undetermined","resistant","resistant"
"SPT54879","2018","false","1234","null","Mozambique","MZ","Inhambane","Inhambane","null","null","null","null","null","null"
"SPT54882","2017","true","1234","null","Mozambique","MZ","Maputo","Maputo","undetermined","sensitive","undetermined","undetermined","resistant","resistant"
"SPT54888","2018","true","1234","null","Mozambique","MZ","Maputo","Maputo","undetermined","sensitive","undetermined","undetermined","undetermined","sensitive"
"SPT54895","2018","false","1234","null","Mozambique","MZ","Maputo","Maputo","null","null","null","null","null","null"
"SPT54897","2019","false","1234","null","Mozambique","MZ","Maputo","Maputo","null","null","null","null","null","null"
"SPT54898","2019","false","1234","null","Mozambique","MZ","Maputo","Maputo","null","null","null","null","null","null"
"SPT54919","2019","true","1234","null","Mozambique","MZ","Maputo","Maputo","sensitive","sensitive","undetermined","undetermined","resistant","resistant"
"SPT54920","2019","true","1234","null","Mozambique","MZ","Maputo","Maputo","sensitive","sensitive","undetermined","undetermined","resistant","resistant"
"SPT54929","2017","false","1234","null","Mozambique","MZ","Maputo","Maputo","null","null","null","null","null","null"
"SPT54930","2019","true","1234","null","Mozambique","MZ","Maputo","Maputo","undetermined","sensitive","undetermined","undetermined","resistant","resistant"
"SPT54939","2018","false","1234","null","Mozambique","MZ","Maputo","Maputo","null","null","null","null","null","null"
"SPT54943","2019","true","1234","null","Mozambique","MZ","Maputo","Maputo","sensitive","sensitive","undetermined","undetermined","resistant","resistant"
"SPT54954","2019","true","1234","null","Mozambique","MZ","Maputo","Maputo","sensitive","sensitive","undetermined","undetermined","resistant","resistant"
"SPT54955","2019","true","1234","null","Mozambique","MZ","Maputo","Maputo","sensitive","sensitive","undetermined","undetermined","resistant","resistant"
"SPT54959","2019","true","1234","null","Mozambique","MZ","Maputo","Maputo","undetermined","undetermined","undetermined","undetermined","undetermined","resistant"
"SPT54961","2019","true","1234","null","Mozambique","MZ","Maputo","Maputo","sensitive","sensitive","undetermined","undetermined","resistant","resistant"
"SPT54971","2018","true","1234","null","Mozambique","MZ","Maputo","Maputo","undetermined","sensitive","undetermined","undetermined","resistant","resistant"
"SPT54981","2016","false","1234","null","Mozambique","MZ","Maputo","Maputo","null","null","null","null","null","null"
"SPT54991","2015","false","1234","null","Mozambique","MZ","Maputo","Maputo","null","null","null","null","null","null"
"SPT55064","2016","false","1234","null","Mozambique","MZ","Maputo","Maputo","null","null","null","null","null","null"
"SPT55093","2015","false","1234","null","Mozambique","MZ","Maputo","Maputo","null","null","null","null","null","null"
"SPT55111","2015","false","1234","null","Mozambique","MZ","Maputo","Maputo","null","null","null","null","null","null"
"SPT55112","2015","false","1234","null","Mozambique","MZ","Maputo","Maputo","null","null","null","null","null","null"
"SPT55113","2015","true","1234","null","Mozambique","MZ","Maputo","Maputo","sensitive","sensitive","undetermined","undetermined","resistant","resistant"
"SPT55125","2015","true","1234","null","Mozambique","MZ","Maputo","Maputo","sensitive","sensitive","undetermined","undetermined","resistant","resistant"
"SPT55147","2015","true","1234","null","Mozambique","MZ","Maputo","Maputo","sensitive","sensitive","undetermined","undetermined","undetermined","resistant"
"SPT55178","2015","false","1234","null","Mozambique","MZ","Maputo","Maputo","null","null","null","null","null","null"
"SPT55233","2015","true","1234","null","Mozambique","MZ","Maputo","Maputo","sensitive","sensitive","undetermined","undetermined","resistant","resistant"
"SPT55255","2015","false","1234","null","Mozambique","MZ","Maputo","Maputo","null","null","null","null","null","null"
"SPT55256","2015","false","1234","null","Mozambique","MZ","Maputo","Maputo","null","null","null","null","null","null"
"SPT55328","2015","true","1234","null","Mozambique","MZ","Maputo","Maputo","sensitive","sensitive","undetermined","undetermined","resistant","undetermined"
"SPT55389","2016","false","1234","null","Mozambique","MZ","Maputo","Maputo","null","null","null","null","null","null"
"SPT55419","2018","true","1234","null","Mozambique","MZ","Cabo Delgado","Cabo Delgado","sensitive","sensitive","undetermined","sensitive","resistant","undetermined"
"SPT55421","2018","true","1234","null","Mozambique","MZ","Cabo Delgado","Cabo Delgado","sensitive","sensitive","undetermined","undetermined","resistant","resistant"
"SPT55424","2018","true","1234","null","Mozambique","MZ","Tete","Tete","sensitive","sensitive","sensitive","sensitive","resistant","resistant"
"SPT55429","2018","true","1234","null","Mozambique","MZ","Zambezia","Zambezia","undetermined","sensitive","undetermined","undetermined","resistant","resistant"
"SPT55431","2018","true","1234","null","Mozambique","MZ","Cabo Delgado","Cabo Delgado","sensitive","sensitive","sensitive","undetermined","resistant","resistant"
"SPT55434","2018","true","1234","null","Mozambique","MZ","Cabo Delgado","Cabo Delgado","sensitive","sensitive","undetermined","undetermined","resistant","resistant"
"SPT55435","2018","false","1234","null","Mozambique","MZ","Cabo Delgado","Cabo Delgado","null","null","null","null","null","null"
"SPT55436","2018","true","1234","null","Mozambique","MZ","Cabo Delgado","Cabo Delgado","sensitive","sensitive","undetermined","undetermined","resistant","resistant"
"SPT55438","2018","false","1234","null","Mozambique","MZ","Cabo Delgado","Cabo Delgado","null","null","null","null","null","null"
"SPT55440","2018","true","1234","null","Mozambique","MZ","Cabo Delgado","Cabo Delgado","sensitive","sensitive","undetermined","undetermined","resistant","resistant"
"SPT55443","2018","true","1234","null","Mozambique","MZ","Cabo Delgado","Cabo Delgado","sensitive","sensitive","undetermined","undetermined","resistant","resistant"
"SPT55445","2018","true","1234","null","Mozambique","MZ","Cabo Delgado","Cabo Delgado","sensitive","sensitive","undetermined","undetermined","resistant","sensitive"
"SPT55446","2018","true","1234","null","Mozambique","MZ","Cabo Delgado","Cabo Delgado","sensitive","sensitive","undetermined","undetermined","resistant","sensitive"
"SPT55447","2018","true","1234","null","Mozambique","MZ","Cabo Delgado","Cabo Delgado","sensitive","sensitive","undetermined","undetermined","resistant","resistant"
"SPT55451","2018","true","1234","null","Mozambique","MZ","Cabo Delgado","Cabo Delgado","sensitive","sensitive","undetermined","undetermined","resistant","resistant"
"SPT55452","2018","false","1234","null","Mozambique","MZ","Cabo Delgado","Cabo Delgado","null","null","null","null","null","null"
"SPT55453","2018","true","1234","null","Mozambique","MZ","Cabo Delgado","Cabo Delgado","undetermined","sensitive","undetermined","undetermined","resistant","resistant"
"SPT55454","2018","true","1234","null","Mozambique","MZ","Cabo Delgado","Cabo Delgado","undetermined","sensitive","undetermined","undetermined","resistant","resistant"
"SPT55455","2018","false","1234","null","Mozambique","MZ","Cabo Delgado","Cabo Delgado","null","null","null","null","null","null"
"SPT55463","2018","false","1234","null","Mozambique","MZ","Cabo Delgado","Cabo Delgado","null","null","null","null","null","null"
"SPT55468","2018","true","1234","null","Mozambique","MZ","Cabo Delgado","Cabo Delgado","undetermined","sensitive","undetermined","undetermined","resistant","sensitive"
"SPT55469","2018","true","1234","null","Mozambique","MZ","Cabo Delgado","Cabo Delgado","sensitive","sensitive","undetermined","undetermined","resistant","resistant"
"SPT55470","2018","false","1234","null","Mozambique","MZ","Cabo Delgado","Cabo Delgado","null","null","null","null","null","null"
"SPT55472","2018","true","1234","null","Mozambique","MZ","Cabo Delgado","Cabo Delgado","undetermined","sensitive","undetermined","undetermined","resistant","resistant"
"SPT55477","2018","true","1234","null","Mozambique","MZ","Cabo Delgado","Cabo Delgado","undetermined","sensitive","undetermined","undetermined","resistant","resistant"
"SPT55484","2018","true","1234","null","Mozambique","MZ","Cabo Delgado","Cabo Delgado","sensitive","sensitive","undetermined","undetermined","resistant","sensitive"
"SPT55489","2018","true","1234","null","Mozambique","MZ","Tete","Tete","sensitive","sensitive","undetermined","sensitive","sensitive","resistant"
"SPT55490","2018","false","1234","null","Mozambique","MZ","Cabo Delgado","Cabo Delgado","null","null","null","null","null","null"
"SPT55491","2018","false","1234","null","Mozambique","MZ","Cabo Delgado","Cabo Delgado","null","null","null","null","null","null"
"SPT55492","2018","false","1234","null","Mozambique","MZ","Cabo Delgado","Cabo Delgado","null","null","null","null","null","null"
"SPT55494","2018","false","1234","null","Mozambique","MZ","Cabo Delgado","Cabo Delgado","null","null","null","null","null","null"
"SPT55495","2018","true","1234","null","Mozambique","MZ","Tete","Tete","sensitive","sensitive","undetermined","undetermined","resistant","resistant"
"SPT55496","2018","false","1234","null","Mozambique","MZ","Tete","Tete","null","null","null","null","null","null"
"SPT55497","2018","true","1234","null","Mozambique","MZ","Cabo Delgado","Cabo Delgado","sensitive","sensitive","undetermined","undetermined","resistant","resistant"
"SPT55498","2018","true","1234","null","Mozambique","MZ","Cabo Delgado","Cabo Delgado","sensitive","sensitive","undetermined","undetermined","resistant","undetermined"
"SPT55500","2018","true","1234","null","Mozambique","MZ","Cabo Delgado","Cabo Delgado","sensitive","sensitive","sensitive","sensitive","resistant","resistant"
"SPT55501","2018","true","1234","null","Mozambique","MZ","Cabo Delgado","Cabo Delgado","sensitive","sensitive","undetermined","undetermined","resistant","undetermined"
"SPT55502","2018","true","1234","null","Mozambique","MZ","Tete","Tete","sensitive","sensitive","undetermined","undetermined","resistant","resistant"
"SPT55503","2018","false","1234","null","Mozambique","MZ","Cabo Delgado","Cabo Delgado","null","null","null","null","null","null"
"SPT55504","2018","true","1234","null","Mozambique","MZ","Cabo Delgado","Cabo Delgado","sensitive","sensitive","undetermined","undetermined","resistant","undetermined"
"SPT55505","2018","true","1234","null","Mozambique","MZ","Tete","Tete","sensitive","sensitive","undetermined","undetermined","undetermined","sensitive"
"SPT55506","2018","true","1234","null","Mozambique","MZ","Cabo Delgado","Cabo Delgado","sensitive","sensitive","undetermined","undetermined","resistant","resistant"
"SPT55508","2018","true","1234","null","Mozambique","MZ","Tete","Tete","sensitive","sensitive","undetermined","undetermined","resistant","undetermined"
"SPT55516","2018","true","1234","null","Mozambique","MZ","Cabo Delgado","Cabo Delgado","sensitive","sensitive","undetermined","undetermined","resistant","resistant"
"SPT55525","2018","true","1234","null","Mozambique","MZ","Zambezia","Zambezia","sensitive","sensitive","undetermined","undetermined","resistant","resistant"
"SPT55530","2018","true","1234","null","Mozambique","MZ","Maputo","Maputo","undetermined","sensitive","undetermined","undetermined","resistant","sensitive"
"SPT55531","2018","false","1234","null","Mozambique","MZ","Zambezia","Zambezia","null","null","null","null","null","null"
"SPT55532","2018","true","1234","null","Mozambique","MZ","Zambezia","Zambezia","sensitive","sensitive","undetermined","undetermined","resistant","resistant"
"SPT55539","2018","false","1234","null","Mozambique","MZ","Zambezia","Zambezia","null","null","null","null","null","null"
"SPT55545","2018","true","1234","null","Mozambique","MZ","Maputo","Maputo","sensitive","sensitive","undetermined","undetermined","resistant","resistant"
"SPT55558","2018","true","1234","null","Mozambique","MZ","Maputo","Maputo","sensitive","sensitive","undetermined","undetermined","resistant","resistant"
"SPT55564","2019","true","1234","null","Mozambique","MZ","Maputo","Maputo","undetermined","sensitive","undetermined","undetermined","resistant","resistant"
"SPT55567","2018","false","1234","null","Mozambique","MZ","Maputo","Maputo","null","null","null","null","null","null"
"SPT55576","2018","true","1234","null","Mozambique","MZ","Maputo","Maputo","undetermined","sensitive","undetermined","undetermined","resistant","sensitive"
"SPT55583","2018","false","1234","null","Mozambique","MZ","Maputo","Maputo","null","null","null","null","null","null"
"SPT55584","2018","true","1234","null","Mozambique","MZ","Maputo","Maputo","sensitive","sensitive","undetermined","undetermined","resistant","resistant"
"SPT55595","2018","false","1234","null","Mozambique","MZ","Maputo","Maputo","null","null","null","null","null","null"
"SPT55617","2019","false","1234","null","Mozambique","MZ","Maputo","Maputo","null","null","null","null","null","null"
"SPT55647","2019","false","1234","null","Mozambique","MZ","Maputo","Maputo","null","null","null","null","null","null"
"SPT55649","2019","false","1234","null","Mozambique","MZ","Maputo","Maputo","null","null","null","null","null","null"
