sample_id,year,qc_pass,study_id,region,country,country_id,site,site_id,ARTresistant,CQresistant,MQresistant,PPQresistant,PYRresistant,SDXresistant
"QJ0001-C","2011","true","1052","null","Nigeria","NG","Kwara","Kwara","sensitive","resistant","sensitive","sensitive","resistant","resistant"
"QJ0001-Cx","2011","false","1052","null","Nigeria","NG","Kwara","Kwara","null","null","null","null","null","null"
"QJ0002-C","2012","true","1052","null","Nigeria","NG","Kwara","Kwara","sensitive","resistant","sensitive","sensitive","resistant","resistant"
"QJ0002-Cx","2012","false","1052","null","Nigeria","NG","Kwara","Kwara","null","null","null","null","null","null"
"QJ0003-C","2012","true","1052","null","Nigeria","NG","Kwara","Kwara","sensitive","resistant","sensitive","sensitive","resistant","resistant"
"QJ0003-Cx","2012","false","1052","null","Nigeria","NG","Kwara","Kwara","null","null","null","null","null","null"
"QJ0004-C","2012","true","1052","null","Nigeria","NG","Kwara","Kwara","sensitive","resistant","sensitive","sensitive","resistant","resistant"
"QJ0005-C","2012","true","1052","null","Nigeria","NG","Kwara","Kwara","sensitive","sensitive","sensitive","sensitive","resistant","resistant"
"QJ0006-C","2014","true","1103","null","Nigeria","NG","Lagos","Lagos","sensitive","resistant","sensitive","sensitive","resistant","resistant"
"QJ0007-C","2014","true","1103","null","Nigeria","NG","Lagos","Lagos","sensitive","resistant","sensitive","sensitive","resistant","resistant"
"QJ0008-C","2014","true","1103","null","Nigeria","NG","Lagos","Lagos","sensitive","resistant","sensitive","sensitive","resistant","resistant"
"QJ0009-C","2014","true","1103","null","Nigeria","NG","Lagos","Lagos","sensitive","resistant","sensitive","sensitive","resistant","resistant"
"QJ0010-C","2014","true","1103","null","Nigeria","NG","Lagos","Lagos","sensitive","sensitive","sensitive","sensitive","resistant","resistant"
"QJ0015-C","2014","true","1103","null","Nigeria","NG","Lagos","Lagos","sensitive","undetermined","sensitive","sensitive","resistant","resistant"
"QJ0018-C","2014","true","1103","null","Nigeria","NG","Lagos","Lagos","sensitive","resistant","sensitive","sensitive","resistant","resistant"
"QJ0019-C","2014","true","1103","null","Nigeria","NG","Lagos","Lagos","sensitive","resistant","sensitive","sensitive","resistant","resistant"
"QJ0062-C","2014","false","1103","null","Nigeria","NG","Lagos","Lagos","null","null","null","null","null","null"
"QJ0081-C","2014","false","1103","null","Nigeria","NG","Lagos","Lagos","null","null","null","null","null","null"
"QJ0092-C","2014","false","1103","null","Nigeria","NG","Lagos","Lagos","null","null","null","null","null","null"
"QJ0094-C","2014","true","1103","null","Nigeria","NG","Lagos","Lagos","sensitive","resistant","sensitive","sensitive","resistant","resistant"
"QJ0095-C","2014","false","1103","null","Nigeria","NG","Lagos","Lagos","null","null","null","null","null","null"
"QJ0125-C","2015","false","1103","null","Nigeria","NG","Lagos","Lagos","null","null","null","null","null","null"
"QJ0126-C","2015","false","1103","null","Nigeria","NG","Lagos","Lagos","null","null","null","null","null","null"
"QJ0154-C","2015","false","1103","null","Nigeria","NG","Lagos","Lagos","null","null","null","null","null","null"
"QJ0155-C","2015","false","1103","null","Nigeria","NG","Lagos","Lagos","null","null","null","null","null","null"
"QJ0156-C","2015","false","1103","null","Nigeria","NG","Lagos","Lagos","null","null","null","null","null","null"
"QJ0158-C","2015","false","1103","null","Nigeria","NG","Lagos","Lagos","null","null","null","null","null","null"
"QJ0159-C","2014","true","1103","null","Nigeria","NG","Lagos","Lagos","sensitive","resistant","sensitive","sensitive","resistant","resistant"
"QJ0160-C","2014","true","1103","null","Nigeria","NG","Lagos","Lagos","sensitive","resistant","sensitive","sensitive","resistant","resistant"
"QJ0161-C","2014","true","1103","null","Nigeria","NG","Lagos","Lagos","sensitive","sensitive","sensitive","sensitive","resistant","resistant"
"QJ0162-C","2014","true","1103","null","Nigeria","NG","Lagos","Lagos","sensitive","resistant","sensitive","sensitive","resistant","sensitive"
"QJ0163-C","2014","true","1103","null","Nigeria","NG","Lagos","Lagos","sensitive","sensitive","sensitive","sensitive","resistant","sensitive"
"QJ0164-C","2014","true","1103","null","Nigeria","NG","Lagos","Lagos","sensitive","sensitive","sensitive","sensitive","resistant","resistant"
"QJ0165-C","2014","true","1103","null","Nigeria","NG","Lagos","Lagos","sensitive","resistant","sensitive","sensitive","resistant","resistant"
"QJ0167-C","2014","true","1103","null","Nigeria","NG","Lagos","Lagos","sensitive","sensitive","sensitive","sensitive","sensitive","sensitive"
"QJ0168-C","2014","true","1103","null","Nigeria","NG","Lagos","Lagos","sensitive","resistant","sensitive","sensitive","resistant","sensitive"
"QJ0169-C","2014","true","1103","null","Nigeria","NG","Lagos","Lagos","sensitive","resistant","sensitive","sensitive","resistant","resistant"
"QJ0170-C","2014","true","1103","null","Nigeria","NG","Lagos","Lagos","sensitive","undetermined","sensitive","sensitive","resistant","resistant"
"QJ0172-C","2014","true","1103","null","Nigeria","NG","Lagos","Lagos","sensitive","sensitive","sensitive","sensitive","resistant","resistant"
"QJ0173-C","2014","true","1103","null","Nigeria","NG","Lagos","Lagos","sensitive","undetermined","sensitive","sensitive","resistant","undetermined"
"QJ0174-C","2014","true","1103","null","Nigeria","NG","Lagos","Lagos","sensitive","sensitive","sensitive","sensitive","resistant","resistant"
"QJ0175-C","2014","true","1103","null","Nigeria","NG","Lagos","Lagos","sensitive","resistant","sensitive","sensitive","resistant","resistant"
"SPT41841","2017","true","1183","null","Nigeria","NG","Lagos","Lagos","sensitive","sensitive","undetermined","undetermined","resistant","resistant"
"SPT41843","2017","true","1183","null","Nigeria","NG","Lagos","Lagos","undetermined","resistant","undetermined","undetermined","resistant","resistant"
"SPT41844","2017","true","1183","null","Nigeria","NG","Lagos","Lagos","sensitive","resistant","undetermined","undetermined","resistant","resistant"
"SPT41847","2017","true","1183","null","Nigeria","NG","Lagos","Lagos","sensitive","sensitive","sensitive","sensitive","resistant","resistant"
"SPT41851","2017","false","1183","null","Nigeria","NG","Lagos","Lagos","null","null","null","null","null","null"
"SPT41854","2017","true","1183","null","Nigeria","NG","Lagos","Lagos","undetermined","sensitive","undetermined","undetermined","undetermined","resistant"
"SPT41856","2017","false","1183","null","Nigeria","NG","Lagos","Lagos","null","null","null","null","null","null"
"SPT41860","2017","true","1183","null","Nigeria","NG","Lagos","Lagos","sensitive","sensitive","sensitive","sensitive","resistant","resistant"
"SPT41861","2017","true","1183","null","Nigeria","NG","Lagos","Lagos","undetermined","sensitive","undetermined","undetermined","resistant","sensitive"
"SPT41862","2017","true","1183","null","Nigeria","NG","Lagos","Lagos","sensitive","sensitive","sensitive","sensitive","resistant","resistant"
"SPT41864","2017","false","1183","null","Nigeria","NG","Lagos","Lagos","null","null","null","null","null","null"
"SPT41865","2017","true","1183","null","Nigeria","NG","Lagos","Lagos","sensitive","sensitive","undetermined","undetermined","resistant","sensitive"
"SPT41866","2017","false","1183","null","Nigeria","NG","Lagos","Lagos","null","null","null","null","null","null"
"SPT41867","2017","true","1183","null","Nigeria","NG","Lagos","Lagos","sensitive","sensitive","undetermined","undetermined","resistant","resistant"
"SPT41870","2017","true","1183","null","Nigeria","NG","Lagos","Lagos","undetermined","resistant","sensitive","sensitive","resistant","resistant"
"SPT41873","2017","true","1183","null","Nigeria","NG","Lagos","Lagos","undetermined","sensitive","undetermined","undetermined","resistant","resistant"
"SPT41883","2017","false","1183","null","Nigeria","NG","Lagos","Lagos","null","null","null","null","null","null"
"SPT41885","2017","true","1183","null","Nigeria","NG","Lagos","Lagos","sensitive","sensitive","undetermined","sensitive","resistant","resistant"
"SPT41891","2017","false","1183","null","Nigeria","NG","Lagos","Lagos","null","null","null","null","null","null"
"SPT41893","2017","false","1183","null","Nigeria","NG","Lagos","Lagos","null","null","null","null","null","null"
"SPT41894","2017","false","1183","null","Nigeria","NG","Lagos","Lagos","null","null","null","null","null","null"
"SPT41898","2017","false","1183","null","Nigeria","NG","Lagos","Lagos","null","null","null","null","null","null"
"SPT41901","2017","true","1183","null","Nigeria","NG","Lagos","Lagos","sensitive","sensitive","undetermined","undetermined","resistant","resistant"
"SPT41903","2017","true","1183","null","Nigeria","NG","Lagos","Lagos","undetermined","resistant","undetermined","undetermined","resistant","resistant"
"SPT41905","2017","true","1183","null","Nigeria","NG","Lagos","Lagos","sensitive","sensitive","undetermined","undetermined","resistant","resistant"
"SPT41906","2017","true","1183","null","Nigeria","NG","Lagos","Lagos","sensitive","sensitive","undetermined","undetermined","resistant","resistant"
"SPT41908","2017","false","1183","null","Nigeria","NG","Lagos","Lagos","null","null","null","null","null","null"
"SPT41910","2017","false","1183","null","Nigeria","NG","Lagos","Lagos","null","null","null","null","null","null"
"SPT41911","2017","true","1183","null","Nigeria","NG","Lagos","Lagos","undetermined","sensitive","undetermined","undetermined","resistant","resistant"
"SPT41912","2017","false","1183","null","Nigeria","NG","Lagos","Lagos","null","null","null","null","null","null"
"SPT41913","2017","true","1183","null","Nigeria","NG","Lagos","Lagos","undetermined","sensitive","undetermined","undetermined","resistant","resistant"
"SPT41914","2017","true","1183","null","Nigeria","NG","Lagos","Lagos","sensitive","resistant","undetermined","undetermined","resistant","sensitive"
"SPT41915","2017","true","1183","null","Nigeria","NG","Lagos","Lagos","undetermined","sensitive","undetermined","undetermined","resistant","resistant"
"SPT41918","2017","true","1183","null","Nigeria","NG","Lagos","Lagos","sensitive","sensitive","undetermined","sensitive","resistant","undetermined"
"SPT41919","2017","false","1183","null","Nigeria","NG","Lagos","Lagos","null","null","null","null","null","null"
"SPT41922","2017","true","1183","null","Nigeria","NG","Lagos","Lagos","sensitive","sensitive","undetermined","undetermined","resistant","resistant"
"SPT41928","2017","true","1183","null","Nigeria","NG","Lagos","Lagos","undetermined","sensitive","undetermined","undetermined","resistant","sensitive"
"SPT41930","2017","true","1183","null","Nigeria","NG","Lagos","Lagos","undetermined","resistant","undetermined","undetermined","resistant","resistant"
"SPT41931","2017","true","1183","null","Nigeria","NG","Lagos","Lagos","sensitive","resistant","undetermined","sensitive","resistant","resistant"
"SPT41932","2017","true","1183","null","Nigeria","NG","Lagos","Lagos","sensitive","sensitive","undetermined","sensitive","resistant","resistant"
"SPT41935","2017","true","1183","null","Nigeria","NG","Lagos","Lagos","undetermined","resistant","undetermined","undetermined","undetermined","resistant"
"SPT41936","2017","false","1183","null","Nigeria","NG","Lagos","Lagos","null","null","null","null","null","null"
"SPT41938","2017","true","1183","null","Nigeria","NG","Lagos","Lagos","sensitive","sensitive","sensitive","sensitive","resistant","resistant"
"SPT41939","2017","true","1183","null","Nigeria","NG","Lagos","Lagos","undetermined","sensitive","undetermined","undetermined","undetermined","undetermined"
"SPT41940","2017","true","1183","null","Nigeria","NG","Lagos","Lagos","sensitive","resistant","undetermined","undetermined","resistant","resistant"
"SPT41946","2017","true","1183","null","Nigeria","NG","Lagos","Lagos","undetermined","sensitive","undetermined","undetermined","resistant","resistant"
"SPT41947","2017","true","1183","null","Nigeria","NG","Lagos","Lagos","sensitive","resistant","undetermined","undetermined","resistant","resistant"
"SPT41950","2017","true","1183","null","Nigeria","NG","Lagos","Lagos","sensitive","sensitive","undetermined","undetermined","resistant","resistant"
"SPT41952","2017","true","1183","null","Nigeria","NG","Lagos","Lagos","sensitive","resistant","undetermined","undetermined","resistant","resistant"
"SPT41954","2017","true","1183","null","Nigeria","NG","Lagos","Lagos","sensitive","sensitive","undetermined","undetermined","resistant","resistant"
"SPT41956","2017","true","1183","null","Nigeria","NG","Lagos","Lagos","sensitive","sensitive","undetermined","undetermined","resistant","resistant"
"SPT41957","2017","true","1183","null","Nigeria","NG","Lagos","Lagos","sensitive","sensitive","undetermined","undetermined","resistant","resistant"
"SPT41958","2017","true","1183","null","Nigeria","NG","Lagos","Lagos","undetermined","sensitive","undetermined","undetermined","resistant","undetermined"
"SPT41961","2017","false","1183","null","Nigeria","NG","Lagos","Lagos","null","null","null","null","null","null"
"SPT41964","2017","true","1183","null","Nigeria","NG","Lagos","Lagos","sensitive","sensitive","undetermined","undetermined","resistant","resistant"
"SPT41966","2017","true","1183","null","Nigeria","NG","Lagos","Lagos","undetermined","sensitive","undetermined","undetermined","resistant","resistant"
"SPT41967","2017","false","1183","null","Nigeria","NG","Lagos","Lagos","null","null","null","null","null","null"
"SPT41968","2017","true","1183","null","Nigeria","NG","Lagos","Lagos","sensitive","resistant","undetermined","undetermined","resistant","resistant"
"SPT41969","2017","true","1183","null","Nigeria","NG","Lagos","Lagos","undetermined","sensitive","undetermined","undetermined","resistant","resistant"
"SPT41970","2017","true","1183","null","Nigeria","NG","Lagos","Lagos","undetermined","resistant","undetermined","undetermined","resistant","resistant"
"SPT41973","2017","true","1183","null","Nigeria","NG","Lagos","Lagos","sensitive","sensitive","undetermined","undetermined","resistant","undetermined"
"SPT41974","2017","true","1183","null","Nigeria","NG","Lagos","Lagos","undetermined","resistant","undetermined","undetermined","resistant","resistant"
"SPT41975","2017","true","1183","null","Nigeria","NG","Lagos","Lagos","sensitive","sensitive","undetermined","undetermined","undetermined","undetermined"
"SPT41983","2017","true","1183","null","Nigeria","NG","Lagos","Lagos","sensitive","resistant","undetermined","undetermined","resistant","resistant"
"SPT41986","2017","false","1183","null","Nigeria","NG","Lagos","Lagos","null","null","null","null","null","null"
"SPT41987","2017","false","1183","null","Nigeria","NG","Lagos","Lagos","null","null","null","null","null","null"
"SPT41988","2017","true","1183","null","Nigeria","NG","Lagos","Lagos","undetermined","sensitive","undetermined","undetermined","resistant","resistant"
"SPT41990","2017","true","1183","null","Nigeria","NG","Lagos","Lagos","undetermined","resistant","undetermined","undetermined","resistant","resistant"
"SPT41993","2017","true","1183","null","Nigeria","NG","Lagos","Lagos","undetermined","sensitive","undetermined","undetermined","undetermined","resistant"
"SPT41994","2017","false","1183","null","Nigeria","NG","Lagos","Lagos","null","null","null","null","null","null"
"SPT41996","2017","true","1183","null","Nigeria","NG","Lagos","Lagos","sensitive","sensitive","undetermined","undetermined","resistant","resistant"
"SPT41997","2017","true","1183","null","Nigeria","NG","Lagos","Lagos","sensitive","resistant","undetermined","undetermined","resistant","resistant"
"SPT41999","2017","true","1183","null","Nigeria","NG","Lagos","Lagos","undetermined","undetermined","undetermined","undetermined","resistant","resistant"
"SPT42002","2017","true","1183","null","Nigeria","NG","Lagos","Lagos","undetermined","sensitive","undetermined","undetermined","resistant","resistant"
"SPT42003","2017","true","1183","null","Nigeria","NG","Lagos","Lagos","undetermined","sensitive","undetermined","undetermined","resistant","resistant"
"SPT42005","2017","false","1183","null","Nigeria","NG","Lagos","Lagos","null","null","null","null","null","null"
"SPT42006","2017","true","1183","null","Nigeria","NG","Lagos","Lagos","sensitive","undetermined","undetermined","undetermined","resistant","resistant"
"SPT42007","2017","true","1183","null","Nigeria","NG","Lagos","Lagos","sensitive","sensitive","undetermined","undetermined","resistant","resistant"
"SPT42008","2017","true","1183","null","Nigeria","NG","Lagos","Lagos","sensitive","sensitive","undetermined","undetermined","resistant","sensitive"
"SPT42010","2017","true","1183","null","Nigeria","NG","Lagos","Lagos","sensitive","sensitive","undetermined","undetermined","resistant","resistant"
"SPT42011","2017","true","1183","null","Nigeria","NG","Lagos","Lagos","sensitive","sensitive","undetermined","undetermined","resistant","resistant"
"SPT42012","2017","false","1183","null","Nigeria","NG","Lagos","Lagos","null","null","null","null","null","null"
"SPT42013","2017","true","1183","null","Nigeria","NG","Lagos","Lagos","undetermined","sensitive","undetermined","undetermined","undetermined","resistant"
"SPT42016","2017","true","1183","null","Nigeria","NG","Lagos","Lagos","sensitive","sensitive","undetermined","undetermined","resistant","resistant"
"SPT42020","2017","true","1183","null","Nigeria","NG","Lagos","Lagos","sensitive","undetermined","undetermined","undetermined","resistant","resistant"
"SPT42022","2017","true","1183","null","Nigeria","NG","Lagos","Lagos","undetermined","sensitive","undetermined","undetermined","undetermined","resistant"
"SPT42023","2017","true","1183","null","Nigeria","NG","Lagos","Lagos","sensitive","sensitive","undetermined","undetermined","resistant","resistant"
"SPT42024","2017","true","1183","null","Nigeria","NG","Lagos","Lagos","sensitive","resistant","undetermined","undetermined","resistant","resistant"
"SPT42026","2017","true","1183","null","Nigeria","NG","Lagos","Lagos","sensitive","sensitive","undetermined","undetermined","resistant","resistant"
"SPT42028","2017","true","1183","null","Nigeria","NG","Lagos","Lagos","sensitive","resistant","undetermined","undetermined","resistant","resistant"
"SPT42029","2017","true","1183","null","Nigeria","NG","Lagos","Lagos","sensitive","sensitive","sensitive","sensitive","resistant","resistant"
"SPT42031","2017","true","1183","null","Nigeria","NG","Lagos","Lagos","undetermined","sensitive","undetermined","undetermined","resistant","resistant"
"SPT42035","2017","true","1183","null","Nigeria","NG","Lagos","Lagos","sensitive","resistant","undetermined","undetermined","resistant","resistant"
"SPT42036","2017","false","1183","null","Nigeria","NG","Lagos","Lagos","null","null","null","null","null","null"
"SPT42039","2017","true","1183","null","Nigeria","NG","Lagos","Lagos","sensitive","sensitive","undetermined","undetermined","resistant","resistant"
"SPT42042","2017","true","1183","null","Nigeria","NG","Lagos","Lagos","sensitive","sensitive","undetermined","undetermined","resistant","resistant"
"SPT42045","2017","true","1183","null","Nigeria","NG","Lagos","Lagos","undetermined","sensitive","undetermined","undetermined","undetermined","undetermined"
"SPT42046","2017","true","1183","null","Nigeria","NG","Lagos","Lagos","undetermined","resistant","undetermined","undetermined","resistant","resistant"
"SPT42048","2017","true","1183","null","Nigeria","NG","Lagos","Lagos","undetermined","sensitive","undetermined","undetermined","resistant","resistant"
"SPT42050","2017","true","1183","null","Nigeria","NG","Lagos","Lagos","sensitive","sensitive","undetermined","undetermined","resistant","resistant"
"SPT42052","2017","true","1183","null","Nigeria","NG","Lagos","Lagos","sensitive","sensitive","undetermined","undetermined","resistant","resistant"
"SPT42053","2017","true","1183","null","Nigeria","NG","Lagos","Lagos","sensitive","sensitive","undetermined","undetermined","resistant","resistant"
"SPT42055","2017","true","1183","null","Nigeria","NG","Lagos","Lagos","sensitive","sensitive","undetermined","undetermined","undetermined","resistant"
"SPT42056","2017","true","1183","null","Nigeria","NG","Lagos","Lagos","sensitive","undetermined","undetermined","undetermined","resistant","resistant"
"SPT42057","2017","true","1183","null","Nigeria","NG","Lagos","Lagos","sensitive","sensitive","undetermined","undetermined","resistant","resistant"
"SPT42058","2017","true","1183","null","Nigeria","NG","Lagos","Lagos","undetermined","undetermined","undetermined","undetermined","resistant","resistant"
"SPT43517","2018","true","1226","null","Nigeria","NG","Adamawa","Adamawa","sensitive","resistant","undetermined","undetermined","resistant","resistant"
"SPT43519","2018","true","1226","null","Nigeria","NG","Adamawa","Adamawa","undetermined","resistant","undetermined","undetermined","resistant","resistant"
"SPT43524","2018","false","1226","null","Nigeria","NG","Adamawa","Adamawa","null","null","null","null","null","null"
"SPT43526","2018","true","1226","null","Nigeria","NG","Adamawa","Adamawa","sensitive","sensitive","undetermined","undetermined","resistant","resistant"
"SPT43529","2018","false","1226","null","Nigeria","NG","Adamawa","Adamawa","null","null","null","null","null","null"
"SPT43549","2018","true","1226","null","Nigeria","NG","Adamawa","Adamawa","undetermined","sensitive","undetermined","undetermined","resistant","resistant"
"SPT43554","2018","false","1226","null","Nigeria","NG","Adamawa","Adamawa","null","null","null","null","null","null"
"SPT43565","2018","true","1226","null","Nigeria","NG","Adamawa","Adamawa","undetermined","sensitive","undetermined","undetermined","resistant","resistant"
"SPT43567","2018","false","1226","null","Nigeria","NG","Adamawa","Adamawa","null","null","null","null","null","null"
"SPT43570","2018","true","1226","null","Nigeria","NG","Adamawa","Adamawa","undetermined","resistant","undetermined","undetermined","resistant","resistant"
"SPT43572","2018","true","1226","null","Nigeria","NG","Adamawa","Adamawa","sensitive","sensitive","undetermined","undetermined","resistant","resistant"
"SPT43573","2018","true","1226","null","Nigeria","NG","Adamawa","Adamawa","sensitive","sensitive","undetermined","undetermined","resistant","sensitive"
"SPT43576","2018","false","1226","null","Nigeria","NG","Adamawa","Adamawa","null","null","null","null","null","null"
"SPT43581","2018","true","1226","null","Nigeria","NG","Adamawa","Adamawa","undetermined","sensitive","undetermined","undetermined","resistant","resistant"
"SPT43582","2018","true","1226","null","Nigeria","NG","Adamawa","Adamawa","sensitive","sensitive","undetermined","undetermined","resistant","resistant"
"SPT43584","2018","true","1226","null","Nigeria","NG","Adamawa","Adamawa","sensitive","resistant","undetermined","undetermined","resistant","resistant"
"SPT43595","2018","false","1226","null","Nigeria","NG","Adamawa","Adamawa","null","null","null","null","null","null"
"SPT43610","2018","true","1226","null","Nigeria","NG","Adamawa","Adamawa","sensitive","sensitive","undetermined","undetermined","resistant","sensitive"
"SPT43612","2018","false","1226","null","Nigeria","NG","Adamawa","Adamawa","null","null","null","null","null","null"
"SPT43616","2018","false","1226","null","Nigeria","NG","Adamawa","Adamawa","null","null","null","null","null","null"
"SPT43617","2018","true","1226","null","Nigeria","NG","Adamawa","Adamawa","undetermined","sensitive","undetermined","undetermined","resistant","undetermined"
"SPT43618","2018","true","1226","null","Nigeria","NG","Adamawa","Adamawa","undetermined","sensitive","undetermined","undetermined","resistant","resistant"
"SPT43620","2018","true","1226","null","Nigeria","NG","Adamawa","Adamawa","sensitive","sensitive","undetermined","undetermined","resistant","resistant"
"SPT43638","2018","true","1226","null","Nigeria","NG","Adamawa","Adamawa","undetermined","sensitive","undetermined","undetermined","undetermined","resistant"
"SPT43639","2018","true","1226","null","Nigeria","NG","Adamawa","Adamawa","undetermined","sensitive","undetermined","undetermined","undetermined","resistant"
"SPT43651","2018","false","1226","null","Nigeria","NG","Adamawa","Adamawa","null","null","null","null","null","null"
"SPT43662","2018","true","1226","null","Nigeria","NG","Adamawa","Adamawa","sensitive","sensitive","undetermined","undetermined","resistant","sensitive"
"SPT43663","2018","false","1226","null","Nigeria","NG","Adamawa","Adamawa","null","null","null","null","null","null"
"SPT43670","2018","false","1226","null","Nigeria","NG","Adamawa","Adamawa","null","null","null","null","null","null"
"SPT43673","2018","true","1226","null","Nigeria","NG","Adamawa","Adamawa","sensitive","sensitive","sensitive","sensitive","resistant","resistant"
"SPT43691","2018","true","1226","null","Nigeria","NG","Adamawa","Adamawa","undetermined","resistant","undetermined","undetermined","resistant","resistant"
"SPT43708","2018","false","1226","null","Nigeria","NG","Adamawa","Adamawa","null","null","null","null","null","null"
"SPT43720","2018","false","1226","null","Nigeria","NG","Adamawa","Adamawa","null","null","null","null","null","null"
"SPT43721","2018","false","1226","null","Nigeria","NG","Adamawa","Adamawa","null","null","null","null","null","null"
"SPT43725","2018","true","1226","null","Nigeria","NG","Adamawa","Adamawa","undetermined","sensitive","undetermined","undetermined","resistant","resistant"
"SPT90668","2020","false","1306","null","Nigeria","NG","Ogun","Ogun","null","null","null","null","null","null"
"SPT90669","2020","false","1306","null","Nigeria","NG","Ogun","Ogun","null","null","null","null","null","null"
"SPT90670","2020","false","1306","null","Nigeria","NG","Ogun","Ogun","null","null","null","null","null","null"
"SPT90671","2020","false","1306","null","Nigeria","NG","Ogun","Ogun","null","null","null","null","null","null"
"SPT90672","2020","true","1306","null","Nigeria","NG","Ogun","Ogun","undetermined","resistant","undetermined","undetermined","resistant","resistant"
"SPT90674","2020","false","1306","null","Nigeria","NG","Ogun","Ogun","null","null","null","null","null","null"
"SPT90675","2020","false","1306","null","Nigeria","NG","Ogun","Ogun","null","null","null","null","null","null"
"SPT90678","2020","false","1306","null","Nigeria","NG","Ogun","Ogun","null","null","null","null","null","null"
"SPT90679","2020","true","1306","null","Nigeria","NG","Ogun","Ogun","undetermined","resistant","undetermined","undetermined","resistant","resistant"
"SPT90680","2020","false","1306","null","Nigeria","NG","Ogun","Ogun","null","null","null","null","null","null"
"SPT90681","2020","false","1306","null","Nigeria","NG","Ogun","Ogun","null","null","null","null","null","null"
"SPT90682","2020","false","1306","null","Nigeria","NG","Ogun","Ogun","null","null","null","null","null","null"
"SPT90683","2020","true","1306","null","Nigeria","NG","Ogun","Ogun","sensitive","resistant","undetermined","undetermined","resistant","resistant"
"SPT90684","2020","true","1306","null","Nigeria","NG","Ogun","Ogun","undetermined","sensitive","undetermined","undetermined","resistant","resistant"
"SPT90685","2020","false","1306","null","Nigeria","NG","Ogun","Ogun","null","null","null","null","null","null"
"SPT90686","2020","true","1306","null","Nigeria","NG","Ogun","Ogun","undetermined","resistant","undetermined","undetermined","resistant","resistant"
"SPT90687","2020","false","1306","null","Nigeria","NG","Ogun","Ogun","null","null","null","null","null","null"
"SPT90688","2020","false","1306","null","Nigeria","NG","Ogun","Ogun","null","null","null","null","null","null"
"SPT90689","2020","true","1306","null","Nigeria","NG","Ogun","Ogun","undetermined","resistant","undetermined","undetermined","resistant","resistant"
"SPT90690","2020","true","1306","null","Nigeria","NG","Ogun","Ogun","sensitive","resistant","undetermined","undetermined","resistant","resistant"
"SPT90691","2020","false","1306","null","Nigeria","NG","Ogun","Ogun","null","null","null","null","null","null"
"SPT90692","2020","false","1306","null","Nigeria","NG","Ogun","Ogun","null","null","null","null","null","null"
"SPT90693","2020","false","1306","null","Nigeria","NG","Ogun","Ogun","null","null","null","null","null","null"
"SPT90694","2020","false","1306","null","Nigeria","NG","Ogun","Ogun","null","null","null","null","null","null"
"SPT90695","2020","false","1306","null","Nigeria","NG","Ogun","Ogun","null","null","null","null","null","null"
"SPT90696","2020","true","1306","null","Nigeria","NG","Ogun","Ogun","undetermined","resistant","undetermined","undetermined","resistant","resistant"
"SPT90697","2020","true","1306","null","Nigeria","NG","Ogun","Ogun","undetermined","sensitive","undetermined","undetermined","resistant","resistant"
"SPT90698","2020","false","1306","null","Nigeria","NG","Ogun","Ogun","null","null","null","null","null","null"
"SPT90699","2020","false","1306","null","Nigeria","NG","Ogun","Ogun","null","null","null","null","null","null"
"SPT90700","2020","true","1306","null","Nigeria","NG","Ogun","Ogun","undetermined","sensitive","undetermined","undetermined","resistant","resistant"
"SPT90701","2020","false","1306","null","Nigeria","NG","Ogun","Ogun","null","null","null","null","null","null"
"SPT90702","2020","false","1306","null","Nigeria","NG","Ogun","Ogun","null","null","null","null","null","null"
"SPT90703","2020","false","1306","null","Nigeria","NG","Ogun","Ogun","null","null","null","null","null","null"
"SPT90704","2020","false","1306","null","Nigeria","NG","Ogun","Ogun","null","null","null","null","null","null"
"SPT90705","2020","false","1306","null","Nigeria","NG","Ogun","Ogun","null","null","null","null","null","null"
"SPT90706","2020","true","1306","null","Nigeria","NG","Ogun","Ogun","undetermined","resistant","undetermined","undetermined","resistant","resistant"
"SPT90707","2020","true","1306","null","Nigeria","NG","Ogun","Ogun","undetermined","resistant","undetermined","undetermined","resistant","resistant"
"SPT90708","2020","false","1306","null","Nigeria","NG","Ogun","Ogun","null","null","null","null","null","null"
"SPT90709","2020","false","1306","null","Nigeria","NG","Ogun","Ogun","null","null","null","null","null","null"
"SPT90710","2020","false","1306","null","Nigeria","NG","Ogun","Ogun","null","null","null","null","null","null"
"SPT90711","2020","false","1306","null","Nigeria","NG","Ogun","Ogun","null","null","null","null","null","null"
"SPT90712","2020","false","1306","null","Nigeria","NG","Ogun","Ogun","null","null","null","null","null","null"
"SPT90713","2020","true","1306","null","Nigeria","NG","Ogun","Ogun","sensitive","sensitive","undetermined","sensitive","resistant","resistant"
"SPT90714","2020","true","1306","null","Nigeria","NG","Ogun","Ogun","sensitive","resistant","undetermined","undetermined","resistant","resistant"
"SPT90715","2020","true","1306","null","Nigeria","NG","Ogun","Ogun","sensitive","resistant","undetermined","undetermined","resistant","resistant"
"SPT90716","2020","false","1306","null","Nigeria","NG","Ogun","Ogun","null","null","null","null","null","null"
"SPT90717","2020","false","1306","null","Nigeria","NG","Ogun","Ogun","null","null","null","null","null","null"
"SPT90718","2020","true","1306","null","Nigeria","NG","Ogun","Ogun","undetermined","resistant","undetermined","undetermined","resistant","resistant"
"SPT90719","2020","false","1306","null","Nigeria","NG","Ogun","Ogun","null","null","null","null","null","null"
"SPT90720","2020","true","1306","null","Nigeria","NG","Ogun","Ogun","undetermined","sensitive","undetermined","undetermined","resistant","resistant"
"SPT90721","2020","true","1306","null","Nigeria","NG","Ogun","Ogun","sensitive","sensitive","sensitive","sensitive","resistant","resistant"
"SPT90722","2020","true","1306","null","Nigeria","NG","Ogun","Ogun","undetermined","resistant","undetermined","undetermined","undetermined","resistant"
"SPT90723","2020","true","1306","null","Nigeria","NG","Ogun","Ogun","sensitive","sensitive","undetermined","undetermined","resistant","resistant"
"SPT90724","2020","false","1306","null","Nigeria","NG","Ogun","Ogun","null","null","null","null","null","null"
"SPT90725","2020","false","1306","null","Nigeria","NG","Ogun","Ogun","null","null","null","null","null","null"
"SPT90726","2020","false","1306","null","Nigeria","NG","Ogun","Ogun","null","null","null","null","null","null"
"SPT90727","2020","false","1306","null","Nigeria","NG","Ogun","Ogun","null","null","null","null","null","null"
"SPT90728","2020","true","1306","null","Nigeria","NG","Ogun","Ogun","undetermined","sensitive","undetermined","undetermined","resistant","resistant"
"SPT90729","2020","false","1306","null","Nigeria","NG","Ogun","Ogun","null","null","null","null","null","null"
"SPT90730","2020","true","1306","null","Nigeria","NG","Ogun","Ogun","undetermined","resistant","undetermined","undetermined","resistant","resistant"
"SPT90731","2020","true","1306","null","Nigeria","NG","Ogun","Ogun","sensitive","sensitive","undetermined","undetermined","resistant","resistant"
"SPT90732","2020","false","1306","null","Nigeria","NG","Ogun","Ogun","null","null","null","null","null","null"
"SPT90733","2020","true","1306","null","Nigeria","NG","Ogun","Ogun","undetermined","sensitive","undetermined","undetermined","undetermined","resistant"
"SPT90734","2020","false","1306","null","Nigeria","NG","Ogun","Ogun","null","null","null","null","null","null"
"SPT90735","2020","true","1306","null","Nigeria","NG","Ogun","Ogun","sensitive","sensitive","undetermined","sensitive","resistant","resistant"
"SPT90736","2020","true","1306","null","Nigeria","NG","Ogun","Ogun","undetermined","sensitive","undetermined","undetermined","resistant","resistant"
"SPT90737","2020","false","1306","null","Nigeria","NG","Ogun","Ogun","null","null","null","null","null","null"
"SPT90738","2020","true","1306","null","Nigeria","NG","Ogun","Ogun","undetermined","sensitive","undetermined","undetermined","resistant","resistant"
"SPT90739","2020","false","1306","null","Nigeria","NG","Ogun","Ogun","null","null","null","null","null","null"
"SPT90740","2020","false","1306","null","Nigeria","NG","Ogun","Ogun","null","null","null","null","null","null"
"SPT90741","2020","false","1306","null","Nigeria","NG","Ogun","Ogun","null","null","null","null","null","null"
"SPT90742","2020","true","1306","null","Nigeria","NG","Ogun","Ogun","undetermined","sensitive","undetermined","undetermined","resistant","resistant"
"SPT90743","2020","true","1306","null","Nigeria","NG","Ogun","Ogun","undetermined","sensitive","undetermined","undetermined","resistant","resistant"
"SPT90744","2020","false","1306","null","Nigeria","NG","Ogun","Ogun","null","null","null","null","null","null"
"SPT90745","2020","false","1306","null","Nigeria","NG","Ogun","Ogun","null","null","null","null","null","null"
"SPT90746","2020","true","1306","null","Nigeria","NG","Ogun","Ogun","undetermined","resistant","undetermined","undetermined","resistant","resistant"
"SPT90747","2020","false","1306","null","Nigeria","NG","Ogun","Ogun","null","null","null","null","null","null"
"SPT90748","2020","false","1306","null","Nigeria","NG","Ogun","Ogun","null","null","null","null","null","null"
"SPT90749","2020","false","1306","null","Nigeria","NG","Ogun","Ogun","null","null","null","null","null","null"
"SPT90750","2020","true","1306","null","Nigeria","NG","Ogun","Ogun","undetermined","resistant","undetermined","undetermined","resistant","resistant"
"SPT90751","2020","true","1306","null","Nigeria","NG","Ogun","Ogun","sensitive","resistant","undetermined","undetermined","resistant","resistant"
"SPT90752","2020","true","1306","null","Nigeria","NG","Ogun","Ogun","undetermined","sensitive","undetermined","undetermined","resistant","resistant"
"SPT90753","2020","false","1306","null","Nigeria","NG","Ogun","Ogun","null","null","null","null","null","null"
"SPT90754","2020","false","1306","null","Nigeria","NG","Ogun","Ogun","null","null","null","null","null","null"
"SPT90755","2020","false","1306","null","Nigeria","NG","Ogun","Ogun","null","null","null","null","null","null"
"SPT90756","2020","false","1306","null","Nigeria","NG","Ogun","Ogun","null","null","null","null","null","null"
"SPT90758","2020","true","1306","null","Nigeria","NG","Ogun","Ogun","undetermined","sensitive","undetermined","undetermined","resistant","resistant"
"SPT90759","2020","true","1306","null","Nigeria","NG","Ogun","Ogun","undetermined","sensitive","undetermined","undetermined","resistant","resistant"
"SPT90760","2020","true","1306","null","Nigeria","NG","Ogun","Ogun","undetermined","sensitive","undetermined","undetermined","resistant","resistant"
"SPT90761","2020","true","1306","null","Nigeria","NG","Ogun","Ogun","undetermined","sensitive","undetermined","undetermined","resistant","resistant"
"SPT90762","2020","false","1306","null","Nigeria","NG","Ogun","Ogun","null","null","null","null","null","null"
"SPT90763","2020","true","1306","null","Nigeria","NG","Ogun","Ogun","undetermined","resistant","undetermined","undetermined","resistant","resistant"
"SPT90764","2020","false","1306","null","Nigeria","NG","Ogun","Ogun","null","null","null","null","null","null"
"SPT90765","2020","false","1306","null","Nigeria","NG","Ogun","Ogun","null","null","null","null","null","null"
"SPT90766","2020","false","1306","null","Nigeria","NG","Ogun","Ogun","null","null","null","null","null","null"
"SPT90767","2020","false","1306","null","Nigeria","NG","Ogun","Ogun","null","null","null","null","null","null"
"SPT90770","2020","false","1306","null","Nigeria","NG","Federal Capital Territory","Federal Capital Territory","null","null","null","null","null","null"
"SPT90771","2020","false","1306","null","Nigeria","NG","Federal Capital Territory","Federal Capital Territory","null","null","null","null","null","null"
"SPT90778","2020","false","1306","null","Nigeria","NG","Federal Capital Territory","Federal Capital Territory","null","null","null","null","null","null"
"SPT90831","2020","false","1306","null","Nigeria","NG","Federal Capital Territory","Federal Capital Territory","null","null","null","null","null","null"
"SPT90845","2020","false","1306","null","Nigeria","NG","Federal Capital Territory","Federal Capital Territory","null","null","null","null","null","null"
"SPT90868","2020","false","1306","null","Nigeria","NG","Adamawa","Adamawa","null","null","null","null","null","null"
"SPT90869","2020","true","1306","null","Nigeria","NG","Adamawa","Adamawa","sensitive","sensitive","undetermined","undetermined","resistant","resistant"
"SPT90870","2020","true","1306","null","Nigeria","NG","Adamawa","Adamawa","sensitive","sensitive","undetermined","undetermined","resistant","undetermined"
"SPT90872","2020","true","1306","null","Nigeria","NG","Adamawa","Adamawa","undetermined","resistant","undetermined","undetermined","resistant","resistant"
"SPT90875","2020","false","1306","null","Nigeria","NG","Adamawa","Adamawa","null","null","null","null","null","null"
"SPT90877","2020","true","1306","null","Nigeria","NG","Adamawa","Adamawa","undetermined","undetermined","undetermined","undetermined","resistant","sensitive"
"SPT90878","2020","false","1306","null","Nigeria","NG","Adamawa","Adamawa","null","null","null","null","null","null"
"SPT90879","2020","false","1306","null","Nigeria","NG","Adamawa","Adamawa","null","null","null","null","null","null"
"SPT90880","2020","false","1306","null","Nigeria","NG","Adamawa","Adamawa","null","null","null","null","null","null"
"SPT90881","2020","false","1306","null","Nigeria","NG","Adamawa","Adamawa","null","null","null","null","null","null"
"SPT90882","2020","false","1306","null","Nigeria","NG","Adamawa","Adamawa","null","null","null","null","null","null"
"SPT90883","2020","false","1306","null","Nigeria","NG","Adamawa","Adamawa","null","null","null","null","null","null"
"SPT90884","2020","false","1306","null","Nigeria","NG","Adamawa","Adamawa","null","null","null","null","null","null"
"SPT90885","2020","false","1306","null","Nigeria","NG","Adamawa","Adamawa","null","null","null","null","null","null"
"SPT90886","2020","false","1306","null","Nigeria","NG","Adamawa","Adamawa","null","null","null","null","null","null"
"SPT90887","2020","true","1306","null","Nigeria","NG","Adamawa","Adamawa","sensitive","sensitive","undetermined","undetermined","resistant","resistant"
"SPT90888","2020","false","1306","null","Nigeria","NG","Adamawa","Adamawa","null","null","null","null","null","null"
"SPT90890","2020","false","1306","null","Nigeria","NG","Adamawa","Adamawa","null","null","null","null","null","null"
"SPT90891","2020","true","1306","null","Nigeria","NG","Adamawa","Adamawa","sensitive","sensitive","undetermined","undetermined","resistant","resistant"
"SPT90892","2020","false","1306","null","Nigeria","NG","Adamawa","Adamawa","null","null","null","null","null","null"
"SPT90893","2020","false","1306","null","Nigeria","NG","Adamawa","Adamawa","null","null","null","null","null","null"
"SPT90894","2020","true","1306","null","Nigeria","NG","Adamawa","Adamawa","undetermined","resistant","undetermined","undetermined","resistant","resistant"
"SPT90895","2020","true","1306","null","Nigeria","NG","Adamawa","Adamawa","sensitive","sensitive","undetermined","undetermined","resistant","resistant"
"SPT90896","2020","true","1306","null","Nigeria","NG","Adamawa","Adamawa","sensitive","sensitive","undetermined","undetermined","resistant","resistant"
"SPT90897","2020","true","1306","null","Nigeria","NG","Adamawa","Adamawa","undetermined","sensitive","undetermined","undetermined","resistant","resistant"
"SPT90898","2020","true","1306","null","Nigeria","NG","Adamawa","Adamawa","sensitive","resistant","undetermined","undetermined","resistant","resistant"
"SPT90899","2020","false","1306","null","Nigeria","NG","Adamawa","Adamawa","null","null","null","null","null","null"
"SPT90900","2020","true","1306","null","Nigeria","NG","Adamawa","Adamawa","sensitive","sensitive","undetermined","undetermined","resistant","resistant"
"SPT90901","2020","true","1306","null","Nigeria","NG","Adamawa","Adamawa","sensitive","undetermined","undetermined","undetermined","resistant","resistant"
"SPT90902","2020","false","1306","null","Nigeria","NG","Adamawa","Adamawa","null","null","null","null","null","null"
"SPT90903","2020","false","1306","null","Nigeria","NG","Adamawa","Adamawa","null","null","null","null","null","null"
"SPT90904","2020","false","1306","null","Nigeria","NG","Adamawa","Adamawa","null","null","null","null","null","null"
"SPT90905","2020","true","1306","null","Nigeria","NG","Adamawa","Adamawa","sensitive","sensitive","undetermined","undetermined","resistant","resistant"
"SPT90906","2020","true","1306","null","Nigeria","NG","Adamawa","Adamawa","sensitive","sensitive","undetermined","undetermined","resistant","resistant"
"SPT90907","2020","true","1306","null","Nigeria","NG","Adamawa","Adamawa","sensitive","sensitive","undetermined","undetermined","resistant","resistant"
"SPT90908","2020","false","1306","null","Nigeria","NG","Adamawa","Adamawa","null","null","null","null","null","null"
"SPT90909","2020","false","1306","null","Nigeria","NG","Adamawa","Adamawa","null","null","null","null","null","null"
"SPT90910","2020","false","1306","null","Nigeria","NG","Osun","Osun","null","null","null","null","null","null"
"SPT90911","2020","false","1306","null","Nigeria","NG","Osun","Osun","null","null","null","null","null","null"
"SPT90912","2020","false","1306","null","Nigeria","NG","Osun","Osun","null","null","null","null","null","null"
"SPT90913","2020","false","1306","null","Nigeria","NG","Osun","Osun","null","null","null","null","null","null"
"SPT90914","2020","false","1306","null","Nigeria","NG","Osun","Osun","null","null","null","null","null","null"
"SPT90915","2020","true","1306","null","Nigeria","NG","Osun","Osun","undetermined","sensitive","undetermined","undetermined","undetermined","undetermined"
"SPT90916","2020","false","1306","null","Nigeria","NG","Osun","Osun","null","null","null","null","null","null"
"SPT90917","2020","false","1306","null","Nigeria","NG","Osun","Osun","null","null","null","null","null","null"
"SPT90918","2020","true","1306","null","Nigeria","NG","Osun","Osun","sensitive","sensitive","undetermined","undetermined","resistant","resistant"
"SPT90919","2020","false","1306","null","Nigeria","NG","Osun","Osun","null","null","null","null","null","null"
"SPT90920","2020","true","1306","null","Nigeria","NG","Osun","Osun","undetermined","sensitive","undetermined","undetermined","resistant","resistant"
"SPT90921","2020","false","1306","null","Nigeria","NG","Osun","Osun","null","null","null","null","null","null"
"SPT90923","2020","true","1306","null","Nigeria","NG","Osun","Osun","sensitive","sensitive","undetermined","undetermined","resistant","resistant"
"SPT90924","2020","false","1306","null","Nigeria","NG","Osun","Osun","null","null","null","null","null","null"
"SPT90925","2020","true","1306","null","Nigeria","NG","Osun","Osun","sensitive","sensitive","undetermined","undetermined","resistant","resistant"
"SPT90926","2020","true","1306","null","Nigeria","NG","Osun","Osun","undetermined","sensitive","undetermined","undetermined","resistant","resistant"
"SPT90927","2020","false","1306","null","Nigeria","NG","Osun","Osun","null","null","null","null","null","null"
"SPT90928","2020","false","1306","null","Nigeria","NG","Osun","Osun","null","null","null","null","null","null"
"SPT90929","2020","false","1306","null","Nigeria","NG","Osun","Osun","null","null","null","null","null","null"
"SPT90930","2020","false","1306","null","Nigeria","NG","Osun","Osun","null","null","null","null","null","null"
"SPT90931","2020","false","1306","null","Nigeria","NG","Osun","Osun","null","null","null","null","null","null"
"SPT90932","2020","false","1306","null","Nigeria","NG","Osun","Osun","null","null","null","null","null","null"
"SPT90933","2020","false","1306","null","Nigeria","NG","Osun","Osun","null","null","null","null","null","null"
"SPT90934","2020","false","1306","null","Nigeria","NG","Osun","Osun","null","null","null","null","null","null"
"SPT90936","2020","false","1306","null","Nigeria","NG","Osun","Osun","null","null","null","null","null","null"
"SPT90937","2020","true","1306","null","Nigeria","NG","Osun","Osun","undetermined","sensitive","undetermined","undetermined","undetermined","resistant"
"SPT90938","2020","false","1306","null","Nigeria","NG","Osun","Osun","null","null","null","null","null","null"
"SPT90939","2020","false","1306","null","Nigeria","NG","Osun","Osun","null","null","null","null","null","null"
"SPT90940","2020","false","1306","null","Nigeria","NG","Osun","Osun","null","null","null","null","null","null"
"SPT90941","2020","true","1306","null","Nigeria","NG","Osun","Osun","sensitive","sensitive","undetermined","undetermined","resistant","resistant"
"SPT90942","2020","false","1306","null","Nigeria","NG","Osun","Osun","null","null","null","null","null","null"
"SPT90943","2020","false","1306","null","Nigeria","NG","Osun","Osun","null","null","null","null","null","null"
"SPT90944","2020","true","1306","null","Nigeria","NG","Osun","Osun","undetermined","sensitive","undetermined","undetermined","resistant","resistant"
"SPT90945","2020","false","1306","null","Nigeria","NG","Osun","Osun","null","null","null","null","null","null"
"SPT90946","2020","true","1306","null","Nigeria","NG","Osun","Osun","sensitive","sensitive","sensitive","sensitive","resistant","resistant"
"SPT90947","2020","true","1306","null","Nigeria","NG","Osun","Osun","sensitive","sensitive","undetermined","undetermined","resistant","resistant"
"SPT90948","2020","true","1306","null","Nigeria","NG","Osun","Osun","sensitive","resistant","undetermined","undetermined","resistant","resistant"
"SPT90949","2020","false","1306","null","Nigeria","NG","Osun","Osun","null","null","null","null","null","null"
"SPT90950","2020","false","1306","null","Nigeria","NG","Osun","Osun","null","null","null","null","null","null"
"SPT90951","2020","false","1306","null","Nigeria","NG","Osun","Osun","null","null","null","null","null","null"
"SPT90952","2020","false","1306","null","Nigeria","NG","Osun","Osun","null","null","null","null","null","null"
"SPT90953","2020","true","1306","null","Nigeria","NG","Osun","Osun","undetermined","resistant","undetermined","undetermined","resistant","resistant"
"SPT90954","2020","false","1306","null","Nigeria","NG","Osun","Osun","null","null","null","null","null","null"
"SPT90955","2020","true","1306","null","Nigeria","NG","Osun","Osun","sensitive","sensitive","undetermined","undetermined","resistant","resistant"
"SPT90956","2020","false","1306","null","Nigeria","NG","Osun","Osun","null","null","null","null","null","null"
"SPT90957","2020","false","1306","null","Nigeria","NG","Osun","Osun","null","null","null","null","null","null"
"SPT90958","2020","false","1306","null","Nigeria","NG","Osun","Osun","null","null","null","null","null","null"
"SPT90959","2020","false","1306","null","Nigeria","NG","Osun","Osun","null","null","null","null","null","null"
"SPT90960","2020","false","1306","null","Nigeria","NG","Osun","Osun","null","null","null","null","null","null"
"SPT90961","2020","false","1306","null","Nigeria","NG","Osun","Osun","null","null","null","null","null","null"
"SPT90962","2020","false","1306","null","Nigeria","NG","Osun","Osun","null","null","null","null","null","null"
"SPT90963","2020","true","1306","null","Nigeria","NG","Osun","Osun","undetermined","sensitive","undetermined","undetermined","resistant","resistant"
"SPT90964","2020","false","1306","null","Nigeria","NG","Osun","Osun","null","null","null","null","null","null"
"SPT90965","2020","false","1306","null","Nigeria","NG","Osun","Osun","null","null","null","null","null","null"
"SPT90966","2020","false","1306","null","Nigeria","NG","Osun","Osun","null","null","null","null","null","null"
"SPT90972","2020","true","1306","null","Nigeria","NG","Ondo","Ondo","sensitive","sensitive","undetermined","undetermined","resistant","sensitive"
"SPT90973","2020","false","1306","null","Nigeria","NG","Ondo","Ondo","null","null","null","null","null","null"
"SPT90974","2020","true","1306","null","Nigeria","NG","Ondo","Ondo","undetermined","sensitive","undetermined","undetermined","undetermined","resistant"
"SPT90977","2020","false","1306","null","Nigeria","NG","Ondo","Ondo","null","null","null","null","null","null"
"SPT90978","2020","true","1306","null","Nigeria","NG","Ondo","Ondo","sensitive","undetermined","undetermined","undetermined","resistant","resistant"
"SPT90979","2020","true","1306","null","Nigeria","NG","Ondo","Ondo","sensitive","sensitive","undetermined","undetermined","resistant","sensitive"
"SPT90980","2020","false","1306","null","Nigeria","NG","Ondo","Ondo","null","null","null","null","null","null"
"SPT90981","2020","true","1306","null","Nigeria","NG","Ondo","Ondo","undetermined","sensitive","undetermined","undetermined","resistant","sensitive"
"SPT90982","2020","false","1306","null","Nigeria","NG","Ondo","Ondo","null","null","null","null","null","null"
"SPT90983","2020","false","1306","null","Nigeria","NG","Ondo","Ondo","null","null","null","null","null","null"
"SPT90987","2020","false","1306","null","Nigeria","NG","Ondo","Ondo","null","null","null","null","null","null"
"SPT90988","2020","true","1306","null","Nigeria","NG","Ondo","Ondo","sensitive","undetermined","undetermined","undetermined","resistant","resistant"
"SPT90989","2020","true","1306","null","Nigeria","NG","Ondo","Ondo","sensitive","sensitive","undetermined","undetermined","undetermined","resistant"
"SPT90990","2020","true","1306","null","Nigeria","NG","Ondo","Ondo","sensitive","sensitive","undetermined","undetermined","resistant","resistant"
"SPT90995","2020","false","1306","null","Nigeria","NG","Ondo","Ondo","null","null","null","null","null","null"
"SPT90996","2020","true","1306","null","Nigeria","NG","Ondo","Ondo","sensitive","sensitive","undetermined","undetermined","resistant","undetermined"
"SPT90997","2020","true","1306","null","Nigeria","NG","Ondo","Ondo","undetermined","sensitive","undetermined","undetermined","resistant","resistant"
"SPT90998","2020","true","1306","null","Nigeria","NG","Ondo","Ondo","sensitive","resistant","undetermined","undetermined","resistant","resistant"
"SPT91002","2020","false","1306","null","Nigeria","NG","Ondo","Ondo","null","null","null","null","null","null"
"SPT91003","2020","true","1306","null","Nigeria","NG","Ondo","Ondo","sensitive","undetermined","undetermined","undetermined","resistant","resistant"
"SPT91004","2020","true","1306","null","Nigeria","NG","Ondo","Ondo","undetermined","sensitive","undetermined","undetermined","resistant","resistant"
"SPT91005","2020","false","1306","null","Nigeria","NG","Ondo","Ondo","null","null","null","null","null","null"
"SPT91006","2020","true","1306","null","Nigeria","NG","Ondo","Ondo","sensitive","resistant","undetermined","undetermined","resistant","resistant"
"SPT91007","2020","false","1306","null","Nigeria","NG","Ondo","Ondo","null","null","null","null","null","null"
"SPT91008","2020","true","1306","null","Nigeria","NG","Ondo","Ondo","sensitive","sensitive","undetermined","undetermined","resistant","undetermined"
"SPT91009","2020","false","1306","null","Nigeria","NG","Ondo","Ondo","null","null","null","null","null","null"
"SPT91010","2020","false","1306","null","Nigeria","NG","Ondo","Ondo","null","null","null","null","null","null"
"SPT91011","2020","true","1306","null","Nigeria","NG","Ondo","Ondo","undetermined","sensitive","undetermined","undetermined","resistant","resistant"
"SPT91012","2020","false","1306","null","Nigeria","NG","Ondo","Ondo","null","null","null","null","null","null"
"SPT91013","2020","true","1306","null","Nigeria","NG","Ondo","Ondo","sensitive","sensitive","undetermined","undetermined","resistant","resistant"
"SPT91015","2020","true","1306","null","Nigeria","NG","Ondo","Ondo","undetermined","sensitive","undetermined","undetermined","resistant","resistant"
"SPT91018","2020","true","1306","null","Nigeria","NG","Ondo","Ondo","sensitive","sensitive","undetermined","undetermined","resistant","sensitive"
"SPT91019","2020","false","1306","null","Nigeria","NG","Ondo","Ondo","null","null","null","null","null","null"
"SPT91020","2020","false","1306","null","Nigeria","NG","Ondo","Ondo","null","null","null","null","null","null"
"SPT91021","2020","false","1306","null","Nigeria","NG","Ondo","Ondo","null","null","null","null","null","null"
"SPT91022","2020","true","1306","null","Nigeria","NG","Ondo","Ondo","sensitive","sensitive","undetermined","undetermined","resistant","undetermined"
"SPT91023","2020","false","1306","null","Nigeria","NG","Ondo","Ondo","null","null","null","null","null","null"
"SPT91026","2020","true","1306","null","Nigeria","NG","Ondo","Ondo","undetermined","sensitive","undetermined","undetermined","resistant","resistant"
"SPT91027","2020","false","1306","null","Nigeria","NG","Ondo","Ondo","null","null","null","null","null","null"
"SPT91028","2020","true","1306","null","Nigeria","NG","Ondo","Ondo","undetermined","resistant","undetermined","undetermined","resistant","resistant"
"SPT91034","2020","false","1306","null","Nigeria","NG","Ondo","Ondo","null","null","null","null","null","null"
"SPT91035","2020","false","1306","null","Nigeria","NG","Ondo","Ondo","null","null","null","null","null","null"
"SPT91036","2020","true","1306","null","Nigeria","NG","Ondo","Ondo","undetermined","sensitive","undetermined","undetermined","undetermined","resistant"
"SPT91040","2020","true","1306","null","Nigeria","NG","Ondo","Ondo","undetermined","resistant","undetermined","undetermined","resistant","resistant"
"SPT91041","2020","true","1306","null","Nigeria","NG","Ondo","Ondo","sensitive","sensitive","undetermined","undetermined","resistant","resistant"
"SPT91042","2020","false","1306","null","Nigeria","NG","Ondo","Ondo","null","null","null","null","null","null"
"SPT91043","2020","false","1306","null","Nigeria","NG","Ondo","Ondo","null","null","null","null","null","null"
"SPT91048","2020","false","1306","null","Nigeria","NG","Ondo","Ondo","null","null","null","null","null","null"
"SPT91049","2020","true","1306","null","Nigeria","NG","Ondo","Ondo","sensitive","sensitive","undetermined","undetermined","resistant","sensitive"
"SPT91050","2020","false","1306","null","Nigeria","NG","Ondo","Ondo","null","null","null","null","null","null"
"SPT91052","2020","true","1306","null","Nigeria","NG","Ondo","Ondo","undetermined","sensitive","undetermined","undetermined","resistant","resistant"
"SPT91053","2020","true","1306","null","Nigeria","NG","Ondo","Ondo","sensitive","sensitive","undetermined","undetermined","resistant","resistant"
"SPT91054","2020","true","1306","null","Nigeria","NG","Ondo","Ondo","sensitive","sensitive","undetermined","undetermined","resistant","sensitive"
"SPT91055","2020","false","1306","null","Nigeria","NG","Ondo","Ondo","null","null","null","null","null","null"
"SPT91056","2020","false","1306","null","Nigeria","NG","Ondo","Ondo","null","null","null","null","null","null"
"SPT91057","2020","false","1306","null","Nigeria","NG","Ondo","Ondo","null","null","null","null","null","null"
"SPT91060","2020","false","1306","null","Nigeria","NG","Kebbi","Kebbi","null","null","null","null","null","null"
"SPT91061","2020","false","1306","null","Nigeria","NG","Kebbi","Kebbi","null","null","null","null","null","null"
"SPT91062","2020","true","1306","null","Nigeria","NG","Kebbi","Kebbi","undetermined","sensitive","undetermined","undetermined","undetermined","resistant"
"SPT91063","2020","true","1306","null","Nigeria","NG","Kebbi","Kebbi","undetermined","sensitive","undetermined","undetermined","undetermined","undetermined"
"SPT91064","2020","false","1306","null","Nigeria","NG","Kebbi","Kebbi","null","null","null","null","null","null"
"SPT91067","2020","false","1306","null","Nigeria","NG","Kebbi","Kebbi","null","null","null","null","null","null"
"SPT91068","2020","false","1306","null","Nigeria","NG","Kebbi","Kebbi","null","null","null","null","null","null"
"SPT91069","2020","false","1306","null","Nigeria","NG","Kebbi","Kebbi","null","null","null","null","null","null"
"SPT91070","2020","true","1306","null","Nigeria","NG","Kebbi","Kebbi","undetermined","sensitive","undetermined","undetermined","undetermined","resistant"
"SPT91071","2020","false","1306","null","Nigeria","NG","Kebbi","Kebbi","null","null","null","null","null","null"
"SPT91072","2020","false","1306","null","Nigeria","NG","Kebbi","Kebbi","null","null","null","null","null","null"
"SPT91073","2020","false","1306","null","Nigeria","NG","Kebbi","Kebbi","null","null","null","null","null","null"
"SPT91074","2020","false","1306","null","Nigeria","NG","Kebbi","Kebbi","null","null","null","null","null","null"
"SPT91075","2020","false","1306","null","Nigeria","NG","Kebbi","Kebbi","null","null","null","null","null","null"
"SPT91076","2020","false","1306","null","Nigeria","NG","Kebbi","Kebbi","null","null","null","null","null","null"
"SPT91077","2020","false","1306","null","Nigeria","NG","Kebbi","Kebbi","null","null","null","null","null","null"
"SPT91078","2020","false","1306","null","Nigeria","NG","Kebbi","Kebbi","null","null","null","null","null","null"
"SPT91082","2020","false","1306","null","Nigeria","NG","Kebbi","Kebbi","null","null","null","null","null","null"
"SPT91083","2020","false","1306","null","Nigeria","NG","Kebbi","Kebbi","null","null","null","null","null","null"
"SPT91084","2020","false","1306","null","Nigeria","NG","Kebbi","Kebbi","null","null","null","null","null","null"
"SPT91085","2020","false","1306","null","Nigeria","NG","Kebbi","Kebbi","null","null","null","null","null","null"
"SPT91090","2020","true","1306","null","Nigeria","NG","Kebbi","Kebbi","undetermined","sensitive","undetermined","undetermined","resistant","resistant"
"SPT91091","2020","false","1306","null","Nigeria","NG","Kebbi","Kebbi","null","null","null","null","null","null"
"SPT91092","2020","true","1306","null","Nigeria","NG","Kebbi","Kebbi","undetermined","sensitive","undetermined","undetermined","undetermined","resistant"
"SPT91093","2020","false","1306","null","Nigeria","NG","Kebbi","Kebbi","null","null","null","null","null","null"
"SPT91094","2020","true","1306","null","Nigeria","NG","Kebbi","Kebbi","sensitive","sensitive","undetermined","undetermined","resistant","resistant"
"SPT91097","2020","true","1306","null","Nigeria","NG","Kebbi","Kebbi","undetermined","sensitive","undetermined","undetermined","sensitive","resistant"
"SPT91098","2020","false","1306","null","Nigeria","NG","Kebbi","Kebbi","null","null","null","null","null","null"
"SPT91099","2020","true","1306","null","Nigeria","NG","Kebbi","Kebbi","undetermined","sensitive","undetermined","undetermined","resistant","undetermined"
"SPT91100","2020","false","1306","null","Nigeria","NG","Kebbi","Kebbi","null","null","null","null","null","null"
"SPT91101","2020","false","1306","null","Nigeria","NG","Kebbi","Kebbi","null","null","null","null","null","null"
"SPT91102","2020","false","1306","null","Nigeria","NG","Kebbi","Kebbi","null","null","null","null","null","null"
"SPT91103","2020","false","1306","null","Nigeria","NG","Kebbi","Kebbi","null","null","null","null","null","null"
"SPT91104","2020","false","1306","null","Nigeria","NG","Kebbi","Kebbi","null","null","null","null","null","null"
"SPT91105","2020","true","1306","null","Nigeria","NG","Kebbi","Kebbi","undetermined","sensitive","undetermined","undetermined","sensitive","undetermined"
"SPT91106","2020","false","1306","null","Nigeria","NG","Kebbi","Kebbi","null","null","null","null","null","null"
"SPT91107","2020","false","1306","null","Nigeria","NG","Kebbi","Kebbi","null","null","null","null","null","null"
"SPT91108","2020","false","1306","null","Nigeria","NG","Kebbi","Kebbi","null","null","null","null","null","null"
"SPT91109","2020","false","1306","null","Nigeria","NG","Kebbi","Kebbi","null","null","null","null","null","null"
"SPT91111","2020","true","1306","null","Nigeria","NG","Kebbi","Kebbi","undetermined","sensitive","undetermined","undetermined","resistant","resistant"
"SPT91112","2020","false","1306","null","Nigeria","NG","Kebbi","Kebbi","null","null","null","null","null","null"
"SPT91113","2020","true","1306","null","Nigeria","NG","Kebbi","Kebbi","undetermined","undetermined","undetermined","undetermined","resistant","undetermined"
"SPT91114","2020","true","1306","null","Nigeria","NG","Kebbi","Kebbi","sensitive","sensitive","undetermined","undetermined","resistant","undetermined"
"SPT91115","2020","false","1306","null","Nigeria","NG","Kebbi","Kebbi","null","null","null","null","null","null"
"SPT91116","2020","true","1306","null","Nigeria","NG","Kebbi","Kebbi","sensitive","sensitive","undetermined","undetermined","resistant","resistant"
"SPT91117","2020","false","1306","null","Nigeria","NG","Kebbi","Kebbi","null","null","null","null","null","null"
"SPT91118","2020","false","1306","null","Nigeria","NG","Kebbi","Kebbi","null","null","null","null","null","null"
"SPT91121","2020","true","1306","null","Nigeria","NG","Kebbi","Kebbi","undetermined","sensitive","undetermined","undetermined","resistant","resistant"
"SPT91122","2020","false","1306","null","Nigeria","NG","Kebbi","Kebbi","null","null","null","null","null","null"
"SPT91123","2020","true","1306","null","Nigeria","NG","Kebbi","Kebbi","undetermined","sensitive","undetermined","undetermined","resistant","resistant"
"SPT91124","2020","false","1306","null","Nigeria","NG","Kebbi","Kebbi","null","null","null","null","null","null"
"SPT91125","2020","true","1306","null","Nigeria","NG","Kebbi","Kebbi","undetermined","sensitive","undetermined","undetermined","resistant","resistant"
"SPT91126","2020","true","1306","null","Nigeria","NG","Kebbi","Kebbi","undetermined","sensitive","undetermined","undetermined","resistant","undetermined"
"SPT91129","2020","false","1306","null","Nigeria","NG","Kebbi","Kebbi","null","null","null","null","null","null"
"SPT91130","2020","false","1306","null","Nigeria","NG","Kebbi","Kebbi","null","null","null","null","null","null"
"SPT91131","2020","false","1306","null","Nigeria","NG","Kebbi","Kebbi","null","null","null","null","null","null"
"SPT91132","2020","true","1306","null","Nigeria","NG","Kebbi","Kebbi","undetermined","sensitive","undetermined","undetermined","resistant","resistant"
"SPT91133","2020","false","1306","null","Nigeria","NG","Kebbi","Kebbi","null","null","null","null","null","null"
"SPT91134","2020","false","1306","null","Nigeria","NG","Kebbi","Kebbi","null","null","null","null","null","null"
"SPT91135","2020","false","1306","null","Nigeria","NG","Kebbi","Kebbi","null","null","null","null","null","null"
"SPT91136","2020","true","1306","null","Nigeria","NG","Kebbi","Kebbi","undetermined","sensitive","undetermined","undetermined","undetermined","undetermined"
"SPT91137","2020","false","1306","null","Nigeria","NG","Kebbi","Kebbi","null","null","null","null","null","null"
"SPT91138","2020","false","1306","null","Nigeria","NG","Kebbi","Kebbi","null","null","null","null","null","null"
"SPT91139","2020","true","1306","null","Nigeria","NG","Kebbi","Kebbi","undetermined","undetermined","undetermined","undetermined","resistant","resistant"
"SPT91140","2020","true","1306","null","Nigeria","NG","Kebbi","Kebbi","undetermined","resistant","undetermined","undetermined","undetermined","resistant"
"SPT91141","2020","true","1306","null","Nigeria","NG","Kebbi","Kebbi","undetermined","sensitive","undetermined","undetermined","resistant","resistant"
"SPT91142","2020","false","1306","null","Nigeria","NG","Kebbi","Kebbi","null","null","null","null","null","null"
"SPT91143","2020","true","1306","null","Nigeria","NG","Kebbi","Kebbi","undetermined","sensitive","undetermined","undetermined","resistant","resistant"
"SPT91144","2020","true","1306","null","Nigeria","NG","Kebbi","Kebbi","undetermined","sensitive","undetermined","undetermined","resistant","resistant"
"SPT91145","2020","false","1306","null","Nigeria","NG","Kebbi","Kebbi","null","null","null","null","null","null"
"SPT91146","2020","true","1306","null","Nigeria","NG","Kebbi","Kebbi","undetermined","resistant","undetermined","undetermined","resistant","resistant"
"SPT91147","2020","false","1306","null","Nigeria","NG","Kano","Kano","null","null","null","null","null","null"
"SPT91153","2020","true","1306","null","Nigeria","NG","Kano","Kano","undetermined","sensitive","undetermined","undetermined","sensitive","undetermined"
"SPT91154","2020","true","1306","null","Nigeria","NG","Kano","Kano","sensitive","resistant","sensitive","sensitive","resistant","resistant"
"SPT91160","2020","true","1306","null","Nigeria","NG","Kano","Kano","undetermined","sensitive","undetermined","undetermined","resistant","resistant"
"SPT91162","2020","true","1306","null","Nigeria","NG","Kano","Kano","sensitive","resistant","undetermined","undetermined","resistant","resistant"
"SPT91170","2020","false","1306","null","Nigeria","NG","Kano","Kano","null","null","null","null","null","null"
"SPT91171","2020","true","1306","null","Nigeria","NG","Kano","Kano","sensitive","sensitive","undetermined","undetermined","resistant","resistant"
"SPT91173","2020","true","1306","null","Nigeria","NG","Kano","Kano","sensitive","sensitive","sensitive","sensitive","resistant","resistant"
"SPT91174","2020","true","1306","null","Nigeria","NG","Kano","Kano","sensitive","sensitive","undetermined","undetermined","resistant","undetermined"
"SPT91177","2020","true","1306","null","Nigeria","NG","Kano","Kano","sensitive","undetermined","undetermined","undetermined","resistant","resistant"
"SPT91178","2020","true","1306","null","Nigeria","NG","Kano","Kano","undetermined","sensitive","undetermined","undetermined","resistant","resistant"
"SPT91183","2020","false","1306","null","Nigeria","NG","Kano","Kano","null","null","null","null","null","null"
"SPT91184","2020","true","1306","null","Nigeria","NG","Kano","Kano","sensitive","sensitive","undetermined","sensitive","resistant","resistant"
"SPT91185","2020","true","1306","null","Nigeria","NG","Kano","Kano","sensitive","resistant","undetermined","undetermined","resistant","resistant"
"SPT91187","2020","false","1306","null","Nigeria","NG","Kano","Kano","null","null","null","null","null","null"
"SPT91191","2020","true","1306","null","Nigeria","NG","Kano","Kano","undetermined","sensitive","undetermined","undetermined","resistant","undetermined"
"SPT91192","2020","false","1306","null","Nigeria","NG","Kano","Kano","null","null","null","null","null","null"
"SPT91193","2020","false","1306","null","Nigeria","NG","Kano","Kano","null","null","null","null","null","null"
"SPT91194","2020","false","1306","null","Nigeria","NG","Kano","Kano","null","null","null","null","null","null"
"SPT91196","2020","true","1306","null","Nigeria","NG","Kano","Kano","sensitive","undetermined","undetermined","undetermined","undetermined","undetermined"
"SPT91198","2020","true","1306","null","Nigeria","NG","Kano","Kano","sensitive","sensitive","undetermined","undetermined","resistant","undetermined"
"SPT91199","2020","false","1306","null","Nigeria","NG","Kano","Kano","null","null","null","null","null","null"
"SPT91200","2020","false","1306","null","Nigeria","NG","Kano","Kano","null","null","null","null","null","null"
"SPT91201","2020","true","1306","null","Nigeria","NG","Kano","Kano","sensitive","undetermined","undetermined","undetermined","resistant","undetermined"
"SPT91202","2020","false","1306","null","Nigeria","NG","Kano","Kano","null","null","null","null","null","null"
"SPT91203","2020","true","1306","null","Nigeria","NG","Kano","Kano","sensitive","sensitive","undetermined","undetermined","resistant","resistant"
"SPT91204","2020","true","1306","null","Nigeria","NG","Kano","Kano","undetermined","undetermined","undetermined","undetermined","resistant","undetermined"
"SPT91207","2020","true","1306","null","Nigeria","NG","Kano","Kano","sensitive","sensitive","undetermined","undetermined","resistant","sensitive"
"SPT91208","2020","true","1306","null","Nigeria","NG","Kano","Kano","sensitive","resistant","undetermined","undetermined","resistant","resistant"
"SPT91209","2020","true","1306","null","Nigeria","NG","Kano","Kano","undetermined","sensitive","undetermined","undetermined","resistant","resistant"
"SPT91210","2020","false","1306","null","Nigeria","NG","Kano","Kano","null","null","null","null","null","null"
"SPT91214","2020","false","1306","null","Nigeria","NG","Kano","Kano","null","null","null","null","null","null"
"SPT91215","2020","false","1306","null","Nigeria","NG","Kano","Kano","null","null","null","null","null","null"
"SPT91216","2020","false","1306","null","Nigeria","NG","Kano","Kano","null","null","null","null","null","null"
"SPT91217","2020","false","1306","null","Nigeria","NG","Kano","Kano","null","null","null","null","null","null"
"SPT91224","2020","true","1306","null","Nigeria","NG","Kano","Kano","sensitive","sensitive","undetermined","undetermined","resistant","resistant"
"SPT91227","2020","true","1306","null","Nigeria","NG","Kano","Kano","undetermined","sensitive","undetermined","undetermined","resistant","resistant"
"SPT91240","2020","false","1306","null","Nigeria","NG","Delta","Delta","null","null","null","null","null","null"
"SPT91241","2020","false","1306","null","Nigeria","NG","Delta","Delta","null","null","null","null","null","null"
"SPT91242","2020","false","1306","null","Nigeria","NG","Delta","Delta","null","null","null","null","null","null"
"SPT91243","2020","true","1306","null","Nigeria","NG","Delta","Delta","sensitive","resistant","undetermined","undetermined","resistant","resistant"
"SPT91244","2020","false","1306","null","Nigeria","NG","Delta","Delta","null","null","null","null","null","null"
"SPT91245","2020","false","1306","null","Nigeria","NG","Delta","Delta","null","null","null","null","null","null"
"SPT91246","2020","false","1306","null","Nigeria","NG","Delta","Delta","null","null","null","null","null","null"
"SPT91247","2020","true","1306","null","Nigeria","NG","Delta","Delta","sensitive","undetermined","undetermined","undetermined","resistant","resistant"
"SPT91250","2020","false","1306","null","Nigeria","NG","Delta","Delta","null","null","null","null","null","null"
"SPT91251","2020","true","1306","null","Nigeria","NG","Delta","Delta","undetermined","sensitive","undetermined","undetermined","resistant","resistant"
"SPT91252","2020","false","1306","null","Nigeria","NG","Delta","Delta","null","null","null","null","null","null"
"SPT91253","2020","true","1306","null","Nigeria","NG","Delta","Delta","undetermined","resistant","undetermined","undetermined","resistant","resistant"
"SPT91254","2020","true","1306","null","Nigeria","NG","Delta","Delta","sensitive","resistant","undetermined","undetermined","resistant","resistant"
"SPT91255","2020","true","1306","null","Nigeria","NG","Delta","Delta","sensitive","resistant","undetermined","undetermined","resistant","resistant"
"SPT91258","2020","true","1306","null","Nigeria","NG","Delta","Delta","sensitive","sensitive","undetermined","undetermined","resistant","resistant"
"SPT91259","2020","true","1306","null","Nigeria","NG","Delta","Delta","sensitive","resistant","undetermined","undetermined","resistant","resistant"
"SPT91260","2020","true","1306","null","Nigeria","NG","Delta","Delta","undetermined","resistant","undetermined","undetermined","resistant","resistant"
"SPT91261","2020","false","1306","null","Nigeria","NG","Delta","Delta","null","null","null","null","null","null"
"SPT91262","2020","true","1306","null","Nigeria","NG","Delta","Delta","undetermined","resistant","undetermined","undetermined","resistant","resistant"
"SPT91266","2020","false","1306","null","Nigeria","NG","Delta","Delta","null","null","null","null","null","null"
"SPT91267","2020","false","1306","null","Nigeria","NG","Delta","Delta","null","null","null","null","null","null"
"SPT91269","2020","true","1306","null","Nigeria","NG","Delta","Delta","undetermined","resistant","undetermined","undetermined","resistant","resistant"
"SPT91270","2020","true","1306","null","Nigeria","NG","Delta","Delta","undetermined","resistant","undetermined","undetermined","resistant","resistant"
"SPT91273","2020","true","1306","null","Nigeria","NG","Delta","Delta","sensitive","resistant","undetermined","undetermined","resistant","resistant"
"SPT91276","2020","false","1306","null","Nigeria","NG","Delta","Delta","null","null","null","null","null","null"
"SPT91284","2020","false","1306","null","Nigeria","NG","Delta","Delta","null","null","null","null","null","null"
"SPT91285","2020","false","1306","null","Nigeria","NG","Delta","Delta","null","null","null","null","null","null"
"SPT91290","2020","false","1306","null","Nigeria","NG","Delta","Delta","null","null","null","null","null","null"
"SPT91292","2020","false","1306","null","Nigeria","NG","Delta","Delta","null","null","null","null","null","null"
"SPT91293","2020","false","1306","null","Nigeria","NG","Delta","Delta","null","null","null","null","null","null"
"SPT91296","2020","false","1306","null","Nigeria","NG","Delta","Delta","null","null","null","null","null","null"
"SPT91303","2020","false","1306","null","Nigeria","NG","Lagos","Lagos","null","null","null","null","null","null"
"SPT91304","2020","false","1306","null","Nigeria","NG","Lagos","Lagos","null","null","null","null","null","null"
"SPT91305","2020","true","1306","null","Nigeria","NG","Lagos","Lagos","sensitive","sensitive","undetermined","undetermined","resistant","resistant"
"SPT91310","2020","false","1306","null","Nigeria","NG","Lagos","Lagos","null","null","null","null","null","null"
"SPT91311","2020","false","1306","null","Nigeria","NG","Lagos","Lagos","null","null","null","null","null","null"
"SPT91312","2020","true","1306","null","Nigeria","NG","Lagos","Lagos","undetermined","sensitive","undetermined","undetermined","resistant","resistant"
"SPT91313","2020","true","1306","null","Nigeria","NG","Lagos","Lagos","sensitive","sensitive","undetermined","undetermined","resistant","resistant"
"SPT91318","2020","false","1306","null","Nigeria","NG","Lagos","Lagos","null","null","null","null","null","null"
"SPT91319","2020","true","1306","null","Nigeria","NG","Lagos","Lagos","sensitive","sensitive","undetermined","undetermined","resistant","resistant"
"SPT91320","2020","false","1306","null","Nigeria","NG","Lagos","Lagos","null","null","null","null","null","null"
"SPT91325","2020","true","1306","null","Nigeria","NG","Lagos","Lagos","undetermined","sensitive","undetermined","undetermined","resistant","resistant"
"SPT91326","2020","false","1306","null","Nigeria","NG","Lagos","Lagos","null","null","null","null","null","null"
"SPT91327","2020","true","1306","null","Nigeria","NG","Lagos","Lagos","undetermined","sensitive","undetermined","undetermined","resistant","resistant"
"SPT91328","2020","false","1306","null","Nigeria","NG","Lagos","Lagos","null","null","null","null","null","null"
"SPT91331","2020","true","1306","null","Nigeria","NG","Lagos","Lagos","undetermined","undetermined","undetermined","undetermined","resistant","resistant"
"SPT91332","2020","false","1306","null","Nigeria","NG","Lagos","Lagos","null","null","null","null","null","null"
"SPT91333","2020","false","1306","null","Nigeria","NG","Lagos","Lagos","null","null","null","null","null","null"
"SPT91334","2020","false","1306","null","Nigeria","NG","Lagos","Lagos","null","null","null","null","null","null"
"SPT91335","2020","true","1306","null","Nigeria","NG","Lagos","Lagos","undetermined","sensitive","undetermined","undetermined","undetermined","resistant"
"SPT91336","2020","true","1306","null","Nigeria","NG","Lagos","Lagos","undetermined","sensitive","undetermined","undetermined","resistant","resistant"
"SPT91339","2020","false","1306","null","Nigeria","NG","Lagos","Lagos","null","null","null","null","null","null"
"SPT91340","2020","false","1306","null","Nigeria","NG","Lagos","Lagos","null","null","null","null","null","null"
"SPT91341","2020","false","1306","null","Nigeria","NG","Lagos","Lagos","null","null","null","null","null","null"
"SPT91343","2020","true","1306","null","Nigeria","NG","Lagos","Lagos","sensitive","sensitive","undetermined","undetermined","resistant","resistant"
"SPT91344","2020","true","1306","null","Nigeria","NG","Lagos","Lagos","undetermined","sensitive","undetermined","undetermined","resistant","resistant"
"SPT91346","2020","true","1306","null","Nigeria","NG","Lagos","Lagos","sensitive","sensitive","undetermined","undetermined","resistant","resistant"
"SPT91348","2020","true","1306","null","Nigeria","NG","Lagos","Lagos","undetermined","resistant","undetermined","undetermined","undetermined","resistant"
"SPT91349","2020","true","1306","null","Nigeria","NG","Lagos","Lagos","sensitive","sensitive","undetermined","undetermined","resistant","resistant"
"SPT91350","2020","false","1306","null","Nigeria","NG","Lagos","Lagos","null","null","null","null","null","null"
"SPT91351","2020","true","1306","null","Nigeria","NG","Lagos","Lagos","undetermined","resistant","undetermined","undetermined","resistant","resistant"
"SPT91352","2020","false","1306","null","Nigeria","NG","Lagos","Lagos","null","null","null","null","null","null"
"SPT91353","2020","true","1306","null","Nigeria","NG","Lagos","Lagos","undetermined","resistant","undetermined","undetermined","undetermined","resistant"
"SPT91354","2020","true","1306","null","Nigeria","NG","Lagos","Lagos","sensitive","resistant","undetermined","undetermined","resistant","resistant"
"SPT91357","2020","false","1306","null","Nigeria","NG","Lagos","Lagos","null","null","null","null","null","null"
"SPT91358","2020","false","1306","null","Nigeria","NG","Lagos","Lagos","null","null","null","null","null","null"
"SPT91359","2020","true","1306","null","Nigeria","NG","Lagos","Lagos","undetermined","sensitive","undetermined","undetermined","undetermined","resistant"
"SPT91360","2020","true","1306","null","Nigeria","NG","Lagos","Lagos","sensitive","sensitive","undetermined","undetermined","resistant","resistant"
"SPT91361","2020","true","1306","null","Nigeria","NG","Lagos","Lagos","undetermined","resistant","undetermined","undetermined","resistant","resistant"
"SPT91362","2020","true","1306","null","Nigeria","NG","Lagos","Lagos","undetermined","sensitive","undetermined","undetermined","resistant","resistant"
"SPT91365","2020","false","1306","null","Nigeria","NG","Lagos","Lagos","null","null","null","null","null","null"
"SPT91366","2020","false","1306","null","Nigeria","NG","Lagos","Lagos","null","null","null","null","null","null"
"SPT91367","2020","false","1306","null","Nigeria","NG","Lagos","Lagos","null","null","null","null","null","null"
"SPT91368","2020","false","1306","null","Nigeria","NG","Lagos","Lagos","null","null","null","null","null","null"
"SPT91370","2020","false","1306","null","Nigeria","NG","Lagos","Lagos","null","null","null","null","null","null"
"SPT91371","2020","false","1306","null","Nigeria","NG","Lagos","Lagos","null","null","null","null","null","null"
"SPT91372","2020","false","1306","null","Nigeria","NG","Lagos","Lagos","null","null","null","null","null","null"
"SPT91373","2020","false","1306","null","Nigeria","NG","Lagos","Lagos","null","null","null","null","null","null"
"SPT91374","2020","false","1306","null","Nigeria","NG","Lagos","Lagos","null","null","null","null","null","null"
"SPT91375","2020","false","1306","null","Nigeria","NG","Oyo","Oyo","null","null","null","null","null","null"
"SPT91376","2020","false","1306","null","Nigeria","NG","Oyo","Oyo","null","null","null","null","null","null"
"SPT91377","2020","false","1306","null","Nigeria","NG","Oyo","Oyo","null","null","null","null","null","null"
"SPT91378","2020","false","1306","null","Nigeria","NG","Oyo","Oyo","null","null","null","null","null","null"
"SPT91379","2020","false","1306","null","Nigeria","NG","Oyo","Oyo","null","null","null","null","null","null"
"SPT91380","2020","false","1306","null","Nigeria","NG","Oyo","Oyo","null","null","null","null","null","null"
"SPT91381","2020","false","1306","null","Nigeria","NG","Oyo","Oyo","null","null","null","null","null","null"
"SPT91382","2020","false","1306","null","Nigeria","NG","Oyo","Oyo","null","null","null","null","null","null"
"SPT91383","2020","true","1306","null","Nigeria","NG","Oyo","Oyo","undetermined","sensitive","undetermined","undetermined","resistant","sensitive"
"SPT91384","2020","false","1306","null","Nigeria","NG","Oyo","Oyo","null","null","null","null","null","null"
"SPT91385","2020","true","1306","null","Nigeria","NG","Oyo","Oyo","undetermined","resistant","undetermined","undetermined","resistant","resistant"
"SPT91386","2020","false","1306","null","Nigeria","NG","Oyo","Oyo","null","null","null","null","null","null"
"SPT91387","2020","false","1306","null","Nigeria","NG","Oyo","Oyo","null","null","null","null","null","null"
"SPT91388","2020","false","1306","null","Nigeria","NG","Oyo","Oyo","null","null","null","null","null","null"
"SPT91389","2020","false","1306","null","Nigeria","NG","Oyo","Oyo","null","null","null","null","null","null"
"SPT91390","2020","true","1306","null","Nigeria","NG","Oyo","Oyo","undetermined","resistant","undetermined","undetermined","undetermined","resistant"
"SPT91391","2020","true","1306","null","Nigeria","NG","Oyo","Oyo","undetermined","sensitive","undetermined","undetermined","resistant","resistant"
"SPT91392","2020","true","1306","null","Nigeria","NG","Oyo","Oyo","undetermined","sensitive","undetermined","undetermined","resistant","undetermined"
"SPT91393","2020","false","1306","null","Nigeria","NG","Oyo","Oyo","null","null","null","null","null","null"
"SPT91394","2020","false","1306","null","Nigeria","NG","Oyo","Oyo","null","null","null","null","null","null"
"SPT91395","2020","true","1306","null","Nigeria","NG","Oyo","Oyo","undetermined","sensitive","undetermined","undetermined","resistant","resistant"
"SPT91396","2020","false","1306","null","Nigeria","NG","Oyo","Oyo","null","null","null","null","null","null"
"SPT91397","2020","false","1306","null","Nigeria","NG","Oyo","Oyo","null","null","null","null","null","null"
"SPT91398","2020","false","1306","null","Nigeria","NG","Oyo","Oyo","null","null","null","null","null","null"
"SPT91399","2020","false","1306","null","Nigeria","NG","Oyo","Oyo","null","null","null","null","null","null"
"SPT91400","2020","false","1306","null","Nigeria","NG","Oyo","Oyo","null","null","null","null","null","null"
"SPT91401","2020","false","1306","null","Nigeria","NG","Oyo","Oyo","null","null","null","null","null","null"
"SPT91402","2020","true","1306","null","Nigeria","NG","Oyo","Oyo","undetermined","sensitive","undetermined","undetermined","resistant","resistant"
"SPT91403","2020","false","1306","null","Nigeria","NG","Oyo","Oyo","null","null","null","null","null","null"
"SPT91404","2020","false","1306","null","Nigeria","NG","Oyo","Oyo","null","null","null","null","null","null"
"SPT91405","2020","false","1306","null","Nigeria","NG","Oyo","Oyo","null","null","null","null","null","null"
"SPT91406","2020","false","1306","null","Nigeria","NG","Oyo","Oyo","null","null","null","null","null","null"
"SPT91407","2020","false","1306","null","Nigeria","NG","Oyo","Oyo","null","null","null","null","null","null"
"SPT91408","2020","false","1306","null","Nigeria","NG","Oyo","Oyo","null","null","null","null","null","null"
"SPT91409","2020","false","1306","null","Nigeria","NG","Oyo","Oyo","null","null","null","null","null","null"
"SPT91410","2020","false","1306","null","Nigeria","NG","Oyo","Oyo","null","null","null","null","null","null"
"SPT91411","2020","false","1306","null","Nigeria","NG","Oyo","Oyo","null","null","null","null","null","null"
"SPT91412","2020","false","1306","null","Nigeria","NG","Oyo","Oyo","null","null","null","null","null","null"
"SPT91413","2020","false","1306","null","Nigeria","NG","Oyo","Oyo","null","null","null","null","null","null"
"SPT91414","2020","false","1306","null","Nigeria","NG","Oyo","Oyo","null","null","null","null","null","null"
"SPT91415","2020","false","1306","null","Nigeria","NG","Oyo","Oyo","null","null","null","null","null","null"
"SPT91416","2020","false","1306","null","Nigeria","NG","Oyo","Oyo","null","null","null","null","null","null"
"SPT91417","2020","false","1306","null","Nigeria","NG","Oyo","Oyo","null","null","null","null","null","null"
"SPT91418","2020","false","1306","null","Nigeria","NG","Oyo","Oyo","null","null","null","null","null","null"
"SPT91419","2020","false","1306","null","Nigeria","NG","Oyo","Oyo","null","null","null","null","null","null"
"SPT91420","2020","false","1306","null","Nigeria","NG","Oyo","Oyo","null","null","null","null","null","null"
"SPT91421","2020","false","1306","null","Nigeria","NG","Oyo","Oyo","null","null","null","null","null","null"
"SPT91422","2020","false","1306","null","Nigeria","NG","Oyo","Oyo","null","null","null","null","null","null"
"SPT91423","2020","false","1306","null","Nigeria","NG","Oyo","Oyo","null","null","null","null","null","null"
"SPT91424","2020","true","1306","null","Nigeria","NG","Oyo","Oyo","undetermined","sensitive","undetermined","undetermined","resistant","resistant"
"SPT91425","2020","false","1306","null","Nigeria","NG","Oyo","Oyo","null","null","null","null","null","null"
"SPT91426","2020","true","1306","null","Nigeria","NG","Oyo","Oyo","undetermined","undetermined","undetermined","undetermined","resistant","resistant"
"SPT91427","2020","false","1306","null","Nigeria","NG","Oyo","Oyo","null","null","null","null","null","null"
"SPT91428","2020","true","1306","null","Nigeria","NG","Oyo","Oyo","undetermined","resistant","undetermined","undetermined","resistant","resistant"
"SPT91429","2020","false","1306","null","Nigeria","NG","Oyo","Oyo","null","null","null","null","null","null"
"SPT91430","2020","false","1306","null","Nigeria","NG","Oyo","Oyo","null","null","null","null","null","null"
"SPT91431","2020","false","1306","null","Nigeria","NG","Oyo","Oyo","null","null","null","null","null","null"
"SPT91432","2020","false","1306","null","Nigeria","NG","Oyo","Oyo","null","null","null","null","null","null"
"SPT91433","2020","false","1306","null","Nigeria","NG","Oyo","Oyo","null","null","null","null","null","null"
"SPT91434","2020","true","1306","null","Nigeria","NG","Oyo","Oyo","undetermined","sensitive","undetermined","undetermined","resistant","resistant"
"SPT91435","2020","false","1306","null","Nigeria","NG","Oyo","Oyo","null","null","null","null","null","null"
"SPT91436","2020","false","1306","null","Nigeria","NG","Oyo","Oyo","null","null","null","null","null","null"
"SPT91437","2020","false","1306","null","Nigeria","NG","Oyo","Oyo","null","null","null","null","null","null"
"SPT91438","2020","false","1306","null","Nigeria","NG","Oyo","Oyo","null","null","null","null","null","null"
"SPT91439","2020","false","1306","null","Nigeria","NG","Oyo","Oyo","null","null","null","null","null","null"
"SPT91440","2020","false","1306","null","Nigeria","NG","Oyo","Oyo","null","null","null","null","null","null"
"SPT91441","2020","false","1306","null","Nigeria","NG","Oyo","Oyo","null","null","null","null","null","null"
"SPT91442","2020","false","1306","null","Nigeria","NG","Oyo","Oyo","null","null","null","null","null","null"
"SPT91443","2020","false","1306","null","Nigeria","NG","Oyo","Oyo","null","null","null","null","null","null"
"SPT91444","2020","false","1306","null","Nigeria","NG","Oyo","Oyo","null","null","null","null","null","null"
"SPT91445","2020","false","1306","null","Nigeria","NG","Oyo","Oyo","null","null","null","null","null","null"
"SPT91446","2020","false","1306","null","Nigeria","NG","Oyo","Oyo","null","null","null","null","null","null"
"SPT91447","2020","false","1306","null","Nigeria","NG","Oyo","Oyo","null","null","null","null","null","null"
"SPT91449","2020","true","1306","null","Nigeria","NG","Oyo","Oyo","undetermined","resistant","undetermined","undetermined","resistant","resistant"
"SPT91450","2020","false","1306","null","Nigeria","NG","Oyo","Oyo","null","null","null","null","null","null"
"SPT91451","2020","false","1306","null","Nigeria","NG","Oyo","Oyo","null","null","null","null","null","null"
"SPT91452","2020","false","1306","null","Nigeria","NG","Oyo","Oyo","null","null","null","null","null","null"
"SPT91453","2020","false","1306","null","Nigeria","NG","Oyo","Oyo","null","null","null","null","null","null"
"SPT91454","2020","true","1306","null","Nigeria","NG","Oyo","Oyo","undetermined","sensitive","undetermined","undetermined","undetermined","resistant"
"SPT91455","2020","false","1306","null","Nigeria","NG","Oyo","Oyo","null","null","null","null","null","null"
"SPT91456","2020","false","1306","null","Nigeria","NG","Oyo","Oyo","null","null","null","null","null","null"
"SPT91457","2020","true","1306","null","Nigeria","NG","Oyo","Oyo","undetermined","sensitive","undetermined","undetermined","resistant","resistant"
"SPT91458","2020","false","1306","null","Nigeria","NG","Oyo","Oyo","null","null","null","null","null","null"
"SPT91459","2020","false","1306","null","Nigeria","NG","Oyo","Oyo","null","null","null","null","null","null"
"SPT91460","2020","false","1306","null","Nigeria","NG","Oyo","Oyo","null","null","null","null","null","null"
"SPT91461","2020","false","1306","null","Nigeria","NG","Oyo","Oyo","null","null","null","null","null","null"
"SPT91462","2020","false","1306","null","Nigeria","NG","Oyo","Oyo","null","null","null","null","null","null"
"SPT91463","2020","false","1306","null","Nigeria","NG","Oyo","Oyo","null","null","null","null","null","null"
"SPT91464","2020","false","1306","null","Nigeria","NG","Oyo","Oyo","null","null","null","null","null","null"
"SPT91465","2020","false","1306","null","Nigeria","NG","Oyo","Oyo","null","null","null","null","null","null"
"SPT91466","2020","false","1306","null","Nigeria","NG","Oyo","Oyo","null","null","null","null","null","null"
"SPT91467","2020","true","1306","null","Nigeria","NG","Oyo","Oyo","undetermined","sensitive","undetermined","undetermined","undetermined","resistant"
"SPT91468","2020","false","1306","null","Nigeria","NG","Oyo","Oyo","null","null","null","null","null","null"
"SPT91469","2020","false","1306","null","Nigeria","NG","Oyo","Oyo","null","null","null","null","null","null"
"SPT91470","2020","false","1306","null","Nigeria","NG","Oyo","Oyo","null","null","null","null","null","null"
"SPT91471","2020","false","1306","null","Nigeria","NG","Oyo","Oyo","null","null","null","null","null","null"
"SPT91472","2020","true","1306","null","Nigeria","NG","Oyo","Oyo","undetermined","sensitive","undetermined","undetermined","resistant","resistant"
"SPT91473","2020","false","1306","null","Nigeria","NG","Cross River","Cross River","null","null","null","null","null","null"
"SPT91474","2020","true","1306","null","Nigeria","NG","Cross River","Cross River","sensitive","resistant","undetermined","undetermined","resistant","resistant"
"SPT91475","2020","false","1306","null","Nigeria","NG","Cross River","Cross River","null","null","null","null","null","null"
"SPT91476","2020","false","1306","null","Nigeria","NG","Cross River","Cross River","null","null","null","null","null","null"
"SPT91477","2020","true","1306","null","Nigeria","NG","Cross River","Cross River","undetermined","undetermined","undetermined","undetermined","resistant","resistant"
"SPT91478","2020","false","1306","null","Nigeria","NG","Cross River","Cross River","null","null","null","null","null","null"
"SPT91479","2020","false","1306","null","Nigeria","NG","Cross River","Cross River","null","null","null","null","null","null"
"SPT91480","2020","false","1306","null","Nigeria","NG","Cross River","Cross River","null","null","null","null","null","null"
"SPT91481","2020","false","1306","null","Nigeria","NG","Cross River","Cross River","null","null","null","null","null","null"
"SPT91482","2020","false","1306","null","Nigeria","NG","Cross River","Cross River","null","null","null","null","null","null"
"SPT91483","2020","false","1306","null","Nigeria","NG","Cross River","Cross River","null","null","null","null","null","null"
"SPT91484","2020","false","1306","null","Nigeria","NG","Cross River","Cross River","null","null","null","null","null","null"
"SPT91485","2020","false","1306","null","Nigeria","NG","Cross River","Cross River","null","null","null","null","null","null"
"SPT91486","2020","false","1306","null","Nigeria","NG","Cross River","Cross River","null","null","null","null","null","null"
"SPT91487","2020","false","1306","null","Nigeria","NG","Cross River","Cross River","null","null","null","null","null","null"
"SPT91488","2020","true","1306","null","Nigeria","NG","Cross River","Cross River","undetermined","resistant","undetermined","undetermined","resistant","resistant"
"SPT91489","2020","false","1306","null","Nigeria","NG","Cross River","Cross River","null","null","null","null","null","null"
"SPT91490","2020","false","1306","null","Nigeria","NG","Cross River","Cross River","null","null","null","null","null","null"
"SPT91491","2020","true","1306","null","Nigeria","NG","Cross River","Cross River","sensitive","sensitive","undetermined","undetermined","resistant","resistant"
"SPT91492","2020","false","1306","null","Nigeria","NG","Cross River","Cross River","null","null","null","null","null","null"
"SPT91493","2020","false","1306","null","Nigeria","NG","Cross River","Cross River","null","null","null","null","null","null"
"SPT91494","2020","true","1306","null","Nigeria","NG","Cross River","Cross River","sensitive","resistant","undetermined","undetermined","resistant","resistant"
"SPT91495","2020","false","1306","null","Nigeria","NG","Cross River","Cross River","null","null","null","null","null","null"
"SPT91496","2020","false","1306","null","Nigeria","NG","Cross River","Cross River","null","null","null","null","null","null"
"SPT91497","2020","false","1306","null","Nigeria","NG","Cross River","Cross River","null","null","null","null","null","null"
"SPT91498","2020","false","1306","null","Nigeria","NG","Cross River","Cross River","null","null","null","null","null","null"
"SPT91499","2020","false","1306","null","Nigeria","NG","Cross River","Cross River","null","null","null","null","null","null"
"SPT91500","2020","false","1306","null","Nigeria","NG","Cross River","Cross River","null","null","null","null","null","null"
"SPT91501","2020","false","1306","null","Nigeria","NG","Cross River","Cross River","null","null","null","null","null","null"
"SPT91502","2020","false","1306","null","Nigeria","NG","Cross River","Cross River","null","null","null","null","null","null"
"SPT91503","2020","false","1306","null","Nigeria","NG","Cross River","Cross River","null","null","null","null","null","null"
"SPT91504","2020","false","1306","null","Nigeria","NG","Cross River","Cross River","null","null","null","null","null","null"
"SPT91505","2020","false","1306","null","Nigeria","NG","Cross River","Cross River","null","null","null","null","null","null"
"SPT91506","2020","false","1306","null","Nigeria","NG","Cross River","Cross River","null","null","null","null","null","null"
"SPT91507","2020","false","1306","null","Nigeria","NG","Cross River","Cross River","null","null","null","null","null","null"
"SPT91508","2020","false","1306","null","Nigeria","NG","Cross River","Cross River","null","null","null","null","null","null"
"SPT91509","2020","false","1306","null","Nigeria","NG","Cross River","Cross River","null","null","null","null","null","null"
"SPT91510","2020","false","1306","null","Nigeria","NG","Cross River","Cross River","null","null","null","null","null","null"
"SPT91511","2020","false","1306","null","Nigeria","NG","Cross River","Cross River","null","null","null","null","null","null"
"SPT91512","2020","true","1306","null","Nigeria","NG","Cross River","Cross River","sensitive","resistant","undetermined","undetermined","resistant","resistant"
"SPT91513","2020","false","1306","null","Nigeria","NG","Cross River","Cross River","null","null","null","null","null","null"
"SPT91514","2020","false","1306","null","Nigeria","NG","Cross River","Cross River","null","null","null","null","null","null"
"SPT91515","2020","false","1306","null","Nigeria","NG","Cross River","Cross River","null","null","null","null","null","null"
"SPT91516","2020","true","1306","null","Nigeria","NG","Cross River","Cross River","undetermined","resistant","undetermined","undetermined","resistant","resistant"
"SPT91517","2020","false","1306","null","Nigeria","NG","Cross River","Cross River","null","null","null","null","null","null"
"SPT91518","2020","false","1306","null","Nigeria","NG","Cross River","Cross River","null","null","null","null","null","null"
"SPT91519","2020","true","1306","null","Nigeria","NG","Cross River","Cross River","undetermined","resistant","undetermined","undetermined","resistant","resistant"
"SPT91520","2020","false","1306","null","Nigeria","NG","Cross River","Cross River","null","null","null","null","null","null"
"SPT91521","2020","false","1306","null","Nigeria","NG","Cross River","Cross River","null","null","null","null","null","null"
"SPT91522","2020","false","1306","null","Nigeria","NG","Cross River","Cross River","null","null","null","null","null","null"
"SPT91523","2020","true","1306","null","Nigeria","NG","Cross River","Cross River","sensitive","resistant","undetermined","undetermined","resistant","resistant"
"SPT91524","2020","true","1306","null","Nigeria","NG","Cross River","Cross River","sensitive","resistant","undetermined","undetermined","resistant","resistant"
"SPT91525","2020","true","1306","null","Nigeria","NG","Cross River","Cross River","sensitive","resistant","undetermined","undetermined","resistant","resistant"
"SPT91526","2020","false","1306","null","Nigeria","NG","Cross River","Cross River","null","null","null","null","null","null"
"SPT91527","2020","false","1306","null","Nigeria","NG","Cross River","Cross River","null","null","null","null","null","null"
"SPT91528","2020","false","1306","null","Nigeria","NG","Cross River","Cross River","null","null","null","null","null","null"
"SPT91529","2020","true","1306","null","Nigeria","NG","Cross River","Cross River","sensitive","resistant","undetermined","undetermined","resistant","resistant"
"SPT91530","2020","false","1306","null","Nigeria","NG","Cross River","Cross River","null","null","null","null","null","null"
"SPT91531","2020","false","1306","null","Nigeria","NG","Cross River","Cross River","null","null","null","null","null","null"
"SPT91532","2020","false","1306","null","Nigeria","NG","Cross River","Cross River","null","null","null","null","null","null"
"SPT91533","2020","false","1306","null","Nigeria","NG","Cross River","Cross River","null","null","null","null","null","null"
"SPT91534","2020","false","1306","null","Nigeria","NG","Cross River","Cross River","null","null","null","null","null","null"
"SPT91535","2020","false","1306","null","Nigeria","NG","Cross River","Cross River","null","null","null","null","null","null"
"SPT91536","2020","true","1306","null","Nigeria","NG","Cross River","Cross River","undetermined","resistant","undetermined","undetermined","resistant","resistant"
"SPT91537","2020","false","1306","null","Nigeria","NG","Cross River","Cross River","null","null","null","null","null","null"
"SPT91538","2020","false","1306","null","Nigeria","NG","Cross River","Cross River","null","null","null","null","null","null"
"SPT91539","2020","false","1306","null","Nigeria","NG","Cross River","Cross River","null","null","null","null","null","null"
"SPT91540","2020","false","1306","null","Nigeria","NG","Cross River","Cross River","null","null","null","null","null","null"
"SPT91541","2020","false","1306","null","Nigeria","NG","Cross River","Cross River","null","null","null","null","null","null"
"SPT91542","2020","true","1306","null","Nigeria","NG","Cross River","Cross River","sensitive","resistant","undetermined","undetermined","resistant","resistant"
"SPT91543","2020","true","1306","null","Nigeria","NG","Cross River","Cross River","undetermined","undetermined","undetermined","undetermined","resistant","resistant"
"SPT91544","2020","true","1306","null","Nigeria","NG","Cross River","Cross River","sensitive","resistant","undetermined","undetermined","resistant","resistant"
"SPT91545","2020","false","1306","null","Nigeria","NG","Cross River","Cross River","null","null","null","null","null","null"
"SPT91665","2019","false","1306","null","Nigeria","NG","Oyo","Oyo","null","null","null","null","null","null"
"SPT91666","2004","false","1306","null","Nigeria","NG","Oyo","Oyo","null","null","null","null","null","null"
"SPT91667","2010","false","1306","null","Nigeria","NG","Oyo","Oyo","null","null","null","null","null","null"
"SPT91668","2019","false","1306","null","Nigeria","NG","Oyo","Oyo","null","null","null","null","null","null"
"SPT91669","2004","false","1306","null","Nigeria","NG","Oyo","Oyo","null","null","null","null","null","null"
"SPT91670","2017","false","1306","null","Nigeria","NG","Oyo","Oyo","null","null","null","null","null","null"
"SPT91672","2019","false","1306","null","Nigeria","NG","Oyo","Oyo","null","null","null","null","null","null"
"SPT91673","2004","false","1306","null","Nigeria","NG","Oyo","Oyo","null","null","null","null","null","null"
"SPT91674","2017","false","1306","null","Nigeria","NG","Oyo","Oyo","null","null","null","null","null","null"
"SPT91676","2019","true","1306","null","Nigeria","NG","Oyo","Oyo","undetermined","sensitive","undetermined","undetermined","resistant","resistant"
"SPT91677","2004","false","1306","null","Nigeria","NG","Oyo","Oyo","null","null","null","null","null","null"
"SPT91679","2004","false","1306","null","Nigeria","NG","Oyo","Oyo","null","null","null","null","null","null"
"SPT91680","2017","false","1306","null","Nigeria","NG","Oyo","Oyo","null","null","null","null","null","null"
"SPT91682","2017","false","1306","null","Nigeria","NG","Oyo","Oyo","null","null","null","null","null","null"
"SPT91683","2010","false","1306","null","Nigeria","NG","Oyo","Oyo","null","null","null","null","null","null"
"SPT91684","2019","true","1306","null","Nigeria","NG","Oyo","Oyo","undetermined","sensitive","undetermined","undetermined","resistant","resistant"
"SPT91685","2017","false","1306","null","Nigeria","NG","Oyo","Oyo","null","null","null","null","null","null"
"SPT91686","2010","false","1306","null","Nigeria","NG","Oyo","Oyo","null","null","null","null","null","null"
"SPT91687","2018","false","1306","null","Nigeria","NG","Oyo","Oyo","null","null","null","null","null","null"
"SPT91689","2017","false","1306","null","Nigeria","NG","Oyo","Oyo","null","null","null","null","null","null"
"SPT91690","2019","false","1306","null","Nigeria","NG","Oyo","Oyo","null","null","null","null","null","null"
"SPT91691","2004","false","1306","null","Nigeria","NG","Oyo","Oyo","null","null","null","null","null","null"
"SPT91692","2017","false","1306","null","Nigeria","NG","Oyo","Oyo","null","null","null","null","null","null"
"SPT91693","2010","false","1306","null","Nigeria","NG","Oyo","Oyo","null","null","null","null","null","null"
"SPT91694","2013","false","1306","null","Nigeria","NG","Oyo","Oyo","null","null","null","null","null","null"
"SPT91695","2018","false","1306","null","Nigeria","NG","Oyo","Oyo","null","null","null","null","null","null"
"SPT91696","2017","false","1306","null","Nigeria","NG","Oyo","Oyo","null","null","null","null","null","null"
"SPT91697","2010","false","1306","null","Nigeria","NG","Oyo","Oyo","null","null","null","null","null","null"
"SPT91698","2004","false","1306","null","Nigeria","NG","Oyo","Oyo","null","null","null","null","null","null"
"SPT91699","2017","false","1306","null","Nigeria","NG","Oyo","Oyo","null","null","null","null","null","null"
"SPT91700","2010","false","1306","null","Nigeria","NG","Oyo","Oyo","null","null","null","null","null","null"
"SPT91701","2004","false","1306","null","Nigeria","NG","Oyo","Oyo","null","null","null","null","null","null"
"SPT91702","2017","true","1306","null","Nigeria","NG","Oyo","Oyo","sensitive","resistant","undetermined","undetermined","resistant","resistant"
"SPT91704","2013","false","1306","null","Nigeria","NG","Oyo","Oyo","null","null","null","null","null","null"
"SPT91705","2017","false","1306","null","Nigeria","NG","Oyo","Oyo","null","null","null","null","null","null"
"SPT91707","2019","false","1306","null","Nigeria","NG","Oyo","Oyo","null","null","null","null","null","null"
"SPT91708","2008","true","1306","null","Nigeria","NG","Oyo","Oyo","sensitive","resistant","undetermined","undetermined","resistant","resistant"
"SPT91709","2010","false","1306","null","Nigeria","NG","Oyo","Oyo","null","null","null","null","null","null"
"SPT91710","2019","false","1306","null","Nigeria","NG","Oyo","Oyo","null","null","null","null","null","null"
"SPT91711","2004","false","1306","null","Nigeria","NG","Oyo","Oyo","null","null","null","null","null","null"
"SPT91712","2011","false","1306","null","Nigeria","NG","Oyo","Oyo","null","null","null","null","null","null"
"SPT91713","2017","false","1306","null","Nigeria","NG","Oyo","Oyo","null","null","null","null","null","null"
"SPT91714","2011","false","1306","null","Nigeria","NG","Oyo","Oyo","null","null","null","null","null","null"
"SPT91715","2017","false","1306","null","Nigeria","NG","Oyo","Oyo","null","null","null","null","null","null"
"SPT91716","2011","false","1306","null","Nigeria","NG","Oyo","Oyo","null","null","null","null","null","null"
"SPT91717","2019","false","1306","null","Nigeria","NG","Oyo","Oyo","null","null","null","null","null","null"
"SPT91718","2017","false","1306","null","Nigeria","NG","Oyo","Oyo","null","null","null","null","null","null"
"SPT91719","2011","false","1306","null","Nigeria","NG","Oyo","Oyo","null","null","null","null","null","null"
"SPT91720","2019","false","1306","null","Nigeria","NG","Oyo","Oyo","null","null","null","null","null","null"
"SPT91722","2017","false","1306","null","Nigeria","NG","Oyo","Oyo","null","null","null","null","null","null"
"SPT91723","2011","false","1306","null","Nigeria","NG","Oyo","Oyo","null","null","null","null","null","null"
"SPT91724","2019","true","1306","null","Nigeria","NG","Oyo","Oyo","undetermined","resistant","undetermined","undetermined","resistant","resistant"
"SPT91725","2004","false","1306","null","Nigeria","NG","Oyo","Oyo","null","null","null","null","null","null"
"SPT91726","2017","false","1306","null","Nigeria","NG","Oyo","Oyo","null","null","null","null","null","null"
"SPT91727","2011","false","1306","null","Nigeria","NG","Oyo","Oyo","null","null","null","null","null","null"
"SPT91728","2017","false","1306","null","Nigeria","NG","Oyo","Oyo","null","null","null","null","null","null"
"SPT91729","2011","false","1306","null","Nigeria","NG","Oyo","Oyo","null","null","null","null","null","null"
"SPT91730","2007","false","1306","null","Nigeria","NG","Oyo","Oyo","null","null","null","null","null","null"
"SPT91731","2011","false","1306","null","Nigeria","NG","Oyo","Oyo","null","null","null","null","null","null"
"SPT91732","2013","false","1306","null","Nigeria","NG","Oyo","Oyo","null","null","null","null","null","null"
"SPT91733","2017","false","1306","null","Nigeria","NG","Oyo","Oyo","null","null","null","null","null","null"
"SPT91734","2011","false","1306","null","Nigeria","NG","Oyo","Oyo","null","null","null","null","null","null"
"SPT91735","2019","false","1306","null","Nigeria","NG","Oyo","Oyo","null","null","null","null","null","null"
"SPT91736","2017","false","1306","null","Nigeria","NG","Oyo","Oyo","null","null","null","null","null","null"
"SPT91737","2011","false","1306","null","Nigeria","NG","Oyo","Oyo","null","null","null","null","null","null"
"SPT91738","2019","false","1306","null","Nigeria","NG","Oyo","Oyo","null","null","null","null","null","null"
"SPT91739","2017","false","1306","null","Nigeria","NG","Oyo","Oyo","null","null","null","null","null","null"
"SPT91740","2011","false","1306","null","Nigeria","NG","Oyo","Oyo","null","null","null","null","null","null"
"SPT91741","2019","true","1306","null","Nigeria","NG","Oyo","Oyo","undetermined","resistant","undetermined","undetermined","resistant","resistant"
"SPT91742","2011","false","1306","null","Nigeria","NG","Oyo","Oyo","null","null","null","null","null","null"
"SPT91743","2013","false","1306","null","Nigeria","NG","Oyo","Oyo","null","null","null","null","null","null"
"SPT91744","2017","false","1306","null","Nigeria","NG","Oyo","Oyo","null","null","null","null","null","null"
"SPT91745","2011","false","1306","null","Nigeria","NG","Oyo","Oyo","null","null","null","null","null","null"
"SPT91746","2019","false","1306","null","Nigeria","NG","Oyo","Oyo","null","null","null","null","null","null"
"SPT91747","2013","false","1306","null","Nigeria","NG","Oyo","Oyo","null","null","null","null","null","null"
"SPT91748","2018","false","1306","null","Nigeria","NG","Oyo","Oyo","null","null","null","null","null","null"
"SPT91751","2018","false","1306","null","Nigeria","NG","Oyo","Oyo","null","null","null","null","null","null"
"SPT91752","2011","false","1306","null","Nigeria","NG","Oyo","Oyo","null","null","null","null","null","null"
"SPT91753","2019","false","1306","null","Nigeria","NG","Oyo","Oyo","null","null","null","null","null","null"
"SPT91754","2017","false","1306","null","Nigeria","NG","Oyo","Oyo","null","null","null","null","null","null"
"SPT91755","2011","false","1306","null","Nigeria","NG","Oyo","Oyo","null","null","null","null","null","null"
"SPT91756","2019","true","1306","null","Nigeria","NG","Oyo","Oyo","undetermined","resistant","undetermined","undetermined","resistant","sensitive"
"SPT91757","2017","false","1306","null","Nigeria","NG","Oyo","Oyo","null","null","null","null","null","null"
"SPT91758","2017","false","1306","null","Nigeria","NG","Oyo","Oyo","null","null","null","null","null","null"
"SPT91759","2019","true","1306","null","Nigeria","NG","Oyo","Oyo","undetermined","sensitive","undetermined","undetermined","resistant","resistant"
"SPT91760","2013","false","1306","null","Nigeria","NG","Oyo","Oyo","null","null","null","null","null","null"
"SPT91761","2017","false","1306","null","Nigeria","NG","Oyo","Oyo","null","null","null","null","null","null"
"SPT91762","2019","false","1306","null","Nigeria","NG","Oyo","Oyo","null","null","null","null","null","null"
"SPT91764","2017","false","1306","null","Nigeria","NG","Oyo","Oyo","null","null","null","null","null","null"
"SPT91765","2019","true","1306","null","Nigeria","NG","Oyo","Oyo","undetermined","sensitive","undetermined","undetermined","undetermined","resistant"
"SPT91766","2013","false","1306","null","Nigeria","NG","Oyo","Oyo","null","null","null","null","null","null"
"SPT91767","2019","false","1306","null","Nigeria","NG","Oyo","Oyo","null","null","null","null","null","null"
"SPT91769","2017","false","1306","null","Nigeria","NG","Oyo","Oyo","null","null","null","null","null","null"
"SPT91770","2017","false","1306","null","Nigeria","NG","Oyo","Oyo","null","null","null","null","null","null"
"SPT91771","2019","true","1306","null","Nigeria","NG","Oyo","Oyo","undetermined","sensitive","undetermined","undetermined","resistant","resistant"
"SPT91772","2017","false","1306","null","Nigeria","NG","Oyo","Oyo","null","null","null","null","null","null"
"SPT91773","2019","false","1306","null","Nigeria","NG","Oyo","Oyo","null","null","null","null","null","null"
"SPT91774","2017","false","1306","null","Nigeria","NG","Oyo","Oyo","null","null","null","null","null","null"
"SPT91775","2019","true","1306","null","Nigeria","NG","Oyo","Oyo","undetermined","sensitive","undetermined","undetermined","undetermined","resistant"
"SPT91776","2017","false","1306","null","Nigeria","NG","Oyo","Oyo","null","null","null","null","null","null"
"SPT91777","2019","false","1306","null","Nigeria","NG","Oyo","Oyo","null","null","null","null","null","null"
"SPT91778","2013","false","1306","null","Nigeria","NG","Oyo","Oyo","null","null","null","null","null","null"
"SPT91779","2017","false","1306","null","Nigeria","NG","Oyo","Oyo","null","null","null","null","null","null"
"SPT91780","2007","false","1306","null","Nigeria","NG","Oyo","Oyo","null","null","null","null","null","null"
"SPT91781","2019","true","1306","null","Nigeria","NG","Oyo","Oyo","sensitive","sensitive","undetermined","undetermined","resistant","sensitive"
"SPT91782","2018","false","1306","null","Nigeria","NG","Oyo","Oyo","null","null","null","null","null","null"
"SPT91783","2017","false","1306","null","Nigeria","NG","Oyo","Oyo","null","null","null","null","null","null"
"SPT91784","2019","false","1306","null","Nigeria","NG","Oyo","Oyo","null","null","null","null","null","null"
"SPT91786","2013","false","1306","null","Nigeria","NG","Oyo","Oyo","null","null","null","null","null","null"
"SPT91787","2008","true","1306","null","Nigeria","NG","Oyo","Oyo","undetermined","sensitive","undetermined","undetermined","resistant","sensitive"
"SPT91788","2019","true","1306","null","Nigeria","NG","Oyo","Oyo","sensitive","undetermined","undetermined","undetermined","resistant","resistant"
"SPT91789","2017","false","1306","null","Nigeria","NG","Oyo","Oyo","null","null","null","null","null","null"
"SPT91790","2008","true","1306","null","Nigeria","NG","Oyo","Oyo","sensitive","sensitive","undetermined","undetermined","resistant","resistant"
"SPT91791","2019","false","1306","null","Nigeria","NG","Oyo","Oyo","null","null","null","null","null","null"
"SPT91793","2017","false","1306","null","Nigeria","NG","Oyo","Oyo","null","null","null","null","null","null"
"SPT91795","2017","false","1306","null","Nigeria","NG","Oyo","Oyo","null","null","null","null","null","null"
"SPT91796","2013","false","1306","null","Nigeria","NG","Oyo","Oyo","null","null","null","null","null","null"
"SPT91797","2004","false","1306","null","Nigeria","NG","Oyo","Oyo","null","null","null","null","null","null"
"SPT91798","2017","false","1306","null","Nigeria","NG","Oyo","Oyo","null","null","null","null","null","null"
"SPT91799","2019","true","1306","null","Nigeria","NG","Oyo","Oyo","undetermined","resistant","undetermined","undetermined","resistant","resistant"
"SPT91800","2013","false","1306","null","Nigeria","NG","Oyo","Oyo","null","null","null","null","null","null"
"SPT91802","2019","true","1306","null","Nigeria","NG","Oyo","Oyo","undetermined","sensitive","undetermined","undetermined","resistant","resistant"
"SPT91803","2013","false","1306","null","Nigeria","NG","Oyo","Oyo","null","null","null","null","null","null"
"SPT91804","2004","false","1306","null","Nigeria","NG","Oyo","Oyo","null","null","null","null","null","null"
"SPT91805","2017","false","1306","null","Nigeria","NG","Oyo","Oyo","null","null","null","null","null","null"
"SPT91806","2019","true","1306","null","Nigeria","NG","Oyo","Oyo","undetermined","sensitive","undetermined","undetermined","resistant","resistant"
"SPT91807","2004","false","1306","null","Nigeria","NG","Oyo","Oyo","null","null","null","null","null","null"
"SPT91808","2017","false","1306","null","Nigeria","NG","Oyo","Oyo","null","null","null","null","null","null"
"SPT91809","2019","true","1306","null","Nigeria","NG","Oyo","Oyo","undetermined","sensitive","undetermined","undetermined","resistant","resistant"
"SPT91810","2013","false","1306","null","Nigeria","NG","Oyo","Oyo","null","null","null","null","null","null"
"SPT91812","2004","false","1306","null","Nigeria","NG","Oyo","Oyo","null","null","null","null","null","null"
"SPT91814","2018","true","1306","null","Nigeria","NG","Oyo","Oyo","undetermined","resistant","undetermined","undetermined","resistant","resistant"
"SPT91815","2018","false","1306","null","Nigeria","NG","Oyo","Oyo","null","null","null","null","null","null"
"SPT91817","2019","false","1306","null","Nigeria","NG","Oyo","Oyo","null","null","null","null","null","null"
"SPT91819","2018","false","1306","null","Nigeria","NG","Oyo","Oyo","null","null","null","null","null","null"
"SPT91820","2004","false","1306","null","Nigeria","NG","Oyo","Oyo","null","null","null","null","null","null"
"SPT91821","2017","true","1306","null","Nigeria","NG","Oyo","Oyo","undetermined","sensitive","undetermined","undetermined","resistant","resistant"
"SPT91822","2019","true","1306","null","Nigeria","NG","Oyo","Oyo","sensitive","sensitive","undetermined","undetermined","resistant","resistant"
"SPT91824","2007","false","1306","null","Nigeria","NG","Oyo","Oyo","null","null","null","null","null","null"
"SPT91825","2019","false","1306","null","Nigeria","NG","Oyo","Oyo","null","null","null","null","null","null"
"SPT91826","2017","false","1306","null","Nigeria","NG","Oyo","Oyo","null","null","null","null","null","null"
"SPT91827","2004","false","1306","null","Nigeria","NG","Oyo","Oyo","null","null","null","null","null","null"
"SPT91828","2017","true","1306","null","Nigeria","NG","Oyo","Oyo","undetermined","sensitive","undetermined","undetermined","resistant","resistant"
"SPT91829","2017","true","1306","null","Nigeria","NG","Oyo","Oyo","sensitive","resistant","undetermined","undetermined","resistant","resistant"
"SPT91830","2008","true","1306","null","Nigeria","NG","Oyo","Oyo","sensitive","resistant","undetermined","undetermined","resistant","resistant"
"SPT91831","2018","false","1306","null","Nigeria","NG","Oyo","Oyo","null","null","null","null","null","null"
"SPT91832","2017","true","1306","null","Nigeria","NG","Oyo","Oyo","sensitive","sensitive","undetermined","undetermined","resistant","resistant"
"SPT91833","2008","true","1306","null","Nigeria","NG","Oyo","Oyo","sensitive","sensitive","undetermined","undetermined","resistant","resistant"
"SPT91834","2019","true","1306","null","Nigeria","NG","Oyo","Oyo","undetermined","sensitive","undetermined","undetermined","resistant","resistant"
"SPT91835","2004","false","1306","null","Nigeria","NG","Oyo","Oyo","null","null","null","null","null","null"
"SPT91836","2017","true","1306","null","Nigeria","NG","Oyo","Oyo","sensitive","sensitive","undetermined","undetermined","resistant","resistant"
"SPT91837","2004","false","1306","null","Nigeria","NG","Oyo","Oyo","null","null","null","null","null","null"
"SPT91838","2017","true","1306","null","Nigeria","NG","Oyo","Oyo","sensitive","sensitive","undetermined","undetermined","resistant","resistant"
"SPT91839","2013","false","1306","null","Nigeria","NG","Oyo","Oyo","null","null","null","null","null","null"
"SPT91840","2013","false","1306","null","Nigeria","NG","Oyo","Oyo","null","null","null","null","null","null"
"SPT91841","2013","false","1306","null","Nigeria","NG","Oyo","Oyo","null","null","null","null","null","null"
"SPT91844","2018","false","1306","null","Nigeria","NG","Oyo","Oyo","null","null","null","null","null","null"
"SPT91846","2004","false","1306","null","Nigeria","NG","Oyo","Oyo","null","null","null","null","null","null"
"SPT91847","2013","false","1306","null","Nigeria","NG","Oyo","Oyo","null","null","null","null","null","null"
"SPT91848","2004","false","1306","null","Nigeria","NG","Oyo","Oyo","null","null","null","null","null","null"
"SPT91850","2004","false","1306","null","Nigeria","NG","Oyo","Oyo","null","null","null","null","null","null"
"SPT91851","2004","false","1306","null","Nigeria","NG","Oyo","Oyo","null","null","null","null","null","null"
"SPT91852","2007","false","1306","null","Nigeria","NG","Oyo","Oyo","null","null","null","null","null","null"
"SPT91853","2007","false","1306","null","Nigeria","NG","Oyo","Oyo","null","null","null","null","null","null"
"SPT91854","2014","false","1306","null","Nigeria","NG","Oyo","Oyo","null","null","null","null","null","null"
"SPT91855","2019","false","1306","null","Nigeria","NG","Oyo","Oyo","null","null","null","null","null","null"
"SPT91856","2004","false","1306","null","Nigeria","NG","Oyo","Oyo","null","null","null","null","null","null"
"SPT91857","2019","false","1306","null","Nigeria","NG","Oyo","Oyo","null","null","null","null","null","null"
"SPT91858","2004","false","1306","null","Nigeria","NG","Oyo","Oyo","null","null","null","null","null","null"
"SPT91859","2008","true","1306","null","Nigeria","NG","Oyo","Oyo","sensitive","resistant","undetermined","undetermined","resistant","resistant"
"SPT91860","2007","false","1306","null","Nigeria","NG","Oyo","Oyo","null","null","null","null","null","null"
"SPT91861","2014","false","1306","null","Nigeria","NG","Oyo","Oyo","null","null","null","null","null","null"
"SPT91862","2004","false","1306","null","Nigeria","NG","Oyo","Oyo","null","null","null","null","null","null"
"SPT91863","2019","false","1306","null","Nigeria","NG","Oyo","Oyo","null","null","null","null","null","null"
"SPT91864","2014","false","1306","null","Nigeria","NG","Oyo","Oyo","null","null","null","null","null","null"
"SPT91865","2019","false","1306","null","Nigeria","NG","Oyo","Oyo","null","null","null","null","null","null"
"SPT91866","2004","false","1306","null","Nigeria","NG","Oyo","Oyo","null","null","null","null","null","null"
"SPT91867","2019","false","1306","null","Nigeria","NG","Oyo","Oyo","null","null","null","null","null","null"
"SPT91869","2014","false","1306","null","Nigeria","NG","Oyo","Oyo","null","null","null","null","null","null"
"SPT91870","2014","false","1306","null","Nigeria","NG","Oyo","Oyo","null","null","null","null","null","null"
"SPT91871","2007","false","1306","null","Nigeria","NG","Oyo","Oyo","null","null","null","null","null","null"
"SPT91872","2019","false","1306","null","Nigeria","NG","Oyo","Oyo","null","null","null","null","null","null"
"SPT91873","2014","false","1306","null","Nigeria","NG","Oyo","Oyo","null","null","null","null","null","null"
"SPT91874","2005","false","1306","null","Nigeria","NG","Oyo","Oyo","null","null","null","null","null","null"
"SPT91875","2019","true","1306","null","Nigeria","NG","Oyo","Oyo","undetermined","resistant","undetermined","undetermined","resistant","resistant"
"SPT91876","2018","false","1306","null","Nigeria","NG","Oyo","Oyo","null","null","null","null","null","null"
"SPT91877","2019","false","1306","null","Nigeria","NG","Oyo","Oyo","null","null","null","null","null","null"
"SPT91878","2008","true","1306","null","Nigeria","NG","Oyo","Oyo","sensitive","undetermined","undetermined","undetermined","resistant","resistant"
"SPT91879","2019","false","1306","null","Nigeria","NG","Oyo","Oyo","null","null","null","null","null","null"
"SPT91880","2019","true","1306","null","Nigeria","NG","Oyo","Oyo","undetermined","sensitive","undetermined","undetermined","resistant","resistant"
"SPT91881","2014","false","1306","null","Nigeria","NG","Oyo","Oyo","null","null","null","null","null","null"
"SPT91882","2007","false","1306","null","Nigeria","NG","Oyo","Oyo","null","null","null","null","null","null"
"SPT91883","2019","true","1306","null","Nigeria","NG","Oyo","Oyo","undetermined","resistant","undetermined","undetermined","resistant","resistant"
"SPT91884","2005","false","1306","null","Nigeria","NG","Oyo","Oyo","null","null","null","null","null","null"
"SPT91885","2019","false","1306","null","Nigeria","NG","Oyo","Oyo","null","null","null","null","null","null"
"SPT91886","2014","false","1306","null","Nigeria","NG","Oyo","Oyo","null","null","null","null","null","null"
"SPT91888","2014","false","1306","null","Nigeria","NG","Oyo","Oyo","null","null","null","null","null","null"
"SPT91889","2005","false","1306","null","Nigeria","NG","Oyo","Oyo","null","null","null","null","null","null"
"SPT91890","2008","true","1306","null","Nigeria","NG","Oyo","Oyo","undetermined","sensitive","undetermined","undetermined","resistant","resistant"
"SPT91891","2019","true","1306","null","Nigeria","NG","Oyo","Oyo","undetermined","resistant","undetermined","undetermined","resistant","resistant"
"SPT91892","2014","false","1306","null","Nigeria","NG","Oyo","Oyo","null","null","null","null","null","null"
"SPT91893","2005","false","1306","null","Nigeria","NG","Oyo","Oyo","null","null","null","null","null","null"
"SPT91894","2007","false","1306","null","Nigeria","NG","Oyo","Oyo","null","null","null","null","null","null"
"SPT91895","2014","false","1306","null","Nigeria","NG","Oyo","Oyo","null","null","null","null","null","null"
"SPT91896","2007","false","1306","null","Nigeria","NG","Oyo","Oyo","null","null","null","null","null","null"
"SPT91897","2014","false","1306","null","Nigeria","NG","Oyo","Oyo","null","null","null","null","null","null"
"SPT91898","2018","false","1306","null","Nigeria","NG","Oyo","Oyo","null","null","null","null","null","null"
"SPT91901","2008","true","1306","null","Nigeria","NG","Oyo","Oyo","undetermined","sensitive","undetermined","undetermined","resistant","resistant"
"SPT91902","2014","false","1306","null","Nigeria","NG","Oyo","Oyo","null","null","null","null","null","null"
"SPT91903","2005","false","1306","null","Nigeria","NG","Oyo","Oyo","null","null","null","null","null","null"
"SPT91904","2002","false","1306","null","Nigeria","NG","Oyo","Oyo","null","null","null","null","null","null"
"SPT91905","2005","false","1306","null","Nigeria","NG","Oyo","Oyo","null","null","null","null","null","null"
"SPT91906","2017","true","1306","null","Nigeria","NG","Oyo","Oyo","sensitive","undetermined","undetermined","undetermined","resistant","resistant"
"SPT91907","2002","false","1306","null","Nigeria","NG","Oyo","Oyo","null","null","null","null","null","null"
"SPT91908","2008","true","1306","null","Nigeria","NG","Oyo","Oyo","undetermined","sensitive","undetermined","undetermined","resistant","resistant"
"SPT91911","2017","true","1306","null","Nigeria","NG","Oyo","Oyo","sensitive","sensitive","undetermined","undetermined","resistant","resistant"
"SPT91912","2007","false","1306","null","Nigeria","NG","Oyo","Oyo","null","null","null","null","null","null"
"SPT91914","2005","false","1306","null","Nigeria","NG","Oyo","Oyo","null","null","null","null","null","null"
"SPT91915","2017","true","1306","null","Nigeria","NG","Oyo","Oyo","undetermined","sensitive","undetermined","undetermined","resistant","resistant"
"SPT91918","2019","false","1306","null","Nigeria","NG","Oyo","Oyo","null","null","null","null","null","null"
"SPT91919","2005","false","1306","null","Nigeria","NG","Oyo","Oyo","null","null","null","null","null","null"
"SPT91920","2017","true","1306","null","Nigeria","NG","Oyo","Oyo","sensitive","sensitive","undetermined","undetermined","resistant","resistant"
"SPT91921","2002","false","1306","null","Nigeria","NG","Oyo","Oyo","null","null","null","null","null","null"
"SPT91924","2017","true","1306","null","Nigeria","NG","Oyo","Oyo","sensitive","resistant","undetermined","undetermined","resistant","resistant"
"SPT91925","2005","false","1306","null","Nigeria","NG","Oyo","Oyo","null","null","null","null","null","null"
"SPT91926","2007","false","1306","null","Nigeria","NG","Oyo","Oyo","null","null","null","null","null","null"
"SPT91928","2014","false","1306","null","Nigeria","NG","Oyo","Oyo","null","null","null","null","null","null"
"SPT91929","2005","false","1306","null","Nigeria","NG","Oyo","Oyo","null","null","null","null","null","null"
"SPT91930","2017","true","1306","null","Nigeria","NG","Oyo","Oyo","undetermined","undetermined","undetermined","undetermined","resistant","resistant"
"SPT91931","2007","false","1306","null","Nigeria","NG","Oyo","Oyo","null","null","null","null","null","null"
"SPT91932","2002","false","1306","null","Nigeria","NG","Oyo","Oyo","null","null","null","null","null","null"
"SPT91933","2014","false","1306","null","Nigeria","NG","Oyo","Oyo","null","null","null","null","null","null"
"SPT91934","2005","false","1306","null","Nigeria","NG","Oyo","Oyo","null","null","null","null","null","null"
"SPT91935","2017","true","1306","null","Nigeria","NG","Oyo","Oyo","sensitive","resistant","undetermined","undetermined","resistant","resistant"
"SPT91936","2007","false","1306","null","Nigeria","NG","Oyo","Oyo","null","null","null","null","null","null"
"SPT91937","2002","false","1306","null","Nigeria","NG","Oyo","Oyo","null","null","null","null","null","null"
"SPT91938","2005","false","1306","null","Nigeria","NG","Oyo","Oyo","null","null","null","null","null","null"
"SPT91939","2017","true","1306","null","Nigeria","NG","Oyo","Oyo","undetermined","sensitive","undetermined","undetermined","resistant","undetermined"
"SPT91940","2002","false","1306","null","Nigeria","NG","Oyo","Oyo","null","null","null","null","null","null"
"SPT91942","2007","false","1306","null","Nigeria","NG","Oyo","Oyo","null","null","null","null","null","null"
"SPT91943","2002","false","1306","null","Nigeria","NG","Oyo","Oyo","null","null","null","null","null","null"
"SPT91944","2014","false","1306","null","Nigeria","NG","Oyo","Oyo","null","null","null","null","null","null"
"SPT91945","2005","false","1306","null","Nigeria","NG","Oyo","Oyo","null","null","null","null","null","null"
"SPT91946","2002","false","1306","null","Nigeria","NG","Oyo","Oyo","null","null","null","null","null","null"
"SPT91947","2008","false","1306","null","Nigeria","NG","Oyo","Oyo","null","null","null","null","null","null"
"SPT91948","2005","false","1306","null","Nigeria","NG","Oyo","Oyo","null","null","null","null","null","null"
"SPT91949","2007","false","1306","null","Nigeria","NG","Oyo","Oyo","null","null","null","null","null","null"
"SPT91950","2002","false","1306","null","Nigeria","NG","Oyo","Oyo","null","null","null","null","null","null"
"SPT91951","2005","false","1306","null","Nigeria","NG","Oyo","Oyo","null","null","null","null","null","null"
"SPT91952","2002","false","1306","null","Nigeria","NG","Oyo","Oyo","null","null","null","null","null","null"
"SPT91954","2018","false","1306","null","Nigeria","NG","Oyo","Oyo","null","null","null","null","null","null"
"SPT91956","2002","false","1306","null","Nigeria","NG","Oyo","Oyo","null","null","null","null","null","null"
"SPT91957","2008","false","1306","null","Nigeria","NG","Oyo","Oyo","null","null","null","null","null","null"
"SPT91959","2007","false","1306","null","Nigeria","NG","Oyo","Oyo","null","null","null","null","null","null"
"SPT91960","2002","false","1306","null","Nigeria","NG","Oyo","Oyo","null","null","null","null","null","null"
"SPT91961","2008","false","1306","null","Nigeria","NG","Oyo","Oyo","null","null","null","null","null","null"
"SPT91963","2002","false","1306","null","Nigeria","NG","Oyo","Oyo","null","null","null","null","null","null"
"SPT91964","2005","false","1306","null","Nigeria","NG","Oyo","Oyo","null","null","null","null","null","null"
"SPT91965","2002","false","1306","null","Nigeria","NG","Oyo","Oyo","null","null","null","null","null","null"
"SPT91966","2014","false","1306","null","Nigeria","NG","Oyo","Oyo","null","null","null","null","null","null"
"SPT91967","2005","false","1306","null","Nigeria","NG","Oyo","Oyo","null","null","null","null","null","null"
"SPT91968","2002","false","1306","null","Nigeria","NG","Oyo","Oyo","null","null","null","null","null","null"
"SPT91969","2005","false","1306","null","Nigeria","NG","Oyo","Oyo","null","null","null","null","null","null"
"SPT91970","2002","false","1306","null","Nigeria","NG","Oyo","Oyo","null","null","null","null","null","null"
"SPT91971","2002","false","1306","null","Nigeria","NG","Oyo","Oyo","null","null","null","null","null","null"
"SPT91972","2007","false","1306","null","Nigeria","NG","Oyo","Oyo","null","null","null","null","null","null"
"SPT91973","2002","false","1306","null","Nigeria","NG","Oyo","Oyo","null","null","null","null","null","null"
"SPT91974","2002","false","1306","null","Nigeria","NG","Oyo","Oyo","null","null","null","null","null","null"
"SPT91975","2014","false","1306","null","Nigeria","NG","Oyo","Oyo","null","null","null","null","null","null"
"SPT91976","2002","false","1306","null","Nigeria","NG","Oyo","Oyo","null","null","null","null","null","null"
"SPT91977","2014","false","1306","null","Nigeria","NG","Oyo","Oyo","null","null","null","null","null","null"
"SPT91978","2002","false","1306","null","Nigeria","NG","Oyo","Oyo","null","null","null","null","null","null"
"SPT91979","2005","false","1306","null","Nigeria","NG","Oyo","Oyo","null","null","null","null","null","null"
"SPT91980","2002","false","1306","null","Nigeria","NG","Oyo","Oyo","null","null","null","null","null","null"
"SPT91981","2002","false","1306","null","Nigeria","NG","Oyo","Oyo","null","null","null","null","null","null"
"SPT91982","2014","false","1306","null","Nigeria","NG","Oyo","Oyo","null","null","null","null","null","null"
"SPT91983","2005","false","1306","null","Nigeria","NG","Oyo","Oyo","null","null","null","null","null","null"
"SPT91984","2007","false","1306","null","Nigeria","NG","Oyo","Oyo","null","null","null","null","null","null"
"SPT91985","2002","false","1306","null","Nigeria","NG","Oyo","Oyo","null","null","null","null","null","null"
"SPT91986","2014","false","1306","null","Nigeria","NG","Oyo","Oyo","null","null","null","null","null","null"
"SPT91988","2002","false","1306","null","Nigeria","NG","Oyo","Oyo","null","null","null","null","null","null"
"SPT91989","2019","false","1306","null","Nigeria","NG","Oyo","Oyo","null","null","null","null","null","null"
"SPT91990","2014","false","1306","null","Nigeria","NG","Oyo","Oyo","null","null","null","null","null","null"
"SPT91991","2005","false","1306","null","Nigeria","NG","Oyo","Oyo","null","null","null","null","null","null"
"SPT91992","2002","false","1306","null","Nigeria","NG","Oyo","Oyo","null","null","null","null","null","null"
"SPT91993","2019","false","1306","null","Nigeria","NG","Oyo","Oyo","null","null","null","null","null","null"
"SPT91994","2002","false","1306","null","Nigeria","NG","Oyo","Oyo","null","null","null","null","null","null"
"SPT91995","2019","false","1306","null","Nigeria","NG","Oyo","Oyo","null","null","null","null","null","null"
"SPT91996","2014","false","1306","null","Nigeria","NG","Oyo","Oyo","null","null","null","null","null","null"
"SPT91997","2002","false","1306","null","Nigeria","NG","Oyo","Oyo","null","null","null","null","null","null"
"SPT91998","2019","false","1306","null","Nigeria","NG","Oyo","Oyo","null","null","null","null","null","null"
"SPT91999","2002","false","1306","null","Nigeria","NG","Oyo","Oyo","null","null","null","null","null","null"
"SPT92000","2019","true","1306","null","Nigeria","NG","Oyo","Oyo","sensitive","undetermined","undetermined","undetermined","resistant","resistant"
"SPT92001","2014","false","1306","null","Nigeria","NG","Oyo","Oyo","null","null","null","null","null","null"
"SPT92002","2007","false","1306","null","Nigeria","NG","Oyo","Oyo","null","null","null","null","null","null"
"SPT92003","2002","false","1306","null","Nigeria","NG","Oyo","Oyo","null","null","null","null","null","null"
"SPT92004","2019","true","1306","null","Nigeria","NG","Oyo","Oyo","undetermined","sensitive","undetermined","undetermined","resistant","resistant"
"SPT92005","2005","false","1306","null","Nigeria","NG","Oyo","Oyo","null","null","null","null","null","null"
"SPT92006","2007","false","1306","null","Nigeria","NG","Oyo","Oyo","null","null","null","null","null","null"
"SPT92007","2002","false","1306","null","Nigeria","NG","Oyo","Oyo","null","null","null","null","null","null"
"SPT92008","2014","false","1306","null","Nigeria","NG","Oyo","Oyo","null","null","null","null","null","null"
"SPT92010","2002","false","1306","null","Nigeria","NG","Oyo","Oyo","null","null","null","null","null","null"
"SPT92011","2019","true","1306","null","Nigeria","NG","Oyo","Oyo","undetermined","sensitive","undetermined","undetermined","resistant","resistant"
"SPT92012","2014","false","1306","null","Nigeria","NG","Oyo","Oyo","null","null","null","null","null","null"
"SPT92013","2005","false","1306","null","Nigeria","NG","Oyo","Oyo","null","null","null","null","null","null"
"SPT92014","2002","false","1306","null","Nigeria","NG","Oyo","Oyo","null","null","null","null","null","null"
"SPT92015","2019","true","1306","null","Nigeria","NG","Oyo","Oyo","undetermined","undetermined","undetermined","undetermined","resistant","resistant"
"SPT92016","2005","false","1306","null","Nigeria","NG","Oyo","Oyo","null","null","null","null","null","null"
"SPT92017","2002","false","1306","null","Nigeria","NG","Oyo","Oyo","null","null","null","null","null","null"
"SPT92018","2014","false","1306","null","Nigeria","NG","Oyo","Oyo","null","null","null","null","null","null"
"SPT92019","2005","false","1306","null","Nigeria","NG","Oyo","Oyo","null","null","null","null","null","null"
"SPT92020","2002","false","1306","null","Nigeria","NG","Oyo","Oyo","null","null","null","null","null","null"
"SPT92021","2019","false","1306","null","Nigeria","NG","Oyo","Oyo","null","null","null","null","null","null"
"SPT92023","2002","false","1306","null","Nigeria","NG","Oyo","Oyo","null","null","null","null","null","null"
"SPT92024","2014","false","1306","null","Nigeria","NG","Oyo","Oyo","null","null","null","null","null","null"
"SPT92026","2007","false","1306","null","Nigeria","NG","Oyo","Oyo","null","null","null","null","null","null"
"SPT92027","2002","false","1306","null","Nigeria","NG","Oyo","Oyo","null","null","null","null","null","null"
"SPT92028","2019","false","1306","null","Nigeria","NG","Oyo","Oyo","null","null","null","null","null","null"
"SPT92030","2002","false","1306","null","Nigeria","NG","Oyo","Oyo","null","null","null","null","null","null"
"SPT92031","2019","false","1306","null","Nigeria","NG","Oyo","Oyo","null","null","null","null","null","null"
"SPT92032","2005","false","1306","null","Nigeria","NG","Oyo","Oyo","null","null","null","null","null","null"
"SPT92033","2002","false","1306","null","Nigeria","NG","Oyo","Oyo","null","null","null","null","null","null"
"SPT92034","2005","false","1306","null","Nigeria","NG","Oyo","Oyo","null","null","null","null","null","null"
"SPT92035","2007","false","1306","null","Nigeria","NG","Oyo","Oyo","null","null","null","null","null","null"
"SPT92036","2002","false","1306","null","Nigeria","NG","Oyo","Oyo","null","null","null","null","null","null"
"SPT92038","2005","false","1306","null","Nigeria","NG","Oyo","Oyo","null","null","null","null","null","null"
"SPT92039","2007","false","1306","null","Nigeria","NG","Oyo","Oyo","null","null","null","null","null","null"
"SPT92040","2002","false","1306","null","Nigeria","NG","Oyo","Oyo","null","null","null","null","null","null"
"SPT92042","2007","false","1306","null","Nigeria","NG","Oyo","Oyo","null","null","null","null","null","null"
"SPT92043","2002","false","1306","null","Nigeria","NG","Oyo","Oyo","null","null","null","null","null","null"
"SPT92044","2019","true","1306","null","Nigeria","NG","Oyo","Oyo","undetermined","resistant","undetermined","undetermined","resistant","resistant"
"SPT92045","2014","false","1306","null","Nigeria","NG","Oyo","Oyo","null","null","null","null","null","null"
"SPT92046","2005","false","1306","null","Nigeria","NG","Oyo","Oyo","null","null","null","null","null","null"
"SPT92047","2002","false","1306","null","Nigeria","NG","Oyo","Oyo","null","null","null","null","null","null"
"SPT92048","2005","false","1306","null","Nigeria","NG","Oyo","Oyo","null","null","null","null","null","null"
"SPT92049","2019","true","1306","null","Nigeria","NG","Oyo","Oyo","undetermined","sensitive","undetermined","undetermined","resistant","undetermined"
"SPT92051","2019","false","1306","null","Nigeria","NG","Oyo","Oyo","null","null","null","null","null","null"
"SPT92052","2019","false","1306","null","Nigeria","NG","Oyo","Oyo","null","null","null","null","null","null"
"SPT92053","2014","false","1306","null","Nigeria","NG","Oyo","Oyo","null","null","null","null","null","null"
"SPT92054","2019","true","1306","null","Nigeria","NG","Oyo","Oyo","sensitive","sensitive","undetermined","undetermined","resistant","resistant"
"SPT92055","2014","false","1306","null","Nigeria","NG","Oyo","Oyo","null","null","null","null","null","null"
"SPT92056","2007","false","1306","null","Nigeria","NG","Oyo","Oyo","null","null","null","null","null","null"
"SPT92057","2019","true","1306","null","Nigeria","NG","Oyo","Oyo","undetermined","sensitive","undetermined","undetermined","resistant","resistant"
"SPT92058","2014","false","1306","null","Nigeria","NG","Oyo","Oyo","null","null","null","null","null","null"
"SPT92059","2019","false","1306","null","Nigeria","NG","Oyo","Oyo","null","null","null","null","null","null"
"SPT92060","2014","false","1306","null","Nigeria","NG","Oyo","Oyo","null","null","null","null","null","null"
"SPT92061","2019","false","1306","null","Nigeria","NG","Oyo","Oyo","null","null","null","null","null","null"
"SPT92062","2014","false","1306","null","Nigeria","NG","Oyo","Oyo","null","null","null","null","null","null"
"SPT92063","2019","false","1306","null","Nigeria","NG","Oyo","Oyo","null","null","null","null","null","null"
"SPT92064","2007","false","1306","null","Nigeria","NG","Oyo","Oyo","null","null","null","null","null","null"
"SPT92065","2020","false","1306","null","Nigeria","NG","Oyo","Oyo","null","null","null","null","null","null"
"SPT92066","2020","false","1306","null","Nigeria","NG","Oyo","Oyo","null","null","null","null","null","null"
"SPT92067","2014","false","1306","null","Nigeria","NG","Oyo","Oyo","null","null","null","null","null","null"
"SPT92068","2020","false","1306","null","Nigeria","NG","Oyo","Oyo","null","null","null","null","null","null"
"SPT92069","2014","false","1306","null","Nigeria","NG","Oyo","Oyo","null","null","null","null","null","null"
"SPT92070","2020","false","1306","null","Nigeria","NG","Oyo","Oyo","null","null","null","null","null","null"
"SPT92071","2020","false","1306","null","Nigeria","NG","Oyo","Oyo","null","null","null","null","null","null"
"SPT92072","2020","false","1306","null","Nigeria","NG","Oyo","Oyo","null","null","null","null","null","null"
"SPT92073","2014","false","1306","null","Nigeria","NG","Oyo","Oyo","null","null","null","null","null","null"
"SPT92074","2020","false","1306","null","Nigeria","NG","Oyo","Oyo","null","null","null","null","null","null"
"SPT92075","2020","false","1306","null","Nigeria","NG","Oyo","Oyo","null","null","null","null","null","null"
"SPT92076","2020","false","1306","null","Nigeria","NG","Oyo","Oyo","null","null","null","null","null","null"
"SPT92077","2007","false","1306","null","Nigeria","NG","Oyo","Oyo","null","null","null","null","null","null"
"SPT92078","2020","false","1306","null","Nigeria","NG","Oyo","Oyo","null","null","null","null","null","null"
"SPT92079","2014","false","1306","null","Nigeria","NG","Oyo","Oyo","null","null","null","null","null","null"
"SPT92080","2007","false","1306","null","Nigeria","NG","Oyo","Oyo","null","null","null","null","null","null"
"SPT92083","2014","false","1306","null","Nigeria","NG","Oyo","Oyo","null","null","null","null","null","null"
"SPT92085","2014","false","1306","null","Nigeria","NG","Oyo","Oyo","null","null","null","null","null","null"
"SPT92086","2014","false","1306","null","Nigeria","NG","Oyo","Oyo","null","null","null","null","null","null"
"SPT92087","2020","false","1306","null","Nigeria","NG","Oyo","Oyo","null","null","null","null","null","null"
"SPT92088","2014","false","1306","null","Nigeria","NG","Oyo","Oyo","null","null","null","null","null","null"
"SPT92089","2020","false","1306","null","Nigeria","NG","Oyo","Oyo","null","null","null","null","null","null"
"SPT92090","2014","false","1306","null","Nigeria","NG","Oyo","Oyo","null","null","null","null","null","null"
"SPT92091","2020","false","1306","null","Nigeria","NG","Oyo","Oyo","null","null","null","null","null","null"
"SPT92092","2014","false","1306","null","Nigeria","NG","Oyo","Oyo","null","null","null","null","null","null"
"SPT92093","2020","false","1306","null","Nigeria","NG","Oyo","Oyo","null","null","null","null","null","null"
"SPT92094","2014","false","1306","null","Nigeria","NG","Oyo","Oyo","null","null","null","null","null","null"
"SPT92095","2020","false","1306","null","Nigeria","NG","Oyo","Oyo","null","null","null","null","null","null"
"SPT92096","2014","false","1306","null","Nigeria","NG","Oyo","Oyo","null","null","null","null","null","null"
"SPT92097","2020","false","1306","null","Nigeria","NG","Oyo","Oyo","null","null","null","null","null","null"
"SPT92098","2014","false","1306","null","Nigeria","NG","Oyo","Oyo","null","null","null","null","null","null"
"SPT92099","2020","false","1306","null","Nigeria","NG","Oyo","Oyo","null","null","null","null","null","null"
"SPT92100","2014","false","1306","null","Nigeria","NG","Oyo","Oyo","null","null","null","null","null","null"
"SPT92102","2020","false","1306","null","Nigeria","NG","Oyo","Oyo","null","null","null","null","null","null"
"SPT92103","2020","false","1306","null","Nigeria","NG","Oyo","Oyo","null","null","null","null","null","null"
"SPT92104","2014","false","1306","null","Nigeria","NG","Oyo","Oyo","null","null","null","null","null","null"
"SPT92105","2014","false","1306","null","Nigeria","NG","Oyo","Oyo","null","null","null","null","null","null"
"SPT92106","2020","false","1306","null","Nigeria","NG","Oyo","Oyo","null","null","null","null","null","null"
"SPT92108","2020","false","1306","null","Nigeria","NG","Oyo","Oyo","null","null","null","null","null","null"
"SPT92109","2002","false","1306","null","Nigeria","NG","Oyo","Oyo","null","null","null","null","null","null"
"SPT92110","2014","false","1306","null","Nigeria","NG","Oyo","Oyo","null","null","null","null","null","null"
"SPT92111","2002","false","1306","null","Nigeria","NG","Oyo","Oyo","null","null","null","null","null","null"
"SPT92112","2002","false","1306","null","Nigeria","NG","Oyo","Oyo","null","null","null","null","null","null"
"SPT92113","2002","false","1306","null","Nigeria","NG","Oyo","Oyo","null","null","null","null","null","null"
"SPT92114","2002","false","1306","null","Nigeria","NG","Oyo","Oyo","null","null","null","null","null","null"
"SPT92115","2014","false","1306","null","Nigeria","NG","Oyo","Oyo","null","null","null","null","null","null"
"SPT92116","2002","false","1306","null","Nigeria","NG","Oyo","Oyo","null","null","null","null","null","null"
"SPT92117","2014","false","1306","null","Nigeria","NG","Oyo","Oyo","null","null","null","null","null","null"
"SPT92118","2002","false","1306","null","Nigeria","NG","Oyo","Oyo","null","null","null","null","null","null"
"SPT92119","2014","false","1306","null","Nigeria","NG","Oyo","Oyo","null","null","null","null","null","null"
"SPT92120","2014","false","1306","null","Nigeria","NG","Oyo","Oyo","null","null","null","null","null","null"
"SPT92121","2007","false","1306","null","Nigeria","NG","Oyo","Oyo","null","null","null","null","null","null"
"SPT92122","2002","false","1306","null","Nigeria","NG","Oyo","Oyo","null","null","null","null","null","null"
"SPT92123","2002","false","1306","null","Nigeria","NG","Oyo","Oyo","null","null","null","null","null","null"
"SPT92124","2014","false","1306","null","Nigeria","NG","Oyo","Oyo","null","null","null","null","null","null"
"SPT92125","2002","false","1306","null","Nigeria","NG","Oyo","Oyo","null","null","null","null","null","null"
"SPT92126","2014","false","1306","null","Nigeria","NG","Oyo","Oyo","null","null","null","null","null","null"
"SPT92127","2007","false","1306","null","Nigeria","NG","Oyo","Oyo","null","null","null","null","null","null"
"SPT92128","2002","false","1306","null","Nigeria","NG","Oyo","Oyo","null","null","null","null","null","null"
"SPT92129","2007","false","1306","null","Nigeria","NG","Oyo","Oyo","null","null","null","null","null","null"
"SPT92130","2002","false","1306","null","Nigeria","NG","Oyo","Oyo","null","null","null","null","null","null"
"SPT92131","2002","false","1306","null","Nigeria","NG","Oyo","Oyo","null","null","null","null","null","null"
"SPT92132","2014","false","1306","null","Nigeria","NG","Oyo","Oyo","null","null","null","null","null","null"
"SPT92133","2002","false","1306","null","Nigeria","NG","Oyo","Oyo","null","null","null","null","null","null"
"SPT92134","2002","false","1306","null","Nigeria","NG","Oyo","Oyo","null","null","null","null","null","null"
"SPT92135","2002","false","1306","null","Nigeria","NG","Oyo","Oyo","null","null","null","null","null","null"
"SPT92136","2002","false","1306","null","Nigeria","NG","Oyo","Oyo","null","null","null","null","null","null"
"SPT92137","2002","false","1306","null","Nigeria","NG","Oyo","Oyo","null","null","null","null","null","null"
"SPT92138","2002","false","1306","null","Nigeria","NG","Oyo","Oyo","null","null","null","null","null","null"
"SPT92139","2014","false","1306","null","Nigeria","NG","Oyo","Oyo","null","null","null","null","null","null"
"SPT92140","2002","false","1306","null","Nigeria","NG","Oyo","Oyo","null","null","null","null","null","null"
"SPT92141","2014","false","1306","null","Nigeria","NG","Oyo","Oyo","null","null","null","null","null","null"
"SPT92143","2002","false","1306","null","Nigeria","NG","Oyo","Oyo","null","null","null","null","null","null"
"SPT92144","2002","false","1306","null","Nigeria","NG","Oyo","Oyo","null","null","null","null","null","null"
"SPT92145","2002","false","1306","null","Nigeria","NG","Oyo","Oyo","null","null","null","null","null","null"
"SPT92146","2002","false","1306","null","Nigeria","NG","Oyo","Oyo","null","null","null","null","null","null"
"SPT92147","2014","false","1306","null","Nigeria","NG","Oyo","Oyo","null","null","null","null","null","null"
"SPT92148","2002","false","1306","null","Nigeria","NG","Oyo","Oyo","null","null","null","null","null","null"
"SPT92149","2014","false","1306","null","Nigeria","NG","Oyo","Oyo","null","null","null","null","null","null"
"SPT92150","2014","false","1306","null","Nigeria","NG","Oyo","Oyo","null","null","null","null","null","null"
"SPT92151","2002","false","1306","null","Nigeria","NG","Oyo","Oyo","null","null","null","null","null","null"
"SPT92152","2014","false","1306","null","Nigeria","NG","Oyo","Oyo","null","null","null","null","null","null"
"SPT92153","2002","false","1306","null","Nigeria","NG","Oyo","Oyo","null","null","null","null","null","null"
"SPT92154","2002","false","1306","null","Nigeria","NG","Oyo","Oyo","null","null","null","null","null","null"
"SPT92155","2002","false","1306","null","Nigeria","NG","Oyo","Oyo","null","null","null","null","null","null"
"SPT92156","2002","false","1306","null","Nigeria","NG","Oyo","Oyo","null","null","null","null","null","null"
"SPT92157","2014","false","1306","null","Nigeria","NG","Oyo","Oyo","null","null","null","null","null","null"
"SPT92158","2002","false","1306","null","Nigeria","NG","Oyo","Oyo","null","null","null","null","null","null"
"SPT92159","2014","false","1306","null","Nigeria","NG","Oyo","Oyo","null","null","null","null","null","null"
"SPT92160","2014","false","1306","null","Nigeria","NG","Oyo","Oyo","null","null","null","null","null","null"
"SPT92161","2014","false","1306","null","Nigeria","NG","Oyo","Oyo","null","null","null","null","null","null"
"SPT92162","2014","false","1306","null","Nigeria","NG","Oyo","Oyo","null","null","null","null","null","null"
"SPT92163","2014","false","1306","null","Nigeria","NG","Oyo","Oyo","null","null","null","null","null","null"
"SPT92164","2014","false","1306","null","Nigeria","NG","Oyo","Oyo","null","null","null","null","null","null"
"SPT92166","2014","false","1306","null","Nigeria","NG","Oyo","Oyo","null","null","null","null","null","null"
"SPT92167","2014","false","1306","null","Nigeria","NG","Oyo","Oyo","null","null","null","null","null","null"
"SPT92168","2002","false","1306","null","Nigeria","NG","Oyo","Oyo","null","null","null","null","null","null"
"SPT92169","2002","false","1306","null","Nigeria","NG","Oyo","Oyo","null","null","null","null","null","null"
"SPT92170","2002","false","1306","null","Nigeria","NG","Oyo","Oyo","null","null","null","null","null","null"
"SPT92171","2002","false","1306","null","Nigeria","NG","Oyo","Oyo","null","null","null","null","null","null"
"SPT92172","2002","false","1306","null","Nigeria","NG","Oyo","Oyo","null","null","null","null","null","null"
"SPT92173","2002","false","1306","null","Nigeria","NG","Oyo","Oyo","null","null","null","null","null","null"
"SPT92174","2002","false","1306","null","Nigeria","NG","Oyo","Oyo","null","null","null","null","null","null"
"SPT92175","2002","false","1306","null","Nigeria","NG","Oyo","Oyo","null","null","null","null","null","null"
"SPT92176","2002","false","1306","null","Nigeria","NG","Oyo","Oyo","null","null","null","null","null","null"
"SPT92177","2002","false","1306","null","Nigeria","NG","Oyo","Oyo","null","null","null","null","null","null"
"SPT92178","2002","false","1306","null","Nigeria","NG","Oyo","Oyo","null","null","null","null","null","null"
"SPT92179","2002","false","1306","null","Nigeria","NG","Oyo","Oyo","null","null","null","null","null","null"
"SPT92180","2002","false","1306","null","Nigeria","NG","Oyo","Oyo","null","null","null","null","null","null"
"SPT92181","2000","false","1306","null","Nigeria","NG","Oyo","Oyo","null","null","null","null","null","null"
"SPT92182","2000","false","1306","null","Nigeria","NG","Oyo","Oyo","null","null","null","null","null","null"
"SPT92194","2000","false","1306","null","Nigeria","NG","Oyo","Oyo","null","null","null","null","null","null"
"SPT92195","2000","false","1306","null","Nigeria","NG","Oyo","Oyo","null","null","null","null","null","null"
"SPT92196","2000","false","1306","null","Nigeria","NG","Oyo","Oyo","null","null","null","null","null","null"
"SPT92197","2000","false","1306","null","Nigeria","NG","Oyo","Oyo","null","null","null","null","null","null"
"SPT92198","2000","false","1306","null","Nigeria","NG","Oyo","Oyo","null","null","null","null","null","null"
"SPT92200","2000","false","1306","null","Nigeria","NG","Oyo","Oyo","null","null","null","null","null","null"
"SPT92201","2000","false","1306","null","Nigeria","NG","Oyo","Oyo","null","null","null","null","null","null"
"SPT92202","2000","false","1306","null","Nigeria","NG","Oyo","Oyo","null","null","null","null","null","null"
"SPT92203","2000","false","1306","null","Nigeria","NG","Oyo","Oyo","null","null","null","null","null","null"
"SPT92206","2000","false","1306","null","Nigeria","NG","Oyo","Oyo","null","null","null","null","null","null"
"SPT92208","2000","false","1306","null","Nigeria","NG","Oyo","Oyo","null","null","null","null","null","null"
"SPT92209","2000","false","1306","null","Nigeria","NG","Oyo","Oyo","null","null","null","null","null","null"
"SPT92210","2000","false","1306","null","Nigeria","NG","Oyo","Oyo","null","null","null","null","null","null"
"SPT92211","2000","false","1306","null","Nigeria","NG","Oyo","Oyo","null","null","null","null","null","null"
"SPT92213","2000","false","1306","null","Nigeria","NG","Oyo","Oyo","null","null","null","null","null","null"
"SPT92214","2000","false","1306","null","Nigeria","NG","Oyo","Oyo","null","null","null","null","null","null"
"SPT92215","2000","false","1306","null","Nigeria","NG","Oyo","Oyo","null","null","null","null","null","null"
"SPT92217","2000","false","1306","null","Nigeria","NG","Oyo","Oyo","null","null","null","null","null","null"
"SPT92218","2000","false","1306","null","Nigeria","NG","Oyo","Oyo","null","null","null","null","null","null"
"SPT92219","2000","false","1306","null","Nigeria","NG","Oyo","Oyo","null","null","null","null","null","null"
"SPT92222","2000","false","1306","null","Nigeria","NG","Oyo","Oyo","null","null","null","null","null","null"
"SPT92223","2000","false","1306","null","Nigeria","NG","Oyo","Oyo","null","null","null","null","null","null"
"SPT92224","2000","false","1306","null","Nigeria","NG","Oyo","Oyo","null","null","null","null","null","null"
"SPT92226","2000","false","1306","null","Nigeria","NG","Oyo","Oyo","null","null","null","null","null","null"
"SPT92228","2000","false","1306","null","Nigeria","NG","Oyo","Oyo","null","null","null","null","null","null"
"SPT92230","2000","false","1306","null","Nigeria","NG","Oyo","Oyo","null","null","null","null","null","null"
"SPT92231","2000","false","1306","null","Nigeria","NG","Oyo","Oyo","null","null","null","null","null","null"
"SPT92233","2000","false","1306","null","Nigeria","NG","Oyo","Oyo","null","null","null","null","null","null"
"SPT92234","2000","false","1306","null","Nigeria","NG","Oyo","Oyo","null","null","null","null","null","null"
"SPT92235","2000","false","1306","null","Nigeria","NG","Oyo","Oyo","null","null","null","null","null","null"
"SPT92240","2000","false","1306","null","Nigeria","NG","Oyo","Oyo","null","null","null","null","null","null"
"SPT92241","2000","false","1306","null","Nigeria","NG","Oyo","Oyo","null","null","null","null","null","null"
"SPT92245","2000","false","1306","null","Nigeria","NG","Oyo","Oyo","null","null","null","null","null","null"
"SPT92246","2000","false","1306","null","Nigeria","NG","Oyo","Oyo","null","null","null","null","null","null"
"SPT92247","2000","false","1306","null","Nigeria","NG","Oyo","Oyo","null","null","null","null","null","null"
"SPT92248","2000","false","1306","null","Nigeria","NG","Oyo","Oyo","null","null","null","null","null","null"
"SPT92249","2000","false","1306","null","Nigeria","NG","Oyo","Oyo","null","null","null","null","null","null"
"SPT92250","2000","false","1306","null","Nigeria","NG","Oyo","Oyo","null","null","null","null","null","null"
"SPT92251","2000","false","1306","null","Nigeria","NG","Oyo","Oyo","null","null","null","null","null","null"
"SPT92252","2000","false","1306","null","Nigeria","NG","Oyo","Oyo","null","null","null","null","null","null"
"SPT92253","2000","false","1306","null","Nigeria","NG","Oyo","Oyo","null","null","null","null","null","null"
"SPT92255","2000","false","1306","null","Nigeria","NG","Oyo","Oyo","null","null","null","null","null","null"
"SPT92256","2000","false","1306","null","Nigeria","NG","Oyo","Oyo","null","null","null","null","null","null"
"SPT92257","2000","false","1306","null","Nigeria","NG","Oyo","Oyo","null","null","null","null","null","null"
"SPT92260","2000","false","1306","null","Nigeria","NG","Oyo","Oyo","null","null","null","null","null","null"
"SPT92261","2000","false","1306","null","Nigeria","NG","Oyo","Oyo","null","null","null","null","null","null"
"SPT92263","2000","false","1306","null","Nigeria","NG","Oyo","Oyo","null","null","null","null","null","null"
"SPT92265","2000","false","1306","null","Nigeria","NG","Oyo","Oyo","null","null","null","null","null","null"
"SPT92266","2000","false","1306","null","Nigeria","NG","Oyo","Oyo","null","null","null","null","null","null"
"SPT92267","2000","false","1306","null","Nigeria","NG","Oyo","Oyo","null","null","null","null","null","null"
"SPT92268","2000","false","1306","null","Nigeria","NG","Oyo","Oyo","null","null","null","null","null","null"
"SPT92269","2000","false","1306","null","Nigeria","NG","Oyo","Oyo","null","null","null","null","null","null"
"SPT92270","2000","false","1306","null","Nigeria","NG","Oyo","Oyo","null","null","null","null","null","null"
