sample_id,year,qc_pass,study_id,region,country,country_id,site,site_id,ARTresistant,CQresistant,MQresistant,PPQresistant,PYRresistant,SDXresistant
"PC0001-C","2007","true","1015","null","Kenya","KE","Kilifi","Kilifi","sensitive","sensitive","sensitive","sensitive","resistant","resistant"
"PC0003-01","2007","false","1015","null","Kenya","KE","Kilifi","Kilifi","null","null","null","null","null","null"
"PC0003-02","2007","true","1015","null","Kenya","KE","Kilifi","Kilifi","sensitive","sensitive","sensitive","sensitive","resistant","resistant"
"PC0004-01","2007","true","1015","null","Kenya","KE","Kilifi","Kilifi","sensitive","resistant","sensitive","sensitive","resistant","resistant"
"PC0004-02","2007","false","1015","null","Kenya","KE","Kilifi","Kilifi","null","null","null","null","null","null"
"PC0005-Cx","2007","true","1015","null","Kenya","KE","Kilifi","Kilifi","sensitive","sensitive","sensitive","sensitive","resistant","resistant"
"PC0007-C","2007","true","1015","null","Kenya","KE","Kilifi","Kilifi","sensitive","resistant","sensitive","sensitive","resistant","resistant"
"PC0008-01","2007","true","1015","null","Kenya","KE","Kilifi","Kilifi","sensitive","resistant","sensitive","sensitive","resistant","resistant"
"PC0008-02","2007","false","1015","null","Kenya","KE","Kilifi","Kilifi","null","null","null","null","null","null"
"PC0009-C","2007","true","1015","null","Kenya","KE","Kilifi","Kilifi","sensitive","resistant","undetermined","sensitive","resistant","sensitive"
"PC0011-C","2007","true","1015","null","Kenya","KE","Kilifi","Kilifi","sensitive","sensitive","sensitive","sensitive","resistant","sensitive"
"PC0012-01","2007","false","1015","null","Kenya","KE","Kilifi","Kilifi","null","null","null","null","null","null"
"PC0012-C","2007","true","1015","null","Kenya","KE","Kilifi","Kilifi","sensitive","undetermined","sensitive","sensitive","resistant","resistant"
"PC0013-C","2007","true","1015","null","Kenya","KE","Kilifi","Kilifi","sensitive","resistant","sensitive","sensitive","resistant","resistant"
"PC0019-C","2007","true","1015","null","Kenya","KE","Kilifi","Kilifi","sensitive","sensitive","sensitive","sensitive","resistant","sensitive"
"PC0020-C","2007","false","1015","null","Kenya","KE","Kilifi","Kilifi","null","null","null","null","null","null"
"PC0023-C","2007","true","1015","null","Kenya","KE","Kilifi","Kilifi","sensitive","sensitive","sensitive","sensitive","resistant","resistant"
"PC0026-C","2007","true","1015","null","Kenya","KE","Kilifi","Kilifi","sensitive","sensitive","sensitive","sensitive","resistant","resistant"
"PC0030-C","2007","true","1015","null","Kenya","KE","Kilifi","Kilifi","sensitive","sensitive","sensitive","sensitive","resistant","undetermined"
"PC0031-C","2007","true","1015","null","Kenya","KE","Kilifi","Kilifi","sensitive","sensitive","sensitive","sensitive","resistant","resistant"
"PC0032-C","2007","true","1015","null","Kenya","KE","Kilifi","Kilifi","sensitive","resistant","sensitive","sensitive","resistant","resistant"
"PC0033-C","2007","false","1015","null","Kenya","KE","Kilifi","Kilifi","null","null","null","null","null","null"
"PC0034-C","2007","false","1015","null","Kenya","KE","Kilifi","Kilifi","null","null","null","null","null","null"
"PC0035-C","2007","false","1015","null","Kenya","KE","Kilifi","Kilifi","null","null","null","null","null","null"
"PC0037-C","2007","false","1015","null","Kenya","KE","Kilifi","Kilifi","null","null","null","null","null","null"
"PC0038-C","2007","false","1015","null","Kenya","KE","Kilifi","Kilifi","null","null","null","null","null","null"
"PC0044-C","2007","true","1015","null","Kenya","KE","Kilifi","Kilifi","sensitive","sensitive","sensitive","sensitive","resistant","resistant"
"PC0046-C","2007","true","1015","null","Kenya","KE","Kilifi","Kilifi","sensitive","resistant","sensitive","sensitive","resistant","resistant"
"PC0047-C","2007","true","1015","null","Kenya","KE","Kilifi","Kilifi","sensitive","resistant","sensitive","sensitive","resistant","resistant"
"PC0048-C","2007","false","1015","null","Kenya","KE","Kilifi","Kilifi","null","null","null","null","null","null"
"PC0049-C","2007","false","1015","null","Kenya","KE","Kilifi","Kilifi","null","null","null","null","null","null"
"PC0051-C","2007","true","1015","null","Kenya","KE","Kilifi","Kilifi","sensitive","sensitive","sensitive","sensitive","resistant","resistant"
"PC0053-C","2007","true","1015","null","Kenya","KE","Kilifi","Kilifi","sensitive","sensitive","sensitive","sensitive","resistant","resistant"
"PC0054-C","2007","true","1015","null","Kenya","KE","Kilifi","Kilifi","sensitive","resistant","sensitive","sensitive","resistant","resistant"
"PC0056-C","2007","false","1015","null","Kenya","KE","Kilifi","Kilifi","null","null","null","null","null","null"
"PC0057-C","2007","true","1015","null","Kenya","KE","Kilifi","Kilifi","sensitive","sensitive","sensitive","sensitive","resistant","resistant"
"PC0058-C","2007","true","1015","null","Kenya","KE","Kilifi","Kilifi","sensitive","sensitive","sensitive","sensitive","resistant","resistant"
"PC0059-C","2007","false","1015","null","Kenya","KE","Kilifi","Kilifi","null","null","null","null","null","null"
"PC0061-C","2007","true","1015","null","Kenya","KE","Kilifi","Kilifi","sensitive","sensitive","sensitive","sensitive","resistant","sensitive"
"PC0063-C","2007","true","1015","null","Kenya","KE","Kilifi","Kilifi","sensitive","sensitive","sensitive","sensitive","resistant","resistant"
"PC0064-C","2007","true","1015","null","Kenya","KE","Kilifi","Kilifi","sensitive","resistant","sensitive","sensitive","resistant","sensitive"
"PC0065-C","2007","true","1015","null","Kenya","KE","Kilifi","Kilifi","sensitive","sensitive","sensitive","sensitive","resistant","sensitive"
"PC0066-C","2007","true","1015","null","Kenya","KE","Kilifi","Kilifi","sensitive","sensitive","sensitive","sensitive","resistant","resistant"
"PC0067-C","2007","true","1015","null","Kenya","KE","Kilifi","Kilifi","sensitive","sensitive","sensitive","sensitive","resistant","resistant"
"PC0068-C","2007","true","1015","null","Kenya","KE","Kilifi","Kilifi","sensitive","sensitive","sensitive","sensitive","resistant","resistant"
"PC0069-C","2007","true","1015","null","Kenya","KE","Kilifi","Kilifi","sensitive","sensitive","sensitive","sensitive","resistant","sensitive"
"PC0070-C","2007","true","1015","null","Kenya","KE","Kilifi","Kilifi","sensitive","sensitive","sensitive","sensitive","resistant","resistant"
"PC0071-C","2007","true","1015","null","Kenya","KE","Kilifi","Kilifi","sensitive","sensitive","sensitive","sensitive","resistant","resistant"
"PC0073-C","2007","true","1015","null","Kenya","KE","Kilifi","Kilifi","sensitive","sensitive","sensitive","sensitive","resistant","resistant"
"PC0074-C","2007","true","1015","null","Kenya","KE","Kilifi","Kilifi","sensitive","sensitive","sensitive","sensitive","resistant","resistant"
"PC0075-C","2007","true","1015","null","Kenya","KE","Kilifi","Kilifi","sensitive","resistant","sensitive","sensitive","resistant","resistant"
"PC0077-C","2007","true","1015","null","Kenya","KE","Kilifi","Kilifi","sensitive","sensitive","undetermined","undetermined","resistant","resistant"
"PC0078-C","2007","true","1015","null","Kenya","KE","Kilifi","Kilifi","sensitive","sensitive","sensitive","sensitive","resistant","resistant"
"PC0079-C","2007","true","1015","null","Kenya","KE","Kilifi","Kilifi","sensitive","sensitive","sensitive","sensitive","resistant","resistant"
"PC0085-C","2007","true","1027","null","Kenya","KE","Kilifi","Kilifi","sensitive","sensitive","sensitive","sensitive","resistant","undetermined"
"PC0086-C","2007","false","1027","null","Kenya","KE","Kilifi","Kilifi","null","null","null","null","null","null"
"PC0097-C","2007","true","1027","null","Kenya","KE","Kilifi","Kilifi","sensitive","resistant","sensitive","sensitive","resistant","resistant"
"PC0103-C","2007","true","1027","null","Kenya","KE","Kilifi","Kilifi","sensitive","sensitive","undetermined","undetermined","resistant","resistant"
"PC0104-C","2007","true","1027","null","Kenya","KE","Kilifi","Kilifi","sensitive","sensitive","sensitive","sensitive","resistant","resistant"
"PC0107-C","2007","true","1027","null","Kenya","KE","Kilifi","Kilifi","sensitive","resistant","sensitive","sensitive","resistant","resistant"
"PC0109-C","2007","false","1027","null","Kenya","KE","Kilifi","Kilifi","null","null","null","null","null","null"
"PC0112-C","2007","false","1027","null","Kenya","KE","Kilifi","Kilifi","null","null","null","null","null","null"
"PC0113-C","2007","true","1027","null","Kenya","KE","Kilifi","Kilifi","sensitive","undetermined","sensitive","sensitive","resistant","resistant"
"PC0118-C","2007","true","1027","null","Kenya","KE","Kilifi","Kilifi","sensitive","resistant","undetermined","sensitive","resistant","undetermined"
"PC0122-C","2007","true","1027","null","Kenya","KE","Kilifi","Kilifi","sensitive","resistant","undetermined","undetermined","resistant","resistant"
"PC0167-C","2014","true","1107","null","Kenya","KE","Kisumu","Kisumu","sensitive","sensitive","sensitive","sensitive","resistant","resistant"
"PC0169-C","2014","true","1107","null","Kenya","KE","Kisumu","Kisumu","sensitive","sensitive","sensitive","sensitive","resistant","resistant"
"PC0170-C","2014","true","1107","null","Kenya","KE","Kisumu","Kisumu","sensitive","sensitive","sensitive","sensitive","resistant","resistant"
"PC0172-C","2014","true","1107","null","Kenya","KE","Kisumu","Kisumu","undetermined","sensitive","sensitive","sensitive","resistant","resistant"
"PC0173-C","2014","true","1107","null","Kenya","KE","Kisumu","Kisumu","sensitive","sensitive","sensitive","sensitive","resistant","resistant"
"PC0174-C","2014","true","1107","null","Kenya","KE","Kisumu","Kisumu","sensitive","sensitive","sensitive","sensitive","resistant","resistant"
"PC0178-C","2014","true","1107","null","Kenya","KE","Kisumu","Kisumu","sensitive","undetermined","sensitive","sensitive","resistant","resistant"
"PC0180-C","2014","true","1107","null","Kenya","KE","Kisumu","Kisumu","sensitive","sensitive","sensitive","sensitive","resistant","resistant"
"PC0183-C","2014","true","1107","null","Kenya","KE","Kisumu","Kisumu","sensitive","sensitive","sensitive","sensitive","resistant","resistant"
"PC0184-C","2014","true","1107","null","Kenya","KE","Kisumu","Kisumu","sensitive","sensitive","sensitive","sensitive","resistant","resistant"
"PC0186-C","2014","true","1107","null","Kenya","KE","Kisumu","Kisumu","sensitive","sensitive","sensitive","sensitive","resistant","resistant"
"PC0187-C","2014","true","1107","null","Kenya","KE","Kisumu","Kisumu","sensitive","sensitive","sensitive","sensitive","resistant","resistant"
"PC0188-C","2014","true","1107","null","Kenya","KE","Kisumu","Kisumu","sensitive","sensitive","sensitive","sensitive","resistant","resistant"
"PC0189-C","2014","true","1107","null","Kenya","KE","Kisumu","Kisumu","undetermined","sensitive","sensitive","sensitive","resistant","resistant"
"PC0191-C","2014","true","1107","null","Kenya","KE","Kisumu","Kisumu","sensitive","sensitive","sensitive","sensitive","resistant","resistant"
"PC0193-C","2014","true","1107","null","Kenya","KE","Kisumu","Kisumu","sensitive","sensitive","sensitive","sensitive","resistant","resistant"
"PC0197-C","2014","true","1107","null","Kenya","KE","Kisumu","Kisumu","sensitive","resistant","sensitive","sensitive","resistant","resistant"
"PC0198-C","2014","true","1107","null","Kenya","KE","Kisumu","Kisumu","sensitive","sensitive","sensitive","sensitive","resistant","resistant"
"PC0199-C","2014","true","1107","null","Kenya","KE","Kisumu","Kisumu","sensitive","sensitive","sensitive","sensitive","resistant","resistant"
"PC0200-C","2014","true","1107","null","Kenya","KE","Kisumu","Kisumu","sensitive","sensitive","sensitive","sensitive","resistant","resistant"
"PC0201-C","2014","true","1107","null","Kenya","KE","Kisumu","Kisumu","sensitive","sensitive","sensitive","sensitive","resistant","resistant"
"PC0202-C","2014","true","1107","null","Kenya","KE","Kisumu","Kisumu","sensitive","undetermined","sensitive","sensitive","resistant","resistant"
"PC0206-C","2014","true","1107","null","Kenya","KE","Kisumu","Kisumu","sensitive","sensitive","sensitive","sensitive","resistant","resistant"
"PC0208-C","2014","true","1107","null","Kenya","KE","Kisumu","Kisumu","sensitive","sensitive","sensitive","sensitive","resistant","resistant"
"PC0209-C","2014","true","1107","null","Kenya","KE","Kisumu","Kisumu","sensitive","sensitive","sensitive","sensitive","resistant","resistant"
"PC0213-C","2014","false","1107","null","Kenya","KE","Kisumu","Kisumu","null","null","null","null","null","null"
"PC0220-C","2014","true","1107","null","Kenya","KE","Kisumu","Kisumu","sensitive","sensitive","sensitive","sensitive","resistant","resistant"
"PC0229-C","2014","true","1107","null","Kenya","KE","Kisumu","Kisumu","sensitive","sensitive","sensitive","sensitive","resistant","resistant"
"PC0231-C","2014","true","1107","null","Kenya","KE","Kisumu","Kisumu","sensitive","sensitive","sensitive","sensitive","resistant","resistant"
"PC0232-C","2014","true","1107","null","Kenya","KE","Kisumu","Kisumu","sensitive","sensitive","sensitive","sensitive","resistant","resistant"
"PC0233-C","2014","true","1107","null","Kenya","KE","Kisumu","Kisumu","sensitive","sensitive","sensitive","sensitive","resistant","resistant"
"PC0236-C","2014","true","1107","null","Kenya","KE","Kisumu","Kisumu","sensitive","sensitive","sensitive","sensitive","resistant","resistant"
"PC0245-C","2014","true","1107","null","Kenya","KE","Kisumu","Kisumu","sensitive","sensitive","sensitive","sensitive","resistant","resistant"
"PC0246-C","2014","true","1107","null","Kenya","KE","Kisumu","Kisumu","sensitive","sensitive","sensitive","sensitive","resistant","resistant"
"PC0252-C","2014","true","1107","null","Kenya","KE","Kisumu","Kisumu","sensitive","sensitive","sensitive","sensitive","resistant","resistant"
"PC0254-C","2014","true","1107","null","Kenya","KE","Kisumu","Kisumu","sensitive","sensitive","sensitive","sensitive","resistant","resistant"
"PC0255-C","2014","true","1107","null","Kenya","KE","Kisumu","Kisumu","sensitive","sensitive","sensitive","sensitive","resistant","resistant"
"PC0256-C","2014","true","1107","null","Kenya","KE","Kisumu","Kisumu","sensitive","undetermined","sensitive","sensitive","resistant","resistant"
"PC0257-C","2014","true","1107","null","Kenya","KE","Kisumu","Kisumu","sensitive","sensitive","sensitive","sensitive","resistant","resistant"
"PC0258-C","2014","true","1107","null","Kenya","KE","Kisumu","Kisumu","sensitive","sensitive","sensitive","sensitive","resistant","resistant"
"PC0259-C","2014","true","1107","null","Kenya","KE","Kisumu","Kisumu","sensitive","sensitive","sensitive","sensitive","resistant","resistant"
"PC0262-C","2014","true","1107","null","Kenya","KE","Kisumu","Kisumu","sensitive","sensitive","sensitive","sensitive","resistant","resistant"
"PC0263-C","2014","true","1107","null","Kenya","KE","Kisumu","Kisumu","sensitive","undetermined","sensitive","sensitive","resistant","resistant"
"PC0265-C","2014","true","1107","null","Kenya","KE","Kisumu","Kisumu","sensitive","sensitive","sensitive","sensitive","resistant","resistant"
"PC0268-C","2014","true","1107","null","Kenya","KE","Kisumu","Kisumu","sensitive","sensitive","sensitive","sensitive","resistant","resistant"
"PC0269-C","2014","true","1107","null","Kenya","KE","Kisumu","Kisumu","sensitive","sensitive","sensitive","sensitive","resistant","resistant"
"PC0273-C","2014","true","1107","null","Kenya","KE","Kisumu","Kisumu","sensitive","sensitive","sensitive","sensitive","resistant","resistant"
"PC0276-C","2014","true","1107","null","Kenya","KE","Kisumu","Kisumu","sensitive","undetermined","sensitive","sensitive","resistant","resistant"
"PC0277-C","2014","true","1107","null","Kenya","KE","Kisumu","Kisumu","sensitive","resistant","sensitive","sensitive","resistant","resistant"
"PC0278-C","2014","true","1107","null","Kenya","KE","Kisumu","Kisumu","sensitive","sensitive","sensitive","sensitive","resistant","resistant"
"PC0282-C","2014","true","1107","null","Kenya","KE","Kisumu","Kisumu","sensitive","sensitive","sensitive","sensitive","resistant","resistant"
"PC0287-C","2014","true","1107","null","Kenya","KE","Kisumu","Kisumu","sensitive","sensitive","sensitive","sensitive","resistant","resistant"
"PC0288-C","2014","true","1107","null","Kenya","KE","Kisumu","Kisumu","sensitive","sensitive","sensitive","sensitive","resistant","resistant"
"PC0293-C","2014","true","1107","null","Kenya","KE","Kisumu","Kisumu","sensitive","sensitive","sensitive","sensitive","resistant","resistant"
"PC0295-C","2014","true","1107","null","Kenya","KE","Kisumu","Kisumu","sensitive","sensitive","sensitive","sensitive","resistant","resistant"
"PC0296-C","2014","true","1107","null","Kenya","KE","Kisumu","Kisumu","sensitive","sensitive","sensitive","sensitive","resistant","resistant"
"PC0301-C","2014","true","1107","null","Kenya","KE","Kisumu","Kisumu","sensitive","sensitive","sensitive","sensitive","resistant","resistant"
"PC0302-C","2014","true","1107","null","Kenya","KE","Kisumu","Kisumu","sensitive","sensitive","sensitive","sensitive","resistant","resistant"
"PC0305-C","2014","true","1107","null","Kenya","KE","Kisumu","Kisumu","sensitive","sensitive","sensitive","sensitive","resistant","resistant"
"PC0311-C","2014","true","1107","null","Kenya","KE","Kisumu","Kisumu","sensitive","sensitive","sensitive","sensitive","resistant","resistant"
"PC0314-C","2014","true","1107","null","Kenya","KE","Kisumu","Kisumu","sensitive","sensitive","sensitive","sensitive","resistant","resistant"
"PC0318-C","2014","false","1107","null","Kenya","KE","Kisumu","Kisumu","null","null","null","null","null","null"
"PC0337-C","2014","true","1107","null","Kenya","KE","Kisumu","Kisumu","sensitive","sensitive","sensitive","sensitive","resistant","resistant"
"PC0352-C","2014","true","1107","null","Kenya","KE","Kisumu","Kisumu","sensitive","sensitive","sensitive","sensitive","resistant","resistant"
"PC4008-C","2014","true","1132","null","Kenya","KE","Kilifi","Kilifi","sensitive","sensitive","sensitive","sensitive","resistant","undetermined"
"PC4008-Cx","2014","false","1132","null","Kenya","KE","Kilifi","Kilifi","null","null","null","null","null","null"
"PC4009-C","2014","true","1132","null","Kenya","KE","Kilifi","Kilifi","sensitive","resistant","sensitive","sensitive","resistant","resistant"
"PC4009-Cx","2014","false","1132","null","Kenya","KE","Kilifi","Kilifi","null","null","null","null","null","null"
"PC4010-C","2014","false","1132","null","Kenya","KE","Kilifi","Kilifi","null","null","null","null","null","null"
"PC4010-Cx","2014","false","1132","null","Kenya","KE","Kilifi","Kilifi","null","null","null","null","null","null"
"PC4011-C","2014","true","1132","null","Kenya","KE","Kilifi","Kilifi","sensitive","sensitive","sensitive","sensitive","resistant","resistant"
"PC4013-C","2014","true","1132","null","Kenya","KE","Kilifi","Kilifi","sensitive","sensitive","sensitive","sensitive","resistant","resistant"
"PC4014-C","1997","true","1132","null","Kenya","KE","Kilifi","Kilifi","sensitive","resistant","sensitive","sensitive","undetermined","sensitive"
"PC4015-C","1997","true","1132","null","Kenya","KE","Kilifi","Kilifi","sensitive","sensitive","sensitive","sensitive","resistant","sensitive"
"PC4016-C","1997","true","1132","null","Kenya","KE","Kilifi","Kilifi","sensitive","resistant","sensitive","sensitive","resistant","sensitive"
"PC4018-C","1997","false","1132","null","Kenya","KE","Kilifi","Kilifi","null","null","null","null","null","null"
"PC4019-C","1997","true","1132","null","Kenya","KE","Kilifi","Kilifi","sensitive","resistant","sensitive","sensitive","resistant","sensitive"
"PC4021-C","1997","true","1132","null","Kenya","KE","Kilifi","Kilifi","sensitive","resistant","sensitive","sensitive","resistant","sensitive"
"PC4022-C","1997","false","1132","null","Kenya","KE","Kilifi","Kilifi","null","null","null","null","null","null"
"PC4024-C","1997","true","1132","null","Kenya","KE","Kilifi","Kilifi","sensitive","resistant","sensitive","sensitive","undetermined","sensitive"
"PC4025-C","1997","true","1132","null","Kenya","KE","Kilifi","Kilifi","sensitive","sensitive","sensitive","sensitive","sensitive","sensitive"
"PC4026-C","1997","true","1132","null","Kenya","KE","Kilifi","Kilifi","sensitive","resistant","sensitive","sensitive","resistant","undetermined"
"PC4027-C","1997","true","1132","null","Kenya","KE","Kilifi","Kilifi","sensitive","undetermined","sensitive","sensitive","undetermined","undetermined"
"PC4028-C","1997","true","1132","null","Kenya","KE","Kilifi","Kilifi","sensitive","undetermined","sensitive","sensitive","undetermined","sensitive"
"PC4030-C","1997","true","1132","null","Kenya","KE","Kilifi","Kilifi","sensitive","undetermined","sensitive","sensitive","undetermined","sensitive"
"PC4031-C","1997","false","1132","null","Kenya","KE","Kilifi","Kilifi","null","null","null","null","null","null"
"PC4032-C","1997","true","1132","null","Kenya","KE","Kilifi","Kilifi","sensitive","resistant","sensitive","sensitive","undetermined","sensitive"
"PC4033-C","1997","true","1132","null","Kenya","KE","Kilifi","Kilifi","sensitive","resistant","sensitive","sensitive","resistant","sensitive"
"PC4034-C","1997","true","1132","null","Kenya","KE","Kilifi","Kilifi","sensitive","sensitive","sensitive","sensitive","resistant","sensitive"
"PC4035-C","1997","true","1132","null","Kenya","KE","Kilifi","Kilifi","sensitive","resistant","sensitive","sensitive","resistant","resistant"
"PC4036-C","1997","true","1132","null","Kenya","KE","Kilifi","Kilifi","sensitive","resistant","sensitive","sensitive","resistant","sensitive"
"PC4036-Cx","1997","false","1132","null","Kenya","KE","Kilifi","Kilifi","null","null","null","null","null","null"
"PC4037-C","1997","true","1132","null","Kenya","KE","Kilifi","Kilifi","sensitive","sensitive","sensitive","sensitive","resistant","resistant"
"PC4038-C","1997","true","1132","null","Kenya","KE","Kilifi","Kilifi","sensitive","resistant","sensitive","sensitive","resistant","sensitive"
"PC4039-C","1998","true","1132","null","Kenya","KE","Kilifi","Kilifi","sensitive","resistant","sensitive","sensitive","resistant","undetermined"
"PC4040-C","1998","true","1132","null","Kenya","KE","Kilifi","Kilifi","sensitive","sensitive","sensitive","sensitive","resistant","sensitive"
"PC4041-C","1997","true","1132","null","Kenya","KE","Kilifi","Kilifi","sensitive","resistant","sensitive","sensitive","undetermined","undetermined"
"PC4042-C","1997","false","1132","null","Kenya","KE","Kilifi","Kilifi","null","null","null","null","null","null"
"PC4043-C","1998","true","1132","null","Kenya","KE","Kilifi","Kilifi","sensitive","resistant","undetermined","sensitive","resistant","sensitive"
"PC4044-C","1997","true","1132","null","Kenya","KE","Kilifi","Kilifi","sensitive","resistant","sensitive","sensitive","resistant","sensitive"
"PC4045-C","1997","true","1132","null","Kenya","KE","Kilifi","Kilifi","sensitive","sensitive","sensitive","sensitive","resistant","undetermined"
"PC4046-C","1998","true","1132","null","Kenya","KE","Kilifi","Kilifi","sensitive","resistant","sensitive","sensitive","resistant","sensitive"
"PC4047-C","1998","true","1132","null","Kenya","KE","Kilifi","Kilifi","sensitive","resistant","sensitive","sensitive","resistant","sensitive"
"PC4048-C","1997","true","1132","null","Kenya","KE","Kilifi","Kilifi","sensitive","resistant","sensitive","sensitive","undetermined","undetermined"
"PC4049-C","2004","true","1132","null","Kenya","KE","Kilifi","Kilifi","sensitive","resistant","sensitive","sensitive","resistant","sensitive"
"PC4050-C","2003","false","1132","null","Kenya","KE","Kilifi","Kilifi","null","null","null","null","null","null"
"PC4050-Cx","2003","false","1132","null","Kenya","KE","Kilifi","Kilifi","null","null","null","null","null","null"
"PC4051-C","2003","false","1132","null","Kenya","KE","Kilifi","Kilifi","null","null","null","null","null","null"
"PC4052-C","2003","true","1132","null","Kenya","KE","Kilifi","Kilifi","sensitive","sensitive","sensitive","sensitive","resistant","resistant"
"PC4054-C","2003","true","1132","null","Kenya","KE","Kilifi","Kilifi","sensitive","resistant","sensitive","sensitive","resistant","resistant"
"PC4055-C","2004","true","1132","null","Kenya","KE","Kilifi","Kilifi","sensitive","resistant","sensitive","sensitive","resistant","sensitive"
"PC4056-C","2003","false","1132","null","Kenya","KE","Kilifi","Kilifi","null","null","null","null","null","null"
"PC4060-C","2006","true","1132","null","Kenya","KE","Kilifi","Kilifi","sensitive","resistant","sensitive","sensitive","resistant","resistant"
"PC4061-C","2006","true","1132","null","Kenya","KE","Kilifi","Kilifi","sensitive","resistant","sensitive","sensitive","resistant","sensitive"
"PC4062-C","2006","true","1132","null","Kenya","KE","Kilifi","Kilifi","sensitive","sensitive","sensitive","sensitive","resistant","undetermined"
"PC4063-C","2006","false","1132","null","Kenya","KE","Kilifi","Kilifi","null","null","null","null","null","null"
"PC4066-C","2007","true","1132","null","Kenya","KE","Kilifi","Kilifi","sensitive","sensitive","sensitive","sensitive","resistant","resistant"
"PC4068-C","2007","true","1132","null","Kenya","KE","Kilifi","Kilifi","sensitive","undetermined","sensitive","sensitive","resistant","resistant"
"PC4074-C","2007","true","1132","null","Kenya","KE","Kilifi","Kilifi","sensitive","undetermined","sensitive","sensitive","resistant","resistant"
"PC4079-C","2007","true","1132","null","Kenya","KE","Kilifi","Kilifi","sensitive","resistant","sensitive","sensitive","undetermined","undetermined"
"PC4083-C","2005","true","1132","null","Kenya","KE","Kilifi","Kilifi","sensitive","sensitive","sensitive","sensitive","resistant","resistant"
"PC4084-C","2006","true","1132","null","Kenya","KE","Kilifi","Kilifi","sensitive","undetermined","sensitive","sensitive","resistant","undetermined"
"PC4085-C","2006","true","1132","null","Kenya","KE","Kilifi","Kilifi","sensitive","sensitive","sensitive","sensitive","resistant","resistant"
"PC4086-C","2006","true","1132","null","Kenya","KE","Kilifi","Kilifi","sensitive","resistant","sensitive","sensitive","resistant","sensitive"
"PC4088-C","2006","true","1132","null","Kenya","KE","Kilifi","Kilifi","sensitive","undetermined","sensitive","sensitive","resistant","resistant"
"PC4095-C","2007","true","1132","null","Kenya","KE","Kilifi","Kilifi","sensitive","resistant","sensitive","sensitive","resistant","resistant"
"PC4098-C","2007","true","1132","null","Kenya","KE","Kilifi","Kilifi","sensitive","resistant","sensitive","sensitive","resistant","resistant"
"PC4104-C","2007","true","1132","null","Kenya","KE","Kilifi","Kilifi","sensitive","resistant","sensitive","sensitive","resistant","resistant"
"PC4114-C","2007","true","1132","null","Kenya","KE","Kilifi","Kilifi","sensitive","resistant","sensitive","sensitive","resistant","resistant"
"PC4116-C","2007","true","1132","null","Kenya","KE","Kilifi","Kilifi","sensitive","resistant","sensitive","sensitive","resistant","resistant"
"PC4117-C","2007","true","1132","null","Kenya","KE","Kilifi","Kilifi","sensitive","resistant","sensitive","sensitive","resistant","sensitive"
"PC4118-C","2007","true","1132","null","Kenya","KE","Kilifi","Kilifi","sensitive","sensitive","sensitive","sensitive","resistant","resistant"
"PC4126-C","2008","true","1132","null","Kenya","KE","Kilifi","Kilifi","sensitive","sensitive","sensitive","sensitive","resistant","resistant"
"PC4128-C","2008","true","1132","null","Kenya","KE","Kilifi","Kilifi","sensitive","resistant","sensitive","sensitive","resistant","resistant"
"PC4129-C","2008","true","1132","null","Kenya","KE","Kilifi","Kilifi","sensitive","resistant","sensitive","sensitive","resistant","undetermined"
"PC4130-C","2008","true","1132","null","Kenya","KE","Kilifi","Kilifi","sensitive","sensitive","sensitive","sensitive","resistant","resistant"
"SPT42825","1994","true","1132","null","Kenya","KE","Kilifi","Kilifi","sensitive","resistant","sensitive","sensitive","undetermined","sensitive"
"SPT42826","1994","true","1132","null","Kenya","KE","Kilifi","Kilifi","sensitive","undetermined","sensitive","sensitive","sensitive","sensitive"
"SPT42827","1994","true","1132","null","Kenya","KE","Kilifi","Kilifi","sensitive","undetermined","sensitive","sensitive","undetermined","sensitive"
"SPT42828","1995","true","1132","null","Kenya","KE","Kilifi","Kilifi","sensitive","resistant","sensitive","sensitive","resistant","sensitive"
"SPT42829","1995","true","1132","null","Kenya","KE","Kilifi","Kilifi","sensitive","undetermined","sensitive","sensitive","sensitive","undetermined"
"SPT42830","1995","true","1132","null","Kenya","KE","Kilifi","Kilifi","sensitive","undetermined","sensitive","sensitive","undetermined","sensitive"
"SPT42831","1995","true","1132","null","Kenya","KE","Kilifi","Kilifi","sensitive","resistant","sensitive","sensitive","sensitive","sensitive"
"SPT42832","1995","true","1132","null","Kenya","KE","Kilifi","Kilifi","sensitive","resistant","sensitive","sensitive","undetermined","sensitive"
"SPT42833","1995","true","1132","null","Kenya","KE","Kilifi","Kilifi","sensitive","resistant","sensitive","sensitive","sensitive","sensitive"
"SPT42834","1995","true","1132","null","Kenya","KE","Kilifi","Kilifi","sensitive","resistant","undetermined","undetermined","resistant","sensitive"
"SPT42835","1995","true","1132","null","Kenya","KE","Kilifi","Kilifi","sensitive","resistant","sensitive","sensitive","sensitive","sensitive"
"SPT42836","1995","true","1132","null","Kenya","KE","Kilifi","Kilifi","sensitive","resistant","sensitive","sensitive","resistant","sensitive"
"SPT42837","1995","true","1132","null","Kenya","KE","Kilifi","Kilifi","sensitive","undetermined","sensitive","sensitive","sensitive","resistant"
"SPT42838","1995","true","1132","null","Kenya","KE","Kilifi","Kilifi","sensitive","resistant","sensitive","sensitive","resistant","sensitive"
"SPT42839","1995","true","1132","null","Kenya","KE","Kilifi","Kilifi","sensitive","resistant","sensitive","sensitive","resistant","sensitive"
"SPT42840","1995","true","1132","null","Kenya","KE","Kilifi","Kilifi","sensitive","resistant","sensitive","sensitive","sensitive","sensitive"
"SPT42841","1995","true","1132","null","Kenya","KE","Kilifi","Kilifi","sensitive","resistant","sensitive","sensitive","resistant","sensitive"
"SPT42842","1995","true","1132","null","Kenya","KE","Kilifi","Kilifi","sensitive","resistant","sensitive","sensitive","undetermined","sensitive"
"SPT42843","1995","true","1132","null","Kenya","KE","Kilifi","Kilifi","sensitive","resistant","sensitive","sensitive","resistant","sensitive"
"SPT42844","1995","true","1132","null","Kenya","KE","Kilifi","Kilifi","sensitive","resistant","sensitive","sensitive","resistant","sensitive"
"SPT42845","1995","true","1132","null","Kenya","KE","Kilifi","Kilifi","sensitive","resistant","sensitive","sensitive","sensitive","sensitive"
"SPT42846","1995","true","1132","null","Kenya","KE","Kilifi","Kilifi","sensitive","undetermined","sensitive","sensitive","undetermined","sensitive"
"SPT42847","1995","true","1132","null","Kenya","KE","Kilifi","Kilifi","sensitive","resistant","sensitive","sensitive","undetermined","sensitive"
"SPT42848","1995","true","1132","null","Kenya","KE","Kilifi","Kilifi","sensitive","sensitive","sensitive","sensitive","undetermined","sensitive"
"SPT42849","1995","true","1132","null","Kenya","KE","Kilifi","Kilifi","sensitive","resistant","sensitive","sensitive","resistant","undetermined"
"SPT42850","1995","true","1132","null","Kenya","KE","Kilifi","Kilifi","sensitive","resistant","sensitive","sensitive","resistant","sensitive"
"SPT42851","1995","true","1132","null","Kenya","KE","Kilifi","Kilifi","sensitive","undetermined","sensitive","sensitive","undetermined","sensitive"
"SPT42852","1995","true","1132","null","Kenya","KE","Kilifi","Kilifi","sensitive","sensitive","sensitive","sensitive","sensitive","sensitive"
"SPT42853","1995","true","1132","null","Kenya","KE","Kilifi","Kilifi","sensitive","resistant","sensitive","sensitive","undetermined","sensitive"
"SPT42854","1995","true","1132","null","Kenya","KE","Kilifi","Kilifi","sensitive","resistant","sensitive","sensitive","resistant","sensitive"
"SPT42855","1995","true","1132","null","Kenya","KE","Kilifi","Kilifi","sensitive","resistant","sensitive","sensitive","resistant","sensitive"
"SPT42856","1995","true","1132","null","Kenya","KE","Kilifi","Kilifi","sensitive","resistant","sensitive","sensitive","resistant","sensitive"
"SPT42857","1995","true","1132","null","Kenya","KE","Kilifi","Kilifi","sensitive","resistant","sensitive","sensitive","resistant","undetermined"
"SPT42858","1995","true","1132","null","Kenya","KE","Kilifi","Kilifi","sensitive","resistant","sensitive","sensitive","undetermined","sensitive"
"SPT42859","1995","true","1132","null","Kenya","KE","Kilifi","Kilifi","sensitive","resistant","sensitive","sensitive","resistant","sensitive"
"SPT42860","1995","true","1132","null","Kenya","KE","Kilifi","Kilifi","sensitive","undetermined","sensitive","sensitive","sensitive","sensitive"
"SPT42861","1995","true","1132","null","Kenya","KE","Kilifi","Kilifi","sensitive","undetermined","sensitive","sensitive","undetermined","sensitive"
"SPT42862","1995","true","1132","null","Kenya","KE","Kilifi","Kilifi","sensitive","undetermined","sensitive","sensitive","sensitive","sensitive"
"SPT42863","1995","true","1132","null","Kenya","KE","Kilifi","Kilifi","sensitive","resistant","sensitive","sensitive","resistant","undetermined"
"SPT42864","1995","true","1132","null","Kenya","KE","Kilifi","Kilifi","sensitive","undetermined","sensitive","sensitive","sensitive","undetermined"
"SPT42865","1995","true","1132","null","Kenya","KE","Kilifi","Kilifi","undetermined","resistant","sensitive","sensitive","sensitive","sensitive"
"SPT42866","1995","true","1132","null","Kenya","KE","Kilifi","Kilifi","sensitive","resistant","sensitive","sensitive","sensitive","sensitive"
"SPT42867","1995","true","1132","null","Kenya","KE","Kilifi","Kilifi","sensitive","resistant","sensitive","sensitive","sensitive","sensitive"
"SPT42868","1995","true","1132","null","Kenya","KE","Kilifi","Kilifi","sensitive","sensitive","sensitive","sensitive","undetermined","sensitive"
"SPT42869","1995","true","1132","null","Kenya","KE","Kilifi","Kilifi","sensitive","undetermined","sensitive","sensitive","undetermined","sensitive"
"SPT42870","1995","true","1132","null","Kenya","KE","Kilifi","Kilifi","sensitive","resistant","sensitive","sensitive","resistant","sensitive"
"SPT42872","1995","true","1132","null","Kenya","KE","Kilifi","Kilifi","sensitive","undetermined","sensitive","sensitive","undetermined","sensitive"
"SPT42873","1995","true","1132","null","Kenya","KE","Kilifi","Kilifi","sensitive","resistant","sensitive","sensitive","sensitive","sensitive"
"SPT42874","1995","true","1132","null","Kenya","KE","Kilifi","Kilifi","sensitive","resistant","sensitive","sensitive","sensitive","resistant"
"SPT42875","1996","true","1132","null","Kenya","KE","Kilifi","Kilifi","sensitive","sensitive","sensitive","sensitive","undetermined","undetermined"
"SPT42876","1996","true","1132","null","Kenya","KE","Kilifi","Kilifi","sensitive","resistant","sensitive","sensitive","sensitive","sensitive"
"SPT42877","1996","true","1132","null","Kenya","KE","Kilifi","Kilifi","sensitive","resistant","sensitive","sensitive","undetermined","sensitive"
"SPT42878","1996","true","1132","null","Kenya","KE","Kilifi","Kilifi","sensitive","resistant","sensitive","sensitive","resistant","sensitive"
"SPT42879","1996","true","1132","null","Kenya","KE","Kilifi","Kilifi","sensitive","resistant","sensitive","sensitive","resistant","sensitive"
"SPT42880","1996","true","1132","null","Kenya","KE","Kilifi","Kilifi","sensitive","resistant","sensitive","sensitive","sensitive","sensitive"
"SPT42881","1996","true","1132","null","Kenya","KE","Kilifi","Kilifi","sensitive","resistant","sensitive","sensitive","resistant","sensitive"
"SPT42882","1996","true","1132","null","Kenya","KE","Kilifi","Kilifi","sensitive","resistant","sensitive","sensitive","resistant","sensitive"
"SPT42883","1996","true","1132","null","Kenya","KE","Kilifi","Kilifi","sensitive","resistant","sensitive","sensitive","resistant","sensitive"
"SPT42884","1996","true","1132","null","Kenya","KE","Kilifi","Kilifi","sensitive","resistant","sensitive","sensitive","sensitive","sensitive"
"SPT42885","1996","true","1132","null","Kenya","KE","Kilifi","Kilifi","sensitive","undetermined","sensitive","sensitive","undetermined","sensitive"
"SPT42886","1996","true","1132","null","Kenya","KE","Kilifi","Kilifi","sensitive","resistant","sensitive","sensitive","sensitive","sensitive"
"SPT42887","1996","true","1132","null","Kenya","KE","Kilifi","Kilifi","sensitive","resistant","sensitive","sensitive","resistant","sensitive"
"SPT42888","1996","true","1132","null","Kenya","KE","Kilifi","Kilifi","sensitive","undetermined","sensitive","sensitive","sensitive","sensitive"
"SPT42889","1996","true","1132","null","Kenya","KE","Kilifi","Kilifi","sensitive","resistant","sensitive","sensitive","resistant","resistant"
"SPT42890","1996","true","1132","null","Kenya","KE","Kilifi","Kilifi","sensitive","resistant","sensitive","sensitive","sensitive","sensitive"
"SPT42891","1996","true","1132","null","Kenya","KE","Kilifi","Kilifi","sensitive","resistant","sensitive","sensitive","resistant","sensitive"
"SPT42892","1996","true","1132","null","Kenya","KE","Kilifi","Kilifi","sensitive","undetermined","sensitive","sensitive","undetermined","sensitive"
"SPT42893","1996","true","1132","null","Kenya","KE","Kilifi","Kilifi","sensitive","resistant","sensitive","sensitive","resistant","sensitive"
"SPT42894","1996","true","1132","null","Kenya","KE","Kilifi","Kilifi","sensitive","resistant","sensitive","sensitive","undetermined","sensitive"
"SPT42895","1996","true","1132","null","Kenya","KE","Kilifi","Kilifi","sensitive","resistant","sensitive","sensitive","resistant","sensitive"
"SPT42896","1996","true","1132","null","Kenya","KE","Kilifi","Kilifi","sensitive","resistant","sensitive","sensitive","resistant","resistant"
"SPT42897","1996","true","1132","null","Kenya","KE","Kilifi","Kilifi","sensitive","resistant","sensitive","sensitive","resistant","sensitive"
"SPT42898","1996","true","1132","null","Kenya","KE","Kilifi","Kilifi","sensitive","resistant","sensitive","sensitive","sensitive","sensitive"
"SPT42899","1996","true","1132","null","Kenya","KE","Kilifi","Kilifi","sensitive","resistant","sensitive","sensitive","resistant","sensitive"
"SPT42900","1996","true","1132","null","Kenya","KE","Kilifi","Kilifi","sensitive","undetermined","undetermined","sensitive","resistant","sensitive"
"SPT42901","1996","true","1132","null","Kenya","KE","Kilifi","Kilifi","sensitive","resistant","sensitive","sensitive","resistant","sensitive"
"SPT42902","1996","true","1132","null","Kenya","KE","Kilifi","Kilifi","sensitive","resistant","sensitive","sensitive","resistant","resistant"
"SPT42903","1996","true","1132","null","Kenya","KE","Kilifi","Kilifi","sensitive","sensitive","sensitive","sensitive","sensitive","sensitive"
"SPT42904","1996","true","1132","null","Kenya","KE","Kilifi","Kilifi","sensitive","resistant","sensitive","sensitive","undetermined","sensitive"
"SPT42905","1996","true","1132","null","Kenya","KE","Kilifi","Kilifi","sensitive","resistant","sensitive","sensitive","resistant","undetermined"
"SPT42906","1996","true","1132","null","Kenya","KE","Kilifi","Kilifi","sensitive","resistant","undetermined","sensitive","undetermined","sensitive"
"SPT42907","1996","true","1132","null","Kenya","KE","Kilifi","Kilifi","sensitive","sensitive","sensitive","sensitive","undetermined","sensitive"
"SPT42908","1996","true","1132","null","Kenya","KE","Kilifi","Kilifi","sensitive","resistant","sensitive","sensitive","resistant","resistant"
"SPT42909","1996","true","1132","null","Kenya","KE","Kilifi","Kilifi","sensitive","sensitive","sensitive","sensitive","resistant","sensitive"
"SPT42910","1996","true","1132","null","Kenya","KE","Kilifi","Kilifi","sensitive","resistant","sensitive","sensitive","sensitive","sensitive"
"SPT42911","1996","true","1132","null","Kenya","KE","Kilifi","Kilifi","sensitive","resistant","sensitive","sensitive","resistant","sensitive"
"SPT42912","1996","true","1132","null","Kenya","KE","Kilifi","Kilifi","sensitive","resistant","sensitive","sensitive","resistant","sensitive"
"SPT42913","1996","true","1132","null","Kenya","KE","Kilifi","Kilifi","sensitive","resistant","undetermined","sensitive","undetermined","sensitive"
"SPT42914","1996","true","1132","null","Kenya","KE","Kilifi","Kilifi","sensitive","resistant","sensitive","sensitive","resistant","sensitive"
"SPT42915","1996","true","1132","null","Kenya","KE","Kilifi","Kilifi","undetermined","undetermined","sensitive","sensitive","undetermined","sensitive"
"SPT42916","1996","true","1132","null","Kenya","KE","Kilifi","Kilifi","sensitive","resistant","sensitive","sensitive","resistant","sensitive"
"SPT42917","1996","true","1132","null","Kenya","KE","Kilifi","Kilifi","sensitive","undetermined","sensitive","sensitive","undetermined","undetermined"
"SPT42918","1996","true","1132","null","Kenya","KE","Kilifi","Kilifi","sensitive","resistant","sensitive","sensitive","resistant","sensitive"
"SPT42919","1996","true","1132","null","Kenya","KE","Kilifi","Kilifi","sensitive","resistant","undetermined","sensitive","resistant","sensitive"
"SPT42920","1996","true","1132","null","Kenya","KE","Kilifi","Kilifi","sensitive","resistant","undetermined","sensitive","sensitive","sensitive"
"SPT42921","1996","true","1132","null","Kenya","KE","Kilifi","Kilifi","sensitive","resistant","sensitive","sensitive","resistant","sensitive"
"SPT42922","1996","true","1132","null","Kenya","KE","Kilifi","Kilifi","sensitive","resistant","sensitive","sensitive","resistant","sensitive"
"SPT42923","1996","true","1132","null","Kenya","KE","Kilifi","Kilifi","sensitive","resistant","sensitive","undetermined","sensitive","sensitive"
"SPT42924","1996","true","1132","null","Kenya","KE","Kilifi","Kilifi","sensitive","resistant","sensitive","sensitive","resistant","sensitive"
"SPT42925","1996","true","1132","null","Kenya","KE","Kilifi","Kilifi","sensitive","sensitive","sensitive","sensitive","resistant","sensitive"
"SPT42926","1996","true","1132","null","Kenya","KE","Kilifi","Kilifi","undetermined","resistant","sensitive","sensitive","undetermined","sensitive"
"SPT42927","1996","true","1132","null","Kenya","KE","Kilifi","Kilifi","sensitive","resistant","sensitive","sensitive","resistant","sensitive"
"SPT42928","1996","true","1132","null","Kenya","KE","Kilifi","Kilifi","sensitive","sensitive","sensitive","sensitive","undetermined","undetermined"
"SPT42929","1996","true","1132","null","Kenya","KE","Kilifi","Kilifi","sensitive","sensitive","sensitive","sensitive","sensitive","sensitive"
"SPT42930","1996","true","1132","null","Kenya","KE","Kilifi","Kilifi","sensitive","undetermined","sensitive","sensitive","sensitive","sensitive"
"SPT42931","1996","true","1132","null","Kenya","KE","Kilifi","Kilifi","sensitive","resistant","sensitive","sensitive","resistant","sensitive"
"SPT42932","1996","true","1132","null","Kenya","KE","Kilifi","Kilifi","sensitive","resistant","sensitive","sensitive","resistant","sensitive"
"SPT42933","1996","true","1132","null","Kenya","KE","Kilifi","Kilifi","sensitive","undetermined","sensitive","sensitive","sensitive","sensitive"
"SPT42934","1996","false","1132","null","Kenya","KE","Kilifi","Kilifi","null","null","null","null","null","null"
"SPT42935","1996","true","1132","null","Kenya","KE","Kilifi","Kilifi","sensitive","sensitive","sensitive","sensitive","sensitive","sensitive"
"SPT42936","1996","true","1132","null","Kenya","KE","Kilifi","Kilifi","sensitive","sensitive","sensitive","sensitive","undetermined","sensitive"
"SPT42937","1996","true","1132","null","Kenya","KE","Kilifi","Kilifi","sensitive","resistant","sensitive","sensitive","sensitive","sensitive"
"SPT42938","1996","true","1132","null","Kenya","KE","Kilifi","Kilifi","sensitive","undetermined","sensitive","sensitive","resistant","sensitive"
"SPT42939","1996","true","1132","null","Kenya","KE","Kilifi","Kilifi","sensitive","sensitive","sensitive","sensitive","sensitive","sensitive"
"SPT42940","1996","true","1132","null","Kenya","KE","Kilifi","Kilifi","sensitive","resistant","sensitive","sensitive","sensitive","sensitive"
"SPT42941","1997","true","1132","null","Kenya","KE","Kilifi","Kilifi","sensitive","sensitive","undetermined","undetermined","undetermined","sensitive"
"SPT42942","1997","true","1132","null","Kenya","KE","Kilifi","Kilifi","sensitive","resistant","sensitive","sensitive","resistant","sensitive"
"SPT42943","1997","true","1132","null","Kenya","KE","Kilifi","Kilifi","sensitive","resistant","sensitive","sensitive","resistant","sensitive"
"SPT42944","1998","true","1132","null","Kenya","KE","Kilifi","Kilifi","sensitive","resistant","sensitive","sensitive","resistant","sensitive"
"SPT42945","1998","true","1132","null","Kenya","KE","Kilifi","Kilifi","sensitive","resistant","sensitive","sensitive","undetermined","sensitive"
"SPT42946","1998","true","1132","null","Kenya","KE","Kilifi","Kilifi","undetermined","resistant","sensitive","sensitive","resistant","resistant"
"SPT42947","1998","true","1132","null","Kenya","KE","Kilifi","Kilifi","sensitive","undetermined","sensitive","sensitive","sensitive","sensitive"
"SPT42948","1998","true","1132","null","Kenya","KE","Kilifi","Kilifi","sensitive","resistant","sensitive","undetermined","undetermined","sensitive"
"SPT42949","1998","true","1132","null","Kenya","KE","Kilifi","Kilifi","sensitive","resistant","sensitive","sensitive","undetermined","undetermined"
"SPT42950","1998","true","1132","null","Kenya","KE","Kilifi","Kilifi","sensitive","resistant","sensitive","sensitive","resistant","resistant"
"SPT42951","1999","true","1132","null","Kenya","KE","Kilifi","Kilifi","sensitive","resistant","sensitive","sensitive","undetermined","sensitive"
"SPT42952","1999","true","1132","null","Kenya","KE","Kilifi","Kilifi","sensitive","resistant","sensitive","sensitive","resistant","resistant"
"SPT42954","2004","true","1132","null","Kenya","KE","Kilifi","Kilifi","sensitive","undetermined","undetermined","undetermined","resistant","resistant"
"SPT42955","2004","true","1132","null","Kenya","KE","Kilifi","Kilifi","sensitive","undetermined","sensitive","sensitive","resistant","sensitive"
"SPT42956","2004","true","1132","null","Kenya","KE","Kilifi","Kilifi","sensitive","undetermined","sensitive","sensitive","resistant","undetermined"
"SPT42957","2004","true","1132","null","Kenya","KE","Kilifi","Kilifi","sensitive","resistant","sensitive","sensitive","resistant","resistant"
"SPT42958","2004","true","1132","null","Kenya","KE","Kilifi","Kilifi","sensitive","undetermined","sensitive","sensitive","resistant","resistant"
"SPT42959","2004","true","1132","null","Kenya","KE","Kilifi","Kilifi","sensitive","sensitive","undetermined","undetermined","resistant","resistant"
"SPT42960","2004","true","1132","null","Kenya","KE","Kilifi","Kilifi","sensitive","sensitive","sensitive","sensitive","resistant","resistant"
"SPT42961","2004","true","1132","null","Kenya","KE","Kilifi","Kilifi","sensitive","resistant","sensitive","sensitive","resistant","resistant"
"SPT42962","2005","true","1132","null","Kenya","KE","Kilifi","Kilifi","sensitive","sensitive","sensitive","sensitive","resistant","undetermined"
"SPT42963","2005","true","1132","null","Kenya","KE","Kilifi","Kilifi","sensitive","undetermined","sensitive","sensitive","resistant","undetermined"
"SPT42964","2005","true","1132","null","Kenya","KE","Kilifi","Kilifi","sensitive","sensitive","sensitive","sensitive","resistant","resistant"
"SPT42965","2005","true","1132","null","Kenya","KE","Kilifi","Kilifi","sensitive","resistant","sensitive","sensitive","resistant","resistant"
"SPT42966","2005","true","1132","null","Kenya","KE","Kilifi","Kilifi","sensitive","sensitive","sensitive","sensitive","resistant","resistant"
"SPT42967","2005","true","1132","null","Kenya","KE","Kilifi","Kilifi","sensitive","sensitive","sensitive","sensitive","resistant","resistant"
"SPT42968","2005","true","1132","null","Kenya","KE","Kilifi","Kilifi","sensitive","resistant","sensitive","sensitive","resistant","resistant"
"SPT42969","2005","true","1132","null","Kenya","KE","Kilifi","Kilifi","sensitive","undetermined","sensitive","sensitive","resistant","sensitive"
"SPT42970","2005","true","1132","null","Kenya","KE","Kilifi","Kilifi","sensitive","sensitive","sensitive","sensitive","resistant","resistant"
"SPT42971","2005","true","1132","null","Kenya","KE","Kilifi","Kilifi","sensitive","undetermined","sensitive","sensitive","resistant","undetermined"
"SPT42972","2005","true","1132","null","Kenya","KE","Kilifi","Kilifi","sensitive","resistant","sensitive","sensitive","resistant","resistant"
"SPT42973","2005","true","1132","null","Kenya","KE","Kilifi","Kilifi","sensitive","resistant","sensitive","sensitive","resistant","resistant"
"SPT42974","2005","true","1132","null","Kenya","KE","Kilifi","Kilifi","sensitive","sensitive","sensitive","sensitive","resistant","resistant"
"SPT42975","2005","true","1132","null","Kenya","KE","Kilifi","Kilifi","sensitive","resistant","sensitive","sensitive","resistant","resistant"
"SPT42976","2005","true","1132","null","Kenya","KE","Kilifi","Kilifi","sensitive","sensitive","sensitive","sensitive","resistant","resistant"
"SPT42977","2005","true","1132","null","Kenya","KE","Kilifi","Kilifi","sensitive","undetermined","sensitive","sensitive","resistant","undetermined"
"SPT42978","2005","true","1132","null","Kenya","KE","Kilifi","Kilifi","sensitive","resistant","sensitive","sensitive","resistant","resistant"
"SPT42979","2005","true","1132","null","Kenya","KE","Kilifi","Kilifi","sensitive","sensitive","sensitive","sensitive","resistant","resistant"
"SPT42980","2005","true","1132","null","Kenya","KE","Kilifi","Kilifi","sensitive","undetermined","sensitive","sensitive","resistant","resistant"
"SPT42981","2005","true","1132","null","Kenya","KE","Kilifi","Kilifi","sensitive","resistant","sensitive","sensitive","resistant","resistant"
"SPT42982","2005","true","1132","null","Kenya","KE","Kilifi","Kilifi","sensitive","undetermined","sensitive","sensitive","resistant","resistant"
"SPT42983","2005","true","1132","null","Kenya","KE","Kilifi","Kilifi","sensitive","sensitive","sensitive","sensitive","resistant","resistant"
"SPT42984","2005","true","1132","null","Kenya","KE","Kilifi","Kilifi","sensitive","sensitive","sensitive","sensitive","resistant","resistant"
"SPT42985","2005","true","1132","null","Kenya","KE","Kilifi","Kilifi","sensitive","undetermined","sensitive","sensitive","resistant","resistant"
"SPT42986","2005","true","1132","null","Kenya","KE","Kilifi","Kilifi","sensitive","resistant","sensitive","sensitive","resistant","resistant"
"SPT42987","2005","true","1132","null","Kenya","KE","Kilifi","Kilifi","sensitive","sensitive","sensitive","sensitive","resistant","undetermined"
"SPT42988","2005","true","1132","null","Kenya","KE","Kilifi","Kilifi","sensitive","resistant","sensitive","sensitive","resistant","resistant"
"SPT42989","2005","true","1132","null","Kenya","KE","Kilifi","Kilifi","sensitive","resistant","sensitive","undetermined","resistant","resistant"
"SPT42990","2005","true","1132","null","Kenya","KE","Kilifi","Kilifi","sensitive","sensitive","sensitive","sensitive","resistant","sensitive"
"SPT42991","2005","true","1132","null","Kenya","KE","Kilifi","Kilifi","sensitive","sensitive","sensitive","sensitive","resistant","undetermined"
"SPT42992","2005","true","1132","null","Kenya","KE","Kilifi","Kilifi","sensitive","undetermined","sensitive","sensitive","resistant","resistant"
"SPT42993","2005","true","1132","null","Kenya","KE","Kilifi","Kilifi","sensitive","sensitive","sensitive","sensitive","resistant","resistant"
"SPT42994","2005","true","1132","null","Kenya","KE","Kilifi","Kilifi","sensitive","resistant","sensitive","sensitive","resistant","sensitive"
"SPT42995","2006","true","1132","null","Kenya","KE","Kilifi","Kilifi","sensitive","resistant","sensitive","sensitive","resistant","resistant"
"SPT42996","2006","true","1132","null","Kenya","KE","Kilifi","Kilifi","sensitive","undetermined","sensitive","sensitive","resistant","undetermined"
"SPT42997","2006","true","1132","null","Kenya","KE","Kilifi","Kilifi","sensitive","resistant","sensitive","sensitive","resistant","undetermined"
"SPT42998","2006","true","1132","null","Kenya","KE","Kilifi","Kilifi","sensitive","undetermined","sensitive","sensitive","resistant","resistant"
"SPT42999","2006","true","1132","null","Kenya","KE","Kilifi","Kilifi","sensitive","resistant","sensitive","sensitive","resistant","sensitive"
"SPT43000","2006","true","1132","null","Kenya","KE","Kilifi","Kilifi","sensitive","resistant","sensitive","sensitive","resistant","resistant"
"SPT43001","2006","true","1132","null","Kenya","KE","Kilifi","Kilifi","sensitive","resistant","sensitive","sensitive","resistant","resistant"
"SPT43002","2006","true","1132","null","Kenya","KE","Kilifi","Kilifi","sensitive","resistant","sensitive","sensitive","resistant","resistant"
"SPT43003","2006","true","1132","null","Kenya","KE","Kilifi","Kilifi","sensitive","sensitive","sensitive","sensitive","resistant","resistant"
"SPT43004","2006","true","1132","null","Kenya","KE","Kilifi","Kilifi","sensitive","resistant","sensitive","sensitive","resistant","resistant"
"SPT43005","2006","true","1132","null","Kenya","KE","Kilifi","Kilifi","sensitive","resistant","sensitive","sensitive","resistant","resistant"
"SPT43006","2006","true","1132","null","Kenya","KE","Kilifi","Kilifi","sensitive","resistant","sensitive","sensitive","resistant","resistant"
"SPT43007","2006","true","1132","null","Kenya","KE","Kilifi","Kilifi","sensitive","sensitive","sensitive","sensitive","undetermined","undetermined"
"SPT43008","2006","true","1132","null","Kenya","KE","Kilifi","Kilifi","sensitive","sensitive","sensitive","undetermined","resistant","sensitive"
"SPT43009","2006","true","1132","null","Kenya","KE","Kilifi","Kilifi","sensitive","resistant","sensitive","sensitive","resistant","resistant"
"SPT43010","2006","true","1132","null","Kenya","KE","Kilifi","Kilifi","sensitive","resistant","sensitive","sensitive","resistant","resistant"
"SPT43011","2006","true","1132","null","Kenya","KE","Kilifi","Kilifi","sensitive","resistant","sensitive","sensitive","resistant","resistant"
"SPT43012","2006","true","1132","null","Kenya","KE","Kilifi","Kilifi","sensitive","resistant","sensitive","sensitive","resistant","sensitive"
"SPT43013","2006","true","1132","null","Kenya","KE","Kilifi","Kilifi","sensitive","resistant","sensitive","sensitive","resistant","resistant"
"SPT43014","2006","true","1132","null","Kenya","KE","Kilifi","Kilifi","sensitive","sensitive","sensitive","sensitive","resistant","resistant"
"SPT43015","2006","true","1132","null","Kenya","KE","Kilifi","Kilifi","sensitive","resistant","sensitive","sensitive","resistant","resistant"
"SPT43016","2006","true","1132","null","Kenya","KE","Kilifi","Kilifi","sensitive","sensitive","sensitive","sensitive","resistant","undetermined"
"SPT43019","2006","true","1132","null","Kenya","KE","Kilifi","Kilifi","sensitive","resistant","sensitive","sensitive","resistant","resistant"
"SPT43021","2006","true","1132","null","Kenya","KE","Kilifi","Kilifi","sensitive","resistant","sensitive","sensitive","resistant","resistant"
"SPT43022","2006","true","1132","null","Kenya","KE","Kilifi","Kilifi","sensitive","sensitive","undetermined","sensitive","resistant","sensitive"
"SPT43023","2006","true","1132","null","Kenya","KE","Kilifi","Kilifi","sensitive","resistant","sensitive","sensitive","resistant","undetermined"
"SPT43025","2006","false","1132","null","Kenya","KE","Kilifi","Kilifi","null","null","null","null","null","null"
"SPT43026","2006","true","1132","null","Kenya","KE","Kilifi","Kilifi","sensitive","resistant","undetermined","undetermined","resistant","resistant"
"SPT43028","2006","true","1132","null","Kenya","KE","Kilifi","Kilifi","sensitive","sensitive","sensitive","sensitive","resistant","resistant"
"SPT43029","2006","true","1132","null","Kenya","KE","Kilifi","Kilifi","sensitive","resistant","sensitive","sensitive","resistant","resistant"
"SPT43030","2006","true","1132","null","Kenya","KE","Kilifi","Kilifi","sensitive","undetermined","sensitive","sensitive","resistant","resistant"
"SPT43031","2006","true","1132","null","Kenya","KE","Kilifi","Kilifi","sensitive","resistant","sensitive","sensitive","resistant","resistant"
"SPT43032","2006","true","1132","null","Kenya","KE","Kilifi","Kilifi","sensitive","undetermined","sensitive","sensitive","resistant","resistant"
"SPT43034","2006","false","1132","null","Kenya","KE","Kilifi","Kilifi","null","null","null","null","null","null"
"SPT43035","2006","true","1132","null","Kenya","KE","Kilifi","Kilifi","sensitive","resistant","sensitive","sensitive","resistant","resistant"
"SPT43036","2006","true","1132","null","Kenya","KE","Kilifi","Kilifi","sensitive","sensitive","sensitive","sensitive","resistant","resistant"
"SPT43037","2006","true","1132","null","Kenya","KE","Kilifi","Kilifi","sensitive","resistant","sensitive","sensitive","resistant","sensitive"
"SPT43038","2006","true","1132","null","Kenya","KE","Kilifi","Kilifi","sensitive","sensitive","sensitive","sensitive","resistant","resistant"
"SPT43041","2007","true","1132","null","Kenya","KE","Kilifi","Kilifi","sensitive","resistant","sensitive","sensitive","resistant","resistant"
"SPT43043","2007","true","1132","null","Kenya","KE","Kilifi","Kilifi","sensitive","sensitive","sensitive","sensitive","resistant","resistant"
"SPT43044","2007","true","1132","null","Kenya","KE","Kilifi","Kilifi","sensitive","sensitive","sensitive","sensitive","resistant","undetermined"
"SPT43045","2007","true","1132","null","Kenya","KE","Kilifi","Kilifi","sensitive","sensitive","sensitive","sensitive","resistant","resistant"
"SPT43046","2007","true","1132","null","Kenya","KE","Kilifi","Kilifi","sensitive","sensitive","sensitive","sensitive","resistant","resistant"
"SPT43047","2007","true","1132","null","Kenya","KE","Kilifi","Kilifi","sensitive","resistant","sensitive","sensitive","resistant","resistant"
"SPT43048","2007","true","1132","null","Kenya","KE","Kilifi","Kilifi","sensitive","resistant","sensitive","sensitive","resistant","resistant"
"SPT43049","2007","true","1132","null","Kenya","KE","Kilifi","Kilifi","sensitive","sensitive","sensitive","sensitive","resistant","resistant"
"SPT43050","2007","true","1132","null","Kenya","KE","Kilifi","Kilifi","sensitive","sensitive","sensitive","sensitive","resistant","undetermined"
"SPT43051","2007","true","1132","null","Kenya","KE","Kilifi","Kilifi","sensitive","resistant","sensitive","undetermined","resistant","resistant"
"SPT43052","2007","true","1132","null","Kenya","KE","Kilifi","Kilifi","sensitive","resistant","sensitive","sensitive","resistant","resistant"
"SPT43053","2007","true","1132","null","Kenya","KE","Kilifi","Kilifi","sensitive","resistant","sensitive","sensitive","resistant","resistant"
"SPT43054","2007","true","1132","null","Kenya","KE","Kilifi","Kilifi","sensitive","sensitive","sensitive","sensitive","resistant","resistant"
"SPT43056","2007","true","1132","null","Kenya","KE","Kilifi","Kilifi","sensitive","resistant","sensitive","sensitive","resistant","resistant"
"SPT43057","2008","true","1132","null","Kenya","KE","Kilifi","Kilifi","undetermined","undetermined","sensitive","sensitive","resistant","undetermined"
"SPT43058","2008","true","1132","null","Kenya","KE","Kilifi","Kilifi","sensitive","sensitive","sensitive","sensitive","resistant","resistant"
"SPT43059","2008","true","1132","null","Kenya","KE","Kilifi","Kilifi","sensitive","resistant","sensitive","sensitive","resistant","resistant"
"SPT43060","2008","true","1132","null","Kenya","KE","Kilifi","Kilifi","sensitive","resistant","sensitive","sensitive","resistant","resistant"
"SPT43061","2008","true","1132","null","Kenya","KE","Kilifi","Kilifi","sensitive","sensitive","sensitive","sensitive","resistant","sensitive"
"SPT43062","2008","true","1132","null","Kenya","KE","Kilifi","Kilifi","sensitive","undetermined","sensitive","sensitive","resistant","undetermined"
"SPT43063","2008","true","1132","null","Kenya","KE","Kilifi","Kilifi","sensitive","sensitive","sensitive","sensitive","resistant","resistant"
"SPT43064","2008","false","1132","null","Kenya","KE","Kilifi","Kilifi","null","null","null","null","null","null"
"SPT43065","2008","true","1132","null","Kenya","KE","Kilifi","Kilifi","sensitive","sensitive","sensitive","sensitive","resistant","resistant"
"SPT43066","2008","true","1132","null","Kenya","KE","Kilifi","Kilifi","sensitive","resistant","sensitive","sensitive","resistant","resistant"
"SPT43067","2008","true","1132","null","Kenya","KE","Kilifi","Kilifi","sensitive","sensitive","sensitive","sensitive","resistant","sensitive"
"SPT43068","2008","true","1132","null","Kenya","KE","Kilifi","Kilifi","sensitive","sensitive","sensitive","undetermined","resistant","resistant"
"SPT43069","2008","true","1132","null","Kenya","KE","Kilifi","Kilifi","sensitive","sensitive","sensitive","sensitive","resistant","resistant"
"SPT43070","2008","true","1132","null","Kenya","KE","Kilifi","Kilifi","sensitive","sensitive","sensitive","sensitive","resistant","resistant"
"SPT43071","2008","true","1132","null","Kenya","KE","Kilifi","Kilifi","sensitive","sensitive","sensitive","sensitive","resistant","resistant"
"SPT43072","2008","true","1132","null","Kenya","KE","Kilifi","Kilifi","sensitive","undetermined","sensitive","sensitive","resistant","resistant"
"SPT43073","2008","false","1132","null","Kenya","KE","Kilifi","Kilifi","null","null","null","null","null","null"
"SPT43075","2008","true","1132","null","Kenya","KE","Kilifi","Kilifi","sensitive","undetermined","sensitive","sensitive","resistant","resistant"
"SPT43076","2008","true","1132","null","Kenya","KE","Kilifi","Kilifi","sensitive","sensitive","sensitive","sensitive","resistant","resistant"
"SPT43077","2008","true","1132","null","Kenya","KE","Kilifi","Kilifi","sensitive","sensitive","sensitive","sensitive","resistant","sensitive"
"SPT43078","2008","true","1132","null","Kenya","KE","Kilifi","Kilifi","sensitive","resistant","sensitive","sensitive","resistant","undetermined"
"SPT43079","2008","true","1132","null","Kenya","KE","Kilifi","Kilifi","sensitive","undetermined","sensitive","sensitive","resistant","undetermined"
"SPT43080","2008","true","1132","null","Kenya","KE","Kilifi","Kilifi","sensitive","resistant","sensitive","sensitive","resistant","resistant"
"SPT43081","2008","true","1132","null","Kenya","KE","Kilifi","Kilifi","sensitive","resistant","sensitive","sensitive","resistant","undetermined"
"SPT43083","2008","true","1132","null","Kenya","KE","Kilifi","Kilifi","sensitive","sensitive","sensitive","sensitive","resistant","resistant"
"SPT43084","2008","true","1132","null","Kenya","KE","Kilifi","Kilifi","sensitive","resistant","sensitive","sensitive","resistant","resistant"
"SPT43085","2008","true","1132","null","Kenya","KE","Kilifi","Kilifi","sensitive","resistant","sensitive","sensitive","resistant","undetermined"
"SPT43086","2008","true","1132","null","Kenya","KE","Kilifi","Kilifi","sensitive","resistant","sensitive","sensitive","resistant","resistant"
"SPT43087","2008","true","1132","null","Kenya","KE","Kilifi","Kilifi","sensitive","sensitive","sensitive","sensitive","resistant","resistant"
"SPT43088","2008","true","1132","null","Kenya","KE","Kilifi","Kilifi","sensitive","resistant","sensitive","sensitive","resistant","resistant"
"SPT43089","2008","true","1132","null","Kenya","KE","Kilifi","Kilifi","sensitive","resistant","sensitive","sensitive","resistant","resistant"
"SPT43093","2008","true","1132","null","Kenya","KE","Kilifi","Kilifi","sensitive","sensitive","sensitive","sensitive","resistant","sensitive"
"SPT43094","2008","true","1132","null","Kenya","KE","Kilifi","Kilifi","sensitive","sensitive","sensitive","sensitive","resistant","resistant"
"SPT43096","2009","true","1132","null","Kenya","KE","Kilifi","Kilifi","sensitive","sensitive","sensitive","sensitive","resistant","resistant"
"SPT43097","2009","true","1132","null","Kenya","KE","Kilifi","Kilifi","sensitive","sensitive","sensitive","sensitive","resistant","resistant"
"SPT43098","2009","true","1132","null","Kenya","KE","Kilifi","Kilifi","sensitive","resistant","sensitive","sensitive","resistant","resistant"
"SPT43099","2009","true","1132","null","Kenya","KE","Kilifi","Kilifi","sensitive","sensitive","sensitive","sensitive","resistant","resistant"
"SPT43100","2009","true","1132","null","Kenya","KE","Kilifi","Kilifi","sensitive","sensitive","sensitive","sensitive","resistant","resistant"
"SPT43101","2009","true","1132","null","Kenya","KE","Kilifi","Kilifi","sensitive","sensitive","sensitive","sensitive","resistant","sensitive"
"SPT43102","2009","true","1132","null","Kenya","KE","Kilifi","Kilifi","sensitive","resistant","sensitive","sensitive","resistant","resistant"
"SPT43103","2009","true","1132","null","Kenya","KE","Kilifi","Kilifi","sensitive","sensitive","sensitive","sensitive","resistant","resistant"
"SPT43104","2009","true","1132","null","Kenya","KE","Kilifi","Kilifi","sensitive","resistant","sensitive","sensitive","resistant","resistant"
"SPT43105","2009","true","1132","null","Kenya","KE","Kilifi","Kilifi","sensitive","sensitive","sensitive","sensitive","resistant","resistant"
"SPT43106","2009","true","1132","null","Kenya","KE","Kilifi","Kilifi","sensitive","sensitive","sensitive","sensitive","resistant","undetermined"
"SPT43107","2009","true","1132","null","Kenya","KE","Kilifi","Kilifi","sensitive","sensitive","sensitive","sensitive","resistant","resistant"
"SPT43108","2009","true","1132","null","Kenya","KE","Kilifi","Kilifi","sensitive","undetermined","sensitive","sensitive","resistant","resistant"
"SPT43109","2009","true","1132","null","Kenya","KE","Kilifi","Kilifi","sensitive","sensitive","sensitive","sensitive","resistant","resistant"
"SPT43110","2009","true","1132","null","Kenya","KE","Kilifi","Kilifi","sensitive","resistant","sensitive","sensitive","resistant","sensitive"
"SPT43111","2009","true","1132","null","Kenya","KE","Kilifi","Kilifi","sensitive","resistant","sensitive","sensitive","resistant","resistant"
"SPT43112","2009","true","1132","null","Kenya","KE","Kilifi","Kilifi","sensitive","resistant","sensitive","sensitive","resistant","resistant"
"SPT43113","2009","true","1132","null","Kenya","KE","Kilifi","Kilifi","sensitive","sensitive","sensitive","sensitive","resistant","resistant"
"SPT43114","2009","false","1132","null","Kenya","KE","Kilifi","Kilifi","null","null","null","null","null","null"
"SPT43115","2009","true","1132","null","Kenya","KE","Kilifi","Kilifi","sensitive","sensitive","sensitive","sensitive","resistant","resistant"
"SPT43116","2009","true","1132","null","Kenya","KE","Kilifi","Kilifi","sensitive","resistant","sensitive","sensitive","resistant","resistant"
"SPT43117","2009","true","1132","null","Kenya","KE","Kilifi","Kilifi","sensitive","sensitive","sensitive","sensitive","resistant","resistant"
"SPT43118","2009","true","1132","null","Kenya","KE","Kilifi","Kilifi","sensitive","sensitive","sensitive","sensitive","resistant","resistant"
"SPT43119","2009","true","1132","null","Kenya","KE","Kilifi","Kilifi","sensitive","sensitive","undetermined","sensitive","resistant","undetermined"
"SPT43120","2009","true","1132","null","Kenya","KE","Kilifi","Kilifi","sensitive","sensitive","sensitive","sensitive","resistant","resistant"
"SPT43121","2009","true","1132","null","Kenya","KE","Kilifi","Kilifi","sensitive","sensitive","sensitive","sensitive","resistant","resistant"
"SPT43122","2009","true","1132","null","Kenya","KE","Kilifi","Kilifi","sensitive","sensitive","sensitive","sensitive","resistant","resistant"
"SPT43123","2009","true","1132","null","Kenya","KE","Kilifi","Kilifi","sensitive","resistant","sensitive","sensitive","resistant","resistant"
"SPT43124","2009","true","1132","null","Kenya","KE","Kilifi","Kilifi","sensitive","resistant","sensitive","sensitive","resistant","resistant"
"SPT43125","2009","true","1132","null","Kenya","KE","Kilifi","Kilifi","sensitive","resistant","sensitive","sensitive","resistant","resistant"
"SPT43126","2009","true","1132","null","Kenya","KE","Kilifi","Kilifi","sensitive","resistant","sensitive","sensitive","resistant","sensitive"
"SPT43127","2009","true","1132","null","Kenya","KE","Kilifi","Kilifi","sensitive","sensitive","sensitive","sensitive","sensitive","sensitive"
"SPT43128","2009","true","1132","null","Kenya","KE","Kilifi","Kilifi","sensitive","sensitive","sensitive","sensitive","resistant","undetermined"
"SPT43129","2009","true","1132","null","Kenya","KE","Kilifi","Kilifi","sensitive","resistant","sensitive","sensitive","resistant","resistant"
"SPT43130","2009","true","1132","null","Kenya","KE","Kilifi","Kilifi","sensitive","sensitive","sensitive","sensitive","resistant","sensitive"
"SPT43131","2009","true","1132","null","Kenya","KE","Kilifi","Kilifi","sensitive","undetermined","sensitive","sensitive","resistant","undetermined"
"SPT43133","2009","true","1132","null","Kenya","KE","Kilifi","Kilifi","sensitive","undetermined","sensitive","sensitive","resistant","resistant"
"SPT43134","2009","true","1132","null","Kenya","KE","Kilifi","Kilifi","sensitive","sensitive","sensitive","sensitive","resistant","resistant"
"SPT43135","2009","true","1132","null","Kenya","KE","Kilifi","Kilifi","sensitive","sensitive","sensitive","sensitive","resistant","resistant"
"SPT43136","2009","true","1132","null","Kenya","KE","Kilifi","Kilifi","sensitive","resistant","sensitive","sensitive","resistant","resistant"
"SPT43137","2009","true","1132","null","Kenya","KE","Kilifi","Kilifi","sensitive","sensitive","sensitive","sensitive","resistant","resistant"
"SPT43138","2009","true","1132","null","Kenya","KE","Kilifi","Kilifi","sensitive","sensitive","sensitive","sensitive","resistant","resistant"
"SPT43139","2009","true","1132","null","Kenya","KE","Kilifi","Kilifi","sensitive","sensitive","sensitive","sensitive","resistant","resistant"
"SPT43140","2009","true","1132","null","Kenya","KE","Kilifi","Kilifi","sensitive","resistant","sensitive","sensitive","resistant","resistant"
"SPT43141","2009","true","1132","null","Kenya","KE","Kilifi","Kilifi","sensitive","sensitive","sensitive","sensitive","resistant","resistant"
"SPT43142","2009","true","1132","null","Kenya","KE","Kilifi","Kilifi","sensitive","resistant","sensitive","sensitive","resistant","resistant"
"SPT43143","2009","true","1132","null","Kenya","KE","Kilifi","Kilifi","sensitive","sensitive","sensitive","sensitive","resistant","resistant"
"SPT43144","2009","true","1132","null","Kenya","KE","Kilifi","Kilifi","sensitive","undetermined","sensitive","sensitive","undetermined","undetermined"
"SPT43145","2010","true","1132","null","Kenya","KE","Kilifi","Kilifi","sensitive","sensitive","sensitive","sensitive","resistant","resistant"
"SPT43146","2010","true","1132","null","Kenya","KE","Kilifi","Kilifi","sensitive","sensitive","undetermined","undetermined","sensitive","sensitive"
"SPT43147","2010","true","1132","null","Kenya","KE","Kilifi","Kilifi","sensitive","resistant","sensitive","sensitive","resistant","resistant"
"SPT43148","2010","true","1132","null","Kenya","KE","Kilifi","Kilifi","sensitive","undetermined","sensitive","sensitive","resistant","resistant"
"SPT43149","2010","true","1132","null","Kenya","KE","Kilifi","Kilifi","sensitive","resistant","sensitive","sensitive","resistant","resistant"
"SPT43150","2010","true","1132","null","Kenya","KE","Kilifi","Kilifi","sensitive","sensitive","sensitive","sensitive","resistant","resistant"
"SPT43151","2010","true","1132","null","Kenya","KE","Kilifi","Kilifi","sensitive","resistant","sensitive","sensitive","resistant","resistant"
"SPT43152","2010","true","1132","null","Kenya","KE","Kilifi","Kilifi","sensitive","resistant","sensitive","sensitive","resistant","sensitive"
"SPT43153","2010","true","1132","null","Kenya","KE","Kilifi","Kilifi","sensitive","sensitive","sensitive","sensitive","resistant","resistant"
"SPT43154","2010","true","1132","null","Kenya","KE","Kilifi","Kilifi","sensitive","sensitive","sensitive","sensitive","resistant","resistant"
"SPT43155","2010","true","1132","null","Kenya","KE","Kilifi","Kilifi","sensitive","sensitive","sensitive","sensitive","resistant","resistant"
"SPT43156","2010","true","1132","null","Kenya","KE","Kilifi","Kilifi","sensitive","sensitive","sensitive","sensitive","resistant","resistant"
"SPT43157","2010","true","1132","null","Kenya","KE","Kilifi","Kilifi","sensitive","sensitive","sensitive","sensitive","resistant","resistant"
"SPT43158","2010","true","1132","null","Kenya","KE","Kilifi","Kilifi","sensitive","sensitive","sensitive","sensitive","resistant","resistant"
"SPT43159","2010","true","1132","null","Kenya","KE","Kilifi","Kilifi","sensitive","sensitive","sensitive","sensitive","resistant","resistant"
"SPT43160","2010","true","1132","null","Kenya","KE","Kilifi","Kilifi","sensitive","sensitive","sensitive","sensitive","resistant","resistant"
"SPT43161","2010","true","1132","null","Kenya","KE","Kilifi","Kilifi","sensitive","sensitive","sensitive","sensitive","resistant","resistant"
"SPT43162","2010","true","1132","null","Kenya","KE","Kilifi","Kilifi","sensitive","sensitive","undetermined","undetermined","resistant","sensitive"
"SPT43163","2010","true","1132","null","Kenya","KE","Kilifi","Kilifi","sensitive","resistant","sensitive","sensitive","resistant","resistant"
"SPT43164","2010","true","1132","null","Kenya","KE","Kilifi","Kilifi","sensitive","sensitive","sensitive","sensitive","resistant","sensitive"
"SPT43165","2010","true","1132","null","Kenya","KE","Kilifi","Kilifi","sensitive","resistant","sensitive","sensitive","resistant","sensitive"
"SPT43166","2010","true","1132","null","Kenya","KE","Kilifi","Kilifi","sensitive","undetermined","sensitive","sensitive","resistant","resistant"
"SPT43167","2010","true","1132","null","Kenya","KE","Kilifi","Kilifi","sensitive","sensitive","sensitive","sensitive","sensitive","sensitive"
"SPT43168","2010","true","1132","null","Kenya","KE","Kilifi","Kilifi","sensitive","resistant","sensitive","sensitive","resistant","resistant"
"SPT43169","2010","true","1132","null","Kenya","KE","Kilifi","Kilifi","sensitive","resistant","sensitive","sensitive","resistant","resistant"
"SPT43170","2010","true","1132","null","Kenya","KE","Kilifi","Kilifi","sensitive","sensitive","sensitive","sensitive","resistant","resistant"
"SPT43171","2010","true","1132","null","Kenya","KE","Kilifi","Kilifi","sensitive","sensitive","sensitive","sensitive","resistant","resistant"
"SPT43172","2010","true","1132","null","Kenya","KE","Kilifi","Kilifi","sensitive","resistant","sensitive","sensitive","resistant","resistant"
"SPT43175","2010","true","1132","null","Kenya","KE","Kilifi","Kilifi","sensitive","sensitive","sensitive","sensitive","sensitive","resistant"
"SPT43176","2010","true","1132","null","Kenya","KE","Kilifi","Kilifi","sensitive","resistant","sensitive","sensitive","resistant","resistant"
"SPT43177","2010","true","1132","null","Kenya","KE","Kilifi","Kilifi","sensitive","resistant","sensitive","sensitive","resistant","sensitive"
"SPT43178","2010","true","1132","null","Kenya","KE","Kilifi","Kilifi","sensitive","undetermined","sensitive","sensitive","resistant","undetermined"
"SPT43179","2010","true","1132","null","Kenya","KE","Kilifi","Kilifi","sensitive","sensitive","sensitive","sensitive","resistant","resistant"
"SPT43180","2010","true","1132","null","Kenya","KE","Kilifi","Kilifi","sensitive","sensitive","sensitive","sensitive","resistant","resistant"
"SPT43181","2010","false","1132","null","Kenya","KE","Kilifi","Kilifi","null","null","null","null","null","null"
"SPT43182","2010","false","1132","null","Kenya","KE","Kilifi","Kilifi","null","null","null","null","null","null"
"SPT43183","2010","true","1132","null","Kenya","KE","Kilifi","Kilifi","sensitive","undetermined","sensitive","sensitive","resistant","resistant"
"SPT43184","2010","true","1132","null","Kenya","KE","Kilifi","Kilifi","sensitive","resistant","sensitive","sensitive","resistant","resistant"
"SPT43185","2010","true","1132","null","Kenya","KE","Kilifi","Kilifi","sensitive","resistant","sensitive","sensitive","resistant","resistant"
"SPT43186","2010","true","1132","null","Kenya","KE","Kilifi","Kilifi","sensitive","sensitive","sensitive","sensitive","resistant","resistant"
"SPT43187","2010","true","1132","null","Kenya","KE","Kilifi","Kilifi","sensitive","sensitive","sensitive","sensitive","resistant","undetermined"
"SPT43188","2010","true","1132","null","Kenya","KE","Kilifi","Kilifi","sensitive","sensitive","sensitive","sensitive","resistant","resistant"
"SPT43191","2010","true","1132","null","Kenya","KE","Kilifi","Kilifi","sensitive","resistant","sensitive","sensitive","resistant","resistant"
"SPT43192","2010","true","1132","null","Kenya","KE","Kilifi","Kilifi","sensitive","sensitive","sensitive","sensitive","resistant","resistant"
"SPT43193","2010","true","1132","null","Kenya","KE","Kilifi","Kilifi","sensitive","sensitive","sensitive","sensitive","resistant","resistant"
"SPT43194","2010","true","1132","null","Kenya","KE","Kilifi","Kilifi","sensitive","sensitive","sensitive","sensitive","resistant","resistant"
"SPT43195","2010","true","1132","null","Kenya","KE","Kilifi","Kilifi","sensitive","resistant","sensitive","sensitive","resistant","resistant"
"SPT43196","2010","true","1132","null","Kenya","KE","Kilifi","Kilifi","sensitive","resistant","sensitive","sensitive","resistant","sensitive"
"SPT43197","2010","true","1132","null","Kenya","KE","Kilifi","Kilifi","sensitive","sensitive","sensitive","sensitive","resistant","sensitive"
"SPT43198","2010","true","1132","null","Kenya","KE","Kilifi","Kilifi","sensitive","sensitive","sensitive","sensitive","sensitive","sensitive"
"SPT43199","2010","true","1132","null","Kenya","KE","Kilifi","Kilifi","sensitive","sensitive","sensitive","sensitive","resistant","resistant"
"SPT43200","2010","true","1132","null","Kenya","KE","Kilifi","Kilifi","sensitive","sensitive","undetermined","undetermined","resistant","undetermined"
"SPT43201","2010","true","1132","null","Kenya","KE","Kilifi","Kilifi","sensitive","sensitive","sensitive","sensitive","resistant","sensitive"
"SPT43202","2010","true","1132","null","Kenya","KE","Kilifi","Kilifi","sensitive","undetermined","sensitive","sensitive","resistant","resistant"
"SPT43203","2010","true","1132","null","Kenya","KE","Kilifi","Kilifi","sensitive","sensitive","sensitive","sensitive","resistant","resistant"
"SPT43204","2010","true","1132","null","Kenya","KE","Kilifi","Kilifi","sensitive","undetermined","sensitive","sensitive","resistant","resistant"
"SPT43205","2010","true","1132","null","Kenya","KE","Kilifi","Kilifi","sensitive","sensitive","sensitive","sensitive","resistant","resistant"
"SPT43206","2010","true","1132","null","Kenya","KE","Kilifi","Kilifi","sensitive","resistant","sensitive","sensitive","resistant","sensitive"
"SPT43207","2010","false","1132","null","Kenya","KE","Kilifi","Kilifi","null","null","null","null","null","null"
"SPT43208","2010","true","1132","null","Kenya","KE","Kilifi","Kilifi","sensitive","sensitive","sensitive","sensitive","resistant","resistant"
"SPT43209","2010","true","1132","null","Kenya","KE","Kilifi","Kilifi","sensitive","resistant","sensitive","sensitive","resistant","resistant"
"SPT43210","2010","true","1132","null","Kenya","KE","Kilifi","Kilifi","sensitive","resistant","sensitive","sensitive","sensitive","resistant"
"SPT43211","2010","true","1132","null","Kenya","KE","Kilifi","Kilifi","sensitive","undetermined","sensitive","sensitive","resistant","resistant"
"SPT43212","2010","true","1132","null","Kenya","KE","Kilifi","Kilifi","sensitive","sensitive","sensitive","sensitive","resistant","resistant"
"SPT43213","2010","true","1132","null","Kenya","KE","Kilifi","Kilifi","sensitive","sensitive","sensitive","sensitive","resistant","undetermined"
"SPT43214","2010","true","1132","null","Kenya","KE","Kilifi","Kilifi","sensitive","sensitive","sensitive","sensitive","resistant","undetermined"
"SPT43215","2010","true","1132","null","Kenya","KE","Kilifi","Kilifi","sensitive","undetermined","sensitive","sensitive","resistant","sensitive"
"SPT43216","2010","true","1132","null","Kenya","KE","Kilifi","Kilifi","sensitive","sensitive","sensitive","sensitive","resistant","resistant"
"SPT43217","2010","true","1132","null","Kenya","KE","Kilifi","Kilifi","sensitive","resistant","sensitive","sensitive","resistant","resistant"
"SPT43218","2010","true","1132","null","Kenya","KE","Kilifi","Kilifi","sensitive","resistant","sensitive","sensitive","resistant","resistant"
"SPT43219","2010","true","1132","null","Kenya","KE","Kilifi","Kilifi","sensitive","resistant","sensitive","sensitive","resistant","resistant"
"SPT43220","2010","true","1132","null","Kenya","KE","Kilifi","Kilifi","sensitive","resistant","sensitive","sensitive","resistant","resistant"
"SPT43222","2010","true","1132","null","Kenya","KE","Kilifi","Kilifi","sensitive","sensitive","sensitive","sensitive","resistant","resistant"
"SPT43223","2010","true","1132","null","Kenya","KE","Kilifi","Kilifi","sensitive","resistant","sensitive","sensitive","resistant","resistant"
"SPT43224","2010","true","1132","null","Kenya","KE","Kilifi","Kilifi","sensitive","sensitive","sensitive","sensitive","resistant","sensitive"
"SPT43225","2010","true","1132","null","Kenya","KE","Kilifi","Kilifi","sensitive","sensitive","sensitive","sensitive","resistant","resistant"
"SPT43226","2010","true","1132","null","Kenya","KE","Kilifi","Kilifi","sensitive","undetermined","sensitive","sensitive","resistant","resistant"
"SPT43227","2010","true","1132","null","Kenya","KE","Kilifi","Kilifi","sensitive","sensitive","sensitive","sensitive","resistant","sensitive"
"SPT43228","2010","true","1132","null","Kenya","KE","Kilifi","Kilifi","sensitive","sensitive","sensitive","sensitive","resistant","resistant"
"SPT43229","2010","true","1132","null","Kenya","KE","Kilifi","Kilifi","sensitive","sensitive","undetermined","undetermined","sensitive","resistant"
"SPT43230","2010","true","1132","null","Kenya","KE","Kilifi","Kilifi","sensitive","sensitive","sensitive","sensitive","resistant","resistant"
"SPT43231","2010","true","1132","null","Kenya","KE","Kilifi","Kilifi","sensitive","sensitive","undetermined","undetermined","resistant","resistant"
"SPT43232","2011","true","1132","null","Kenya","KE","Kilifi","Kilifi","sensitive","resistant","sensitive","sensitive","resistant","resistant"
"SPT43233","2011","true","1132","null","Kenya","KE","Kilifi","Kilifi","sensitive","sensitive","sensitive","sensitive","resistant","resistant"
"SPT43234","2011","true","1132","null","Kenya","KE","Kilifi","Kilifi","sensitive","sensitive","sensitive","sensitive","resistant","undetermined"
"SPT43235","2011","true","1132","null","Kenya","KE","Kilifi","Kilifi","sensitive","sensitive","sensitive","sensitive","resistant","resistant"
"SPT43236","2011","true","1132","null","Kenya","KE","Kilifi","Kilifi","sensitive","sensitive","sensitive","sensitive","resistant","resistant"
"SPT43237","2011","true","1132","null","Kenya","KE","Kilifi","Kilifi","sensitive","undetermined","sensitive","sensitive","resistant","resistant"
"SPT43238","2011","true","1132","null","Kenya","KE","Kilifi","Kilifi","sensitive","undetermined","sensitive","sensitive","resistant","undetermined"
"SPT43239","2011","true","1132","null","Kenya","KE","Kilifi","Kilifi","sensitive","sensitive","sensitive","sensitive","resistant","resistant"
"SPT43240","2011","true","1132","null","Kenya","KE","Kilifi","Kilifi","sensitive","sensitive","sensitive","sensitive","resistant","resistant"
"SPT43241","2011","true","1132","null","Kenya","KE","Kilifi","Kilifi","sensitive","sensitive","sensitive","sensitive","resistant","sensitive"
"SPT43242","2011","true","1132","null","Kenya","KE","Kilifi","Kilifi","sensitive","sensitive","sensitive","sensitive","resistant","resistant"
"SPT43243","2011","true","1132","null","Kenya","KE","Kilifi","Kilifi","sensitive","resistant","sensitive","sensitive","resistant","resistant"
"SPT43244","2011","true","1132","null","Kenya","KE","Kilifi","Kilifi","sensitive","resistant","sensitive","sensitive","resistant","resistant"
"SPT43246","2011","true","1132","null","Kenya","KE","Kilifi","Kilifi","sensitive","undetermined","sensitive","sensitive","resistant","resistant"
"SPT43247","2011","true","1132","null","Kenya","KE","Kilifi","Kilifi","sensitive","sensitive","sensitive","sensitive","resistant","resistant"
"SPT43248","2011","true","1132","null","Kenya","KE","Kilifi","Kilifi","sensitive","sensitive","sensitive","sensitive","resistant","resistant"
"SPT43249","2011","true","1132","null","Kenya","KE","Kilifi","Kilifi","sensitive","sensitive","sensitive","sensitive","resistant","resistant"
"SPT43250","2011","true","1132","null","Kenya","KE","Kilifi","Kilifi","sensitive","sensitive","sensitive","sensitive","resistant","resistant"
"SPT43251","2011","true","1132","null","Kenya","KE","Kilifi","Kilifi","sensitive","sensitive","sensitive","sensitive","resistant","resistant"
"SPT43252","2011","true","1132","null","Kenya","KE","Kilifi","Kilifi","sensitive","sensitive","sensitive","sensitive","resistant","resistant"
"SPT43253","2011","true","1132","null","Kenya","KE","Kilifi","Kilifi","sensitive","sensitive","sensitive","sensitive","resistant","resistant"
"SPT43254","2011","true","1132","null","Kenya","KE","Kilifi","Kilifi","sensitive","sensitive","sensitive","sensitive","resistant","resistant"
"SPT43255","2011","true","1132","null","Kenya","KE","Kilifi","Kilifi","sensitive","sensitive","undetermined","sensitive","resistant","resistant"
"SPT43256","2011","true","1132","null","Kenya","KE","Kilifi","Kilifi","sensitive","sensitive","sensitive","sensitive","resistant","resistant"
"SPT43257","2011","true","1132","null","Kenya","KE","Kilifi","Kilifi","sensitive","sensitive","sensitive","sensitive","resistant","resistant"
"SPT43258","2011","true","1132","null","Kenya","KE","Kilifi","Kilifi","sensitive","sensitive","undetermined","undetermined","resistant","resistant"
"SPT43259","2011","true","1132","null","Kenya","KE","Kilifi","Kilifi","sensitive","sensitive","sensitive","sensitive","resistant","resistant"
"SPT43260","2011","true","1132","null","Kenya","KE","Kilifi","Kilifi","sensitive","sensitive","sensitive","sensitive","resistant","sensitive"
"SPT43261","2011","true","1132","null","Kenya","KE","Kilifi","Kilifi","sensitive","sensitive","sensitive","sensitive","resistant","resistant"
"SPT43262","2011","true","1132","null","Kenya","KE","Kilifi","Kilifi","sensitive","sensitive","sensitive","undetermined","resistant","resistant"
"SPT43263","2011","true","1132","null","Kenya","KE","Kilifi","Kilifi","sensitive","resistant","sensitive","sensitive","resistant","resistant"
"SPT43264","2011","true","1132","null","Kenya","KE","Kilifi","Kilifi","sensitive","sensitive","sensitive","sensitive","resistant","resistant"
"SPT43265","2011","true","1132","null","Kenya","KE","Kilifi","Kilifi","sensitive","resistant","sensitive","sensitive","resistant","resistant"
"SPT43266","2011","true","1132","null","Kenya","KE","Kilifi","Kilifi","sensitive","undetermined","sensitive","sensitive","resistant","resistant"
"SPT43267","2011","true","1132","null","Kenya","KE","Kilifi","Kilifi","sensitive","sensitive","sensitive","sensitive","resistant","resistant"
"SPT43268","2011","true","1132","null","Kenya","KE","Kilifi","Kilifi","sensitive","sensitive","sensitive","sensitive","resistant","resistant"
"SPT43269","2011","true","1132","null","Kenya","KE","Kilifi","Kilifi","sensitive","resistant","sensitive","sensitive","resistant","resistant"
"SPT43270","2011","true","1132","null","Kenya","KE","Kilifi","Kilifi","sensitive","sensitive","sensitive","sensitive","resistant","sensitive"
"SPT43271","2011","true","1132","null","Kenya","KE","Kilifi","Kilifi","sensitive","resistant","sensitive","sensitive","resistant","resistant"
"SPT43272","2011","true","1132","null","Kenya","KE","Kilifi","Kilifi","sensitive","undetermined","sensitive","sensitive","resistant","resistant"
"SPT43273","2011","true","1132","null","Kenya","KE","Kilifi","Kilifi","sensitive","sensitive","sensitive","sensitive","resistant","resistant"
"SPT43274","2011","true","1132","null","Kenya","KE","Kilifi","Kilifi","sensitive","sensitive","sensitive","sensitive","resistant","resistant"
"SPT43275","2011","true","1132","null","Kenya","KE","Kilifi","Kilifi","sensitive","sensitive","undetermined","undetermined","resistant","resistant"
"SPT43276","2011","true","1132","null","Kenya","KE","Kilifi","Kilifi","sensitive","sensitive","sensitive","sensitive","resistant","resistant"
"SPT43277","2011","true","1132","null","Kenya","KE","Kilifi","Kilifi","sensitive","sensitive","sensitive","sensitive","resistant","resistant"
"SPT43278","2011","false","1132","null","Kenya","KE","Kilifi","Kilifi","null","null","null","null","null","null"
"SPT43279","2011","true","1132","null","Kenya","KE","Kilifi","Kilifi","sensitive","sensitive","sensitive","sensitive","resistant","resistant"
"SPT43280","2011","true","1132","null","Kenya","KE","Kilifi","Kilifi","sensitive","sensitive","sensitive","sensitive","resistant","resistant"
"SPT43281","2011","true","1132","null","Kenya","KE","Kilifi","Kilifi","sensitive","sensitive","sensitive","sensitive","resistant","resistant"
"SPT43282","2011","true","1132","null","Kenya","KE","Kilifi","Kilifi","sensitive","sensitive","sensitive","sensitive","resistant","resistant"
"SPT43283","2011","true","1132","null","Kenya","KE","Kilifi","Kilifi","sensitive","sensitive","sensitive","sensitive","resistant","resistant"
"SPT43284","2011","true","1132","null","Kenya","KE","Kilifi","Kilifi","sensitive","resistant","sensitive","sensitive","resistant","resistant"
"SPT43285","2011","true","1132","null","Kenya","KE","Kilifi","Kilifi","sensitive","sensitive","sensitive","sensitive","resistant","resistant"
"SPT43286","2011","true","1132","null","Kenya","KE","Kilifi","Kilifi","sensitive","sensitive","undetermined","sensitive","resistant","resistant"
"SPT43287","2011","true","1132","null","Kenya","KE","Kilifi","Kilifi","sensitive","sensitive","sensitive","sensitive","resistant","resistant"
"SPT43288","2011","true","1132","null","Kenya","KE","Kilifi","Kilifi","sensitive","sensitive","sensitive","sensitive","resistant","resistant"
"SPT43289","2011","true","1132","null","Kenya","KE","Kilifi","Kilifi","sensitive","undetermined","sensitive","sensitive","resistant","resistant"
"SPT43290","2011","true","1132","null","Kenya","KE","Kilifi","Kilifi","sensitive","sensitive","undetermined","undetermined","resistant","resistant"
"SPT43291","2011","true","1132","null","Kenya","KE","Kilifi","Kilifi","sensitive","sensitive","sensitive","sensitive","resistant","resistant"
"SPT43292","2011","true","1132","null","Kenya","KE","Kilifi","Kilifi","sensitive","sensitive","sensitive","sensitive","resistant","resistant"
"SPT43293","2011","true","1132","null","Kenya","KE","Kilifi","Kilifi","sensitive","resistant","sensitive","sensitive","resistant","resistant"
"SPT43294","2012","true","1132","null","Kenya","KE","Kilifi","Kilifi","sensitive","sensitive","sensitive","sensitive","resistant","resistant"
"SPT43295","2012","true","1132","null","Kenya","KE","Kilifi","Kilifi","sensitive","sensitive","sensitive","sensitive","resistant","resistant"
"SPT43296","2012","true","1132","null","Kenya","KE","Kilifi","Kilifi","sensitive","undetermined","sensitive","sensitive","resistant","resistant"
"SPT43297","2012","true","1132","null","Kenya","KE","Kilifi","Kilifi","sensitive","sensitive","sensitive","sensitive","resistant","sensitive"
"SPT43298","2012","true","1132","null","Kenya","KE","Kilifi","Kilifi","sensitive","resistant","sensitive","sensitive","resistant","resistant"
"SPT43299","2012","true","1132","null","Kenya","KE","Kilifi","Kilifi","sensitive","sensitive","sensitive","sensitive","resistant","resistant"
"SPT43300","2012","true","1132","null","Kenya","KE","Kilifi","Kilifi","sensitive","sensitive","sensitive","sensitive","resistant","resistant"
"SPT43301","2012","true","1132","null","Kenya","KE","Kilifi","Kilifi","sensitive","sensitive","sensitive","sensitive","resistant","resistant"
"SPT43302","2012","true","1132","null","Kenya","KE","Kilifi","Kilifi","sensitive","sensitive","sensitive","sensitive","resistant","resistant"
"SPT43303","2012","true","1132","null","Kenya","KE","Kilifi","Kilifi","sensitive","resistant","sensitive","sensitive","resistant","resistant"
"SPT43304","2012","true","1132","null","Kenya","KE","Kilifi","Kilifi","sensitive","sensitive","sensitive","sensitive","resistant","resistant"
"SPT43305","2012","true","1132","null","Kenya","KE","Kilifi","Kilifi","sensitive","undetermined","sensitive","sensitive","resistant","undetermined"
"SPT43306","2012","true","1132","null","Kenya","KE","Kilifi","Kilifi","sensitive","sensitive","sensitive","sensitive","resistant","resistant"
"SPT43307","2012","true","1132","null","Kenya","KE","Kilifi","Kilifi","sensitive","sensitive","undetermined","sensitive","resistant","resistant"
"SPT43308","2012","true","1132","null","Kenya","KE","Kilifi","Kilifi","sensitive","sensitive","sensitive","sensitive","resistant","sensitive"
"SPT43309","2012","false","1132","null","Kenya","KE","Kilifi","Kilifi","null","null","null","null","null","null"
"SPT43310","2012","true","1132","null","Kenya","KE","Kilifi","Kilifi","sensitive","sensitive","sensitive","sensitive","resistant","resistant"
"SPT43311","2012","true","1132","null","Kenya","KE","Kilifi","Kilifi","sensitive","sensitive","sensitive","sensitive","resistant","resistant"
"SPT43312","2012","true","1132","null","Kenya","KE","Kilifi","Kilifi","sensitive","sensitive","sensitive","sensitive","resistant","resistant"
"SPT43313","2012","true","1132","null","Kenya","KE","Kilifi","Kilifi","sensitive","resistant","sensitive","sensitive","resistant","resistant"
"SPT43314","2012","true","1132","null","Kenya","KE","Kilifi","Kilifi","sensitive","resistant","sensitive","sensitive","resistant","resistant"
"SPT43315","2012","true","1132","null","Kenya","KE","Kilifi","Kilifi","sensitive","undetermined","sensitive","sensitive","resistant","resistant"
"SPT43316","2012","true","1132","null","Kenya","KE","Kilifi","Kilifi","sensitive","sensitive","sensitive","sensitive","resistant","resistant"
"SPT43317","2012","true","1132","null","Kenya","KE","Kilifi","Kilifi","sensitive","sensitive","sensitive","sensitive","resistant","resistant"
"SPT43318","2012","true","1132","null","Kenya","KE","Kilifi","Kilifi","sensitive","sensitive","sensitive","sensitive","resistant","resistant"
"SPT43319","2012","true","1132","null","Kenya","KE","Kilifi","Kilifi","sensitive","undetermined","sensitive","sensitive","resistant","resistant"
"SPT43320","2012","true","1132","null","Kenya","KE","Kilifi","Kilifi","sensitive","sensitive","sensitive","sensitive","resistant","resistant"
"SPT43321","2012","true","1132","null","Kenya","KE","Kilifi","Kilifi","sensitive","resistant","sensitive","sensitive","resistant","resistant"
"SPT43322","2012","true","1132","null","Kenya","KE","Kilifi","Kilifi","sensitive","resistant","sensitive","sensitive","resistant","resistant"
"SPT43323","2012","true","1132","null","Kenya","KE","Kilifi","Kilifi","sensitive","sensitive","sensitive","sensitive","resistant","resistant"
"SPT43324","2012","true","1132","null","Kenya","KE","Kilifi","Kilifi","sensitive","sensitive","sensitive","sensitive","resistant","resistant"
"SPT43325","2012","true","1132","null","Kenya","KE","Kilifi","Kilifi","sensitive","sensitive","sensitive","sensitive","resistant","sensitive"
"SPT43326","2012","true","1132","null","Kenya","KE","Kilifi","Kilifi","sensitive","sensitive","sensitive","sensitive","resistant","resistant"
"SPT43327","2012","false","1132","null","Kenya","KE","Kilifi","Kilifi","null","null","null","null","null","null"
"SPT43328","2012","true","1132","null","Kenya","KE","Kilifi","Kilifi","sensitive","resistant","sensitive","sensitive","resistant","resistant"
"SPT43329","2012","true","1132","null","Kenya","KE","Kilifi","Kilifi","sensitive","sensitive","sensitive","sensitive","resistant","resistant"
"SPT43330","2012","true","1132","null","Kenya","KE","Kilifi","Kilifi","sensitive","resistant","sensitive","sensitive","resistant","resistant"
"SPT43331","2012","true","1132","null","Kenya","KE","Kilifi","Kilifi","sensitive","undetermined","sensitive","sensitive","resistant","resistant"
"SPT43332","2012","false","1132","null","Kenya","KE","Kilifi","Kilifi","null","null","null","null","null","null"
"SPT43333","2012","true","1132","null","Kenya","KE","Kilifi","Kilifi","sensitive","sensitive","sensitive","sensitive","resistant","resistant"
"SPT43334","2012","true","1132","null","Kenya","KE","Kilifi","Kilifi","sensitive","sensitive","sensitive","sensitive","resistant","resistant"
"SPT43335","2012","true","1132","null","Kenya","KE","Kilifi","Kilifi","sensitive","sensitive","sensitive","sensitive","resistant","resistant"
"SPT43336","2012","true","1132","null","Kenya","KE","Kilifi","Kilifi","sensitive","sensitive","sensitive","sensitive","resistant","resistant"
"SPT43337","2012","true","1132","null","Kenya","KE","Kilifi","Kilifi","sensitive","resistant","sensitive","sensitive","resistant","resistant"
"SPT43338","2012","true","1132","null","Kenya","KE","Kilifi","Kilifi","sensitive","sensitive","sensitive","sensitive","resistant","resistant"
"SPT43339","2012","true","1132","null","Kenya","KE","Kilifi","Kilifi","sensitive","sensitive","sensitive","sensitive","resistant","resistant"
"SPT43340","2012","true","1132","null","Kenya","KE","Kilifi","Kilifi","sensitive","resistant","sensitive","sensitive","resistant","resistant"
"SPT43341","2012","true","1132","null","Kenya","KE","Kilifi","Kilifi","sensitive","sensitive","sensitive","sensitive","resistant","resistant"
"SPT43342","2012","true","1132","null","Kenya","KE","Kilifi","Kilifi","sensitive","sensitive","sensitive","sensitive","resistant","resistant"
"SPT43343","2012","true","1132","null","Kenya","KE","Kilifi","Kilifi","sensitive","resistant","sensitive","sensitive","resistant","resistant"
"SPT43344","2012","true","1132","null","Kenya","KE","Kilifi","Kilifi","sensitive","sensitive","sensitive","sensitive","resistant","resistant"
"SPT43345","2012","true","1132","null","Kenya","KE","Kilifi","Kilifi","sensitive","sensitive","sensitive","sensitive","resistant","sensitive"
"SPT43346","2012","true","1132","null","Kenya","KE","Kilifi","Kilifi","sensitive","resistant","sensitive","sensitive","resistant","resistant"
"SPT43347","2012","true","1132","null","Kenya","KE","Kilifi","Kilifi","sensitive","sensitive","sensitive","sensitive","resistant","resistant"
"SPT43348","2012","true","1132","null","Kenya","KE","Kilifi","Kilifi","sensitive","sensitive","sensitive","undetermined","resistant","resistant"
"SPT43349","2012","true","1132","null","Kenya","KE","Kilifi","Kilifi","sensitive","sensitive","sensitive","sensitive","resistant","resistant"
"SPT43350","2012","true","1132","null","Kenya","KE","Kilifi","Kilifi","sensitive","sensitive","sensitive","sensitive","resistant","resistant"
"SPT43351","2012","true","1132","null","Kenya","KE","Kilifi","Kilifi","sensitive","sensitive","sensitive","sensitive","resistant","resistant"
"SPT43352","2012","true","1132","null","Kenya","KE","Kilifi","Kilifi","sensitive","sensitive","sensitive","sensitive","resistant","resistant"
"SPT43355","2012","true","1132","null","Kenya","KE","Kilifi","Kilifi","sensitive","sensitive","sensitive","sensitive","resistant","resistant"
"SPT43356","2012","true","1132","null","Kenya","KE","Kilifi","Kilifi","sensitive","sensitive","sensitive","sensitive","resistant","resistant"
"SPT43357","2012","true","1132","null","Kenya","KE","Kilifi","Kilifi","sensitive","sensitive","sensitive","sensitive","resistant","resistant"
"SPT43358","2012","true","1132","null","Kenya","KE","Kilifi","Kilifi","sensitive","sensitive","sensitive","sensitive","resistant","sensitive"
"SPT43359","2012","true","1132","null","Kenya","KE","Kilifi","Kilifi","sensitive","sensitive","sensitive","sensitive","resistant","sensitive"
"SPT43360","2012","true","1132","null","Kenya","KE","Kilifi","Kilifi","sensitive","sensitive","sensitive","sensitive","resistant","resistant"
"SPT43361","2012","true","1132","null","Kenya","KE","Kilifi","Kilifi","sensitive","sensitive","sensitive","sensitive","resistant","resistant"
"SPT43362","2012","true","1132","null","Kenya","KE","Kilifi","Kilifi","sensitive","sensitive","sensitive","sensitive","resistant","resistant"
"SPT43363","2012","true","1132","null","Kenya","KE","Kilifi","Kilifi","sensitive","sensitive","sensitive","undetermined","resistant","resistant"
"SPT43364","2012","true","1132","null","Kenya","KE","Kilifi","Kilifi","sensitive","sensitive","sensitive","sensitive","resistant","resistant"
"SPT43365","2012","true","1132","null","Kenya","KE","Kilifi","Kilifi","sensitive","resistant","sensitive","sensitive","resistant","resistant"
"SPT43366","2012","true","1132","null","Kenya","KE","Kilifi","Kilifi","sensitive","sensitive","sensitive","sensitive","resistant","resistant"
"SPT43367","2012","true","1132","null","Kenya","KE","Kilifi","Kilifi","sensitive","resistant","sensitive","sensitive","resistant","resistant"
"SPT43368","2012","true","1132","null","Kenya","KE","Kilifi","Kilifi","sensitive","sensitive","sensitive","sensitive","resistant","resistant"
"SPT43369","2012","true","1132","null","Kenya","KE","Kilifi","Kilifi","sensitive","sensitive","sensitive","sensitive","resistant","resistant"
"SPT43370","2012","true","1132","null","Kenya","KE","Kilifi","Kilifi","sensitive","sensitive","undetermined","undetermined","resistant","resistant"
"SPT43371","2012","true","1132","null","Kenya","KE","Kilifi","Kilifi","sensitive","sensitive","sensitive","sensitive","resistant","undetermined"
"SPT43372","2012","true","1132","null","Kenya","KE","Kilifi","Kilifi","sensitive","sensitive","sensitive","sensitive","resistant","resistant"
"SPT43373","2012","true","1132","null","Kenya","KE","Kilifi","Kilifi","sensitive","sensitive","sensitive","sensitive","resistant","resistant"
"SPT43374","2012","true","1132","null","Kenya","KE","Kilifi","Kilifi","sensitive","sensitive","sensitive","sensitive","resistant","resistant"
"SPT43375","2012","true","1132","null","Kenya","KE","Kilifi","Kilifi","sensitive","undetermined","undetermined","undetermined","resistant","resistant"
"SPT43376","2012","true","1132","null","Kenya","KE","Kilifi","Kilifi","sensitive","sensitive","sensitive","sensitive","resistant","resistant"
"SPT43377","2017","true","1132","null","Kenya","KE","Kilifi","Kilifi","sensitive","sensitive","undetermined","undetermined","undetermined","undetermined"
"SPT43381","2017","false","1132","null","Kenya","KE","Kilifi","Kilifi","null","null","null","null","null","null"
"SPT43390","2018","true","1132","null","Kenya","KE","Kilifi","Kilifi","sensitive","sensitive","undetermined","sensitive","resistant","resistant"
"SPT43391","2018","true","1132","null","Kenya","KE","Kilifi","Kilifi","sensitive","sensitive","sensitive","sensitive","resistant","resistant"
"SPT43403","2018","false","1132","null","Kenya","KE","Kilifi","Kilifi","null","null","null","null","null","null"
"SPT50132","1994","true","1132","null","Kenya","KE","Kilifi","Kilifi","sensitive","undetermined","sensitive","sensitive","resistant","undetermined"
"SPT50133","1994","true","1132","null","Kenya","KE","Kilifi","Kilifi","sensitive","resistant","sensitive","sensitive","undetermined","sensitive"
"SPT50134","1994","true","1132","null","Kenya","KE","Kilifi","Kilifi","sensitive","resistant","sensitive","sensitive","sensitive","sensitive"
"SPT50135","1994","true","1132","null","Kenya","KE","Kilifi","Kilifi","sensitive","resistant","sensitive","sensitive","sensitive","sensitive"
"SPT50136","1994","true","1132","null","Kenya","KE","Kilifi","Kilifi","sensitive","resistant","sensitive","sensitive","resistant","sensitive"
"SPT50137","1994","true","1132","null","Kenya","KE","Kilifi","Kilifi","sensitive","sensitive","sensitive","sensitive","sensitive","sensitive"
"SPT50138","1994","true","1132","null","Kenya","KE","Kilifi","Kilifi","sensitive","sensitive","sensitive","sensitive","resistant","resistant"
"SPT50139","1994","true","1132","null","Kenya","KE","Kilifi","Kilifi","sensitive","undetermined","sensitive","sensitive","undetermined","sensitive"
"SPT50140","1994","true","1132","null","Kenya","KE","Kilifi","Kilifi","sensitive","resistant","sensitive","sensitive","resistant","sensitive"
"SPT50141","1994","true","1132","null","Kenya","KE","Kilifi","Kilifi","sensitive","undetermined","sensitive","sensitive","undetermined","sensitive"
"SPT50142","1994","true","1132","null","Kenya","KE","Kilifi","Kilifi","sensitive","undetermined","sensitive","sensitive","sensitive","sensitive"
"SPT50143","1994","true","1132","null","Kenya","KE","Kilifi","Kilifi","sensitive","resistant","sensitive","sensitive","sensitive","sensitive"
"SPT50144","1994","true","1132","null","Kenya","KE","Kilifi","Kilifi","sensitive","sensitive","sensitive","sensitive","undetermined","sensitive"
"SPT50145","1994","true","1132","null","Kenya","KE","Kilifi","Kilifi","sensitive","resistant","sensitive","sensitive","sensitive","undetermined"
"SPT50146","1994","true","1132","null","Kenya","KE","Kilifi","Kilifi","sensitive","resistant","sensitive","sensitive","resistant","sensitive"
"SPT50147","1994","true","1132","null","Kenya","KE","Kilifi","Kilifi","sensitive","resistant","sensitive","sensitive","resistant","sensitive"
"SPT50148","1997","true","1132","null","Kenya","KE","Kilifi","Kilifi","sensitive","undetermined","sensitive","sensitive","undetermined","undetermined"
"SPT50149","1997","true","1132","null","Kenya","KE","Kilifi","Kilifi","sensitive","resistant","sensitive","sensitive","sensitive","sensitive"
"SPT50150","1997","true","1132","null","Kenya","KE","Kilifi","Kilifi","sensitive","resistant","sensitive","sensitive","sensitive","sensitive"
"SPT50151","1997","true","1132","null","Kenya","KE","Kilifi","Kilifi","sensitive","resistant","sensitive","sensitive","resistant","sensitive"
"SPT50152","1997","true","1132","null","Kenya","KE","Kilifi","Kilifi","sensitive","resistant","sensitive","sensitive","resistant","resistant"
"SPT50153","1997","true","1132","null","Kenya","KE","Kilifi","Kilifi","sensitive","undetermined","sensitive","sensitive","undetermined","sensitive"
"SPT50154","1997","true","1132","null","Kenya","KE","Kilifi","Kilifi","sensitive","resistant","sensitive","sensitive","resistant","sensitive"
"SPT50155","1998","true","1132","null","Kenya","KE","Kilifi","Kilifi","sensitive","resistant","sensitive","sensitive","resistant","undetermined"
"SPT50156","1998","true","1132","null","Kenya","KE","Kilifi","Kilifi","sensitive","resistant","sensitive","sensitive","resistant","sensitive"
"SPT50157","1998","true","1132","null","Kenya","KE","Kilifi","Kilifi","sensitive","resistant","undetermined","sensitive","sensitive","sensitive"
"SPT50158","1998","true","1132","null","Kenya","KE","Kilifi","Kilifi","sensitive","resistant","sensitive","sensitive","resistant","resistant"
"SPT50159","1998","true","1132","null","Kenya","KE","Kilifi","Kilifi","sensitive","resistant","sensitive","sensitive","resistant","sensitive"
"SPT50160","1998","true","1132","null","Kenya","KE","Kilifi","Kilifi","sensitive","resistant","sensitive","sensitive","resistant","undetermined"
"SPT50161","1998","true","1132","null","Kenya","KE","Kilifi","Kilifi","sensitive","resistant","sensitive","sensitive","undetermined","sensitive"
"SPT50162","1998","true","1132","null","Kenya","KE","Kilifi","Kilifi","sensitive","resistant","sensitive","sensitive","sensitive","sensitive"
"SPT50163","1998","true","1132","null","Kenya","KE","Kilifi","Kilifi","sensitive","undetermined","sensitive","sensitive","resistant","undetermined"
"SPT50164","1999","true","1132","null","Kenya","KE","Kilifi","Kilifi","sensitive","resistant","sensitive","sensitive","undetermined","sensitive"
"SPT50165","2003","true","1132","null","Kenya","KE","Kilifi","Kilifi","sensitive","sensitive","sensitive","sensitive","resistant","resistant"
"SPT50166","2003","true","1132","null","Kenya","KE","Kilifi","Kilifi","sensitive","sensitive","sensitive","sensitive","resistant","resistant"
"SPT50167","2004","true","1132","null","Kenya","KE","Kilifi","Kilifi","sensitive","sensitive","sensitive","sensitive","resistant","resistant"
"SPT50168","2005","true","1132","null","Kenya","KE","Kilifi","Kilifi","sensitive","undetermined","sensitive","sensitive","resistant","resistant"
"SPT50169","2008","true","1132","null","Kenya","KE","Kilifi","Kilifi","sensitive","resistant","sensitive","sensitive","resistant","resistant"
"SPT50170","2009","true","1132","null","Kenya","KE","Kilifi","Kilifi","sensitive","undetermined","sensitive","sensitive","resistant","resistant"
"SPT50171","2009","true","1132","null","Kenya","KE","Kilifi","Kilifi","sensitive","sensitive","sensitive","sensitive","resistant","resistant"
"SPT50172","2009","true","1132","null","Kenya","KE","Kilifi","Kilifi","sensitive","sensitive","sensitive","sensitive","resistant","resistant"
"SPT50173","2009","true","1132","null","Kenya","KE","Kilifi","Kilifi","sensitive","resistant","sensitive","sensitive","resistant","resistant"
"SPT50174","2009","true","1132","null","Kenya","KE","Kilifi","Kilifi","sensitive","sensitive","sensitive","sensitive","resistant","resistant"
"SPT50175","2009","true","1132","null","Kenya","KE","Kilifi","Kilifi","sensitive","sensitive","sensitive","sensitive","resistant","resistant"
"SPT50176","2009","true","1132","null","Kenya","KE","Kilifi","Kilifi","sensitive","sensitive","sensitive","sensitive","resistant","sensitive"
"SPT50177","2009","true","1132","null","Kenya","KE","Kilifi","Kilifi","sensitive","sensitive","sensitive","sensitive","resistant","undetermined"
"SPT50178","2009","true","1132","null","Kenya","KE","Kilifi","Kilifi","sensitive","sensitive","sensitive","sensitive","resistant","resistant"
"SPT50179","2009","true","1132","null","Kenya","KE","Kilifi","Kilifi","sensitive","sensitive","sensitive","sensitive","resistant","resistant"
"SPT50180","2009","true","1132","null","Kenya","KE","Kilifi","Kilifi","sensitive","sensitive","sensitive","sensitive","resistant","sensitive"
"SPT50181","2009","true","1132","null","Kenya","KE","Kilifi","Kilifi","sensitive","sensitive","sensitive","sensitive","resistant","undetermined"
"SPT50182","2009","true","1132","null","Kenya","KE","Kilifi","Kilifi","sensitive","sensitive","sensitive","sensitive","resistant","resistant"
"SPT50183","2009","true","1132","null","Kenya","KE","Kilifi","Kilifi","sensitive","undetermined","sensitive","sensitive","resistant","resistant"
"SPT50184","2009","true","1132","null","Kenya","KE","Kilifi","Kilifi","sensitive","sensitive","sensitive","sensitive","resistant","resistant"
"SPT50185","2009","true","1132","null","Kenya","KE","Kilifi","Kilifi","sensitive","undetermined","sensitive","sensitive","resistant","resistant"
"SPT50186","2010","true","1132","null","Kenya","KE","Kilifi","Kilifi","sensitive","sensitive","sensitive","sensitive","resistant","undetermined"
"SPT50187","2010","true","1132","null","Kenya","KE","Kilifi","Kilifi","sensitive","sensitive","sensitive","sensitive","resistant","resistant"
"SPT50188","2010","true","1132","null","Kenya","KE","Kilifi","Kilifi","sensitive","sensitive","sensitive","sensitive","resistant","resistant"
"SPT50189","2010","true","1132","null","Kenya","KE","Kilifi","Kilifi","sensitive","sensitive","sensitive","sensitive","resistant","resistant"
"SPT50190","2010","true","1132","null","Kenya","KE","Kilifi","Kilifi","sensitive","sensitive","sensitive","sensitive","resistant","sensitive"
"SPT50191","2010","true","1132","null","Kenya","KE","Kilifi","Kilifi","sensitive","sensitive","sensitive","sensitive","resistant","undetermined"
"SPT50192","2010","true","1132","null","Kenya","KE","Kilifi","Kilifi","sensitive","sensitive","sensitive","sensitive","resistant","resistant"
"SPT50193","2010","true","1132","null","Kenya","KE","Kilifi","Kilifi","sensitive","sensitive","sensitive","sensitive","resistant","resistant"
"SPT50194","2010","true","1132","null","Kenya","KE","Kilifi","Kilifi","sensitive","sensitive","sensitive","sensitive","resistant","resistant"
"SPT50195","2010","true","1132","null","Kenya","KE","Kilifi","Kilifi","sensitive","sensitive","sensitive","sensitive","resistant","resistant"
"SPT50196","2010","true","1132","null","Kenya","KE","Kilifi","Kilifi","sensitive","resistant","sensitive","sensitive","resistant","resistant"
"SPT50197","2011","true","1132","null","Kenya","KE","Kilifi","Kilifi","sensitive","sensitive","sensitive","sensitive","resistant","resistant"
"SPT50198","2011","true","1132","null","Kenya","KE","Kilifi","Kilifi","sensitive","sensitive","sensitive","sensitive","resistant","resistant"
"SPT50199","2011","true","1132","null","Kenya","KE","Kilifi","Kilifi","sensitive","sensitive","sensitive","sensitive","resistant","resistant"
"SPT50200","2011","true","1132","null","Kenya","KE","Kilifi","Kilifi","sensitive","sensitive","sensitive","sensitive","resistant","resistant"
"SPT50201","2011","true","1132","null","Kenya","KE","Kilifi","Kilifi","sensitive","undetermined","sensitive","sensitive","resistant","resistant"
"SPT50202","2011","true","1132","null","Kenya","KE","Kilifi","Kilifi","sensitive","sensitive","sensitive","sensitive","resistant","resistant"
"SPT50203","2011","true","1132","null","Kenya","KE","Kilifi","Kilifi","sensitive","sensitive","sensitive","sensitive","resistant","resistant"
"SPT50204","2011","true","1132","null","Kenya","KE","Kilifi","Kilifi","sensitive","resistant","sensitive","sensitive","resistant","resistant"
"SPT50205","2011","true","1132","null","Kenya","KE","Kilifi","Kilifi","sensitive","sensitive","sensitive","sensitive","resistant","sensitive"
"SPT50206","2011","true","1132","null","Kenya","KE","Kilifi","Kilifi","sensitive","sensitive","sensitive","sensitive","resistant","resistant"
"SPT50207","2011","true","1132","null","Kenya","KE","Kilifi","Kilifi","sensitive","undetermined","sensitive","sensitive","resistant","resistant"
"SPT50208","2011","true","1132","null","Kenya","KE","Kilifi","Kilifi","sensitive","resistant","sensitive","sensitive","resistant","resistant"
"SPT50209","2012","true","1132","null","Kenya","KE","Kilifi","Kilifi","sensitive","sensitive","sensitive","sensitive","resistant","resistant"
"SPT50210","2012","true","1132","null","Kenya","KE","Kilifi","Kilifi","sensitive","sensitive","sensitive","sensitive","resistant","resistant"
"SPT50211","2013","true","1132","null","Kenya","KE","Kilifi","Kilifi","sensitive","sensitive","sensitive","sensitive","resistant","resistant"
"SPT50212","2013","true","1132","null","Kenya","KE","Kilifi","Kilifi","sensitive","sensitive","sensitive","sensitive","resistant","resistant"
"SPT50213","2013","true","1132","null","Kenya","KE","Kilifi","Kilifi","sensitive","sensitive","sensitive","sensitive","resistant","resistant"
"SPT50214","2013","true","1132","null","Kenya","KE","Kilifi","Kilifi","sensitive","sensitive","sensitive","sensitive","resistant","resistant"
"SPT50215","2013","true","1132","null","Kenya","KE","Kilifi","Kilifi","sensitive","sensitive","sensitive","sensitive","resistant","sensitive"
"SPT50216","2013","true","1132","null","Kenya","KE","Kilifi","Kilifi","sensitive","sensitive","sensitive","sensitive","resistant","resistant"
"SPT50217","2013","true","1132","null","Kenya","KE","Kilifi","Kilifi","sensitive","sensitive","sensitive","sensitive","resistant","resistant"
"SPT50218","2013","true","1132","null","Kenya","KE","Kilifi","Kilifi","sensitive","sensitive","sensitive","sensitive","resistant","resistant"
"SPT50219","2013","true","1132","null","Kenya","KE","Kilifi","Kilifi","sensitive","sensitive","sensitive","sensitive","resistant","resistant"
"SPT50220","2014","true","1132","null","Kenya","KE","Kilifi","Kilifi","sensitive","sensitive","sensitive","sensitive","resistant","resistant"
"SPT50221","2014","true","1132","null","Kenya","KE","Kilifi","Kilifi","sensitive","sensitive","sensitive","sensitive","resistant","resistant"
"SPT50222","2014","true","1132","null","Kenya","KE","Kilifi","Kilifi","sensitive","sensitive","sensitive","sensitive","resistant","sensitive"
"SPT50223","2014","true","1132","null","Kenya","KE","Kilifi","Kilifi","sensitive","resistant","sensitive","sensitive","resistant","resistant"
"SPT50224","2014","true","1132","null","Kenya","KE","Kilifi","Kilifi","sensitive","sensitive","undetermined","sensitive","resistant","undetermined"
"SPT50225","2014","true","1132","null","Kenya","KE","Kilifi","Kilifi","sensitive","sensitive","sensitive","sensitive","resistant","resistant"
"SPT50226","2014","true","1132","null","Kenya","KE","Kilifi","Kilifi","sensitive","sensitive","sensitive","sensitive","resistant","sensitive"
"SPT50227","2014","true","1132","null","Kenya","KE","Kilifi","Kilifi","sensitive","sensitive","sensitive","sensitive","resistant","resistant"
"SPT50228","2014","true","1132","null","Kenya","KE","Kilifi","Kilifi","sensitive","sensitive","sensitive","sensitive","resistant","resistant"
"SPT50229","2014","true","1132","null","Kenya","KE","Kilifi","Kilifi","sensitive","undetermined","sensitive","sensitive","resistant","resistant"
"SPT50230","2014","true","1132","null","Kenya","KE","Kilifi","Kilifi","sensitive","sensitive","sensitive","sensitive","resistant","resistant"
"SPT50231","2014","true","1132","null","Kenya","KE","Kilifi","Kilifi","sensitive","sensitive","sensitive","sensitive","resistant","sensitive"
"SPT50232","2014","true","1132","null","Kenya","KE","Kilifi","Kilifi","sensitive","sensitive","sensitive","sensitive","resistant","resistant"
"SPT50233","2014","true","1132","null","Kenya","KE","Kilifi","Kilifi","sensitive","sensitive","sensitive","sensitive","resistant","resistant"
"SPT50234","2014","true","1132","null","Kenya","KE","Kilifi","Kilifi","sensitive","resistant","sensitive","sensitive","resistant","sensitive"
"SPT50235","2014","true","1132","null","Kenya","KE","Kilifi","Kilifi","sensitive","sensitive","sensitive","sensitive","resistant","resistant"
"SPT50236","2014","true","1132","null","Kenya","KE","Kilifi","Kilifi","sensitive","sensitive","sensitive","sensitive","resistant","resistant"
"SPT50237","2014","true","1132","null","Kenya","KE","Kilifi","Kilifi","sensitive","sensitive","sensitive","sensitive","resistant","undetermined"
"SPT50238","2015","true","1132","null","Kenya","KE","Kilifi","Kilifi","sensitive","sensitive","sensitive","sensitive","resistant","resistant"
"SPT50239","2015","true","1132","null","Kenya","KE","Kilifi","Kilifi","sensitive","undetermined","sensitive","sensitive","resistant","resistant"
"SPT50240","2015","true","1132","null","Kenya","KE","Kilifi","Kilifi","sensitive","sensitive","sensitive","sensitive","resistant","resistant"
"SPT50241","2015","true","1132","null","Kenya","KE","Kilifi","Kilifi","sensitive","sensitive","sensitive","sensitive","resistant","resistant"
"SPT50242","2015","true","1132","null","Kenya","KE","Kilifi","Kilifi","sensitive","sensitive","sensitive","sensitive","resistant","resistant"
"SPT50243","2015","true","1132","null","Kenya","KE","Kilifi","Kilifi","sensitive","sensitive","sensitive","sensitive","resistant","resistant"
"SPT50244","2015","false","1132","null","Kenya","KE","Kilifi","Kilifi","null","null","null","null","null","null"
"SPT50245","2015","true","1132","null","Kenya","KE","Kilifi","Kilifi","sensitive","sensitive","sensitive","sensitive","resistant","resistant"
"SPT50246","2015","true","1132","null","Kenya","KE","Kilifi","Kilifi","sensitive","sensitive","sensitive","sensitive","resistant","resistant"
"SPT50247","2015","true","1132","null","Kenya","KE","Kilifi","Kilifi","sensitive","sensitive","sensitive","sensitive","resistant","resistant"
"SPT50248","2015","true","1132","null","Kenya","KE","Kilifi","Kilifi","sensitive","sensitive","sensitive","sensitive","resistant","resistant"
"SPT50249","2016","true","1132","null","Kenya","KE","Kilifi","Kilifi","sensitive","sensitive","sensitive","sensitive","resistant","resistant"
"SPT50250","2016","true","1132","null","Kenya","KE","Kilifi","Kilifi","sensitive","sensitive","sensitive","sensitive","resistant","resistant"
"SPT50251","2017","true","1132","null","Kenya","KE","Kilifi","Kilifi","sensitive","sensitive","sensitive","sensitive","resistant","resistant"
"SPT50252","2017","true","1132","null","Kenya","KE","Kilifi","Kilifi","sensitive","sensitive","sensitive","sensitive","resistant","resistant"
"SPT50253","2017","true","1132","null","Kenya","KE","Kilifi","Kilifi","sensitive","sensitive","sensitive","sensitive","resistant","resistant"
"SPT50254","2017","true","1132","null","Kenya","KE","Kilifi","Kilifi","sensitive","sensitive","sensitive","sensitive","resistant","resistant"
"SPT50255","2017","true","1132","null","Kenya","KE","Kilifi","Kilifi","undetermined","sensitive","sensitive","sensitive","resistant","resistant"
"SPT50256","2008","true","1132","null","Kenya","KE","Kilifi","Kilifi","sensitive","resistant","sensitive","sensitive","sensitive","resistant"
"SPT50257","2008","true","1132","null","Kenya","KE","Kilifi","Kilifi","sensitive","resistant","sensitive","sensitive","resistant","resistant"
"SPT50258","2008","true","1132","null","Kenya","KE","Kilifi","Kilifi","sensitive","undetermined","sensitive","sensitive","resistant","resistant"
"SPT50259","2008","true","1132","null","Kenya","KE","Kilifi","Kilifi","sensitive","sensitive","sensitive","sensitive","resistant","sensitive"
"SPT50260","2008","true","1132","null","Kenya","KE","Kilifi","Kilifi","sensitive","resistant","sensitive","sensitive","resistant","resistant"
"SPT50261","2008","true","1132","null","Kenya","KE","Kilifi","Kilifi","sensitive","sensitive","sensitive","sensitive","resistant","resistant"
"SPT50262","2008","true","1132","null","Kenya","KE","Kilifi","Kilifi","sensitive","resistant","sensitive","sensitive","resistant","resistant"
"SPT50263","1994","true","1132","null","Kenya","KE","Kilifi","Kilifi","sensitive","undetermined","sensitive","sensitive","sensitive","sensitive"
"SPT50264","1994","true","1132","null","Kenya","KE","Kilifi","Kilifi","sensitive","sensitive","sensitive","sensitive","undetermined","sensitive"
"SPT50265","1994","true","1132","null","Kenya","KE","Kilifi","Kilifi","sensitive","resistant","sensitive","sensitive","resistant","sensitive"
"SPT50266","1995","true","1132","null","Kenya","KE","Kilifi","Kilifi","sensitive","resistant","sensitive","sensitive","undetermined","sensitive"
"SPT50268","1995","true","1132","null","Kenya","KE","Kilifi","Kilifi","sensitive","resistant","sensitive","sensitive","resistant","sensitive"
"SPT50269","1995","true","1132","null","Kenya","KE","Kilifi","Kilifi","sensitive","undetermined","sensitive","sensitive","undetermined","sensitive"
"SPT50270","1997","true","1132","null","Kenya","KE","Kilifi","Kilifi","sensitive","resistant","sensitive","sensitive","sensitive","sensitive"
"SPT50271","1997","true","1132","null","Kenya","KE","Kilifi","Kilifi","sensitive","resistant","sensitive","sensitive","resistant","resistant"
"SPT50272","1997","true","1132","null","Kenya","KE","Kilifi","Kilifi","sensitive","undetermined","sensitive","sensitive","undetermined","sensitive"
"SPT50273","1997","true","1132","null","Kenya","KE","Kilifi","Kilifi","sensitive","resistant","sensitive","sensitive","resistant","sensitive"
"SPT50274","1997","true","1132","null","Kenya","KE","Kilifi","Kilifi","sensitive","resistant","undetermined","sensitive","sensitive","undetermined"
"SPT50275","1997","true","1132","null","Kenya","KE","Kilifi","Kilifi","sensitive","undetermined","sensitive","sensitive","undetermined","undetermined"
"SPT50276","1997","true","1132","null","Kenya","KE","Kilifi","Kilifi","sensitive","resistant","sensitive","sensitive","resistant","sensitive"
"SPT50277","1997","true","1132","null","Kenya","KE","Kilifi","Kilifi","sensitive","sensitive","sensitive","sensitive","undetermined","sensitive"
"SPT50278","1997","true","1132","null","Kenya","KE","Kilifi","Kilifi","sensitive","resistant","sensitive","sensitive","resistant","sensitive"
"SPT50279","1998","true","1132","null","Kenya","KE","Kilifi","Kilifi","sensitive","undetermined","sensitive","sensitive","undetermined","sensitive"
"SPT50280","1998","true","1132","null","Kenya","KE","Kilifi","Kilifi","sensitive","resistant","sensitive","sensitive","resistant","sensitive"
"SPT50281","1998","true","1132","null","Kenya","KE","Kilifi","Kilifi","sensitive","resistant","sensitive","sensitive","sensitive","sensitive"
"SPT50282","1999","true","1132","null","Kenya","KE","Kilifi","Kilifi","sensitive","resistant","sensitive","sensitive","resistant","sensitive"
"SPT50283","2003","true","1132","null","Kenya","KE","Kilifi","Kilifi","sensitive","resistant","sensitive","sensitive","resistant","resistant"
"SPT50284","2003","true","1132","null","Kenya","KE","Kilifi","Kilifi","sensitive","resistant","sensitive","sensitive","resistant","resistant"
"SPT50285","2003","true","1132","null","Kenya","KE","Kilifi","Kilifi","sensitive","sensitive","sensitive","sensitive","resistant","resistant"
"SPT50286","2003","true","1132","null","Kenya","KE","Kilifi","Kilifi","sensitive","sensitive","sensitive","sensitive","resistant","resistant"
"SPT50287","2004","true","1132","null","Kenya","KE","Kilifi","Kilifi","undetermined","undetermined","sensitive","sensitive","resistant","undetermined"
"SPT50288","2004","true","1132","null","Kenya","KE","Kilifi","Kilifi","sensitive","sensitive","sensitive","sensitive","resistant","resistant"
"SPT50289","2004","true","1132","null","Kenya","KE","Kilifi","Kilifi","sensitive","sensitive","sensitive","sensitive","undetermined","sensitive"
"SPT50290","2004","true","1132","null","Kenya","KE","Kilifi","Kilifi","sensitive","resistant","sensitive","sensitive","resistant","resistant"
"SPT50291","2005","true","1132","null","Kenya","KE","Kilifi","Kilifi","sensitive","resistant","sensitive","sensitive","resistant","resistant"
"SPT50292","2005","false","1132","null","Kenya","KE","Kilifi","Kilifi","null","null","null","null","null","null"
"SPT50293","2005","true","1132","null","Kenya","KE","Kilifi","Kilifi","sensitive","sensitive","sensitive","sensitive","resistant","sensitive"
"SPT50294","2007","true","1132","null","Kenya","KE","Kilifi","Kilifi","sensitive","resistant","sensitive","sensitive","resistant","resistant"
"SPT50295","2000","true","1132","null","Kenya","KE","Kilifi","Kilifi","sensitive","resistant","sensitive","sensitive","undetermined","undetermined"
"SPT50296","2000","true","1132","null","Kenya","KE","Kilifi","Kilifi","sensitive","resistant","sensitive","sensitive","resistant","resistant"
"SPT50297","2000","true","1132","null","Kenya","KE","Kilifi","Kilifi","sensitive","resistant","sensitive","sensitive","resistant","sensitive"
"SPT50298","2007","true","1132","null","Kenya","KE","Kilifi","Kilifi","sensitive","resistant","sensitive","sensitive","resistant","resistant"
"SPT50299","2008","true","1132","null","Kenya","KE","Kilifi","Kilifi","sensitive","resistant","sensitive","sensitive","resistant","sensitive"
"SPT50301","2008","true","1132","null","Kenya","KE","Kilifi","Kilifi","sensitive","undetermined","sensitive","sensitive","resistant","resistant"
"SPT50302","2008","true","1132","null","Kenya","KE","Kilifi","Kilifi","sensitive","sensitive","sensitive","sensitive","resistant","resistant"
"SPT50303","2013","true","1132","null","Kenya","KE","Kilifi","Kilifi","sensitive","sensitive","undetermined","undetermined","resistant","resistant"
"SPT50304","2013","true","1132","null","Kenya","KE","Kilifi","Kilifi","sensitive","sensitive","sensitive","sensitive","resistant","resistant"
"SPT50305","2013","true","1132","null","Kenya","KE","Kilifi","Kilifi","sensitive","sensitive","sensitive","sensitive","resistant","resistant"
"SPT50306","2013","true","1132","null","Kenya","KE","Kilifi","Kilifi","sensitive","sensitive","sensitive","sensitive","resistant","resistant"
"SPT50307","2013","true","1132","null","Kenya","KE","Kilifi","Kilifi","sensitive","sensitive","undetermined","undetermined","resistant","resistant"
"SPT50308","2013","true","1132","null","Kenya","KE","Kilifi","Kilifi","sensitive","sensitive","sensitive","sensitive","resistant","resistant"
"SPT50309","2013","true","1132","null","Kenya","KE","Kilifi","Kilifi","sensitive","sensitive","sensitive","sensitive","resistant","resistant"
"SPT50310","2013","true","1132","null","Kenya","KE","Kilifi","Kilifi","sensitive","sensitive","sensitive","sensitive","resistant","resistant"
"SPT50311","2013","true","1132","null","Kenya","KE","Kilifi","Kilifi","sensitive","sensitive","sensitive","sensitive","resistant","resistant"
"SPT50312","2013","true","1132","null","Kenya","KE","Kilifi","Kilifi","sensitive","sensitive","sensitive","sensitive","resistant","resistant"
"SPT50313","2013","true","1132","null","Kenya","KE","Kilifi","Kilifi","sensitive","sensitive","sensitive","sensitive","resistant","resistant"
"SPT50314","2013","false","1132","null","Kenya","KE","Kilifi","Kilifi","null","null","null","null","null","null"
"SPT50315","2013","true","1132","null","Kenya","KE","Kilifi","Kilifi","sensitive","sensitive","sensitive","sensitive","resistant","resistant"
"SPT50316","2000","true","1132","null","Kenya","KE","Kilifi","Kilifi","sensitive","resistant","sensitive","sensitive","resistant","resistant"
"SPT50317","2000","true","1132","null","Kenya","KE","Kilifi","Kilifi","sensitive","resistant","sensitive","sensitive","resistant","sensitive"
"SPT50318","2000","true","1132","null","Kenya","KE","Kilifi","Kilifi","sensitive","resistant","sensitive","sensitive","sensitive","sensitive"
"SPT50319","2000","true","1132","null","Kenya","KE","Kilifi","Kilifi","sensitive","resistant","sensitive","sensitive","resistant","resistant"
"SPT50320","2000","true","1132","null","Kenya","KE","Kilifi","Kilifi","sensitive","resistant","sensitive","sensitive","resistant","sensitive"
"SPT50321","2000","true","1132","null","Kenya","KE","Kilifi","Kilifi","sensitive","resistant","sensitive","sensitive","resistant","resistant"
"SPT50322","2000","true","1132","null","Kenya","KE","Kilifi","Kilifi","sensitive","resistant","sensitive","sensitive","resistant","resistant"
"SPT50323","2013","true","1132","null","Kenya","KE","Kilifi","Kilifi","sensitive","sensitive","sensitive","sensitive","resistant","resistant"
"SPT50324","2013","true","1132","null","Kenya","KE","Kilifi","Kilifi","sensitive","sensitive","sensitive","sensitive","resistant","resistant"
"SPT50325","2013","true","1132","null","Kenya","KE","Kilifi","Kilifi","sensitive","sensitive","sensitive","sensitive","resistant","resistant"
"SPT50326","2013","true","1132","null","Kenya","KE","Kilifi","Kilifi","sensitive","sensitive","sensitive","sensitive","resistant","resistant"
"SPT50327","2013","true","1132","null","Kenya","KE","Kilifi","Kilifi","sensitive","sensitive","sensitive","sensitive","resistant","resistant"
"SPT50329","2014","true","1132","null","Kenya","KE","Kilifi","Kilifi","sensitive","sensitive","sensitive","sensitive","resistant","resistant"
"SPT50330","2014","true","1132","null","Kenya","KE","Kilifi","Kilifi","sensitive","sensitive","sensitive","sensitive","resistant","resistant"
"SPT50331","2014","true","1132","null","Kenya","KE","Kilifi","Kilifi","sensitive","sensitive","sensitive","sensitive","resistant","resistant"
"SPT50332","2014","true","1132","null","Kenya","KE","Kilifi","Kilifi","sensitive","sensitive","sensitive","sensitive","resistant","resistant"
"SPT50333","2014","true","1132","null","Kenya","KE","Kilifi","Kilifi","sensitive","sensitive","sensitive","sensitive","resistant","resistant"
"SPT50334","2014","true","1132","null","Kenya","KE","Kilifi","Kilifi","sensitive","sensitive","sensitive","sensitive","resistant","resistant"
"SPT50335","2014","true","1132","null","Kenya","KE","Kilifi","Kilifi","sensitive","sensitive","sensitive","sensitive","resistant","resistant"
"SPT50336","2014","true","1132","null","Kenya","KE","Kilifi","Kilifi","sensitive","sensitive","sensitive","sensitive","resistant","sensitive"
"SPT50337","2014","true","1132","null","Kenya","KE","Kilifi","Kilifi","sensitive","sensitive","sensitive","sensitive","resistant","resistant"
"SPT50338","2014","true","1132","null","Kenya","KE","Kilifi","Kilifi","sensitive","sensitive","sensitive","sensitive","resistant","resistant"
"SPT50339","2014","true","1132","null","Kenya","KE","Kilifi","Kilifi","sensitive","sensitive","sensitive","sensitive","resistant","resistant"
"SPT50340","2014","true","1132","null","Kenya","KE","Kilifi","Kilifi","sensitive","sensitive","sensitive","sensitive","resistant","resistant"
"SPT50341","2014","true","1132","null","Kenya","KE","Kilifi","Kilifi","sensitive","sensitive","undetermined","undetermined","resistant","resistant"
"SPT50342","2014","true","1132","null","Kenya","KE","Kilifi","Kilifi","sensitive","sensitive","sensitive","sensitive","resistant","resistant"
"SPT50343","2014","true","1132","null","Kenya","KE","Kilifi","Kilifi","sensitive","sensitive","sensitive","undetermined","resistant","resistant"
"SPT50344","2014","true","1132","null","Kenya","KE","Kilifi","Kilifi","sensitive","sensitive","sensitive","undetermined","resistant","resistant"
"SPT50345","2014","true","1132","null","Kenya","KE","Kilifi","Kilifi","sensitive","undetermined","sensitive","sensitive","resistant","resistant"
"SPT50346","2014","true","1132","null","Kenya","KE","Kilifi","Kilifi","sensitive","sensitive","sensitive","sensitive","resistant","resistant"
"SPT50347","2014","true","1132","null","Kenya","KE","Kilifi","Kilifi","sensitive","sensitive","sensitive","sensitive","resistant","resistant"
"SPT50348","2014","true","1132","null","Kenya","KE","Kilifi","Kilifi","sensitive","sensitive","sensitive","sensitive","resistant","resistant"
"SPT50349","2014","true","1132","null","Kenya","KE","Kilifi","Kilifi","sensitive","sensitive","sensitive","sensitive","resistant","resistant"
"SPT50350","2014","true","1132","null","Kenya","KE","Kilifi","Kilifi","sensitive","sensitive","sensitive","sensitive","resistant","resistant"
"SPT50351","2014","true","1132","null","Kenya","KE","Kilifi","Kilifi","sensitive","sensitive","sensitive","sensitive","resistant","resistant"
"SPT50352","2014","true","1132","null","Kenya","KE","Kilifi","Kilifi","sensitive","resistant","sensitive","sensitive","resistant","resistant"
"SPT50353","2014","true","1132","null","Kenya","KE","Kilifi","Kilifi","sensitive","sensitive","sensitive","sensitive","resistant","resistant"
"SPT50354","2014","true","1132","null","Kenya","KE","Kilifi","Kilifi","sensitive","sensitive","sensitive","sensitive","resistant","resistant"
"SPT50355","2014","true","1132","null","Kenya","KE","Kilifi","Kilifi","sensitive","sensitive","sensitive","sensitive","resistant","resistant"
"SPT50356","2015","true","1132","null","Kenya","KE","Kilifi","Kilifi","sensitive","sensitive","sensitive","sensitive","resistant","resistant"
"SPT50357","2015","true","1132","null","Kenya","KE","Kilifi","Kilifi","sensitive","sensitive","sensitive","sensitive","resistant","undetermined"
"SPT50358","2015","true","1132","null","Kenya","KE","Kilifi","Kilifi","sensitive","sensitive","sensitive","sensitive","resistant","resistant"
"SPT50359","2015","true","1132","null","Kenya","KE","Kilifi","Kilifi","sensitive","sensitive","sensitive","sensitive","resistant","resistant"
"SPT50360","2015","true","1132","null","Kenya","KE","Kilifi","Kilifi","sensitive","resistant","sensitive","sensitive","resistant","resistant"
"SPT50361","2015","true","1132","null","Kenya","KE","Kilifi","Kilifi","sensitive","sensitive","sensitive","sensitive","resistant","resistant"
"SPT50362","2015","true","1132","null","Kenya","KE","Kilifi","Kilifi","sensitive","sensitive","sensitive","sensitive","resistant","resistant"
"SPT50363","2015","true","1132","null","Kenya","KE","Kilifi","Kilifi","sensitive","sensitive","sensitive","sensitive","resistant","resistant"
"SPT50364","2015","true","1132","null","Kenya","KE","Kilifi","Kilifi","sensitive","sensitive","sensitive","sensitive","resistant","resistant"
"SPT50365","2015","true","1132","null","Kenya","KE","Kilifi","Kilifi","sensitive","sensitive","sensitive","sensitive","resistant","resistant"
"SPT50366","2015","true","1132","null","Kenya","KE","Kilifi","Kilifi","sensitive","sensitive","sensitive","sensitive","resistant","resistant"
"SPT50367","2015","true","1132","null","Kenya","KE","Kilifi","Kilifi","sensitive","sensitive","sensitive","sensitive","resistant","sensitive"
"SPT50368","2015","true","1132","null","Kenya","KE","Kilifi","Kilifi","sensitive","undetermined","sensitive","sensitive","resistant","resistant"
"SPT50369","2015","true","1132","null","Kenya","KE","Kilifi","Kilifi","sensitive","sensitive","sensitive","sensitive","resistant","resistant"
"SPT50371","2015","true","1132","null","Kenya","KE","Kilifi","Kilifi","sensitive","sensitive","sensitive","sensitive","resistant","resistant"
"SPT50372","2015","true","1132","null","Kenya","KE","Kilifi","Kilifi","sensitive","sensitive","sensitive","sensitive","resistant","resistant"
"SPT50373","2015","true","1132","null","Kenya","KE","Kilifi","Kilifi","sensitive","sensitive","sensitive","sensitive","resistant","resistant"
"SPT50374","2015","true","1132","null","Kenya","KE","Kilifi","Kilifi","sensitive","sensitive","sensitive","sensitive","resistant","resistant"
"SPT50375","2016","true","1132","null","Kenya","KE","Kilifi","Kilifi","sensitive","sensitive","sensitive","sensitive","resistant","sensitive"
"SPT50376","2016","true","1132","null","Kenya","KE","Kilifi","Kilifi","sensitive","sensitive","sensitive","sensitive","resistant","resistant"
"SPT50377","2016","true","1132","null","Kenya","KE","Kilifi","Kilifi","sensitive","sensitive","sensitive","sensitive","resistant","resistant"
"SPT50378","2016","true","1132","null","Kenya","KE","Kilifi","Kilifi","sensitive","sensitive","sensitive","sensitive","resistant","resistant"
"SPT50379","2016","true","1132","null","Kenya","KE","Kilifi","Kilifi","sensitive","sensitive","sensitive","sensitive","resistant","resistant"
"SPT50380","2016","true","1132","null","Kenya","KE","Kilifi","Kilifi","sensitive","sensitive","sensitive","sensitive","resistant","resistant"
"SPT50381","2016","true","1132","null","Kenya","KE","Kilifi","Kilifi","sensitive","sensitive","sensitive","sensitive","resistant","resistant"
"SPT50382","2016","true","1132","null","Kenya","KE","Kilifi","Kilifi","sensitive","sensitive","sensitive","sensitive","resistant","resistant"
"SPT50383","2016","true","1132","null","Kenya","KE","Kilifi","Kilifi","sensitive","sensitive","sensitive","sensitive","resistant","resistant"
"SPT50385","2016","true","1132","null","Kenya","KE","Kilifi","Kilifi","sensitive","sensitive","sensitive","sensitive","resistant","resistant"
"SPT50386","2016","true","1132","null","Kenya","KE","Kilifi","Kilifi","sensitive","sensitive","sensitive","sensitive","resistant","resistant"
"SPT50387","2016","true","1132","null","Kenya","KE","Kilifi","Kilifi","sensitive","sensitive","sensitive","sensitive","resistant","resistant"
"SPT50388","2016","true","1132","null","Kenya","KE","Kilifi","Kilifi","sensitive","sensitive","sensitive","sensitive","resistant","resistant"
"SPT50389","2016","true","1132","null","Kenya","KE","Kilifi","Kilifi","sensitive","sensitive","sensitive","sensitive","resistant","resistant"
"SPT50390","2016","true","1132","null","Kenya","KE","Kilifi","Kilifi","sensitive","sensitive","sensitive","sensitive","resistant","resistant"
"SPT50391","2016","true","1132","null","Kenya","KE","Kilifi","Kilifi","sensitive","sensitive","sensitive","sensitive","resistant","resistant"
"SPT50392","2016","true","1132","null","Kenya","KE","Kilifi","Kilifi","sensitive","sensitive","undetermined","undetermined","resistant","resistant"
"SPT50393","2016","true","1132","null","Kenya","KE","Kilifi","Kilifi","sensitive","sensitive","sensitive","sensitive","resistant","resistant"
"SPT50394","2016","true","1132","null","Kenya","KE","Kilifi","Kilifi","sensitive","undetermined","sensitive","sensitive","resistant","undetermined"
"SPT50395","2016","true","1132","null","Kenya","KE","Kilifi","Kilifi","sensitive","sensitive","sensitive","sensitive","resistant","resistant"
"SPT50396","2016","true","1132","null","Kenya","KE","Kilifi","Kilifi","sensitive","sensitive","sensitive","sensitive","resistant","resistant"
"SPT50397","2016","false","1132","null","Kenya","KE","Kilifi","Kilifi","null","null","null","null","null","null"
"SPT50398","2016","true","1132","null","Kenya","KE","Kilifi","Kilifi","sensitive","sensitive","sensitive","sensitive","resistant","resistant"
"SPT50399","2016","true","1132","null","Kenya","KE","Kilifi","Kilifi","sensitive","sensitive","sensitive","sensitive","resistant","resistant"
"SPT50400","2016","true","1132","null","Kenya","KE","Kilifi","Kilifi","sensitive","sensitive","sensitive","sensitive","resistant","sensitive"
"SPT50401","2016","true","1132","null","Kenya","KE","Kilifi","Kilifi","sensitive","sensitive","sensitive","sensitive","resistant","resistant"
"SPT50402","2016","true","1132","null","Kenya","KE","Kilifi","Kilifi","sensitive","sensitive","sensitive","sensitive","resistant","resistant"
"SPT50403","2016","true","1132","null","Kenya","KE","Kilifi","Kilifi","sensitive","sensitive","sensitive","sensitive","resistant","resistant"
"SPT50404","2016","true","1132","null","Kenya","KE","Kilifi","Kilifi","sensitive","sensitive","sensitive","sensitive","resistant","resistant"
"SPT50405","2017","true","1132","null","Kenya","KE","Kilifi","Kilifi","sensitive","sensitive","sensitive","sensitive","resistant","resistant"
"SPT50407","2017","true","1132","null","Kenya","KE","Kilifi","Kilifi","sensitive","sensitive","sensitive","sensitive","resistant","resistant"
"SPT50409","2017","true","1132","null","Kenya","KE","Kilifi","Kilifi","sensitive","sensitive","sensitive","sensitive","resistant","resistant"
"SPT50410","2017","true","1132","null","Kenya","KE","Kilifi","Kilifi","sensitive","sensitive","sensitive","sensitive","resistant","resistant"
"SPT50411","2017","true","1132","null","Kenya","KE","Kilifi","Kilifi","sensitive","sensitive","sensitive","sensitive","resistant","resistant"
"SPT50412","2017","true","1132","null","Kenya","KE","Kilifi","Kilifi","sensitive","sensitive","sensitive","sensitive","resistant","resistant"
"SPT50414","2017","true","1132","null","Kenya","KE","Kilifi","Kilifi","sensitive","sensitive","sensitive","sensitive","resistant","resistant"
"SPT50415","2017","true","1132","null","Kenya","KE","Kilifi","Kilifi","sensitive","sensitive","undetermined","sensitive","resistant","resistant"
"SPT50416","2017","true","1132","null","Kenya","KE","Kilifi","Kilifi","sensitive","sensitive","sensitive","sensitive","resistant","resistant"
"SPT50417","2017","true","1132","null","Kenya","KE","Kilifi","Kilifi","sensitive","sensitive","sensitive","sensitive","resistant","resistant"
"SPT50418","2017","true","1132","null","Kenya","KE","Kilifi","Kilifi","sensitive","sensitive","sensitive","sensitive","resistant","resistant"
"SPT50420","2017","true","1132","null","Kenya","KE","Kilifi","Kilifi","sensitive","sensitive","sensitive","sensitive","resistant","resistant"
"SPT50421","2017","true","1132","null","Kenya","KE","Kilifi","Kilifi","sensitive","sensitive","sensitive","sensitive","resistant","resistant"
"SPT50422","2017","true","1132","null","Kenya","KE","Kilifi","Kilifi","sensitive","sensitive","sensitive","sensitive","resistant","resistant"
"SPT50423","2017","true","1132","null","Kenya","KE","Kilifi","Kilifi","sensitive","sensitive","sensitive","sensitive","resistant","resistant"
"SPT50425","2017","true","1132","null","Kenya","KE","Kilifi","Kilifi","sensitive","sensitive","sensitive","sensitive","resistant","resistant"
"SPT50426","2017","true","1132","null","Kenya","KE","Kilifi","Kilifi","sensitive","sensitive","sensitive","sensitive","resistant","resistant"
"SPT50427","2017","true","1132","null","Kenya","KE","Kilifi","Kilifi","sensitive","sensitive","sensitive","sensitive","resistant","resistant"
"SPT50428","2017","true","1132","null","Kenya","KE","Kilifi","Kilifi","sensitive","sensitive","sensitive","sensitive","resistant","resistant"
"SPT50429","2017","true","1132","null","Kenya","KE","Kilifi","Kilifi","sensitive","sensitive","undetermined","sensitive","resistant","resistant"
"SPT50430","2017","true","1132","null","Kenya","KE","Kilifi","Kilifi","sensitive","sensitive","sensitive","sensitive","resistant","resistant"
"SPT50431","2018","true","1132","null","Kenya","KE","Kilifi","Kilifi","sensitive","sensitive","sensitive","sensitive","resistant","resistant"
"SPT50432","2017","true","1132","null","Kenya","KE","Kilifi","Kilifi","sensitive","sensitive","sensitive","sensitive","resistant","resistant"
"SPT50433","2018","true","1132","null","Kenya","KE","Kilifi","Kilifi","sensitive","sensitive","sensitive","sensitive","resistant","resistant"
"SPT50434","2018","true","1132","null","Kenya","KE","Kilifi","Kilifi","sensitive","sensitive","sensitive","sensitive","resistant","resistant"
"SPT50435","2018","true","1132","null","Kenya","KE","Kilifi","Kilifi","sensitive","sensitive","sensitive","sensitive","resistant","resistant"
"SPT50436","2018","true","1132","null","Kenya","KE","Kilifi","Kilifi","sensitive","sensitive","sensitive","sensitive","resistant","resistant"
"SPT50437","2018","true","1132","null","Kenya","KE","Kilifi","Kilifi","sensitive","sensitive","sensitive","sensitive","resistant","resistant"
"SPT50438","2018","true","1132","null","Kenya","KE","Kilifi","Kilifi","sensitive","sensitive","sensitive","sensitive","resistant","resistant"
"SPT50439","2017","true","1132","null","Kenya","KE","Kilifi","Kilifi","sensitive","sensitive","sensitive","sensitive","resistant","resistant"
"SPT50440","2018","true","1132","null","Kenya","KE","Kilifi","Kilifi","sensitive","sensitive","sensitive","sensitive","resistant","resistant"
"SPT50441","2018","true","1132","null","Kenya","KE","Kilifi","Kilifi","sensitive","sensitive","sensitive","sensitive","resistant","resistant"
"SPT50442","2018","false","1132","null","Kenya","KE","Kilifi","Kilifi","null","null","null","null","null","null"
"SPT50443","2018","true","1132","null","Kenya","KE","Kilifi","Kilifi","sensitive","sensitive","sensitive","sensitive","resistant","resistant"
"SPT50444","2018","true","1132","null","Kenya","KE","Kilifi","Kilifi","sensitive","sensitive","sensitive","sensitive","resistant","resistant"
"SPT50445","2018","true","1132","null","Kenya","KE","Kilifi","Kilifi","sensitive","sensitive","sensitive","sensitive","resistant","resistant"
"SPT50446","2018","true","1132","null","Kenya","KE","Kilifi","Kilifi","sensitive","sensitive","sensitive","sensitive","resistant","resistant"
"SPT50447","2018","true","1132","null","Kenya","KE","Kilifi","Kilifi","sensitive","sensitive","sensitive","sensitive","resistant","resistant"
"SPT50448","2018","true","1132","null","Kenya","KE","Kilifi","Kilifi","sensitive","sensitive","sensitive","sensitive","resistant","resistant"
"SPT50449","2018","true","1132","null","Kenya","KE","Kilifi","Kilifi","sensitive","sensitive","sensitive","sensitive","resistant","resistant"
"SPT50450","2018","true","1132","null","Kenya","KE","Kilifi","Kilifi","sensitive","sensitive","sensitive","sensitive","resistant","resistant"
"SPT50451","2018","true","1132","null","Kenya","KE","Kilifi","Kilifi","sensitive","sensitive","sensitive","sensitive","resistant","resistant"
"SPT50452","2018","true","1132","null","Kenya","KE","Kilifi","Kilifi","sensitive","sensitive","sensitive","sensitive","resistant","resistant"
"SPT50453","2018","true","1132","null","Kenya","KE","Kilifi","Kilifi","sensitive","sensitive","sensitive","sensitive","resistant","resistant"
"SPT50454","2018","true","1132","null","Kenya","KE","Kilifi","Kilifi","sensitive","sensitive","sensitive","sensitive","resistant","resistant"
"SPT50455","2018","true","1132","null","Kenya","KE","Kilifi","Kilifi","sensitive","sensitive","undetermined","undetermined","resistant","resistant"
"SPT50456","2018","true","1132","null","Kenya","KE","Kilifi","Kilifi","sensitive","sensitive","sensitive","sensitive","resistant","resistant"
"SPT50457","2018","true","1132","null","Kenya","KE","Kilifi","Kilifi","sensitive","sensitive","sensitive","sensitive","resistant","resistant"
"SPT50458","2018","true","1132","null","Kenya","KE","Kilifi","Kilifi","sensitive","sensitive","sensitive","sensitive","resistant","resistant"
"SPT50459","2018","true","1132","null","Kenya","KE","Kilifi","Kilifi","sensitive","sensitive","sensitive","sensitive","resistant","resistant"
"SPT50460","2018","true","1132","null","Kenya","KE","Kilifi","Kilifi","sensitive","sensitive","sensitive","sensitive","resistant","undetermined"
"SPT50461","2018","true","1132","null","Kenya","KE","Kilifi","Kilifi","sensitive","sensitive","sensitive","sensitive","resistant","resistant"
"SPT50462","2018","true","1132","null","Kenya","KE","Kilifi","Kilifi","sensitive","sensitive","sensitive","sensitive","resistant","resistant"
"SPT50463","2018","true","1132","null","Kenya","KE","Kilifi","Kilifi","sensitive","sensitive","sensitive","sensitive","resistant","resistant"
"SPT50464","2018","true","1132","null","Kenya","KE","Kilifi","Kilifi","sensitive","sensitive","sensitive","sensitive","resistant","resistant"
"SPT50465","2018","true","1132","null","Kenya","KE","Kilifi","Kilifi","sensitive","sensitive","sensitive","sensitive","resistant","resistant"
"SPT50466","2017","true","1132","null","Kenya","KE","Kilifi","Kilifi","sensitive","sensitive","sensitive","sensitive","resistant","resistant"
"SPT50468","2017","false","1132","null","Kenya","KE","Kilifi","Kilifi","null","null","null","null","null","null"
"SPT50469","1994","true","1132","null","Kenya","KE","Kilifi","Kilifi","sensitive","resistant","sensitive","sensitive","sensitive","sensitive"
"SPT50470","1994","true","1132","null","Kenya","KE","Kilifi","Kilifi","sensitive","resistant","sensitive","sensitive","resistant","sensitive"
"SPT50471","1994","true","1132","null","Kenya","KE","Kilifi","Kilifi","sensitive","sensitive","sensitive","sensitive","undetermined","undetermined"
"SPT50472","1994","true","1132","null","Kenya","KE","Kilifi","Kilifi","sensitive","resistant","sensitive","sensitive","resistant","resistant"
"SPT50473","1994","true","1132","null","Kenya","KE","Kilifi","Kilifi","sensitive","resistant","sensitive","sensitive","sensitive","sensitive"
"SPT50474","1994","true","1132","null","Kenya","KE","Kilifi","Kilifi","sensitive","resistant","sensitive","sensitive","resistant","resistant"
"SPT50475","1994","true","1132","null","Kenya","KE","Kilifi","Kilifi","sensitive","resistant","sensitive","sensitive","sensitive","sensitive"
"SPT50476","1994","true","1132","null","Kenya","KE","Kilifi","Kilifi","sensitive","resistant","sensitive","sensitive","resistant","resistant"
"SPT50477","1994","true","1132","null","Kenya","KE","Kilifi","Kilifi","sensitive","resistant","sensitive","sensitive","resistant","resistant"
"SPT50478","1994","true","1132","null","Kenya","KE","Kilifi","Kilifi","sensitive","resistant","sensitive","sensitive","resistant","resistant"
"SPT50479","1994","true","1132","null","Kenya","KE","Kilifi","Kilifi","sensitive","resistant","sensitive","sensitive","resistant","sensitive"
"SPT50480","1994","true","1132","null","Kenya","KE","Kilifi","Kilifi","sensitive","sensitive","sensitive","sensitive","sensitive","sensitive"
"SPT50481","1994","true","1132","null","Kenya","KE","Kilifi","Kilifi","sensitive","resistant","sensitive","sensitive","resistant","sensitive"
"SPT50482","1994","true","1132","null","Kenya","KE","Kilifi","Kilifi","sensitive","undetermined","sensitive","sensitive","undetermined","undetermined"
"SPT50483","1994","true","1132","null","Kenya","KE","Kilifi","Kilifi","sensitive","resistant","sensitive","sensitive","resistant","resistant"
"SPT50484","1994","true","1132","null","Kenya","KE","Kilifi","Kilifi","sensitive","resistant","sensitive","sensitive","sensitive","sensitive"
"SPT50485","1994","true","1132","null","Kenya","KE","Kilifi","Kilifi","sensitive","resistant","sensitive","sensitive","undetermined","sensitive"
"SPT50486","1994","true","1132","null","Kenya","KE","Kilifi","Kilifi","sensitive","resistant","sensitive","sensitive","resistant","sensitive"
"SPT50487","1994","true","1132","null","Kenya","KE","Kilifi","Kilifi","sensitive","undetermined","sensitive","sensitive","sensitive","sensitive"
"SPT50488","1994","true","1132","null","Kenya","KE","Kilifi","Kilifi","sensitive","resistant","sensitive","sensitive","undetermined","sensitive"
"SPT50489","1994","true","1132","null","Kenya","KE","Kilifi","Kilifi","sensitive","undetermined","sensitive","sensitive","undetermined","sensitive"
"SPT50491","1994","true","1132","null","Kenya","KE","Kilifi","Kilifi","sensitive","sensitive","undetermined","sensitive","undetermined","sensitive"
"SPT50492","1994","true","1132","null","Kenya","KE","Kilifi","Kilifi","sensitive","resistant","undetermined","undetermined","undetermined","sensitive"
"SPT50493","1995","true","1132","null","Kenya","KE","Kilifi","Kilifi","sensitive","resistant","sensitive","sensitive","sensitive","sensitive"
"SPT50494","1995","true","1132","null","Kenya","KE","Kilifi","Kilifi","sensitive","resistant","sensitive","sensitive","sensitive","sensitive"
"SPT50495","1995","true","1132","null","Kenya","KE","Kilifi","Kilifi","sensitive","resistant","sensitive","sensitive","resistant","sensitive"
"SPT50496","1995","true","1132","null","Kenya","KE","Kilifi","Kilifi","sensitive","resistant","sensitive","sensitive","resistant","sensitive"
"SPT50497","1995","true","1132","null","Kenya","KE","Kilifi","Kilifi","sensitive","sensitive","sensitive","sensitive","resistant","sensitive"
"SPT50498","1995","true","1132","null","Kenya","KE","Kilifi","Kilifi","sensitive","sensitive","undetermined","undetermined","sensitive","sensitive"
"SPT50499","1995","true","1132","null","Kenya","KE","Kilifi","Kilifi","sensitive","resistant","sensitive","sensitive","undetermined","sensitive"
"SPT50501","1997","true","1132","null","Kenya","KE","Kilifi","Kilifi","sensitive","undetermined","sensitive","sensitive","resistant","sensitive"
"SPT50502","1997","true","1132","null","Kenya","KE","Kilifi","Kilifi","sensitive","sensitive","sensitive","sensitive","sensitive","resistant"
"SPT50503","1997","true","1132","null","Kenya","KE","Kilifi","Kilifi","sensitive","resistant","sensitive","sensitive","resistant","sensitive"
"SPT50504","1997","true","1132","null","Kenya","KE","Kilifi","Kilifi","sensitive","resistant","undetermined","sensitive","sensitive","sensitive"
"SPT50505","1997","true","1132","null","Kenya","KE","Kilifi","Kilifi","sensitive","resistant","sensitive","sensitive","resistant","sensitive"
"SPT50506","1997","true","1132","null","Kenya","KE","Kilifi","Kilifi","sensitive","undetermined","sensitive","sensitive","undetermined","undetermined"
"SPT50507","1997","true","1132","null","Kenya","KE","Kilifi","Kilifi","sensitive","resistant","sensitive","sensitive","sensitive","sensitive"
"SPT50508","1997","true","1132","null","Kenya","KE","Kilifi","Kilifi","sensitive","undetermined","sensitive","sensitive","resistant","sensitive"
"SPT50509","1997","true","1132","null","Kenya","KE","Kilifi","Kilifi","sensitive","resistant","sensitive","sensitive","undetermined","sensitive"
"SPT50510","1998","true","1132","null","Kenya","KE","Kilifi","Kilifi","sensitive","resistant","sensitive","sensitive","undetermined","sensitive"
"SPT50511","1998","true","1132","null","Kenya","KE","Kilifi","Kilifi","sensitive","resistant","sensitive","sensitive","resistant","sensitive"
"SPT50512","1998","true","1132","null","Kenya","KE","Kilifi","Kilifi","sensitive","undetermined","sensitive","sensitive","undetermined","sensitive"
"SPT50513","1998","true","1132","null","Kenya","KE","Kilifi","Kilifi","sensitive","undetermined","sensitive","sensitive","undetermined","sensitive"
"SPT50514","1998","true","1132","null","Kenya","KE","Kilifi","Kilifi","sensitive","resistant","sensitive","sensitive","undetermined","sensitive"
"SPT50515","1998","true","1132","null","Kenya","KE","Kilifi","Kilifi","sensitive","sensitive","sensitive","sensitive","undetermined","sensitive"
"SPT50517","1998","true","1132","null","Kenya","KE","Kilifi","Kilifi","sensitive","resistant","sensitive","sensitive","resistant","sensitive"
"SPT50518","1998","true","1132","null","Kenya","KE","Kilifi","Kilifi","sensitive","resistant","sensitive","sensitive","resistant","sensitive"
"SPT50519","1998","true","1132","null","Kenya","KE","Kilifi","Kilifi","sensitive","sensitive","sensitive","sensitive","resistant","sensitive"
"SPT50520","1998","true","1132","null","Kenya","KE","Kilifi","Kilifi","sensitive","resistant","sensitive","sensitive","resistant","sensitive"
"SPT50521","1998","true","1132","null","Kenya","KE","Kilifi","Kilifi","sensitive","resistant","sensitive","sensitive","resistant","sensitive"
"SPT50522","2007","false","1132","null","Kenya","KE","Kilifi","Kilifi","null","null","null","null","null","null"
"SPT50523","1998","true","1132","null","Kenya","KE","Kilifi","Kilifi","sensitive","resistant","sensitive","sensitive","sensitive","sensitive"
"SPT50524","1998","true","1132","null","Kenya","KE","Kilifi","Kilifi","sensitive","resistant","sensitive","sensitive","resistant","undetermined"
"SPT50525","1998","true","1132","null","Kenya","KE","Kilifi","Kilifi","sensitive","resistant","sensitive","sensitive","sensitive","sensitive"
"SPT50526","1998","true","1132","null","Kenya","KE","Kilifi","Kilifi","sensitive","resistant","sensitive","sensitive","resistant","resistant"
"SPT50527","1998","true","1132","null","Kenya","KE","Kilifi","Kilifi","sensitive","resistant","sensitive","sensitive","resistant","resistant"
"SPT50528","1998","true","1132","null","Kenya","KE","Kilifi","Kilifi","sensitive","resistant","sensitive","sensitive","resistant","sensitive"
"SPT50529","1998","true","1132","null","Kenya","KE","Kilifi","Kilifi","sensitive","resistant","sensitive","sensitive","sensitive","sensitive"
"SPT50530","1998","true","1132","null","Kenya","KE","Kilifi","Kilifi","sensitive","sensitive","sensitive","sensitive","resistant","sensitive"
"SPT50531","1998","true","1132","null","Kenya","KE","Kilifi","Kilifi","sensitive","resistant","sensitive","sensitive","resistant","resistant"
"SPT50532","1998","true","1132","null","Kenya","KE","Kilifi","Kilifi","sensitive","resistant","sensitive","sensitive","resistant","sensitive"
"SPT50533","1998","true","1132","null","Kenya","KE","Kilifi","Kilifi","sensitive","resistant","sensitive","sensitive","resistant","sensitive"
"SPT50534","1998","true","1132","null","Kenya","KE","Kilifi","Kilifi","sensitive","resistant","sensitive","sensitive","sensitive","sensitive"
"SPT50535","1998","true","1132","null","Kenya","KE","Kilifi","Kilifi","sensitive","resistant","sensitive","sensitive","resistant","sensitive"
"SPT50536","2003","true","1132","null","Kenya","KE","Kilifi","Kilifi","sensitive","sensitive","sensitive","sensitive","sensitive","sensitive"
"SPT50537","2003","true","1132","null","Kenya","KE","Kilifi","Kilifi","sensitive","resistant","sensitive","sensitive","resistant","resistant"
"SPT50538","2003","true","1132","null","Kenya","KE","Kilifi","Kilifi","sensitive","undetermined","sensitive","sensitive","resistant","undetermined"
"SPT50539","2003","true","1132","null","Kenya","KE","Kilifi","Kilifi","sensitive","sensitive","sensitive","sensitive","resistant","sensitive"
"SPT50540","2003","true","1132","null","Kenya","KE","Kilifi","Kilifi","sensitive","resistant","sensitive","sensitive","resistant","resistant"
"SPT50541","2003","true","1132","null","Kenya","KE","Kilifi","Kilifi","sensitive","sensitive","sensitive","sensitive","resistant","undetermined"
"SPT50542","2003","true","1132","null","Kenya","KE","Kilifi","Kilifi","sensitive","resistant","sensitive","sensitive","resistant","sensitive"
"SPT50543","2003","true","1132","null","Kenya","KE","Kilifi","Kilifi","sensitive","undetermined","undetermined","sensitive","resistant","undetermined"
"SPT50544","2003","true","1132","null","Kenya","KE","Kilifi","Kilifi","sensitive","undetermined","undetermined","undetermined","undetermined","sensitive"
"SPT50545","2003","true","1132","null","Kenya","KE","Kilifi","Kilifi","sensitive","sensitive","sensitive","sensitive","resistant","resistant"
"SPT50546","2003","true","1132","null","Kenya","KE","Kilifi","Kilifi","sensitive","undetermined","sensitive","sensitive","resistant","resistant"
"SPT50547","2003","true","1132","null","Kenya","KE","Kilifi","Kilifi","sensitive","undetermined","sensitive","sensitive","resistant","resistant"
"SPT50548","2003","true","1132","null","Kenya","KE","Kilifi","Kilifi","sensitive","resistant","sensitive","sensitive","resistant","resistant"
"SPT50549","2003","true","1132","null","Kenya","KE","Kilifi","Kilifi","sensitive","undetermined","sensitive","sensitive","resistant","resistant"
"SPT50550","2003","true","1132","null","Kenya","KE","Kilifi","Kilifi","sensitive","sensitive","sensitive","sensitive","resistant","resistant"
"SPT50551","2004","true","1132","null","Kenya","KE","Kilifi","Kilifi","sensitive","undetermined","sensitive","sensitive","resistant","resistant"
"SPT50552","2004","true","1132","null","Kenya","KE","Kilifi","Kilifi","sensitive","sensitive","sensitive","sensitive","resistant","resistant"
"SPT50553","2004","true","1132","null","Kenya","KE","Kilifi","Kilifi","sensitive","sensitive","sensitive","sensitive","resistant","resistant"
"SPT50554","2004","true","1132","null","Kenya","KE","Kilifi","Kilifi","sensitive","resistant","sensitive","sensitive","resistant","sensitive"
"SPT50555","2004","true","1132","null","Kenya","KE","Kilifi","Kilifi","sensitive","undetermined","sensitive","sensitive","resistant","resistant"
"SPT50556","2004","true","1132","null","Kenya","KE","Kilifi","Kilifi","sensitive","resistant","sensitive","sensitive","resistant","resistant"
"SPT50557","2004","true","1132","null","Kenya","KE","Kilifi","Kilifi","sensitive","sensitive","sensitive","sensitive","resistant","resistant"
"SPT50558","2004","true","1132","null","Kenya","KE","Kilifi","Kilifi","sensitive","undetermined","sensitive","sensitive","resistant","undetermined"
"SPT50559","2004","true","1132","null","Kenya","KE","Kilifi","Kilifi","sensitive","sensitive","sensitive","sensitive","resistant","sensitive"
"SPT50560","1998","true","1132","null","Kenya","KE","Kilifi","Kilifi","sensitive","resistant","sensitive","sensitive","sensitive","sensitive"
"SPT50561","2004","true","1132","null","Kenya","KE","Kilifi","Kilifi","sensitive","resistant","sensitive","sensitive","resistant","resistant"
"SPT50562","2004","true","1132","null","Kenya","KE","Kilifi","Kilifi","sensitive","resistant","sensitive","sensitive","resistant","resistant"
"SPT50563","2004","true","1132","null","Kenya","KE","Kilifi","Kilifi","sensitive","sensitive","sensitive","sensitive","resistant","resistant"
"SPT50564","2004","true","1132","null","Kenya","KE","Kilifi","Kilifi","sensitive","sensitive","sensitive","sensitive","resistant","resistant"
"SPT50565","2004","true","1132","null","Kenya","KE","Kilifi","Kilifi","sensitive","sensitive","sensitive","sensitive","sensitive","undetermined"
"SPT50566","2004","true","1132","null","Kenya","KE","Kilifi","Kilifi","sensitive","sensitive","sensitive","sensitive","resistant","undetermined"
"SPT50567","2004","true","1132","null","Kenya","KE","Kilifi","Kilifi","sensitive","resistant","sensitive","sensitive","resistant","resistant"
"SPT50568","2004","true","1132","null","Kenya","KE","Kilifi","Kilifi","sensitive","sensitive","sensitive","sensitive","resistant","sensitive"
"SPT50569","2004","true","1132","null","Kenya","KE","Kilifi","Kilifi","sensitive","resistant","sensitive","sensitive","resistant","resistant"
"SPT50570","2004","true","1132","null","Kenya","KE","Kilifi","Kilifi","sensitive","sensitive","sensitive","sensitive","resistant","resistant"
"SPT50571","2004","true","1132","null","Kenya","KE","Kilifi","Kilifi","sensitive","undetermined","sensitive","sensitive","resistant","resistant"
"SPT50572","2004","true","1132","null","Kenya","KE","Kilifi","Kilifi","sensitive","sensitive","sensitive","sensitive","resistant","resistant"
"SPT50573","2004","true","1132","null","Kenya","KE","Kilifi","Kilifi","sensitive","undetermined","sensitive","sensitive","resistant","undetermined"
"SPT50574","2004","true","1132","null","Kenya","KE","Kilifi","Kilifi","sensitive","resistant","sensitive","sensitive","resistant","resistant"
"SPT50575","2004","true","1132","null","Kenya","KE","Kilifi","Kilifi","sensitive","resistant","sensitive","sensitive","resistant","sensitive"
"SPT50576","2004","true","1132","null","Kenya","KE","Kilifi","Kilifi","sensitive","sensitive","sensitive","sensitive","sensitive","resistant"
"SPT50577","2004","true","1132","null","Kenya","KE","Kilifi","Kilifi","sensitive","sensitive","sensitive","sensitive","resistant","resistant"
"SPT50578","2004","true","1132","null","Kenya","KE","Kilifi","Kilifi","sensitive","undetermined","sensitive","sensitive","resistant","resistant"
"SPT50579","2004","true","1132","null","Kenya","KE","Kilifi","Kilifi","sensitive","resistant","sensitive","sensitive","resistant","sensitive"
"SPT50580","2004","true","1132","null","Kenya","KE","Kilifi","Kilifi","sensitive","sensitive","sensitive","sensitive","resistant","resistant"
"SPT50581","2004","true","1132","null","Kenya","KE","Kilifi","Kilifi","sensitive","resistant","sensitive","sensitive","resistant","resistant"
"SPT50582","2004","true","1132","null","Kenya","KE","Kilifi","Kilifi","sensitive","resistant","sensitive","sensitive","resistant","resistant"
"SPT50583","2004","true","1132","null","Kenya","KE","Kilifi","Kilifi","sensitive","sensitive","sensitive","sensitive","resistant","resistant"
"SPT50584","2004","true","1132","null","Kenya","KE","Kilifi","Kilifi","sensitive","undetermined","sensitive","sensitive","undetermined","undetermined"
"SPT50585","2004","true","1132","null","Kenya","KE","Kilifi","Kilifi","sensitive","undetermined","sensitive","sensitive","resistant","resistant"
"SPT50586","2004","true","1132","null","Kenya","KE","Kilifi","Kilifi","sensitive","sensitive","sensitive","sensitive","resistant","sensitive"
"SPT50587","2004","true","1132","null","Kenya","KE","Kilifi","Kilifi","sensitive","sensitive","sensitive","sensitive","resistant","resistant"
"SPT50588","2004","true","1132","null","Kenya","KE","Kilifi","Kilifi","undetermined","resistant","sensitive","sensitive","resistant","resistant"
"SPT50589","2004","true","1132","null","Kenya","KE","Kilifi","Kilifi","sensitive","sensitive","sensitive","sensitive","resistant","resistant"
"SPT50590","2004","true","1132","null","Kenya","KE","Kilifi","Kilifi","sensitive","undetermined","sensitive","sensitive","resistant","undetermined"
"SPT50591","2004","true","1132","null","Kenya","KE","Kilifi","Kilifi","sensitive","sensitive","sensitive","sensitive","resistant","sensitive"
"SPT50592","2004","true","1132","null","Kenya","KE","Kilifi","Kilifi","sensitive","sensitive","sensitive","sensitive","resistant","resistant"
"SPT50593","2004","true","1132","null","Kenya","KE","Kilifi","Kilifi","sensitive","resistant","sensitive","sensitive","resistant","resistant"
"SPT50594","2004","true","1132","null","Kenya","KE","Kilifi","Kilifi","sensitive","resistant","sensitive","sensitive","resistant","resistant"
"SPT50595","2004","true","1132","null","Kenya","KE","Kilifi","Kilifi","sensitive","resistant","sensitive","sensitive","resistant","resistant"
"SPT50596","2005","true","1132","null","Kenya","KE","Kilifi","Kilifi","sensitive","sensitive","sensitive","sensitive","resistant","resistant"
"SPT50597","2005","true","1132","null","Kenya","KE","Kilifi","Kilifi","sensitive","resistant","sensitive","sensitive","resistant","resistant"
"SPT50598","2005","true","1132","null","Kenya","KE","Kilifi","Kilifi","sensitive","undetermined","sensitive","sensitive","undetermined","undetermined"
"SPT50599","2005","true","1132","null","Kenya","KE","Kilifi","Kilifi","sensitive","sensitive","sensitive","sensitive","resistant","resistant"
"SPT50600","2005","true","1132","null","Kenya","KE","Kilifi","Kilifi","sensitive","sensitive","sensitive","sensitive","resistant","undetermined"
"SPT50601","2005","true","1132","null","Kenya","KE","Kilifi","Kilifi","sensitive","resistant","sensitive","sensitive","resistant","undetermined"
"SPT50602","2005","true","1132","null","Kenya","KE","Kilifi","Kilifi","sensitive","resistant","sensitive","sensitive","resistant","resistant"
"SPT50603","2005","true","1132","null","Kenya","KE","Kilifi","Kilifi","sensitive","resistant","sensitive","sensitive","resistant","resistant"
"SPT50604","2005","true","1132","null","Kenya","KE","Kilifi","Kilifi","sensitive","sensitive","sensitive","sensitive","resistant","resistant"
"SPT50605","2006","true","1132","null","Kenya","KE","Kilifi","Kilifi","sensitive","resistant","sensitive","sensitive","resistant","resistant"
"SPT50606","2006","true","1132","null","Kenya","KE","Kilifi","Kilifi","sensitive","sensitive","sensitive","sensitive","resistant","resistant"
"SPT50607","2006","true","1132","null","Kenya","KE","Kilifi","Kilifi","sensitive","resistant","sensitive","sensitive","resistant","resistant"
"SPT50608","2006","true","1132","null","Kenya","KE","Kilifi","Kilifi","sensitive","sensitive","sensitive","sensitive","resistant","sensitive"
"SPT50609","2006","true","1132","null","Kenya","KE","Kilifi","Kilifi","sensitive","undetermined","sensitive","sensitive","resistant","resistant"
"SPT50610","2006","true","1132","null","Kenya","KE","Kilifi","Kilifi","sensitive","sensitive","sensitive","sensitive","resistant","sensitive"
"SPT50611","2007","true","1132","null","Kenya","KE","Kilifi","Kilifi","sensitive","sensitive","sensitive","sensitive","resistant","resistant"
"SPT50612","2007","true","1132","null","Kenya","KE","Kilifi","Kilifi","sensitive","resistant","sensitive","sensitive","resistant","sensitive"
"SPT50613","2007","true","1132","null","Kenya","KE","Kilifi","Kilifi","sensitive","sensitive","sensitive","sensitive","resistant","resistant"
"SPT50614","2007","true","1132","null","Kenya","KE","Kilifi","Kilifi","sensitive","sensitive","sensitive","sensitive","resistant","resistant"
"SPT50615","2007","true","1132","null","Kenya","KE","Kilifi","Kilifi","sensitive","resistant","sensitive","sensitive","sensitive","resistant"
"SPT50616","2007","true","1132","null","Kenya","KE","Kilifi","Kilifi","sensitive","undetermined","sensitive","sensitive","resistant","resistant"
"SPT50617","2007","true","1132","null","Kenya","KE","Kilifi","Kilifi","sensitive","resistant","sensitive","sensitive","resistant","resistant"
"SPT50618","2007","true","1132","null","Kenya","KE","Kilifi","Kilifi","sensitive","sensitive","sensitive","sensitive","resistant","resistant"
"SPT50619","2013","true","1132","null","Kenya","KE","Kilifi","Kilifi","sensitive","sensitive","sensitive","sensitive","resistant","resistant"
"SPT50620","2013","true","1132","null","Kenya","KE","Kilifi","Kilifi","sensitive","sensitive","sensitive","sensitive","resistant","resistant"
"SPT50621","2013","true","1132","null","Kenya","KE","Kilifi","Kilifi","sensitive","sensitive","sensitive","sensitive","resistant","sensitive"
"SPT50622","2013","true","1132","null","Kenya","KE","Kilifi","Kilifi","sensitive","sensitive","sensitive","sensitive","resistant","resistant"
"SPT50623","2013","true","1132","null","Kenya","KE","Kilifi","Kilifi","sensitive","sensitive","sensitive","sensitive","resistant","resistant"
"SPT50624","2013","true","1132","null","Kenya","KE","Kilifi","Kilifi","sensitive","sensitive","sensitive","sensitive","resistant","sensitive"
"SPT50625","2013","true","1132","null","Kenya","KE","Kilifi","Kilifi","sensitive","sensitive","sensitive","sensitive","resistant","resistant"
"SPT50626","2013","true","1132","null","Kenya","KE","Kilifi","Kilifi","sensitive","sensitive","sensitive","sensitive","resistant","resistant"
"SPT50627","2013","true","1132","null","Kenya","KE","Kilifi","Kilifi","sensitive","sensitive","sensitive","sensitive","resistant","sensitive"
"SPT50628","2013","true","1132","null","Kenya","KE","Kilifi","Kilifi","sensitive","sensitive","sensitive","sensitive","resistant","resistant"
"SPT50629","2014","true","1132","null","Kenya","KE","Kilifi","Kilifi","sensitive","sensitive","sensitive","sensitive","resistant","resistant"
"SPT50630","2014","true","1132","null","Kenya","KE","Kilifi","Kilifi","sensitive","sensitive","sensitive","sensitive","resistant","resistant"
"SPT50631","2014","true","1132","null","Kenya","KE","Kilifi","Kilifi","sensitive","sensitive","sensitive","sensitive","resistant","resistant"
"SPT50632","2014","true","1132","null","Kenya","KE","Kilifi","Kilifi","sensitive","sensitive","sensitive","sensitive","resistant","resistant"
"SPT50633","2014","true","1132","null","Kenya","KE","Kilifi","Kilifi","sensitive","sensitive","sensitive","sensitive","resistant","resistant"
"SPT50634","2014","true","1132","null","Kenya","KE","Kilifi","Kilifi","sensitive","sensitive","sensitive","sensitive","resistant","resistant"
"SPT50635","2014","true","1132","null","Kenya","KE","Kilifi","Kilifi","sensitive","sensitive","sensitive","sensitive","resistant","resistant"
"SPT50636","2014","true","1132","null","Kenya","KE","Kilifi","Kilifi","sensitive","sensitive","sensitive","sensitive","resistant","resistant"
"SPT50637","2014","true","1132","null","Kenya","KE","Kilifi","Kilifi","sensitive","sensitive","undetermined","sensitive","resistant","resistant"
"SPT50638","2014","true","1132","null","Kenya","KE","Kilifi","Kilifi","sensitive","sensitive","sensitive","sensitive","resistant","resistant"
"SPT50639","2015","true","1132","null","Kenya","KE","Kilifi","Kilifi","sensitive","sensitive","sensitive","sensitive","resistant","resistant"
"SPT50640","2015","true","1132","null","Kenya","KE","Kilifi","Kilifi","sensitive","sensitive","sensitive","sensitive","resistant","resistant"
"SPT50641","2015","true","1132","null","Kenya","KE","Kilifi","Kilifi","sensitive","sensitive","sensitive","sensitive","resistant","resistant"
"SPT50642","2015","true","1132","null","Kenya","KE","Kilifi","Kilifi","sensitive","sensitive","sensitive","sensitive","resistant","resistant"
"SPT50643","2015","true","1132","null","Kenya","KE","Kilifi","Kilifi","sensitive","sensitive","undetermined","sensitive","resistant","resistant"
"SPT50644","2015","true","1132","null","Kenya","KE","Kilifi","Kilifi","sensitive","sensitive","sensitive","sensitive","resistant","resistant"
"SPT50645","2015","true","1132","null","Kenya","KE","Kilifi","Kilifi","sensitive","sensitive","sensitive","sensitive","resistant","resistant"
"SPT50646","2015","true","1132","null","Kenya","KE","Kilifi","Kilifi","sensitive","sensitive","sensitive","sensitive","resistant","resistant"
"SPT50647","2015","true","1132","null","Kenya","KE","Kilifi","Kilifi","sensitive","sensitive","sensitive","sensitive","resistant","resistant"
"SPT50648","2015","true","1132","null","Kenya","KE","Kilifi","Kilifi","sensitive","undetermined","sensitive","sensitive","resistant","resistant"
"SPT50649","2015","true","1132","null","Kenya","KE","Kilifi","Kilifi","sensitive","sensitive","sensitive","sensitive","resistant","resistant"
"SPT50650","2015","true","1132","null","Kenya","KE","Kilifi","Kilifi","sensitive","sensitive","sensitive","sensitive","resistant","resistant"
"SPT50651","2015","true","1132","null","Kenya","KE","Kilifi","Kilifi","sensitive","sensitive","sensitive","sensitive","resistant","resistant"
"SPT50652","2015","true","1132","null","Kenya","KE","Kilifi","Kilifi","sensitive","sensitive","sensitive","sensitive","resistant","resistant"
"SPT50653","2016","true","1132","null","Kenya","KE","Kilifi","Kilifi","sensitive","sensitive","sensitive","sensitive","resistant","resistant"
"SPT50654","2016","true","1132","null","Kenya","KE","Kilifi","Kilifi","sensitive","sensitive","sensitive","sensitive","resistant","resistant"
"SPT50655","2016","true","1132","null","Kenya","KE","Kilifi","Kilifi","sensitive","sensitive","sensitive","sensitive","resistant","resistant"
"SPT50656","2016","true","1132","null","Kenya","KE","Kilifi","Kilifi","sensitive","sensitive","sensitive","sensitive","resistant","resistant"
"SPT50657","2016","true","1132","null","Kenya","KE","Kilifi","Kilifi","sensitive","undetermined","sensitive","sensitive","resistant","resistant"
"SPT50658","2016","true","1132","null","Kenya","KE","Kilifi","Kilifi","sensitive","sensitive","sensitive","sensitive","resistant","resistant"
"SPT50659","2016","true","1132","null","Kenya","KE","Kilifi","Kilifi","sensitive","undetermined","sensitive","sensitive","resistant","resistant"
"SPT50660","2016","true","1132","null","Kenya","KE","Kilifi","Kilifi","sensitive","sensitive","sensitive","sensitive","resistant","resistant"
"SPT50661","2016","true","1132","null","Kenya","KE","Kilifi","Kilifi","sensitive","undetermined","sensitive","sensitive","resistant","resistant"
"SPT50662","2016","true","1132","null","Kenya","KE","Kilifi","Kilifi","sensitive","sensitive","sensitive","sensitive","resistant","resistant"
"SPT50663","2016","true","1132","null","Kenya","KE","Kilifi","Kilifi","sensitive","sensitive","sensitive","sensitive","resistant","resistant"
"SPT50664","2016","true","1132","null","Kenya","KE","Kilifi","Kilifi","sensitive","sensitive","sensitive","sensitive","resistant","resistant"
"SPT50665","2016","true","1132","null","Kenya","KE","Kilifi","Kilifi","sensitive","sensitive","sensitive","sensitive","resistant","resistant"
"SPT50666","2016","true","1132","null","Kenya","KE","Kilifi","Kilifi","sensitive","sensitive","sensitive","sensitive","resistant","resistant"
"SPT50667","2016","true","1132","null","Kenya","KE","Kilifi","Kilifi","sensitive","sensitive","sensitive","sensitive","resistant","resistant"
"SPT50668","2016","true","1132","null","Kenya","KE","Kilifi","Kilifi","sensitive","sensitive","sensitive","sensitive","resistant","resistant"
"SPT50669","2016","false","1132","null","Kenya","KE","Kilifi","Kilifi","null","null","null","null","null","null"
"SPT50670","2017","true","1132","null","Kenya","KE","Kilifi","Kilifi","sensitive","sensitive","sensitive","sensitive","resistant","resistant"
"SPT50671","2017","true","1132","null","Kenya","KE","Kilifi","Kilifi","sensitive","sensitive","sensitive","sensitive","resistant","resistant"
"SPT50672","2017","true","1132","null","Kenya","KE","Kilifi","Kilifi","sensitive","sensitive","sensitive","sensitive","resistant","resistant"
"SPT50673","2017","true","1132","null","Kenya","KE","Kilifi","Kilifi","sensitive","sensitive","sensitive","sensitive","resistant","resistant"
"SPT50674","2017","true","1132","null","Kenya","KE","Kilifi","Kilifi","sensitive","sensitive","sensitive","sensitive","resistant","resistant"
"SPT50675","2017","true","1132","null","Kenya","KE","Kilifi","Kilifi","sensitive","sensitive","sensitive","sensitive","resistant","resistant"
"SPT50676","2017","true","1132","null","Kenya","KE","Kilifi","Kilifi","sensitive","sensitive","sensitive","sensitive","resistant","resistant"
"SPT50677","2017","true","1132","null","Kenya","KE","Kilifi","Kilifi","sensitive","sensitive","sensitive","sensitive","resistant","resistant"
"SPT50678","2017","true","1132","null","Kenya","KE","Kilifi","Kilifi","sensitive","sensitive","sensitive","sensitive","resistant","resistant"
"SPT50679","2017","true","1132","null","Kenya","KE","Kilifi","Kilifi","sensitive","sensitive","sensitive","sensitive","resistant","resistant"
"SPT50680","2017","true","1132","null","Kenya","KE","Kilifi","Kilifi","sensitive","sensitive","sensitive","sensitive","resistant","resistant"
"SPT50681","2017","true","1132","null","Kenya","KE","Kilifi","Kilifi","sensitive","sensitive","sensitive","sensitive","resistant","resistant"
"SPT50682","2017","true","1132","null","Kenya","KE","Kilifi","Kilifi","sensitive","sensitive","sensitive","sensitive","resistant","resistant"
"SPT50683","2017","true","1132","null","Kenya","KE","Kilifi","Kilifi","sensitive","sensitive","sensitive","sensitive","resistant","resistant"
"SPT50684","2017","true","1132","null","Kenya","KE","Kilifi","Kilifi","sensitive","sensitive","sensitive","sensitive","resistant","resistant"
"SPT50685","2017","true","1132","null","Kenya","KE","Kilifi","Kilifi","sensitive","sensitive","sensitive","sensitive","resistant","resistant"
"SPT50686","2017","true","1132","null","Kenya","KE","Kilifi","Kilifi","undetermined","sensitive","sensitive","sensitive","resistant","resistant"
"SPT50687","2017","true","1132","null","Kenya","KE","Kilifi","Kilifi","sensitive","sensitive","sensitive","sensitive","resistant","resistant"
"SPT50689","2018","true","1132","null","Kenya","KE","Kilifi","Kilifi","sensitive","sensitive","sensitive","sensitive","resistant","resistant"
"SPT50690","2018","true","1132","null","Kenya","KE","Kilifi","Kilifi","sensitive","sensitive","sensitive","sensitive","resistant","resistant"
"SPT50691","2018","true","1132","null","Kenya","KE","Kilifi","Kilifi","sensitive","sensitive","undetermined","undetermined","resistant","resistant"
"SPT50692","2018","true","1132","null","Kenya","KE","Kilifi","Kilifi","sensitive","sensitive","sensitive","sensitive","resistant","resistant"
"SPT50693","2018","true","1132","null","Kenya","KE","Kilifi","Kilifi","sensitive","sensitive","sensitive","sensitive","resistant","resistant"
"SPT50694","2018","true","1132","null","Kenya","KE","Kilifi","Kilifi","sensitive","sensitive","sensitive","sensitive","resistant","resistant"
"SPT50695","1994","true","1132","null","Kenya","KE","Kilifi","Kilifi","sensitive","sensitive","sensitive","sensitive","resistant","sensitive"
"SPT50696","1994","true","1132","null","Kenya","KE","Kilifi","Kilifi","sensitive","resistant","sensitive","sensitive","resistant","resistant"
"SPT50697","1994","true","1132","null","Kenya","KE","Kilifi","Kilifi","sensitive","undetermined","sensitive","sensitive","resistant","resistant"
"SPT50698","2008","true","1132","null","Kenya","KE","Kilifi","Kilifi","sensitive","sensitive","sensitive","sensitive","sensitive","sensitive"
"SPT50699","2018","true","1132","null","Kenya","KE","Kilifi","Kilifi","sensitive","sensitive","undetermined","undetermined","sensitive","sensitive"
"SPT50700","1997","true","1132","null","Kenya","KE","Kilifi","Kilifi","sensitive","sensitive","undetermined","undetermined","resistant","sensitive"
"SPT50701","1997","true","1132","null","Kenya","KE","Kilifi","Kilifi","sensitive","undetermined","undetermined","sensitive","undetermined","sensitive"
"SPT50702","1997","true","1132","null","Kenya","KE","Kilifi","Kilifi","sensitive","resistant","sensitive","sensitive","resistant","sensitive"
"SPT50703","1997","true","1132","null","Kenya","KE","Kilifi","Kilifi","sensitive","resistant","sensitive","sensitive","sensitive","resistant"
"SPT50704","1998","true","1132","null","Kenya","KE","Kilifi","Kilifi","sensitive","sensitive","undetermined","sensitive","sensitive","sensitive"
"SPT50705","1998","false","1132","null","Kenya","KE","Kilifi","Kilifi","null","null","null","null","null","null"
"SPT50706","1998","true","1132","null","Kenya","KE","Kilifi","Kilifi","sensitive","resistant","sensitive","sensitive","resistant","resistant"
"SPT50707","1998","true","1132","null","Kenya","KE","Kilifi","Kilifi","sensitive","resistant","undetermined","undetermined","resistant","sensitive"
"SPT50708","1998","true","1132","null","Kenya","KE","Kilifi","Kilifi","sensitive","resistant","sensitive","sensitive","resistant","resistant"
"SPT50709","1999","false","1132","null","Kenya","KE","Kilifi","Kilifi","null","null","null","null","null","null"
"SPT50710","1999","true","1132","null","Kenya","KE","Kilifi","Kilifi","sensitive","resistant","sensitive","sensitive","resistant","sensitive"
"SPT50711","1999","true","1132","null","Kenya","KE","Kilifi","Kilifi","sensitive","undetermined","sensitive","sensitive","undetermined","resistant"
"SPT50712","1999","true","1132","null","Kenya","KE","Kilifi","Kilifi","sensitive","resistant","sensitive","sensitive","sensitive","resistant"
"SPT50713","1999","true","1132","null","Kenya","KE","Kilifi","Kilifi","sensitive","resistant","sensitive","sensitive","resistant","resistant"
"SPT50714","1997","true","1132","null","Kenya","KE","Kilifi","Kilifi","sensitive","resistant","sensitive","sensitive","resistant","sensitive"
"SPT50715","1994","true","1132","null","Kenya","KE","Kilifi","Kilifi","sensitive","resistant","sensitive","sensitive","resistant","sensitive"
"SPT50716","1999","true","1132","null","Kenya","KE","Kilifi","Kilifi","sensitive","undetermined","sensitive","sensitive","undetermined","sensitive"
"SPT50717","1999","true","1132","null","Kenya","KE","Kilifi","Kilifi","sensitive","undetermined","sensitive","sensitive","resistant","undetermined"
"SPT50718","2000","true","1132","null","Kenya","KE","Kilifi","Kilifi","sensitive","undetermined","sensitive","sensitive","resistant","resistant"
"SPT50719","2000","true","1132","null","Kenya","KE","Kilifi","Kilifi","sensitive","sensitive","sensitive","sensitive","resistant","resistant"
"SPT50720","2000","true","1132","null","Kenya","KE","Kilifi","Kilifi","sensitive","sensitive","sensitive","sensitive","resistant","resistant"
"SPT50721","2003","true","1132","null","Kenya","KE","Kilifi","Kilifi","sensitive","undetermined","sensitive","sensitive","undetermined","resistant"
"SPT50722","2003","true","1132","null","Kenya","KE","Kilifi","Kilifi","sensitive","resistant","sensitive","sensitive","resistant","sensitive"
"SPT50723","2003","true","1132","null","Kenya","KE","Kilifi","Kilifi","sensitive","resistant","undetermined","undetermined","resistant","sensitive"
"SPT50724","2000","true","1132","null","Kenya","KE","Kilifi","Kilifi","sensitive","sensitive","sensitive","sensitive","resistant","resistant"
"SPT50725","2000","true","1132","null","Kenya","KE","Kilifi","Kilifi","sensitive","resistant","sensitive","sensitive","resistant","sensitive"
"SPT50726","2000","true","1132","null","Kenya","KE","Kilifi","Kilifi","sensitive","resistant","sensitive","sensitive","resistant","resistant"
"SPT50727","1994","true","1132","null","Kenya","KE","Kilifi","Kilifi","sensitive","sensitive","sensitive","sensitive","resistant","resistant"
"SPT50728","2013","true","1132","null","Kenya","KE","Kilifi","Kilifi","sensitive","sensitive","undetermined","undetermined","resistant","resistant"
"SPT50729","2013","true","1132","null","Kenya","KE","Kilifi","Kilifi","sensitive","sensitive","undetermined","sensitive","resistant","resistant"
"SPT50730","2013","true","1132","null","Kenya","KE","Kilifi","Kilifi","sensitive","resistant","undetermined","undetermined","resistant","resistant"
"SPT50731","2013","true","1132","null","Kenya","KE","Kilifi","Kilifi","sensitive","undetermined","sensitive","sensitive","resistant","resistant"
"SPT50732","2013","true","1132","null","Kenya","KE","Kilifi","Kilifi","sensitive","sensitive","sensitive","sensitive","resistant","resistant"
"SPT50733","2013","true","1132","null","Kenya","KE","Kilifi","Kilifi","sensitive","sensitive","sensitive","sensitive","resistant","resistant"
"SPT50734","2013","true","1132","null","Kenya","KE","Kilifi","Kilifi","sensitive","undetermined","sensitive","sensitive","resistant","resistant"
"SPT50735","2013","true","1132","null","Kenya","KE","Kilifi","Kilifi","sensitive","resistant","sensitive","sensitive","resistant","resistant"
"SPT50736","2013","true","1132","null","Kenya","KE","Kilifi","Kilifi","sensitive","sensitive","sensitive","sensitive","resistant","resistant"
"SPT50737","2013","true","1132","null","Kenya","KE","Kilifi","Kilifi","sensitive","resistant","sensitive","sensitive","resistant","resistant"
"SPT50738","2013","true","1132","null","Kenya","KE","Kilifi","Kilifi","sensitive","undetermined","sensitive","sensitive","resistant","undetermined"
"SPT50739","2013","true","1132","null","Kenya","KE","Kilifi","Kilifi","sensitive","sensitive","sensitive","undetermined","resistant","sensitive"
"SPT50740","2013","true","1132","null","Kenya","KE","Kilifi","Kilifi","sensitive","undetermined","sensitive","sensitive","undetermined","undetermined"
"SPT50741","2013","true","1132","null","Kenya","KE","Kilifi","Kilifi","sensitive","resistant","sensitive","sensitive","resistant","resistant"
"SPT50742","2013","true","1132","null","Kenya","KE","Kilifi","Kilifi","sensitive","resistant","sensitive","sensitive","resistant","resistant"
"SPT50743","2013","true","1132","null","Kenya","KE","Kilifi","Kilifi","sensitive","resistant","sensitive","sensitive","resistant","resistant"
"SPT50744","2013","true","1132","null","Kenya","KE","Kilifi","Kilifi","undetermined","sensitive","sensitive","sensitive","resistant","resistant"
"SPT50745","2013","true","1132","null","Kenya","KE","Kilifi","Kilifi","sensitive","resistant","undetermined","undetermined","resistant","resistant"
"SPT50746","2013","true","1132","null","Kenya","KE","Kilifi","Kilifi","sensitive","resistant","undetermined","undetermined","resistant","resistant"
"SPT50747","1999","true","1132","null","Kenya","KE","Kilifi","Kilifi","sensitive","undetermined","sensitive","sensitive","resistant","undetermined"
"SPT50748","1999","true","1132","null","Kenya","KE","Kilifi","Kilifi","sensitive","resistant","sensitive","sensitive","resistant","resistant"
"SPT50749","2005","true","1132","null","Kenya","KE","Kilifi","Kilifi","sensitive","resistant","sensitive","undetermined","resistant","resistant"
"SPT50750","2005","true","1132","null","Kenya","KE","Kilifi","Kilifi","sensitive","sensitive","sensitive","sensitive","resistant","resistant"
"SPT50751","2005","true","1132","null","Kenya","KE","Kilifi","Kilifi","undetermined","undetermined","sensitive","sensitive","resistant","resistant"
"SPT50752","2005","true","1132","null","Kenya","KE","Kilifi","Kilifi","sensitive","sensitive","sensitive","sensitive","resistant","sensitive"
"SPT50753","2005","true","1132","null","Kenya","KE","Kilifi","Kilifi","sensitive","sensitive","undetermined","sensitive","resistant","resistant"
"SPT50754","2005","true","1132","null","Kenya","KE","Kilifi","Kilifi","sensitive","sensitive","undetermined","undetermined","resistant","sensitive"
"SPT50755","2016","true","1132","null","Kenya","KE","Kilifi","Kilifi","sensitive","sensitive","undetermined","sensitive","resistant","resistant"
"SPT50756","2013","true","1132","null","Kenya","KE","Kilifi","Kilifi","sensitive","resistant","sensitive","sensitive","resistant","sensitive"
"SPT50757","2013","true","1132","null","Kenya","KE","Kilifi","Kilifi","sensitive","resistant","sensitive","sensitive","resistant","resistant"
"SPT50758","2013","true","1132","null","Kenya","KE","Kilifi","Kilifi","sensitive","resistant","sensitive","sensitive","resistant","resistant"
"SPT50759","2013","true","1132","null","Kenya","KE","Kilifi","Kilifi","sensitive","undetermined","sensitive","sensitive","resistant","undetermined"
"SPT50760","2013","true","1132","null","Kenya","KE","Kilifi","Kilifi","sensitive","undetermined","sensitive","sensitive","resistant","resistant"
"SPT50761","2013","true","1132","null","Kenya","KE","Kilifi","Kilifi","sensitive","sensitive","sensitive","sensitive","resistant","resistant"
"SPT50762","2013","true","1132","null","Kenya","KE","Kilifi","Kilifi","sensitive","sensitive","undetermined","undetermined","resistant","resistant"
"SPT50763","2018","true","1132","null","Kenya","KE","Kilifi","Kilifi","sensitive","undetermined","sensitive","sensitive","resistant","resistant"
"SPT50764","2018","true","1132","null","Kenya","KE","Kilifi","Kilifi","sensitive","sensitive","sensitive","sensitive","resistant","resistant"
"SPT50765","2018","true","1132","null","Kenya","KE","Kilifi","Kilifi","sensitive","sensitive","sensitive","sensitive","resistant","sensitive"
"SPT50766","2018","true","1132","null","Kenya","KE","Kilifi","Kilifi","sensitive","resistant","sensitive","sensitive","resistant","resistant"
"SPT50767","2018","true","1132","null","Kenya","KE","Kilifi","Kilifi","sensitive","undetermined","sensitive","sensitive","resistant","resistant"
"SPT50768","2018","true","1132","null","Kenya","KE","Kilifi","Kilifi","sensitive","sensitive","sensitive","sensitive","resistant","resistant"
"SPT50769","2018","true","1132","null","Kenya","KE","Kilifi","Kilifi","sensitive","sensitive","sensitive","sensitive","resistant","resistant"
"SPT50770","2018","true","1132","null","Kenya","KE","Kilifi","Kilifi","sensitive","undetermined","sensitive","sensitive","resistant","resistant"
"SPT50771","2018","true","1132","null","Kenya","KE","Kilifi","Kilifi","sensitive","sensitive","undetermined","undetermined","resistant","resistant"
"SPT50772","2018","true","1132","null","Kenya","KE","Kilifi","Kilifi","sensitive","sensitive","sensitive","sensitive","resistant","resistant"
"SPT50773","2018","true","1132","null","Kenya","KE","Kilifi","Kilifi","sensitive","resistant","sensitive","sensitive","resistant","resistant"
"SPT50774","2018","true","1132","null","Kenya","KE","Kilifi","Kilifi","sensitive","sensitive","sensitive","sensitive","resistant","resistant"
"SPT50775","2018","true","1132","null","Kenya","KE","Kilifi","Kilifi","sensitive","sensitive","sensitive","sensitive","resistant","undetermined"
"SPT50776","2018","true","1132","null","Kenya","KE","Kilifi","Kilifi","sensitive","sensitive","sensitive","sensitive","resistant","resistant"
"SPT50777","2018","true","1132","null","Kenya","KE","Kilifi","Kilifi","sensitive","sensitive","sensitive","sensitive","resistant","undetermined"
"SPT50778","2018","true","1132","null","Kenya","KE","Kilifi","Kilifi","sensitive","sensitive","sensitive","sensitive","resistant","resistant"
"SPT50779","2018","true","1132","null","Kenya","KE","Kilifi","Kilifi","sensitive","undetermined","sensitive","sensitive","resistant","resistant"
"SPT50780","2018","true","1132","null","Kenya","KE","Kilifi","Kilifi","sensitive","undetermined","sensitive","sensitive","resistant","resistant"
"SPT50781","2018","true","1132","null","Kenya","KE","Kilifi","Kilifi","sensitive","sensitive","sensitive","sensitive","resistant","resistant"
"SPT50782","2018","false","1132","null","Kenya","KE","Kilifi","Kilifi","null","null","null","null","null","null"
"SPT50783","2018","true","1132","null","Kenya","KE","Kilifi","Kilifi","sensitive","undetermined","sensitive","sensitive","resistant","resistant"
"SPT50784","1994","true","1132","null","Kenya","KE","Kilifi","Kilifi","sensitive","undetermined","sensitive","sensitive","resistant","resistant"
"SPT50785","1994","true","1132","null","Kenya","KE","Kilifi","Kilifi","sensitive","sensitive","sensitive","sensitive","resistant","undetermined"
"SPT50786","1994","true","1132","null","Kenya","KE","Kilifi","Kilifi","sensitive","sensitive","sensitive","sensitive","resistant","resistant"
"SPT50787","1995","true","1132","null","Kenya","KE","Kilifi","Kilifi","undetermined","sensitive","sensitive","sensitive","resistant","resistant"
"SPT50788","1997","true","1132","null","Kenya","KE","Kilifi","Kilifi","sensitive","sensitive","sensitive","sensitive","resistant","resistant"
"SPT50789","1997","true","1132","null","Kenya","KE","Kilifi","Kilifi","sensitive","sensitive","undetermined","undetermined","resistant","resistant"
"SPT50790","1997","true","1132","null","Kenya","KE","Kilifi","Kilifi","sensitive","sensitive","undetermined","undetermined","resistant","resistant"
"SPT50791","1997","true","1132","null","Kenya","KE","Kilifi","Kilifi","sensitive","sensitive","undetermined","sensitive","resistant","sensitive"
"SPT50792","1997","true","1132","null","Kenya","KE","Kilifi","Kilifi","sensitive","sensitive","undetermined","undetermined","resistant","resistant"
"SPT50793","1997","true","1132","null","Kenya","KE","Kilifi","Kilifi","sensitive","sensitive","undetermined","undetermined","resistant","resistant"
"SPT50794","1998","true","1132","null","Kenya","KE","Kilifi","Kilifi","sensitive","sensitive","undetermined","undetermined","resistant","resistant"
"SPT50795","1998","true","1132","null","Kenya","KE","Kilifi","Kilifi","sensitive","sensitive","sensitive","sensitive","resistant","resistant"
"SPT50796","1998","true","1132","null","Kenya","KE","Kilifi","Kilifi","sensitive","sensitive","sensitive","sensitive","resistant","resistant"
"SPT50797","1998","true","1132","null","Kenya","KE","Kilifi","Kilifi","sensitive","undetermined","sensitive","sensitive","resistant","resistant"
"SPT50798","1998","true","1132","null","Kenya","KE","Kilifi","Kilifi","sensitive","sensitive","undetermined","sensitive","resistant","resistant"
"SPT50799","1998","true","1132","null","Kenya","KE","Kilifi","Kilifi","sensitive","sensitive","undetermined","undetermined","resistant","resistant"
"SPT50800","1998","true","1132","null","Kenya","KE","Kilifi","Kilifi","sensitive","sensitive","sensitive","sensitive","resistant","resistant"
"SPT50801","1998","true","1132","null","Kenya","KE","Kilifi","Kilifi","sensitive","resistant","undetermined","undetermined","resistant","resistant"
"SPT50802","1998","true","1132","null","Kenya","KE","Kilifi","Kilifi","sensitive","sensitive","sensitive","undetermined","resistant","resistant"
"SPT50803","1998","true","1132","null","Kenya","KE","Kilifi","Kilifi","sensitive","sensitive","undetermined","sensitive","resistant","resistant"
"SPT50804","1998","true","1132","null","Kenya","KE","Kilifi","Kilifi","sensitive","sensitive","sensitive","undetermined","resistant","sensitive"
"SPT50805","2000","true","1132","null","Kenya","KE","Kilifi","Kilifi","sensitive","sensitive","undetermined","undetermined","resistant","resistant"
"SPT50806","2000","false","1132","null","Kenya","KE","Kilifi","Kilifi","null","null","null","null","null","null"
"SPT50807","2000","true","1132","null","Kenya","KE","Kilifi","Kilifi","sensitive","sensitive","sensitive","sensitive","resistant","resistant"
"SPT50808","2003","true","1132","null","Kenya","KE","Kilifi","Kilifi","sensitive","sensitive","sensitive","sensitive","resistant","undetermined"
"SPT50809","2003","true","1132","null","Kenya","KE","Kilifi","Kilifi","sensitive","sensitive","sensitive","sensitive","resistant","resistant"
"SPT50810","2003","true","1132","null","Kenya","KE","Kilifi","Kilifi","sensitive","sensitive","sensitive","sensitive","resistant","resistant"
"SPT50811","2004","true","1132","null","Kenya","KE","Kilifi","Kilifi","sensitive","sensitive","sensitive","sensitive","resistant","resistant"
"SPT50812","2004","true","1132","null","Kenya","KE","Kilifi","Kilifi","sensitive","sensitive","sensitive","sensitive","resistant","resistant"
"SPT50813","2004","true","1132","null","Kenya","KE","Kilifi","Kilifi","sensitive","sensitive","sensitive","sensitive","resistant","resistant"
"SPT50814","2004","true","1132","null","Kenya","KE","Kilifi","Kilifi","sensitive","sensitive","sensitive","sensitive","resistant","resistant"
"SPT50815","2004","true","1132","null","Kenya","KE","Kilifi","Kilifi","sensitive","sensitive","sensitive","sensitive","resistant","resistant"
"SPT50816","2005","true","1132","null","Kenya","KE","Kilifi","Kilifi","sensitive","sensitive","sensitive","sensitive","resistant","resistant"
"SPT50817","2005","true","1132","null","Kenya","KE","Kilifi","Kilifi","undetermined","sensitive","undetermined","undetermined","resistant","resistant"
"SPT50818","2005","true","1132","null","Kenya","KE","Kilifi","Kilifi","sensitive","sensitive","undetermined","undetermined","resistant","resistant"
"SPT50819","2005","true","1132","null","Kenya","KE","Kilifi","Kilifi","sensitive","sensitive","sensitive","sensitive","resistant","resistant"
"SPT50820","2005","true","1132","null","Kenya","KE","Kilifi","Kilifi","sensitive","sensitive","sensitive","sensitive","resistant","resistant"
"SPT50821","2005","true","1132","null","Kenya","KE","Kilifi","Kilifi","sensitive","sensitive","sensitive","sensitive","resistant","resistant"
"SPT50822","2005","true","1132","null","Kenya","KE","Kilifi","Kilifi","sensitive","sensitive","sensitive","sensitive","resistant","resistant"
"SPT50823","2006","true","1132","null","Kenya","KE","Kilifi","Kilifi","sensitive","sensitive","sensitive","sensitive","resistant","resistant"
"SPT50825","2006","true","1132","null","Kenya","KE","Kilifi","Kilifi","sensitive","resistant","sensitive","sensitive","resistant","resistant"
"SPT50826","2006","true","1132","null","Kenya","KE","Kilifi","Kilifi","sensitive","undetermined","sensitive","sensitive","resistant","sensitive"
"SPT50827","2006","true","1132","null","Kenya","KE","Kilifi","Kilifi","sensitive","resistant","sensitive","sensitive","resistant","resistant"
"SPT50828","2007","true","1132","null","Kenya","KE","Kilifi","Kilifi","sensitive","sensitive","sensitive","sensitive","resistant","resistant"
"SPT50829","2007","true","1132","null","Kenya","KE","Kilifi","Kilifi","sensitive","sensitive","sensitive","sensitive","resistant","resistant"
"SPT50830","2007","true","1132","null","Kenya","KE","Kilifi","Kilifi","sensitive","sensitive","sensitive","sensitive","resistant","resistant"
"SPT50831","2007","true","1132","null","Kenya","KE","Kilifi","Kilifi","sensitive","undetermined","sensitive","sensitive","resistant","resistant"
"SPT50832","2007","true","1132","null","Kenya","KE","Kilifi","Kilifi","sensitive","resistant","sensitive","sensitive","resistant","undetermined"
"SPT50833","2007","true","1132","null","Kenya","KE","Kilifi","Kilifi","sensitive","sensitive","sensitive","sensitive","undetermined","resistant"
"SPT50834","2007","true","1132","null","Kenya","KE","Kilifi","Kilifi","sensitive","sensitive","sensitive","sensitive","resistant","resistant"
"SPT50835","2007","true","1132","null","Kenya","KE","Kilifi","Kilifi","sensitive","sensitive","sensitive","sensitive","resistant","resistant"
"SPT50836","2007","true","1132","null","Kenya","KE","Kilifi","Kilifi","sensitive","sensitive","sensitive","sensitive","resistant","resistant"
"SPT50837","2007","true","1132","null","Kenya","KE","Kilifi","Kilifi","sensitive","sensitive","sensitive","sensitive","resistant","resistant"
"SPT50838","2007","true","1132","null","Kenya","KE","Kilifi","Kilifi","sensitive","undetermined","sensitive","sensitive","resistant","undetermined"
"SPT50839","2007","true","1132","null","Kenya","KE","Kilifi","Kilifi","sensitive","sensitive","sensitive","sensitive","resistant","resistant"
"SPT50840","2007","true","1132","null","Kenya","KE","Kilifi","Kilifi","sensitive","sensitive","sensitive","sensitive","resistant","resistant"
"SPT50841","2007","true","1132","null","Kenya","KE","Kilifi","Kilifi","sensitive","resistant","sensitive","sensitive","resistant","resistant"
"SPT50842","2007","true","1132","null","Kenya","KE","Kilifi","Kilifi","sensitive","sensitive","sensitive","sensitive","resistant","sensitive"
"SPT50843","2007","true","1132","null","Kenya","KE","Kilifi","Kilifi","sensitive","resistant","sensitive","sensitive","resistant","resistant"
"SPT50844","2007","true","1132","null","Kenya","KE","Kilifi","Kilifi","sensitive","undetermined","sensitive","sensitive","resistant","undetermined"
"SPT50845","2007","true","1132","null","Kenya","KE","Kilifi","Kilifi","sensitive","sensitive","sensitive","sensitive","resistant","sensitive"
"SPT50846","2007","true","1132","null","Kenya","KE","Kilifi","Kilifi","sensitive","resistant","sensitive","sensitive","resistant","resistant"
"SPT50847","2007","true","1132","null","Kenya","KE","Kilifi","Kilifi","sensitive","sensitive","sensitive","sensitive","resistant","resistant"
"SPT50848","2007","true","1132","null","Kenya","KE","Kilifi","Kilifi","sensitive","resistant","sensitive","sensitive","resistant","sensitive"
"SPT50849","2007","true","1132","null","Kenya","KE","Kilifi","Kilifi","undetermined","sensitive","sensitive","sensitive","resistant","undetermined"
"SPT50850","2007","true","1132","null","Kenya","KE","Kilifi","Kilifi","sensitive","resistant","sensitive","sensitive","resistant","resistant"
"SPT50851","2007","true","1132","null","Kenya","KE","Kilifi","Kilifi","sensitive","sensitive","undetermined","undetermined","resistant","resistant"
"SPT50852","2008","true","1132","null","Kenya","KE","Kilifi","Kilifi","sensitive","sensitive","sensitive","sensitive","resistant","resistant"
"SPT50854","2008","true","1132","null","Kenya","KE","Kilifi","Kilifi","sensitive","sensitive","sensitive","sensitive","resistant","undetermined"
"SPT50855","2008","true","1132","null","Kenya","KE","Kilifi","Kilifi","sensitive","sensitive","sensitive","sensitive","resistant","resistant"
"SPT50856","2008","true","1132","null","Kenya","KE","Kilifi","Kilifi","sensitive","sensitive","sensitive","sensitive","resistant","resistant"
"SPT50857","2009","true","1132","null","Kenya","KE","Kilifi","Kilifi","sensitive","sensitive","sensitive","sensitive","resistant","resistant"
"SPT50858","2009","true","1132","null","Kenya","KE","Kilifi","Kilifi","sensitive","sensitive","sensitive","sensitive","resistant","resistant"
"SPT50859","2009","true","1132","null","Kenya","KE","Kilifi","Kilifi","sensitive","sensitive","sensitive","sensitive","resistant","resistant"
"SPT50860","2009","true","1132","null","Kenya","KE","Kilifi","Kilifi","sensitive","sensitive","sensitive","sensitive","resistant","resistant"
"SPT50861","2009","true","1132","null","Kenya","KE","Kilifi","Kilifi","sensitive","sensitive","sensitive","sensitive","resistant","resistant"
"SPT50862","2009","true","1132","null","Kenya","KE","Kilifi","Kilifi","sensitive","sensitive","sensitive","sensitive","resistant","resistant"
"SPT50863","2009","true","1132","null","Kenya","KE","Kilifi","Kilifi","sensitive","sensitive","sensitive","sensitive","resistant","resistant"
"SPT50878","2012","true","1132","null","Kenya","KE","Kilifi","Kilifi","sensitive","resistant","undetermined","sensitive","resistant","sensitive"
"SPT50879","2012","true","1132","null","Kenya","KE","Kilifi","Kilifi","undetermined","resistant","sensitive","sensitive","resistant","undetermined"
"SPT50880","2012","true","1132","null","Kenya","KE","Kilifi","Kilifi","sensitive","undetermined","sensitive","sensitive","resistant","sensitive"
"SPT50881","2012","true","1132","null","Kenya","KE","Kilifi","Kilifi","undetermined","undetermined","sensitive","sensitive","resistant","sensitive"
"SPT50882","2013","true","1132","null","Kenya","KE","Kilifi","Kilifi","sensitive","sensitive","sensitive","sensitive","resistant","resistant"
"SPT50883","2013","true","1132","null","Kenya","KE","Kilifi","Kilifi","sensitive","resistant","sensitive","sensitive","undetermined","sensitive"
"SPT50884","2013","true","1132","null","Kenya","KE","Kilifi","Kilifi","sensitive","resistant","sensitive","sensitive","resistant","sensitive"
"SPT50885","2013","true","1132","null","Kenya","KE","Kilifi","Kilifi","sensitive","resistant","sensitive","sensitive","sensitive","sensitive"
"SPT50886","2013","true","1132","null","Kenya","KE","Kilifi","Kilifi","sensitive","sensitive","sensitive","sensitive","sensitive","sensitive"
"SPT50887","2013","true","1132","null","Kenya","KE","Kilifi","Kilifi","sensitive","sensitive","sensitive","sensitive","sensitive","sensitive"
"SPT50888","2013","true","1132","null","Kenya","KE","Kilifi","Kilifi","sensitive","resistant","sensitive","sensitive","resistant","sensitive"
"SPT50889","2013","true","1132","null","Kenya","KE","Kilifi","Kilifi","sensitive","resistant","sensitive","sensitive","resistant","resistant"
"SPT50890","2013","true","1132","null","Kenya","KE","Kilifi","Kilifi","sensitive","sensitive","sensitive","sensitive","undetermined","sensitive"
"SPT50891","2013","true","1132","null","Kenya","KE","Kilifi","Kilifi","sensitive","resistant","sensitive","sensitive","resistant","sensitive"
"SPT50892","2013","true","1132","null","Kenya","KE","Kilifi","Kilifi","sensitive","undetermined","sensitive","sensitive","sensitive","sensitive"
"SPT50893","2013","true","1132","null","Kenya","KE","Kilifi","Kilifi","sensitive","resistant","sensitive","sensitive","resistant","resistant"
"SPT50894","2013","true","1132","null","Kenya","KE","Kilifi","Kilifi","sensitive","resistant","sensitive","sensitive","resistant","resistant"
"SPT50895","2013","true","1132","null","Kenya","KE","Kilifi","Kilifi","sensitive","resistant","sensitive","sensitive","resistant","resistant"
"SPT50896","2013","true","1132","null","Kenya","KE","Kilifi","Kilifi","sensitive","resistant","sensitive","sensitive","resistant","undetermined"
"SPT50897","2013","true","1132","null","Kenya","KE","Kilifi","Kilifi","sensitive","resistant","sensitive","sensitive","resistant","resistant"
"SPT50898","2013","true","1132","null","Kenya","KE","Kilifi","Kilifi","sensitive","resistant","sensitive","sensitive","resistant","resistant"
"SPT50899","2013","true","1132","null","Kenya","KE","Kilifi","Kilifi","sensitive","resistant","sensitive","sensitive","resistant","resistant"
"SPT50900","2013","true","1132","null","Kenya","KE","Kilifi","Kilifi","sensitive","resistant","sensitive","sensitive","resistant","sensitive"
"SPT50901","2013","true","1132","null","Kenya","KE","Kilifi","Kilifi","sensitive","resistant","undetermined","sensitive","resistant","sensitive"
"SPT50902","2014","true","1132","null","Kenya","KE","Kilifi","Kilifi","sensitive","resistant","sensitive","sensitive","resistant","resistant"
"SPT50903","2014","true","1132","null","Kenya","KE","Kilifi","Kilifi","sensitive","resistant","sensitive","sensitive","resistant","resistant"
"SPT50904","2015","true","1132","null","Kenya","KE","Kilifi","Kilifi","sensitive","resistant","sensitive","sensitive","resistant","resistant"
"SPT50905","2016","true","1132","null","Kenya","KE","Kilifi","Kilifi","sensitive","undetermined","sensitive","sensitive","resistant","resistant"
"SPT50906","2016","true","1132","null","Kenya","KE","Kilifi","Kilifi","sensitive","resistant","sensitive","sensitive","resistant","resistant"
"SPT50907","2017","true","1132","null","Kenya","KE","Kilifi","Kilifi","sensitive","undetermined","sensitive","sensitive","resistant","sensitive"
"SPT50908","2017","true","1132","null","Kenya","KE","Kilifi","Kilifi","sensitive","resistant","sensitive","sensitive","resistant","undetermined"
"SPT50909","2017","true","1132","null","Kenya","KE","Kilifi","Kilifi","sensitive","sensitive","sensitive","sensitive","undetermined","undetermined"
"SPT50910","2018","true","1132","null","Kenya","KE","Kilifi","Kilifi","sensitive","resistant","sensitive","sensitive","resistant","sensitive"
"SPT50911","2018","true","1132","null","Kenya","KE","Kilifi","Kilifi","sensitive","sensitive","sensitive","sensitive","resistant","resistant"
"SPT50912","2018","true","1132","null","Kenya","KE","Kilifi","Kilifi","sensitive","sensitive","sensitive","sensitive","resistant","resistant"
"SPT50913","2018","true","1132","null","Kenya","KE","Kilifi","Kilifi","sensitive","sensitive","sensitive","sensitive","resistant","resistant"
"SPT50914","2018","true","1132","null","Kenya","KE","Kilifi","Kilifi","sensitive","sensitive","sensitive","sensitive","resistant","resistant"
"SPT50915","2018","true","1132","null","Kenya","KE","Kilifi","Kilifi","sensitive","sensitive","sensitive","sensitive","resistant","resistant"
"SPT50916","2018","true","1132","null","Kenya","KE","Kilifi","Kilifi","sensitive","sensitive","sensitive","sensitive","resistant","resistant"
"SPT50917","2018","true","1132","null","Kenya","KE","Kilifi","Kilifi","sensitive","resistant","undetermined","sensitive","resistant","resistant"
"SPT50918","2018","true","1132","null","Kenya","KE","Kilifi","Kilifi","sensitive","sensitive","sensitive","sensitive","resistant","resistant"
"SPT50919","2003","true","1132","null","Kenya","KE","Kilifi","Kilifi","sensitive","sensitive","sensitive","sensitive","resistant","resistant"
"SPT50920","2003","true","1132","null","Kenya","KE","Kilifi","Kilifi","sensitive","sensitive","sensitive","sensitive","resistant","resistant"
"SPT50921","2003","true","1132","null","Kenya","KE","Kilifi","Kilifi","sensitive","sensitive","sensitive","sensitive","resistant","resistant"
"SPT50922","2003","true","1132","null","Kenya","KE","Kilifi","Kilifi","sensitive","sensitive","sensitive","sensitive","resistant","resistant"
"SPT50923","2003","true","1132","null","Kenya","KE","Kilifi","Kilifi","sensitive","sensitive","sensitive","sensitive","resistant","resistant"
"SPT50924","2003","true","1132","null","Kenya","KE","Kilifi","Kilifi","sensitive","sensitive","sensitive","sensitive","resistant","resistant"
"SPT50925","2003","true","1132","null","Kenya","KE","Kilifi","Kilifi","sensitive","sensitive","sensitive","sensitive","resistant","resistant"
"SPT50926","2003","true","1132","null","Kenya","KE","Kilifi","Kilifi","sensitive","sensitive","sensitive","sensitive","resistant","resistant"
"SPT50927","2003","true","1132","null","Kenya","KE","Kilifi","Kilifi","sensitive","sensitive","sensitive","sensitive","resistant","resistant"
"SPT50928","2003","true","1132","null","Kenya","KE","Kilifi","Kilifi","sensitive","sensitive","sensitive","sensitive","resistant","resistant"
"SPT50929","2003","true","1132","null","Kenya","KE","Kilifi","Kilifi","sensitive","sensitive","sensitive","sensitive","resistant","resistant"
"SPT50930","2003","true","1132","null","Kenya","KE","Kilifi","Kilifi","sensitive","resistant","sensitive","sensitive","resistant","sensitive"
"SPT50931","2003","true","1132","null","Kenya","KE","Kilifi","Kilifi","sensitive","resistant","sensitive","sensitive","resistant","sensitive"
"SPT50932","2003","true","1132","null","Kenya","KE","Kilifi","Kilifi","sensitive","resistant","sensitive","sensitive","sensitive","sensitive"
"SPT50933","2003","true","1132","null","Kenya","KE","Kilifi","Kilifi","sensitive","resistant","sensitive","sensitive","resistant","resistant"
"SPT50934","2003","true","1132","null","Kenya","KE","Kilifi","Kilifi","sensitive","sensitive","sensitive","sensitive","resistant","sensitive"
"SPT50935","2003","true","1132","null","Kenya","KE","Kilifi","Kilifi","sensitive","resistant","sensitive","sensitive","resistant","resistant"
"SPT50936","2003","true","1132","null","Kenya","KE","Kilifi","Kilifi","sensitive","resistant","sensitive","sensitive","resistant","resistant"
"SPT50937","2003","true","1132","null","Kenya","KE","Kilifi","Kilifi","sensitive","resistant","sensitive","sensitive","resistant","resistant"
"SPT50938","2003","true","1132","null","Kenya","KE","Kilifi","Kilifi","sensitive","sensitive","undetermined","undetermined","resistant","resistant"
"SPT50939","2003","true","1132","null","Kenya","KE","Kilifi","Kilifi","sensitive","resistant","sensitive","sensitive","resistant","resistant"
"SPT50940","2003","true","1132","null","Kenya","KE","Kilifi","Kilifi","sensitive","undetermined","sensitive","sensitive","resistant","sensitive"
"SPT50941","2003","true","1132","null","Kenya","KE","Kilifi","Kilifi","sensitive","resistant","sensitive","sensitive","resistant","resistant"
"SPT50942","2003","true","1132","null","Kenya","KE","Kilifi","Kilifi","sensitive","resistant","sensitive","sensitive","resistant","resistant"
"SPT50943","2003","true","1132","null","Kenya","KE","Kilifi","Kilifi","sensitive","sensitive","sensitive","sensitive","resistant","resistant"
"SPT50944","2003","true","1132","null","Kenya","KE","Kilifi","Kilifi","sensitive","sensitive","sensitive","sensitive","resistant","sensitive"
"SPT50945","2003","true","1132","null","Kenya","KE","Kilifi","Kilifi","sensitive","sensitive","sensitive","sensitive","resistant","resistant"
"SPT50946","2018","true","1132","null","Kenya","KE","Kilifi","Kilifi","sensitive","sensitive","sensitive","sensitive","resistant","resistant"
"SPT50947","2004","true","1132","null","Kenya","KE","Kilifi","Kilifi","sensitive","sensitive","sensitive","sensitive","resistant","undetermined"
"SPT50948","2018","true","1132","null","Kenya","KE","Kilifi","Kilifi","sensitive","sensitive","sensitive","sensitive","resistant","resistant"
"SPT50949","2018","true","1132","null","Kenya","KE","Kilifi","Kilifi","sensitive","sensitive","sensitive","sensitive","resistant","resistant"
"SPT50950","2018","true","1132","null","Kenya","KE","Kilifi","Kilifi","sensitive","sensitive","sensitive","sensitive","resistant","resistant"
"SPT50951","2018","true","1132","null","Kenya","KE","Kilifi","Kilifi","sensitive","undetermined","sensitive","sensitive","resistant","resistant"
"SPT50952","2018","true","1132","null","Kenya","KE","Kilifi","Kilifi","sensitive","sensitive","sensitive","sensitive","resistant","resistant"
"SPT50953","2018","true","1132","null","Kenya","KE","Kilifi","Kilifi","sensitive","sensitive","sensitive","sensitive","resistant","resistant"
"SPT50954","2018","true","1132","null","Kenya","KE","Kilifi","Kilifi","undetermined","sensitive","sensitive","sensitive","resistant","resistant"
"SPT50955","2018","true","1132","null","Kenya","KE","Kilifi","Kilifi","sensitive","sensitive","sensitive","sensitive","resistant","resistant"
"SPT50956","2018","true","1132","null","Kenya","KE","Kilifi","Kilifi","sensitive","sensitive","undetermined","undetermined","resistant","resistant"
"SPT50957","2019","true","1132","null","Kenya","KE","Kilifi","Kilifi","sensitive","sensitive","sensitive","sensitive","resistant","resistant"
"SPT53686","2018","true","1262","null","Kenya","KE","Kilifi","Kilifi","sensitive","sensitive","sensitive","sensitive","resistant","resistant"
"SPT53687","2018","false","1262","null","Kenya","KE","Kilifi","Kilifi","null","null","null","null","null","null"
"SPT53688","2018","true","1262","null","Kenya","KE","Kilifi","Kilifi","sensitive","sensitive","sensitive","sensitive","resistant","resistant"
"SPT53689","2018","true","1262","null","Kenya","KE","Kilifi","Kilifi","sensitive","sensitive","sensitive","sensitive","resistant","resistant"
"SPT53690","2018","true","1262","null","Kenya","KE","Kilifi","Kilifi","sensitive","sensitive","undetermined","undetermined","resistant","resistant"
"SPT53691","2018","false","1262","null","Kenya","KE","Kilifi","Kilifi","null","null","null","null","null","null"
"SPT53692","2018","true","1262","null","Kenya","KE","Kilifi","Kilifi","sensitive","sensitive","sensitive","sensitive","resistant","resistant"
"SPT53693","2018","true","1262","null","Kenya","KE","Kilifi","Kilifi","sensitive","sensitive","sensitive","sensitive","resistant","resistant"
"SPT53694","2018","true","1262","null","Kenya","KE","Kilifi","Kilifi","sensitive","sensitive","undetermined","undetermined","resistant","resistant"
"SPT53695","2018","true","1262","null","Kenya","KE","Kilifi","Kilifi","sensitive","sensitive","undetermined","undetermined","resistant","resistant"
"SPT53696","2018","true","1262","null","Kenya","KE","Kilifi","Kilifi","sensitive","sensitive","undetermined","undetermined","resistant","resistant"
"SPT53697","2018","true","1262","null","Kenya","KE","Kilifi","Kilifi","sensitive","sensitive","sensitive","sensitive","resistant","resistant"
"SPT53698","2018","true","1262","null","Kenya","KE","Kilifi","Kilifi","sensitive","sensitive","sensitive","sensitive","resistant","resistant"
"SPT53699","2018","false","1262","null","Kenya","KE","Kilifi","Kilifi","null","null","null","null","null","null"
"SPT53700","2018","true","1262","null","Kenya","KE","Kilifi","Kilifi","sensitive","sensitive","undetermined","undetermined","resistant","resistant"
"SPT53701","2018","false","1262","null","Kenya","KE","Kilifi","Kilifi","null","null","null","null","null","null"
"SPT53702","2018","false","1262","null","Kenya","KE","Kilifi","Kilifi","null","null","null","null","null","null"
"SPT53703","2018","true","1262","null","Kenya","KE","Kilifi","Kilifi","sensitive","sensitive","sensitive","sensitive","resistant","resistant"
"SPT53704","2018","true","1262","null","Kenya","KE","Kilifi","Kilifi","sensitive","sensitive","undetermined","sensitive","resistant","resistant"
"SPT53705","2018","true","1262","null","Kenya","KE","Kilifi","Kilifi","undetermined","sensitive","undetermined","undetermined","resistant","resistant"
"SPT53706","2018","true","1262","null","Kenya","KE","Kilifi","Kilifi","sensitive","sensitive","sensitive","sensitive","resistant","resistant"
"SPT53707","2018","true","1262","null","Kenya","KE","Kilifi","Kilifi","sensitive","sensitive","sensitive","sensitive","resistant","resistant"
"SPT53708","2018","true","1262","null","Kenya","KE","Kilifi","Kilifi","sensitive","sensitive","sensitive","sensitive","resistant","resistant"
"SPT53709","2018","true","1262","null","Kenya","KE","Kilifi","Kilifi","sensitive","sensitive","sensitive","sensitive","resistant","resistant"
"SPT53710","2018","false","1262","null","Kenya","KE","Kilifi","Kilifi","null","null","null","null","null","null"
"SPT53711","2018","true","1262","null","Kenya","KE","Kilifi","Kilifi","sensitive","sensitive","sensitive","sensitive","resistant","resistant"
"SPT53712","2018","true","1262","null","Kenya","KE","Kilifi","Kilifi","sensitive","sensitive","sensitive","sensitive","resistant","resistant"
"SPT53713","2018","false","1262","null","Kenya","KE","Kilifi","Kilifi","null","null","null","null","null","null"
"SPT53714","2018","true","1262","null","Kenya","KE","Kilifi","Kilifi","sensitive","sensitive","undetermined","undetermined","resistant","resistant"
"SPT53715","2018","true","1262","null","Kenya","KE","Kilifi","Kilifi","undetermined","sensitive","undetermined","sensitive","resistant","resistant"
"SPT53716","2018","false","1262","null","Kenya","KE","Kilifi","Kilifi","null","null","null","null","null","null"
"SPT53717","2018","true","1262","null","Kenya","KE","Kilifi","Kilifi","sensitive","sensitive","sensitive","sensitive","resistant","resistant"
"SPT53718","2018","true","1262","null","Kenya","KE","Kilifi","Kilifi","sensitive","sensitive","sensitive","sensitive","resistant","resistant"
"SPT53719","2018","true","1262","null","Kenya","KE","Kilifi","Kilifi","sensitive","sensitive","sensitive","sensitive","resistant","resistant"
"SPT53720","2018","true","1262","null","Kenya","KE","Kilifi","Kilifi","sensitive","sensitive","sensitive","sensitive","resistant","resistant"
"SPT53721","2018","false","1262","null","Kenya","KE","Kilifi","Kilifi","null","null","null","null","null","null"
"SPT53722","2018","true","1262","null","Kenya","KE","Kilifi","Kilifi","sensitive","sensitive","sensitive","sensitive","resistant","resistant"
"SPT53723","2018","true","1262","null","Kenya","KE","Kilifi","Kilifi","sensitive","sensitive","sensitive","sensitive","resistant","resistant"
"SPT53724","2018","true","1262","null","Kenya","KE","Kilifi","Kilifi","undetermined","sensitive","sensitive","sensitive","resistant","resistant"
"SPT53725","2018","false","1262","null","Kenya","KE","Kilifi","Kilifi","null","null","null","null","null","null"
"SPT53726","2018","true","1262","null","Kenya","KE","Kilifi","Kilifi","sensitive","sensitive","undetermined","undetermined","resistant","resistant"
"SPT53727","2018","true","1262","null","Kenya","KE","Kilifi","Kilifi","sensitive","sensitive","undetermined","sensitive","resistant","resistant"
"SPT53728","2018","true","1262","null","Kenya","KE","Kilifi","Kilifi","sensitive","sensitive","sensitive","undetermined","resistant","resistant"
"SPT53729","2018","true","1262","null","Kenya","KE","Kilifi","Kilifi","sensitive","sensitive","sensitive","sensitive","resistant","resistant"
"SPT53730","2018","false","1262","null","Kenya","KE","Kilifi","Kilifi","null","null","null","null","null","null"
"SPT53731","2018","true","1262","null","Kenya","KE","Kilifi","Kilifi","sensitive","sensitive","undetermined","undetermined","resistant","resistant"
"SPT53732","2018","true","1262","null","Kenya","KE","Kilifi","Kilifi","sensitive","sensitive","undetermined","undetermined","resistant","resistant"
"SPT53733","2018","true","1262","null","Kenya","KE","Kilifi","Kilifi","sensitive","sensitive","sensitive","sensitive","resistant","resistant"
"SPT53734","2018","true","1262","null","Kenya","KE","Kilifi","Kilifi","sensitive","sensitive","sensitive","sensitive","resistant","resistant"
"SPT53735","2018","false","1262","null","Kenya","KE","Kilifi","Kilifi","null","null","null","null","null","null"
"SPT53736","2018","true","1262","null","Kenya","KE","Kilifi","Kilifi","sensitive","sensitive","sensitive","sensitive","resistant","resistant"
"SPT53737","2018","true","1262","null","Kenya","KE","Kilifi","Kilifi","sensitive","sensitive","undetermined","undetermined","resistant","resistant"
"SPT53738","2018","true","1262","null","Kenya","KE","Kilifi","Kilifi","sensitive","sensitive","sensitive","undetermined","resistant","resistant"
"SPT53739","2018","true","1262","null","Kenya","KE","Kilifi","Kilifi","sensitive","sensitive","sensitive","sensitive","resistant","resistant"
"SPT53740","2018","false","1262","null","Kenya","KE","Kilifi","Kilifi","null","null","null","null","null","null"
"SPT53741","2018","true","1262","null","Kenya","KE","Kilifi","Kilifi","sensitive","sensitive","sensitive","sensitive","resistant","resistant"
"SPT53742","2018","false","1262","null","Kenya","KE","Kilifi","Kilifi","null","null","null","null","null","null"
"SPT53743","2018","true","1262","null","Kenya","KE","Kilifi","Kilifi","sensitive","sensitive","sensitive","sensitive","resistant","resistant"
"SPT53744","2018","true","1262","null","Kenya","KE","Kilifi","Kilifi","sensitive","sensitive","sensitive","sensitive","resistant","resistant"
"SPT53745","2018","true","1262","null","Kenya","KE","Kilifi","Kilifi","sensitive","sensitive","sensitive","sensitive","resistant","resistant"
"SPT53746","2018","true","1262","null","Kenya","KE","Kilifi","Kilifi","sensitive","sensitive","sensitive","undetermined","resistant","resistant"
"SPT53747","2018","true","1262","null","Kenya","KE","Kilifi","Kilifi","sensitive","sensitive","undetermined","undetermined","resistant","resistant"
"SPT53748","2018","true","1262","null","Kenya","KE","Kilifi","Kilifi","undetermined","sensitive","undetermined","undetermined","resistant","resistant"
"SPT53749","2018","false","1262","null","Kenya","KE","Kilifi","Kilifi","null","null","null","null","null","null"
"SPT53750","2018","true","1262","null","Kenya","KE","Kilifi","Kilifi","sensitive","sensitive","sensitive","sensitive","resistant","resistant"
"SPT53751","2018","false","1262","null","Kenya","KE","Kilifi","Kilifi","null","null","null","null","null","null"
"SPT53752","2018","true","1262","null","Kenya","KE","Kilifi","Kilifi","sensitive","sensitive","undetermined","undetermined","resistant","resistant"
"SPT53753","2018","true","1262","null","Kenya","KE","Kilifi","Kilifi","sensitive","sensitive","sensitive","sensitive","resistant","resistant"
"SPT53754","2018","true","1262","null","Kenya","KE","Kilifi","Kilifi","sensitive","sensitive","undetermined","undetermined","resistant","resistant"
"SPT53755","2018","true","1262","null","Kenya","KE","Kilifi","Kilifi","sensitive","sensitive","undetermined","sensitive","resistant","resistant"
"SPT53756","2018","true","1262","null","Kenya","KE","Kilifi","Kilifi","sensitive","sensitive","sensitive","sensitive","resistant","resistant"
"SPT53758","2018","true","1262","null","Kenya","KE","Kilifi","Kilifi","sensitive","sensitive","sensitive","sensitive","resistant","resistant"
"SPT53759","2018","true","1262","null","Kenya","KE","Kilifi","Kilifi","sensitive","sensitive","sensitive","sensitive","resistant","resistant"
"SPT53760","2018","true","1262","null","Kenya","KE","Kilifi","Kilifi","undetermined","sensitive","undetermined","undetermined","resistant","resistant"
"SPT53761","2018","true","1262","null","Kenya","KE","Kilifi","Kilifi","sensitive","sensitive","undetermined","undetermined","resistant","resistant"
"SPT53762","2018","true","1262","null","Kenya","KE","Kilifi","Kilifi","sensitive","sensitive","undetermined","sensitive","resistant","resistant"
"SPT53763","2018","true","1262","null","Kenya","KE","Kilifi","Kilifi","sensitive","sensitive","undetermined","sensitive","resistant","resistant"
"SPT53764","2018","true","1262","null","Kenya","KE","Kilifi","Kilifi","sensitive","sensitive","sensitive","undetermined","resistant","resistant"
"SPT53765","2018","true","1262","null","Kenya","KE","Kilifi","Kilifi","sensitive","sensitive","sensitive","sensitive","resistant","resistant"
"SPT53766","2018","true","1262","null","Kenya","KE","Kilifi","Kilifi","sensitive","sensitive","sensitive","undetermined","resistant","resistant"
"SPT53767","2018","true","1262","null","Kenya","KE","Kilifi","Kilifi","sensitive","sensitive","undetermined","undetermined","resistant","resistant"
"SPT53768","2018","false","1262","null","Kenya","KE","Kilifi","Kilifi","null","null","null","null","null","null"
"SPT53769","2018","true","1262","null","Kenya","KE","Kilifi","Kilifi","sensitive","sensitive","undetermined","undetermined","resistant","resistant"
"SPT53770","2018","true","1262","null","Kenya","KE","Kilifi","Kilifi","sensitive","sensitive","sensitive","sensitive","resistant","resistant"
"SPT53771","2018","true","1262","null","Kenya","KE","Kilifi","Kilifi","sensitive","sensitive","undetermined","undetermined","resistant","resistant"
"SPT53772","2018","true","1262","null","Kenya","KE","Kilifi","Kilifi","sensitive","sensitive","undetermined","sensitive","resistant","resistant"
"SPT53773","2018","false","1262","null","Kenya","KE","Kilifi","Kilifi","null","null","null","null","null","null"
"SPT53774","2018","true","1262","null","Kenya","KE","Kilifi","Kilifi","sensitive","sensitive","undetermined","undetermined","resistant","resistant"
"SPT53775","2018","true","1262","null","Kenya","KE","Kilifi","Kilifi","sensitive","sensitive","undetermined","sensitive","resistant","resistant"
"SPT53776","2018","false","1262","null","Kenya","KE","Kilifi","Kilifi","null","null","null","null","null","null"
"SPT53777","2018","true","1262","null","Kenya","KE","Kilifi","Kilifi","sensitive","sensitive","sensitive","sensitive","resistant","undetermined"
"SPT53778","2018","true","1262","null","Kenya","KE","Kilifi","Kilifi","sensitive","sensitive","undetermined","undetermined","resistant","resistant"
"SPT53779","2018","false","1262","null","Kenya","KE","Kilifi","Kilifi","null","null","null","null","null","null"
"SPT53780","2018","true","1262","null","Kenya","KE","Kilifi","Kilifi","undetermined","sensitive","undetermined","undetermined","resistant","resistant"
"SPT53781","2018","true","1262","null","Kenya","KE","Kilifi","Kilifi","sensitive","sensitive","sensitive","sensitive","resistant","resistant"
"SPT53782","2018","false","1262","null","Kenya","KE","Kilifi","Kilifi","null","null","null","null","null","null"
"SPT53783","2018","true","1262","null","Kenya","KE","Kilifi","Kilifi","sensitive","sensitive","sensitive","sensitive","resistant","resistant"
"SPT53784","2018","true","1262","null","Kenya","KE","Kilifi","Kilifi","sensitive","sensitive","sensitive","undetermined","resistant","resistant"
"SPT53785","2018","true","1262","null","Kenya","KE","Kilifi","Kilifi","sensitive","sensitive","undetermined","undetermined","resistant","resistant"
"SPT53786","2018","true","1262","null","Kenya","KE","Kilifi","Kilifi","sensitive","sensitive","sensitive","sensitive","resistant","resistant"
"SPT53787","2018","true","1262","null","Kenya","KE","Kilifi","Kilifi","sensitive","sensitive","undetermined","undetermined","resistant","resistant"
"SPT53788","2018","true","1262","null","Kenya","KE","Kilifi","Kilifi","sensitive","sensitive","sensitive","sensitive","resistant","resistant"
"SPT53789","2018","false","1262","null","Kenya","KE","Kilifi","Kilifi","null","null","null","null","null","null"
"SPT53790","2018","true","1262","null","Kenya","KE","Kilifi","Kilifi","sensitive","sensitive","sensitive","sensitive","resistant","resistant"
"SPT53791","2018","true","1262","null","Kenya","KE","Kilifi","Kilifi","sensitive","sensitive","undetermined","undetermined","resistant","resistant"
"SPT53792","2018","true","1262","null","Kenya","KE","Kilifi","Kilifi","sensitive","sensitive","undetermined","sensitive","resistant","resistant"
"SPT53793","2018","true","1262","null","Kenya","KE","Kilifi","Kilifi","sensitive","sensitive","sensitive","sensitive","resistant","resistant"
"SPT53794","2018","false","1262","null","Kenya","KE","Kilifi","Kilifi","null","null","null","null","null","null"
"SPT53795","2018","true","1262","null","Kenya","KE","Kilifi","Kilifi","sensitive","sensitive","undetermined","undetermined","resistant","resistant"
"SPT53796","2018","true","1262","null","Kenya","KE","Kilifi","Kilifi","sensitive","sensitive","sensitive","sensitive","resistant","resistant"
"SPT53797","2018","true","1262","null","Kenya","KE","Kilifi","Kilifi","sensitive","sensitive","sensitive","sensitive","resistant","resistant"
"SPT53798","2018","false","1262","null","Kenya","KE","Kilifi","Kilifi","null","null","null","null","null","null"
"SPT53799","2018","true","1262","null","Kenya","KE","Kilifi","Kilifi","sensitive","sensitive","undetermined","undetermined","resistant","resistant"
"SPT53800","2018","true","1262","null","Kenya","KE","Kilifi","Kilifi","sensitive","sensitive","undetermined","undetermined","resistant","resistant"
"SPT53801","2018","true","1262","null","Kenya","KE","Kilifi","Kilifi","sensitive","sensitive","sensitive","sensitive","resistant","resistant"
"SPT53802","2018","true","1262","null","Kenya","KE","Kilifi","Kilifi","sensitive","sensitive","sensitive","sensitive","resistant","resistant"
"SPT53803","2018","true","1262","null","Kenya","KE","Kilifi","Kilifi","sensitive","undetermined","sensitive","sensitive","resistant","resistant"
"SPT53804","2018","true","1262","null","Kenya","KE","Kilifi","Kilifi","sensitive","sensitive","sensitive","sensitive","resistant","resistant"
"SPT53805","2018","true","1262","null","Kenya","KE","Kilifi","Kilifi","sensitive","sensitive","undetermined","sensitive","resistant","resistant"
"SPT53806","2018","true","1262","null","Kenya","KE","Kilifi","Kilifi","sensitive","sensitive","undetermined","sensitive","resistant","resistant"
"SPT53807","2018","true","1262","null","Kenya","KE","Kilifi","Kilifi","sensitive","sensitive","sensitive","sensitive","resistant","resistant"
"SPT53809","2018","true","1262","null","Kenya","KE","Kilifi","Kilifi","sensitive","sensitive","sensitive","sensitive","resistant","resistant"
"SPT53810","2018","true","1262","null","Kenya","KE","Kilifi","Kilifi","sensitive","sensitive","undetermined","sensitive","resistant","resistant"
"SPT53811","2018","false","1262","null","Kenya","KE","Kilifi","Kilifi","null","null","null","null","null","null"
"SPT53812","2018","false","1262","null","Kenya","KE","Kilifi","Kilifi","null","null","null","null","null","null"
"SPT53813","2018","true","1262","null","Kenya","KE","Kilifi","Kilifi","sensitive","sensitive","sensitive","sensitive","resistant","resistant"
"SPT53814","2018","true","1262","null","Kenya","KE","Kilifi","Kilifi","sensitive","sensitive","sensitive","sensitive","resistant","resistant"
"SPT53815","2018","true","1262","null","Kenya","KE","Kilifi","Kilifi","sensitive","sensitive","sensitive","sensitive","resistant","resistant"
"SPT53816","2018","false","1262","null","Kenya","KE","Kilifi","Kilifi","null","null","null","null","null","null"
"SPT53817","2018","true","1262","null","Kenya","KE","Kilifi","Kilifi","sensitive","sensitive","sensitive","sensitive","resistant","resistant"
"SPT53818","2018","false","1262","null","Kenya","KE","Kilifi","Kilifi","null","null","null","null","null","null"
"SPT53819","2018","true","1262","null","Kenya","KE","Kilifi","Kilifi","sensitive","sensitive","undetermined","sensitive","resistant","resistant"
"SPT53820","2018","false","1262","null","Kenya","KE","Kilifi","Kilifi","null","null","null","null","null","null"
"SPT53821","2018","true","1262","null","Kenya","KE","Kilifi","Kilifi","sensitive","sensitive","sensitive","sensitive","resistant","resistant"
"SPT53822","2018","true","1262","null","Kenya","KE","Kilifi","Kilifi","sensitive","sensitive","sensitive","sensitive","resistant","resistant"
"SPT53823","2018","true","1262","null","Kenya","KE","Kilifi","Kilifi","sensitive","sensitive","undetermined","sensitive","resistant","resistant"
"SPT53824","2018","true","1262","null","Kenya","KE","Kilifi","Kilifi","sensitive","sensitive","undetermined","undetermined","resistant","resistant"
"SPT53825","2018","true","1262","null","Kenya","KE","Kilifi","Kilifi","sensitive","sensitive","sensitive","undetermined","resistant","resistant"
"SPT53826","2018","true","1262","null","Kenya","KE","Kilifi","Kilifi","sensitive","sensitive","sensitive","sensitive","resistant","resistant"
"SPT53827","2018","true","1262","null","Kenya","KE","Kilifi","Kilifi","sensitive","sensitive","undetermined","undetermined","resistant","resistant"
"SPT53828","2018","true","1262","null","Kenya","KE","Kilifi","Kilifi","sensitive","sensitive","undetermined","undetermined","resistant","resistant"
"SPT53829","2018","true","1262","null","Kenya","KE","Kilifi","Kilifi","sensitive","sensitive","sensitive","undetermined","resistant","resistant"
"SPT53830","2018","true","1262","null","Kenya","KE","Kilifi","Kilifi","sensitive","sensitive","sensitive","sensitive","resistant","resistant"
"SPT53831","2018","false","1262","null","Kenya","KE","Kilifi","Kilifi","null","null","null","null","null","null"
"SPT53832","2018","true","1262","null","Kenya","KE","Kilifi","Kilifi","sensitive","sensitive","undetermined","sensitive","resistant","resistant"
"SPT53833","2018","true","1262","null","Kenya","KE","Kilifi","Kilifi","sensitive","sensitive","sensitive","sensitive","resistant","resistant"
"SPT53834","2018","true","1262","null","Kenya","KE","Kilifi","Kilifi","sensitive","sensitive","sensitive","sensitive","resistant","resistant"
"SPT53835","2018","false","1262","null","Kenya","KE","Kilifi","Kilifi","null","null","null","null","null","null"
"SPT53836","2018","true","1262","null","Kenya","KE","Kilifi","Kilifi","sensitive","sensitive","sensitive","sensitive","resistant","resistant"
"SPT53837","2018","true","1262","null","Kenya","KE","Kilifi","Kilifi","undetermined","sensitive","sensitive","sensitive","resistant","resistant"
"SPT53838","2018","true","1262","null","Kenya","KE","Kilifi","Kilifi","sensitive","sensitive","sensitive","sensitive","resistant","resistant"
"SPT53839","2018","true","1262","null","Kenya","KE","Kilifi","Kilifi","sensitive","sensitive","sensitive","sensitive","resistant","resistant"
"SPT53840","2018","true","1262","null","Kenya","KE","Kilifi","Kilifi","sensitive","sensitive","sensitive","sensitive","resistant","resistant"
"SPT53841","2018","false","1262","null","Kenya","KE","Kilifi","Kilifi","null","null","null","null","null","null"
"SPT53842","2018","true","1262","null","Kenya","KE","Kilifi","Kilifi","sensitive","sensitive","sensitive","undetermined","resistant","resistant"
"SPT53843","2018","false","1262","null","Kenya","KE","Kilifi","Kilifi","null","null","null","null","null","null"
"SPT53844","2018","true","1262","null","Kenya","KE","Kilifi","Kilifi","sensitive","sensitive","sensitive","sensitive","resistant","resistant"
"SPT53845","2018","true","1262","null","Kenya","KE","Kilifi","Kilifi","sensitive","sensitive","sensitive","sensitive","resistant","resistant"
"SPT53846","2018","false","1262","null","Kenya","KE","Kilifi","Kilifi","null","null","null","null","null","null"
"SPT53847","2018","true","1262","null","Kenya","KE","Kilifi","Kilifi","sensitive","sensitive","sensitive","sensitive","resistant","resistant"
"SPT53848","2018","false","1262","null","Kenya","KE","Kilifi","Kilifi","null","null","null","null","null","null"
"SPT53849","2018","true","1262","null","Kenya","KE","Kilifi","Kilifi","sensitive","sensitive","sensitive","sensitive","resistant","resistant"
"SPT53850","2018","true","1262","null","Kenya","KE","Kilifi","Kilifi","sensitive","sensitive","undetermined","sensitive","resistant","resistant"
"SPT53851","2018","true","1262","null","Kenya","KE","Kilifi","Kilifi","sensitive","sensitive","sensitive","sensitive","resistant","resistant"
"SPT53852","2018","true","1262","null","Kenya","KE","Kilifi","Kilifi","sensitive","sensitive","sensitive","sensitive","resistant","resistant"
"SPT53853","2018","false","1262","null","Kenya","KE","Kilifi","Kilifi","null","null","null","null","null","null"
"SPT53854","2018","true","1262","null","Kenya","KE","Kilifi","Kilifi","sensitive","sensitive","undetermined","undetermined","resistant","resistant"
"SPT53856","2018","true","1262","null","Kenya","KE","Kilifi","Kilifi","sensitive","sensitive","sensitive","sensitive","resistant","sensitive"
"SPT53857","2018","true","1262","null","Kenya","KE","Kilifi","Kilifi","sensitive","sensitive","sensitive","sensitive","resistant","resistant"
"SPT53858","2018","false","1262","null","Kenya","KE","Kilifi","Kilifi","null","null","null","null","null","null"
"SPT53859","2018","true","1262","null","Kenya","KE","Kilifi","Kilifi","sensitive","sensitive","sensitive","sensitive","resistant","resistant"
"SPT53860","2018","true","1262","null","Kenya","KE","Kilifi","Kilifi","sensitive","sensitive","sensitive","sensitive","resistant","resistant"
"SPT53861","2018","true","1262","null","Kenya","KE","Kilifi","Kilifi","sensitive","sensitive","sensitive","sensitive","resistant","resistant"
"SPT53862","2018","false","1262","null","Kenya","KE","Kilifi","Kilifi","null","null","null","null","null","null"
"SPT53863","2018","false","1262","null","Kenya","KE","Kilifi","Kilifi","null","null","null","null","null","null"
"SPT53864","2018","false","1262","null","Kenya","KE","Kilifi","Kilifi","null","null","null","null","null","null"
"SPT53865","2018","true","1262","null","Kenya","KE","Kilifi","Kilifi","sensitive","sensitive","sensitive","sensitive","resistant","resistant"
"SPT53866","2018","false","1262","null","Kenya","KE","Kilifi","Kilifi","null","null","null","null","null","null"
"SPT53867","2018","true","1262","null","Kenya","KE","Kilifi","Kilifi","sensitive","sensitive","undetermined","sensitive","resistant","resistant"
"SPT53868","2018","true","1262","null","Kenya","KE","Kilifi","Kilifi","sensitive","sensitive","undetermined","sensitive","resistant","resistant"
"SPT53869","2018","true","1262","null","Kenya","KE","Kilifi","Kilifi","sensitive","sensitive","undetermined","sensitive","resistant","resistant"
"SPT53870","2018","false","1262","null","Kenya","KE","Kilifi","Kilifi","null","null","null","null","null","null"
"SPT53871","2018","true","1262","null","Kenya","KE","Kilifi","Kilifi","sensitive","sensitive","sensitive","undetermined","resistant","resistant"
"SPT53872","2018","true","1262","null","Kenya","KE","Kilifi","Kilifi","sensitive","sensitive","undetermined","undetermined","resistant","resistant"
"SPT53873","2018","false","1262","null","Kenya","KE","Kilifi","Kilifi","null","null","null","null","null","null"
"SPT53874","2018","true","1262","null","Kenya","KE","Kilifi","Kilifi","undetermined","sensitive","sensitive","sensitive","resistant","resistant"
"SPT53875","2018","true","1262","null","Kenya","KE","Kilifi","Kilifi","sensitive","sensitive","undetermined","undetermined","resistant","resistant"
"SPT53876","2018","true","1262","null","Kenya","KE","Kilifi","Kilifi","sensitive","sensitive","undetermined","undetermined","resistant","resistant"
"SPT53877","2018","true","1262","null","Kenya","KE","Kilifi","Kilifi","sensitive","sensitive","sensitive","sensitive","resistant","resistant"
"SPT53878","2018","true","1262","null","Kenya","KE","Kilifi","Kilifi","sensitive","sensitive","undetermined","sensitive","resistant","resistant"
"SPT53879","2018","true","1262","null","Kenya","KE","Kilifi","Kilifi","sensitive","sensitive","sensitive","sensitive","resistant","resistant"
"SPT53880","2018","true","1262","null","Kenya","KE","Kilifi","Kilifi","sensitive","sensitive","undetermined","sensitive","resistant","resistant"
"SPT53881","2018","true","1262","null","Kenya","KE","Kilifi","Kilifi","sensitive","sensitive","sensitive","sensitive","resistant","resistant"
"SPT53882","2018","true","1262","null","Kenya","KE","Kilifi","Kilifi","sensitive","sensitive","undetermined","undetermined","resistant","resistant"
"SPT53883","2018","true","1262","null","Kenya","KE","Kilifi","Kilifi","sensitive","sensitive","undetermined","sensitive","resistant","resistant"
"SPT53884","2018","true","1262","null","Kenya","KE","Kilifi","Kilifi","sensitive","sensitive","sensitive","sensitive","resistant","resistant"
"SPT53885","2018","false","1262","null","Kenya","KE","Kilifi","Kilifi","null","null","null","null","null","null"
"SPT53886","2018","true","1262","null","Kenya","KE","Kilifi","Kilifi","sensitive","sensitive","sensitive","sensitive","resistant","resistant"
"SPT53887","2018","true","1262","null","Kenya","KE","Kilifi","Kilifi","sensitive","sensitive","sensitive","sensitive","resistant","resistant"
"SPT53888","2018","false","1262","null","Kenya","KE","Kilifi","Kilifi","null","null","null","null","null","null"
"SPT53889","2018","true","1262","null","Kenya","KE","Kilifi","Kilifi","sensitive","sensitive","sensitive","sensitive","resistant","resistant"
"SPT53890","2018","false","1262","null","Kenya","KE","Kilifi","Kilifi","null","null","null","null","null","null"
"SPT53891","2018","true","1262","null","Kenya","KE","Kilifi","Kilifi","sensitive","sensitive","sensitive","sensitive","resistant","resistant"
"SPT53892","2018","true","1262","null","Kenya","KE","Kilifi","Kilifi","sensitive","sensitive","sensitive","sensitive","resistant","resistant"
"SPT53893","2018","false","1262","null","Kenya","KE","Kilifi","Kilifi","null","null","null","null","null","null"
"SPT53894","2018","true","1262","null","Kenya","KE","Kilifi","Kilifi","sensitive","sensitive","sensitive","sensitive","resistant","resistant"
"SPT53895","2018","true","1262","null","Kenya","KE","Kilifi","Kilifi","sensitive","sensitive","sensitive","sensitive","resistant","resistant"
"SPT53896","2018","false","1262","null","Kenya","KE","Kilifi","Kilifi","null","null","null","null","null","null"
"SPT53897","2018","true","1262","null","Kenya","KE","Kilifi","Kilifi","sensitive","sensitive","undetermined","undetermined","resistant","resistant"
"SPT53898","2018","true","1262","null","Kenya","KE","Kilifi","Kilifi","sensitive","sensitive","undetermined","sensitive","resistant","resistant"
"SPT53899","2018","true","1262","null","Kenya","KE","Kilifi","Kilifi","sensitive","sensitive","sensitive","sensitive","resistant","resistant"
"SPT53900","2018","true","1262","null","Kenya","KE","Kilifi","Kilifi","sensitive","sensitive","undetermined","undetermined","resistant","resistant"
"SPT53901","2018","true","1262","null","Kenya","KE","Kilifi","Kilifi","sensitive","sensitive","sensitive","undetermined","resistant","resistant"
"SPT53902","2018","true","1262","null","Kenya","KE","Kilifi","Kilifi","sensitive","sensitive","sensitive","sensitive","resistant","resistant"
"SPT53903","2018","true","1262","null","Kenya","KE","Kilifi","Kilifi","sensitive","sensitive","sensitive","sensitive","resistant","resistant"
"SPT53904","2018","true","1262","null","Kenya","KE","Kilifi","Kilifi","sensitive","sensitive","sensitive","sensitive","resistant","resistant"
"SPT53905","2018","true","1262","null","Kenya","KE","Kilifi","Kilifi","sensitive","sensitive","sensitive","sensitive","resistant","resistant"
"SPT53906","2018","true","1262","null","Kenya","KE","Kilifi","Kilifi","sensitive","sensitive","sensitive","sensitive","resistant","resistant"
"SPT53907","2018","true","1262","null","Kenya","KE","Kilifi","Kilifi","sensitive","sensitive","sensitive","sensitive","resistant","resistant"
"SPT53908","2018","false","1262","null","Kenya","KE","Kilifi","Kilifi","null","null","null","null","null","null"
"SPT53909","2018","true","1262","null","Kenya","KE","Kilifi","Kilifi","sensitive","sensitive","sensitive","sensitive","resistant","resistant"
"SPT53910","2018","true","1262","null","Kenya","KE","Kilifi","Kilifi","sensitive","sensitive","sensitive","sensitive","resistant","resistant"
"SPT53911","2018","true","1262","null","Kenya","KE","Kilifi","Kilifi","sensitive","sensitive","sensitive","sensitive","resistant","resistant"
"SPT53912","2018","true","1262","null","Kenya","KE","Kilifi","Kilifi","sensitive","sensitive","sensitive","sensitive","resistant","resistant"
"SPT53913","2018","false","1262","null","Kenya","KE","Kilifi","Kilifi","null","null","null","null","null","null"
"SPT53914","2018","true","1262","null","Kenya","KE","Kilifi","Kilifi","sensitive","sensitive","sensitive","sensitive","resistant","resistant"
"SPT53915","2018","true","1262","null","Kenya","KE","Kilifi","Kilifi","sensitive","sensitive","sensitive","sensitive","resistant","resistant"
"SPT53916","2018","true","1262","null","Kenya","KE","Kilifi","Kilifi","sensitive","sensitive","sensitive","sensitive","resistant","resistant"
"SPT53917","2018","true","1262","null","Kenya","KE","Kilifi","Kilifi","sensitive","sensitive","sensitive","sensitive","resistant","resistant"
"SPT53918","2018","true","1262","null","Kenya","KE","Kilifi","Kilifi","sensitive","sensitive","sensitive","sensitive","resistant","resistant"
"SPT53919","2018","false","1262","null","Kenya","KE","Kilifi","Kilifi","null","null","null","null","null","null"
"SPT53920","2018","true","1262","null","Kenya","KE","Kilifi","Kilifi","sensitive","sensitive","sensitive","sensitive","resistant","resistant"
"SPT53921","2018","false","1262","null","Kenya","KE","Kilifi","Kilifi","null","null","null","null","null","null"
"SPT53922","2019","true","1262","null","Kenya","KE","Kilifi","Kilifi","sensitive","sensitive","sensitive","sensitive","resistant","resistant"
"SPT53923","2019","true","1262","null","Kenya","KE","Kilifi","Kilifi","sensitive","sensitive","sensitive","sensitive","resistant","resistant"
"SPT53924","2019","true","1262","null","Kenya","KE","Kilifi","Kilifi","sensitive","sensitive","sensitive","sensitive","resistant","resistant"
"SPT53925","2019","true","1262","null","Kenya","KE","Kilifi","Kilifi","sensitive","sensitive","sensitive","sensitive","resistant","resistant"
"SPT53926","2019","true","1262","null","Kenya","KE","Kilifi","Kilifi","sensitive","sensitive","sensitive","sensitive","resistant","resistant"
"SPT53927","2019","true","1262","null","Kenya","KE","Kilifi","Kilifi","sensitive","sensitive","sensitive","sensitive","resistant","resistant"
"SPT53928","2019","true","1262","null","Kenya","KE","Kilifi","Kilifi","sensitive","sensitive","sensitive","sensitive","resistant","resistant"
"SPT53929","2019","true","1262","null","Kenya","KE","Kilifi","Kilifi","sensitive","sensitive","sensitive","sensitive","resistant","resistant"
"SPT53930","2019","false","1262","null","Kenya","KE","Kilifi","Kilifi","null","null","null","null","null","null"
"SPT53931","2019","true","1262","null","Kenya","KE","Kilifi","Kilifi","sensitive","sensitive","sensitive","sensitive","resistant","resistant"
"SPT53932","2019","true","1262","null","Kenya","KE","Kilifi","Kilifi","sensitive","sensitive","sensitive","sensitive","resistant","resistant"
"SPT53933","2019","true","1262","null","Kenya","KE","Kilifi","Kilifi","sensitive","sensitive","sensitive","sensitive","resistant","resistant"
"SPT53934","2019","true","1262","null","Kenya","KE","Kilifi","Kilifi","sensitive","sensitive","sensitive","sensitive","resistant","resistant"
"SPT53935","2019","true","1262","null","Kenya","KE","Kilifi","Kilifi","sensitive","sensitive","sensitive","sensitive","resistant","resistant"
"SPT53936","2019","true","1262","null","Kenya","KE","Kilifi","Kilifi","sensitive","sensitive","sensitive","sensitive","resistant","resistant"
"SPT53937","2019","false","1262","null","Kenya","KE","Kilifi","Kilifi","null","null","null","null","null","null"
"SPT53938","2019","true","1262","null","Kenya","KE","Kilifi","Kilifi","sensitive","sensitive","sensitive","sensitive","resistant","resistant"
"SPT53939","2019","true","1262","null","Kenya","KE","Kilifi","Kilifi","sensitive","sensitive","undetermined","undetermined","resistant","resistant"
"SPT53940","2019","true","1262","null","Kenya","KE","Kilifi","Kilifi","sensitive","sensitive","sensitive","sensitive","resistant","resistant"
"SPT53942","2019","true","1262","null","Kenya","KE","Kilifi","Kilifi","sensitive","sensitive","undetermined","undetermined","resistant","resistant"
"SPT53943","2019","true","1262","null","Kenya","KE","Kilifi","Kilifi","sensitive","sensitive","sensitive","sensitive","resistant","resistant"
"SPT53944","2019","true","1262","null","Kenya","KE","Kilifi","Kilifi","sensitive","sensitive","sensitive","sensitive","resistant","resistant"
"SPT53945","2019","false","1262","null","Kenya","KE","Kilifi","Kilifi","null","null","null","null","null","null"
"SPT53946","2019","true","1262","null","Kenya","KE","Kilifi","Kilifi","sensitive","sensitive","sensitive","sensitive","resistant","resistant"
"SPT53947","2019","true","1262","null","Kenya","KE","Kilifi","Kilifi","sensitive","sensitive","sensitive","sensitive","resistant","resistant"
"SPT53948","2019","true","1262","null","Kenya","KE","Kilifi","Kilifi","sensitive","sensitive","sensitive","sensitive","resistant","resistant"
"SPT53949","2019","true","1262","null","Kenya","KE","Kilifi","Kilifi","sensitive","sensitive","sensitive","sensitive","resistant","resistant"
"SPT53950","2019","true","1262","null","Kenya","KE","Kilifi","Kilifi","sensitive","sensitive","sensitive","sensitive","resistant","resistant"
"SPT53951","2019","true","1262","null","Kenya","KE","Kilifi","Kilifi","sensitive","sensitive","sensitive","sensitive","resistant","resistant"
"SPT53952","2019","true","1262","null","Kenya","KE","Kilifi","Kilifi","sensitive","sensitive","sensitive","sensitive","resistant","resistant"
"SPT53953","2019","true","1262","null","Kenya","KE","Kilifi","Kilifi","sensitive","sensitive","sensitive","sensitive","resistant","resistant"
"SPT53954","2019","true","1262","null","Kenya","KE","Kilifi","Kilifi","sensitive","sensitive","sensitive","sensitive","resistant","resistant"
"SPT53955","2019","true","1262","null","Kenya","KE","Kilifi","Kilifi","sensitive","sensitive","sensitive","sensitive","resistant","resistant"
"SPT53956","2019","true","1262","null","Kenya","KE","Kilifi","Kilifi","sensitive","sensitive","sensitive","sensitive","resistant","resistant"
"SPT53957","2019","true","1262","null","Kenya","KE","Kilifi","Kilifi","sensitive","sensitive","sensitive","undetermined","resistant","resistant"
"SPT53958","2019","true","1262","null","Kenya","KE","Kilifi","Kilifi","sensitive","sensitive","sensitive","sensitive","resistant","resistant"
"SPT53959","2019","true","1262","null","Kenya","KE","Kilifi","Kilifi","sensitive","sensitive","undetermined","undetermined","sensitive","resistant"
"SPT53960","2019","true","1262","null","Kenya","KE","Kilifi","Kilifi","sensitive","sensitive","sensitive","sensitive","resistant","resistant"
"SPT66876","2019","true","1132","null","Kenya","KE","Kilifi","Kilifi","sensitive","sensitive","sensitive","sensitive","resistant","resistant"
"SPT66877","2019","true","1132","null","Kenya","KE","Kilifi","Kilifi","sensitive","sensitive","sensitive","sensitive","resistant","resistant"
"SPT66878","2020","true","1132","null","Kenya","KE","Kilifi","Kilifi","sensitive","sensitive","sensitive","sensitive","resistant","resistant"
"SPT66879","2020","true","1132","null","Kenya","KE","Kilifi","Kilifi","sensitive","sensitive","sensitive","sensitive","resistant","resistant"
"SPT66880","2020","true","1132","null","Kenya","KE","Kilifi","Kilifi","sensitive","sensitive","sensitive","sensitive","resistant","resistant"
"SPT66881","2019","false","1132","null","Kenya","KE","Kilifi","Kilifi","null","null","null","null","null","null"
"SPT66882","2019","false","1132","null","Kenya","KE","Kilifi","Kilifi","null","null","null","null","null","null"
"SPT66884","2019","false","1132","null","Kenya","KE","Kilifi","Kilifi","null","null","null","null","null","null"
"SPT66885","2019","false","1132","null","Kenya","KE","Kilifi","Kilifi","null","null","null","null","null","null"
"SPT66886","2020","false","1132","null","Kenya","KE","Kilifi","Kilifi","null","null","null","null","null","null"
"SPT66887","2020","true","1132","null","Kenya","KE","Kilifi","Kilifi","sensitive","sensitive","sensitive","sensitive","resistant","resistant"
"SPT66888","2020","false","1132","null","Kenya","KE","Kilifi","Kilifi","null","null","null","null","null","null"
"SPT66889","2020","true","1132","null","Kenya","KE","Kilifi","Kilifi","sensitive","sensitive","undetermined","undetermined","resistant","resistant"
"SPT66890","2019","true","1132","null","Kenya","KE","Kilifi","Kilifi","sensitive","sensitive","sensitive","sensitive","resistant","resistant"
"SPT66891","2019","true","1132","null","Kenya","KE","Kilifi","Kilifi","sensitive","sensitive","sensitive","sensitive","resistant","resistant"
"SPT66892","2019","true","1132","null","Kenya","KE","Kilifi","Kilifi","sensitive","sensitive","sensitive","sensitive","resistant","resistant"
"SPT66893","2019","true","1132","null","Kenya","KE","Kilifi","Kilifi","sensitive","sensitive","sensitive","sensitive","resistant","resistant"
"SPT66894","2019","true","1132","null","Kenya","KE","Kilifi","Kilifi","sensitive","sensitive","sensitive","sensitive","resistant","resistant"
"SPT66895","2019","true","1132","null","Kenya","KE","Kilifi","Kilifi","sensitive","sensitive","sensitive","sensitive","resistant","resistant"
"SPT66896","2019","true","1132","null","Kenya","KE","Kilifi","Kilifi","sensitive","sensitive","sensitive","sensitive","resistant","resistant"
"SPT66897","2019","true","1132","null","Kenya","KE","Kilifi","Kilifi","sensitive","sensitive","sensitive","sensitive","resistant","undetermined"
"SPT66898","2019","true","1132","null","Kenya","KE","Kilifi","Kilifi","sensitive","sensitive","sensitive","sensitive","resistant","resistant"
"SPT66899","2019","true","1132","null","Kenya","KE","Kilifi","Kilifi","sensitive","sensitive","sensitive","sensitive","resistant","resistant"
"SPT66900","2019","false","1132","null","Kenya","KE","Kilifi","Kilifi","null","null","null","null","null","null"
"SPT66901","2019","true","1132","null","Kenya","KE","Kilifi","Kilifi","sensitive","sensitive","sensitive","sensitive","resistant","resistant"
"SPT66902","2019","true","1132","null","Kenya","KE","Kilifi","Kilifi","sensitive","sensitive","sensitive","sensitive","resistant","resistant"
"SPT66903","2019","false","1132","null","Kenya","KE","Kilifi","Kilifi","null","null","null","null","null","null"
"SPT66904","2019","true","1132","null","Kenya","KE","Kilifi","Kilifi","undetermined","sensitive","undetermined","undetermined","undetermined","resistant"
"SPT66905","2019","true","1132","null","Kenya","KE","Kilifi","Kilifi","sensitive","sensitive","undetermined","undetermined","resistant","resistant"
"SPT66906","2019","true","1132","null","Kenya","KE","Kilifi","Kilifi","sensitive","sensitive","sensitive","sensitive","resistant","resistant"
"SPT66907","2019","true","1132","null","Kenya","KE","Kilifi","Kilifi","sensitive","sensitive","sensitive","sensitive","resistant","resistant"
"SPT66908","2019","false","1132","null","Kenya","KE","Kilifi","Kilifi","null","null","null","null","null","null"
"SPT66909","2019","false","1132","null","Kenya","KE","Kilifi","Kilifi","null","null","null","null","null","null"
"SPT66910","2019","false","1132","null","Kenya","KE","Kilifi","Kilifi","null","null","null","null","null","null"
"SPT66911","2019","false","1132","null","Kenya","KE","Kilifi","Kilifi","null","null","null","null","null","null"
"SPT66912","2019","true","1132","null","Kenya","KE","Kilifi","Kilifi","sensitive","sensitive","undetermined","undetermined","resistant","resistant"
"SPT66913","2019","true","1132","null","Kenya","KE","Kilifi","Kilifi","sensitive","sensitive","sensitive","sensitive","resistant","resistant"
"SPT66914","2019","true","1132","null","Kenya","KE","Kilifi","Kilifi","sensitive","sensitive","sensitive","sensitive","resistant","resistant"
"SPT66915","2019","true","1132","null","Kenya","KE","Kilifi","Kilifi","sensitive","sensitive","sensitive","sensitive","resistant","resistant"
"SPT66916","2019","true","1132","null","Kenya","KE","Kilifi","Kilifi","sensitive","sensitive","sensitive","sensitive","resistant","resistant"
"SPT66917","2019","true","1132","null","Kenya","KE","Kilifi","Kilifi","sensitive","sensitive","sensitive","sensitive","resistant","resistant"
"SPT66918","2019","true","1132","null","Kenya","KE","Kilifi","Kilifi","sensitive","sensitive","sensitive","sensitive","resistant","resistant"
"SPT66919","2019","true","1132","null","Kenya","KE","Kilifi","Kilifi","sensitive","sensitive","sensitive","sensitive","resistant","resistant"
"SPT66920","2019","true","1132","null","Kenya","KE","Kilifi","Kilifi","sensitive","sensitive","sensitive","sensitive","resistant","resistant"
"SPT66921","2019","true","1132","null","Kenya","KE","Kilifi","Kilifi","undetermined","sensitive","undetermined","undetermined","resistant","resistant"
"SPT66922","2019","false","1132","null","Kenya","KE","Kilifi","Kilifi","null","null","null","null","null","null"
"SPT66923","2019","true","1132","null","Kenya","KE","Kilifi","Kilifi","sensitive","sensitive","undetermined","sensitive","resistant","resistant"
"SPT66924","2019","false","1132","null","Kenya","KE","Kilifi","Kilifi","null","null","null","null","null","null"
"SPT66925","2019","true","1132","null","Kenya","KE","Kilifi","Kilifi","sensitive","sensitive","undetermined","undetermined","resistant","resistant"
"SPT66926","2019","true","1132","null","Kenya","KE","Kilifi","Kilifi","sensitive","sensitive","sensitive","sensitive","resistant","resistant"
"SPT66927","2019","true","1132","null","Kenya","KE","Kilifi","Kilifi","sensitive","sensitive","sensitive","sensitive","resistant","resistant"
"SPT66928","2019","true","1132","null","Kenya","KE","Kilifi","Kilifi","sensitive","sensitive","sensitive","sensitive","resistant","resistant"
"SPT66929","2019","true","1132","null","Kenya","KE","Kilifi","Kilifi","sensitive","sensitive","sensitive","sensitive","resistant","resistant"
"SPT66930","2019","true","1132","null","Kenya","KE","Kilifi","Kilifi","sensitive","sensitive","sensitive","sensitive","resistant","resistant"
"SPT66931","2019","true","1132","null","Kenya","KE","Kilifi","Kilifi","sensitive","sensitive","sensitive","sensitive","resistant","resistant"
"SPT66932","2019","true","1132","null","Kenya","KE","Kilifi","Kilifi","sensitive","sensitive","sensitive","sensitive","resistant","resistant"
"SPT66933","2019","true","1132","null","Kenya","KE","Kilifi","Kilifi","sensitive","sensitive","sensitive","sensitive","resistant","resistant"
"SPT66934","2019","false","1132","null","Kenya","KE","Kilifi","Kilifi","null","null","null","null","null","null"
"SPT66935","2019","true","1132","null","Kenya","KE","Kilifi","Kilifi","sensitive","sensitive","sensitive","sensitive","resistant","resistant"
"SPT66936","2019","false","1132","null","Kenya","KE","Kilifi","Kilifi","null","null","null","null","null","null"
"SPT66937","2019","true","1132","null","Kenya","KE","Kilifi","Kilifi","sensitive","sensitive","sensitive","sensitive","resistant","resistant"
"SPT66938","2019","true","1132","null","Kenya","KE","Kilifi","Kilifi","sensitive","sensitive","sensitive","sensitive","resistant","resistant"
"SPT66939","2019","false","1132","null","Kenya","KE","Kilifi","Kilifi","null","null","null","null","null","null"
"SPT66940","2019","true","1132","null","Kenya","KE","Kilifi","Kilifi","sensitive","sensitive","sensitive","sensitive","resistant","resistant"
"SPT66941","2019","true","1132","null","Kenya","KE","Kilifi","Kilifi","sensitive","sensitive","sensitive","sensitive","resistant","resistant"
"SPT66942","2019","false","1132","null","Kenya","KE","Kilifi","Kilifi","null","null","null","null","null","null"
"SPT66943","2019","true","1132","null","Kenya","KE","Kilifi","Kilifi","sensitive","sensitive","sensitive","sensitive","resistant","undetermined"
"SPT66944","2019","true","1132","null","Kenya","KE","Kilifi","Kilifi","sensitive","sensitive","sensitive","sensitive","resistant","resistant"
"SPT66945","2019","false","1132","null","Kenya","KE","Kilifi","Kilifi","null","null","null","null","null","null"
"SPT66946","2019","true","1132","null","Kenya","KE","Kilifi","Kilifi","sensitive","sensitive","sensitive","sensitive","resistant","undetermined"
"SPT66947","2019","true","1132","null","Kenya","KE","Kilifi","Kilifi","sensitive","sensitive","sensitive","sensitive","resistant","resistant"
"SPT66948","2019","true","1132","null","Kenya","KE","Kilifi","Kilifi","sensitive","sensitive","sensitive","sensitive","resistant","resistant"
"SPT66949","2019","true","1132","null","Kenya","KE","Kilifi","Kilifi","sensitive","sensitive","sensitive","sensitive","resistant","resistant"
"SPT66950","2019","false","1132","null","Kenya","KE","Kilifi","Kilifi","null","null","null","null","null","null"
"SPT66951","2019","true","1132","null","Kenya","KE","Kilifi","Kilifi","sensitive","sensitive","sensitive","sensitive","resistant","resistant"
"SPT66952","2019","false","1132","null","Kenya","KE","Kilifi","Kilifi","null","null","null","null","null","null"
"SPT66953","2019","true","1132","null","Kenya","KE","Kilifi","Kilifi","sensitive","sensitive","sensitive","sensitive","resistant","resistant"
"SPT66954","2019","true","1132","null","Kenya","KE","Kilifi","Kilifi","sensitive","sensitive","sensitive","sensitive","resistant","resistant"
"SPT66955","2019","true","1132","null","Kenya","KE","Kilifi","Kilifi","sensitive","sensitive","sensitive","sensitive","resistant","resistant"
"SPT66956","2019","true","1132","null","Kenya","KE","Kilifi","Kilifi","sensitive","sensitive","sensitive","sensitive","resistant","resistant"
"SPT66957","2019","true","1132","null","Kenya","KE","Kilifi","Kilifi","sensitive","sensitive","undetermined","undetermined","resistant","undetermined"
"SPT66958","2019","true","1132","null","Kenya","KE","Kilifi","Kilifi","sensitive","sensitive","sensitive","sensitive","resistant","resistant"
"SPT66959","2019","true","1132","null","Kenya","KE","Kilifi","Kilifi","sensitive","sensitive","sensitive","sensitive","resistant","resistant"
"SPT66960","2019","true","1132","null","Kenya","KE","Kilifi","Kilifi","sensitive","sensitive","sensitive","sensitive","resistant","resistant"
"SPT66961","2019","true","1132","null","Kenya","KE","Kilifi","Kilifi","sensitive","sensitive","sensitive","sensitive","resistant","resistant"
"SPT66962","2019","true","1132","null","Kenya","KE","Kilifi","Kilifi","sensitive","sensitive","sensitive","sensitive","resistant","resistant"
"SPT66963","2019","true","1132","null","Kenya","KE","Kilifi","Kilifi","sensitive","sensitive","sensitive","sensitive","resistant","resistant"
"SPT66964","2019","true","1132","null","Kenya","KE","Kilifi","Kilifi","sensitive","sensitive","undetermined","undetermined","resistant","resistant"
"SPT66965","2019","false","1132","null","Kenya","KE","Kilifi","Kilifi","null","null","null","null","null","null"
"SPT66966","2019","true","1132","null","Kenya","KE","Kilifi","Kilifi","sensitive","sensitive","undetermined","undetermined","resistant","resistant"
"SPT66967","2019","false","1132","null","Kenya","KE","Kilifi","Kilifi","null","null","null","null","null","null"
"SPT66968","2019","true","1132","null","Kenya","KE","Kilifi","Kilifi","sensitive","sensitive","sensitive","sensitive","resistant","resistant"
"SPT66969","2019","true","1132","null","Kenya","KE","Kilifi","Kilifi","sensitive","sensitive","undetermined","undetermined","resistant","resistant"
"SPT66970","2019","true","1132","null","Kenya","KE","Kilifi","Kilifi","sensitive","sensitive","sensitive","sensitive","resistant","resistant"
"SPT66971","2019","true","1132","null","Kenya","KE","Kilifi","Kilifi","sensitive","sensitive","sensitive","sensitive","resistant","resistant"
"SPT66972","2019","false","1132","null","Kenya","KE","Kilifi","Kilifi","null","null","null","null","null","null"
"SPT66973","2019","true","1132","null","Kenya","KE","Kilifi","Kilifi","sensitive","sensitive","sensitive","sensitive","resistant","resistant"
"SPT66974","2019","true","1132","null","Kenya","KE","Kilifi","Kilifi","sensitive","sensitive","sensitive","sensitive","resistant","resistant"
"SPT66975","2019","false","1132","null","Kenya","KE","Kilifi","Kilifi","null","null","null","null","null","null"
"SPT66977","2019","true","1132","null","Kenya","KE","Kilifi","Kilifi","sensitive","sensitive","sensitive","sensitive","resistant","resistant"
"SPT66978","2019","true","1132","null","Kenya","KE","Kilifi","Kilifi","sensitive","sensitive","sensitive","sensitive","resistant","resistant"
"SPT66979","2019","true","1132","null","Kenya","KE","Kilifi","Kilifi","sensitive","sensitive","undetermined","undetermined","resistant","resistant"
"SPT66980","2019","true","1132","null","Kenya","KE","Kilifi","Kilifi","sensitive","sensitive","sensitive","sensitive","resistant","resistant"
"SPT66981","2019","false","1132","null","Kenya","KE","Kilifi","Kilifi","null","null","null","null","null","null"
"SPT66982","2019","true","1132","null","Kenya","KE","Kilifi","Kilifi","sensitive","sensitive","sensitive","sensitive","resistant","resistant"
"SPT66983","2019","true","1132","null","Kenya","KE","Kilifi","Kilifi","sensitive","sensitive","sensitive","sensitive","resistant","resistant"
"SPT66984","2019","true","1132","null","Kenya","KE","Kilifi","Kilifi","sensitive","sensitive","sensitive","sensitive","resistant","resistant"
"SPT66985","2019","true","1132","null","Kenya","KE","Kilifi","Kilifi","sensitive","sensitive","sensitive","sensitive","resistant","resistant"
"SPT66986","2019","true","1132","null","Kenya","KE","Kilifi","Kilifi","sensitive","sensitive","sensitive","sensitive","resistant","resistant"
"SPT66987","2019","true","1132","null","Kenya","KE","Kilifi","Kilifi","sensitive","sensitive","sensitive","sensitive","resistant","resistant"
"SPT66988","2019","true","1132","null","Kenya","KE","Kilifi","Kilifi","undetermined","sensitive","undetermined","undetermined","undetermined","resistant"
"SPT66989","2019","true","1132","null","Kenya","KE","Kilifi","Kilifi","sensitive","sensitive","sensitive","sensitive","resistant","undetermined"
"SPT66990","2019","true","1132","null","Kenya","KE","Kilifi","Kilifi","sensitive","sensitive","sensitive","sensitive","resistant","resistant"
"SPT66991","2019","true","1132","null","Kenya","KE","Kilifi","Kilifi","sensitive","sensitive","sensitive","sensitive","resistant","resistant"
"SPT66992","2019","true","1132","null","Kenya","KE","Kilifi","Kilifi","sensitive","sensitive","sensitive","sensitive","resistant","resistant"
"SPT66993","2019","true","1132","null","Kenya","KE","Kilifi","Kilifi","sensitive","sensitive","sensitive","sensitive","resistant","sensitive"
"SPT66994","2019","true","1132","null","Kenya","KE","Kilifi","Kilifi","sensitive","sensitive","sensitive","sensitive","resistant","undetermined"
"SPT66995","2019","true","1132","null","Kenya","KE","Kilifi","Kilifi","sensitive","sensitive","sensitive","sensitive","resistant","resistant"
"SPT66996","2019","true","1132","null","Kenya","KE","Kilifi","Kilifi","sensitive","sensitive","sensitive","sensitive","resistant","resistant"
"SPT66997","2019","true","1132","null","Kenya","KE","Kilifi","Kilifi","sensitive","sensitive","sensitive","sensitive","resistant","resistant"
"SPT66998","2019","true","1132","null","Kenya","KE","Kilifi","Kilifi","sensitive","sensitive","sensitive","sensitive","resistant","resistant"
"SPT66999","2019","true","1132","null","Kenya","KE","Kilifi","Kilifi","sensitive","sensitive","sensitive","sensitive","resistant","resistant"
"SPT67000","2019","true","1132","null","Kenya","KE","Kilifi","Kilifi","sensitive","sensitive","sensitive","sensitive","resistant","resistant"
"SPT67001","2019","true","1132","null","Kenya","KE","Kilifi","Kilifi","sensitive","sensitive","sensitive","sensitive","resistant","resistant"
"SPT67002","2020","false","1132","null","Kenya","KE","Kilifi","Kilifi","null","null","null","null","null","null"
"SPT67003","2020","true","1132","null","Kenya","KE","Kilifi","Kilifi","sensitive","sensitive","sensitive","sensitive","resistant","resistant"
"SPT67004","2020","true","1132","null","Kenya","KE","Kilifi","Kilifi","sensitive","sensitive","undetermined","undetermined","resistant","resistant"
"SPT67005","2020","false","1132","null","Kenya","KE","Kilifi","Kilifi","null","null","null","null","null","null"
"SPT67006","2020","true","1132","null","Kenya","KE","Kilifi","Kilifi","sensitive","sensitive","sensitive","sensitive","resistant","resistant"
"SPT67007","2020","true","1132","null","Kenya","KE","Kilifi","Kilifi","sensitive","sensitive","sensitive","sensitive","resistant","resistant"
"SPT67008","2020","true","1132","null","Kenya","KE","Kilifi","Kilifi","sensitive","sensitive","sensitive","undetermined","resistant","resistant"
"SPT67009","2020","false","1132","null","Kenya","KE","Kilifi","Kilifi","null","null","null","null","null","null"
"SPT67010","2020","true","1132","null","Kenya","KE","Kilifi","Kilifi","sensitive","sensitive","sensitive","sensitive","resistant","resistant"
"SPT67011","2020","true","1132","null","Kenya","KE","Kilifi","Kilifi","sensitive","sensitive","sensitive","sensitive","resistant","resistant"
"SPT67012","2020","true","1132","null","Kenya","KE","Kilifi","Kilifi","sensitive","sensitive","sensitive","sensitive","resistant","resistant"
"SPT67013","2020","true","1132","null","Kenya","KE","Kilifi","Kilifi","sensitive","sensitive","sensitive","sensitive","resistant","resistant"
"SPT67014","2020","true","1132","null","Kenya","KE","Kilifi","Kilifi","sensitive","sensitive","sensitive","sensitive","resistant","resistant"
"SPT67015","2020","true","1132","null","Kenya","KE","Kilifi","Kilifi","sensitive","sensitive","sensitive","undetermined","resistant","resistant"
"SPT67016","2020","true","1132","null","Kenya","KE","Kilifi","Kilifi","sensitive","sensitive","sensitive","sensitive","resistant","resistant"
"SPT67017","2020","false","1132","null","Kenya","KE","Kilifi","Kilifi","null","null","null","null","null","null"
"SPT67018","2020","true","1132","null","Kenya","KE","Kilifi","Kilifi","sensitive","sensitive","sensitive","sensitive","resistant","resistant"
"SPT67019","2020","true","1132","null","Kenya","KE","Kilifi","Kilifi","sensitive","sensitive","sensitive","sensitive","resistant","resistant"
"SPT67020","2020","true","1132","null","Kenya","KE","Kilifi","Kilifi","sensitive","sensitive","undetermined","undetermined","resistant","resistant"
"SPT67021","2019","true","1132","null","Kenya","KE","Kilifi","Kilifi","sensitive","sensitive","sensitive","undetermined","resistant","resistant"
"SPT67022","2019","true","1132","null","Kenya","KE","Kilifi","Kilifi","sensitive","sensitive","undetermined","undetermined","resistant","resistant"
"SPT67023","2019","true","1132","null","Kenya","KE","Kilifi","Kilifi","sensitive","sensitive","undetermined","sensitive","resistant","resistant"
"SPT67024","2019","true","1132","null","Kenya","KE","Kilifi","Kilifi","sensitive","sensitive","undetermined","undetermined","resistant","resistant"
"SPT67025","2019","true","1132","null","Kenya","KE","Kilifi","Kilifi","sensitive","sensitive","sensitive","sensitive","resistant","resistant"
"SPT67026","2019","false","1132","null","Kenya","KE","Kilifi","Kilifi","null","null","null","null","null","null"
"SPT67027","2019","true","1132","null","Kenya","KE","Kilifi","Kilifi","sensitive","sensitive","undetermined","sensitive","resistant","resistant"
"SPT67028","2019","true","1132","null","Kenya","KE","Kilifi","Kilifi","sensitive","sensitive","sensitive","sensitive","resistant","resistant"
"SPT67029","2019","true","1132","null","Kenya","KE","Kilifi","Kilifi","sensitive","sensitive","sensitive","sensitive","resistant","resistant"
"SPT67030","2019","true","1132","null","Kenya","KE","Kilifi","Kilifi","sensitive","sensitive","sensitive","sensitive","resistant","resistant"
"SPT67031","2019","true","1132","null","Kenya","KE","Kilifi","Kilifi","sensitive","sensitive","sensitive","sensitive","resistant","resistant"
"SPT67032","2019","true","1132","null","Kenya","KE","Kilifi","Kilifi","sensitive","sensitive","sensitive","sensitive","resistant","resistant"
"SPT67033","2019","true","1132","null","Kenya","KE","Kilifi","Kilifi","sensitive","sensitive","sensitive","sensitive","resistant","resistant"
"SPT67034","2019","true","1132","null","Kenya","KE","Kilifi","Kilifi","sensitive","sensitive","sensitive","sensitive","resistant","sensitive"
"SPT67035","2019","false","1132","null","Kenya","KE","Kilifi","Kilifi","null","null","null","null","null","null"
"SPT67036","2019","true","1132","null","Kenya","KE","Kilifi","Kilifi","sensitive","sensitive","undetermined","undetermined","resistant","resistant"
"SPT67037","2019","true","1132","null","Kenya","KE","Kilifi","Kilifi","sensitive","sensitive","sensitive","sensitive","resistant","resistant"
"SPT67038","2019","false","1132","null","Kenya","KE","Kilifi","Kilifi","null","null","null","null","null","null"
"SPT67039","2019","true","1132","null","Kenya","KE","Kilifi","Kilifi","sensitive","sensitive","sensitive","sensitive","resistant","resistant"
"SPT67040","2019","false","1132","null","Kenya","KE","Kilifi","Kilifi","null","null","null","null","null","null"
"SPT67041","2019","false","1132","null","Kenya","KE","Kilifi","Kilifi","null","null","null","null","null","null"
"SPT67042","2019","true","1132","null","Kenya","KE","Kilifi","Kilifi","sensitive","sensitive","undetermined","undetermined","resistant","resistant"
"SPT67043","2019","true","1132","null","Kenya","KE","Kilifi","Kilifi","sensitive","sensitive","sensitive","sensitive","resistant","resistant"
"SPT67044","2019","false","1132","null","Kenya","KE","Kilifi","Kilifi","null","null","null","null","null","null"
"SPT67045","2019","true","1132","null","Kenya","KE","Kilifi","Kilifi","sensitive","sensitive","sensitive","sensitive","resistant","resistant"
"SPT67046","2019","true","1132","null","Kenya","KE","Kilifi","Kilifi","undetermined","sensitive","undetermined","undetermined","resistant","undetermined"
"SPT67047","2019","false","1132","null","Kenya","KE","Kilifi","Kilifi","null","null","null","null","null","null"
"SPT67048","2019","true","1132","null","Kenya","KE","Kilifi","Kilifi","sensitive","sensitive","undetermined","undetermined","resistant","resistant"
"SPT67049","2019","true","1132","null","Kenya","KE","Kilifi","Kilifi","sensitive","sensitive","undetermined","undetermined","resistant","resistant"
"SPT67050","2019","true","1132","null","Kenya","KE","Kilifi","Kilifi","sensitive","sensitive","undetermined","undetermined","resistant","resistant"
"SPT67051","2019","true","1132","null","Kenya","KE","Kilifi","Kilifi","sensitive","sensitive","sensitive","sensitive","resistant","resistant"
"SPT67052","2019","true","1132","null","Kenya","KE","Kilifi","Kilifi","undetermined","sensitive","undetermined","undetermined","resistant","resistant"
"SPT67053","2019","true","1132","null","Kenya","KE","Kilifi","Kilifi","sensitive","sensitive","sensitive","sensitive","resistant","resistant"
"SPT67054","2019","true","1132","null","Kenya","KE","Kilifi","Kilifi","sensitive","sensitive","undetermined","undetermined","resistant","resistant"
"SPT67055","2019","true","1132","null","Kenya","KE","Kilifi","Kilifi","sensitive","sensitive","sensitive","undetermined","resistant","resistant"
"SPT67056","2019","false","1132","null","Kenya","KE","Kilifi","Kilifi","null","null","null","null","null","null"
"SPT67057","2019","true","1132","null","Kenya","KE","Kilifi","Kilifi","sensitive","sensitive","undetermined","undetermined","resistant","resistant"
"SPT67058","2019","true","1132","null","Kenya","KE","Kilifi","Kilifi","sensitive","sensitive","sensitive","sensitive","resistant","resistant"
"SPT67059","2019","false","1132","null","Kenya","KE","Kilifi","Kilifi","null","null","null","null","null","null"
"SPT67060","2019","false","1132","null","Kenya","KE","Kilifi","Kilifi","null","null","null","null","null","null"
"SPT67061","2019","false","1132","null","Kenya","KE","Kilifi","Kilifi","null","null","null","null","null","null"
"SPT67062","2019","false","1132","null","Kenya","KE","Kilifi","Kilifi","null","null","null","null","null","null"
"SPT67064","2019","false","1132","null","Kenya","KE","Kilifi","Kilifi","null","null","null","null","null","null"
"SPT67065","2019","true","1132","null","Kenya","KE","Kilifi","Kilifi","sensitive","sensitive","undetermined","undetermined","resistant","resistant"
"SPT67066","2019","true","1132","null","Kenya","KE","Kilifi","Kilifi","sensitive","sensitive","undetermined","undetermined","resistant","undetermined"
"SPT67067","2019","true","1132","null","Kenya","KE","Kilifi","Kilifi","sensitive","sensitive","undetermined","undetermined","resistant","resistant"
"SPT67068","2019","false","1132","null","Kenya","KE","Kilifi","Kilifi","null","null","null","null","null","null"
"SPT67069","2019","true","1132","null","Kenya","KE","Kilifi","Kilifi","sensitive","sensitive","sensitive","sensitive","resistant","resistant"
"SPT67070","2019","true","1132","null","Kenya","KE","Kilifi","Kilifi","sensitive","sensitive","sensitive","sensitive","resistant","resistant"
"SPT67071","2019","false","1132","null","Kenya","KE","Kilifi","Kilifi","null","null","null","null","null","null"
"SPT67072","2019","true","1132","null","Kenya","KE","Kilifi","Kilifi","sensitive","sensitive","sensitive","sensitive","resistant","resistant"
"SPT67073","2019","true","1132","null","Kenya","KE","Kilifi","Kilifi","sensitive","sensitive","sensitive","sensitive","resistant","resistant"
"SPT67074","2019","true","1132","null","Kenya","KE","Kilifi","Kilifi","sensitive","sensitive","undetermined","sensitive","resistant","resistant"
"SPT67075","2019","true","1132","null","Kenya","KE","Kilifi","Kilifi","sensitive","sensitive","undetermined","undetermined","resistant","resistant"
"SPT67076","2019","true","1132","null","Kenya","KE","Kilifi","Kilifi","sensitive","sensitive","sensitive","sensitive","resistant","resistant"
"SPT67077","2019","true","1132","null","Kenya","KE","Kilifi","Kilifi","sensitive","sensitive","undetermined","sensitive","resistant","resistant"
"SPT67078","2019","true","1132","null","Kenya","KE","Kilifi","Kilifi","sensitive","sensitive","undetermined","undetermined","resistant","resistant"
"SPT67079","2019","true","1132","null","Kenya","KE","Kilifi","Kilifi","sensitive","sensitive","sensitive","sensitive","resistant","resistant"
"SPT67080","2019","false","1132","null","Kenya","KE","Kilifi","Kilifi","null","null","null","null","null","null"
"SPT67081","2019","true","1132","null","Kenya","KE","Kilifi","Kilifi","sensitive","sensitive","sensitive","sensitive","resistant","sensitive"
"SPT67082","2019","false","1132","null","Kenya","KE","Kilifi","Kilifi","null","null","null","null","null","null"
"SPT67083","2019","true","1132","null","Kenya","KE","Kilifi","Kilifi","sensitive","sensitive","undetermined","undetermined","resistant","resistant"
"SPT67084","2019","false","1132","null","Kenya","KE","Kilifi","Kilifi","null","null","null","null","null","null"
"SPT67085","2019","false","1132","null","Kenya","KE","Kilifi","Kilifi","null","null","null","null","null","null"
"SPT67086","2019","true","1132","null","Kenya","KE","Kilifi","Kilifi","sensitive","sensitive","sensitive","sensitive","resistant","resistant"
"SPT67087","2019","false","1132","null","Kenya","KE","Kilifi","Kilifi","null","null","null","null","null","null"
"SPT67088","2019","true","1132","null","Kenya","KE","Kilifi","Kilifi","sensitive","sensitive","sensitive","sensitive","resistant","resistant"
"SPT67089","2019","true","1132","null","Kenya","KE","Kilifi","Kilifi","sensitive","sensitive","undetermined","undetermined","resistant","resistant"
"SPT67090","2019","true","1132","null","Kenya","KE","Kilifi","Kilifi","sensitive","sensitive","sensitive","sensitive","resistant","resistant"
"SPT67091","2019","true","1132","null","Kenya","KE","Kilifi","Kilifi","sensitive","sensitive","undetermined","sensitive","resistant","resistant"
"SPT67092","2019","false","1132","null","Kenya","KE","Kilifi","Kilifi","null","null","null","null","null","null"
"SPT67093","2019","true","1132","null","Kenya","KE","Kilifi","Kilifi","sensitive","sensitive","sensitive","sensitive","resistant","resistant"
"SPT67094","2019","true","1132","null","Kenya","KE","Kilifi","Kilifi","sensitive","sensitive","sensitive","sensitive","resistant","resistant"
"SPT67095","2019","false","1132","null","Kenya","KE","Kilifi","Kilifi","null","null","null","null","null","null"
"SPT67096","2019","true","1132","null","Kenya","KE","Kilifi","Kilifi","sensitive","sensitive","sensitive","sensitive","resistant","resistant"
"SPT67097","2019","false","1132","null","Kenya","KE","Kilifi","Kilifi","null","null","null","null","null","null"
"SPT67098","2019","false","1132","null","Kenya","KE","Kilifi","Kilifi","null","null","null","null","null","null"
"SPT67099","2019","false","1132","null","Kenya","KE","Kilifi","Kilifi","null","null","null","null","null","null"
"SPT67100","2019","true","1132","null","Kenya","KE","Kilifi","Kilifi","sensitive","sensitive","sensitive","sensitive","resistant","resistant"
"SPT67101","2019","true","1132","null","Kenya","KE","Kilifi","Kilifi","sensitive","sensitive","sensitive","sensitive","resistant","resistant"
"SPT67102","2019","false","1132","null","Kenya","KE","Kilifi","Kilifi","null","null","null","null","null","null"
"SPT67103","2019","true","1132","null","Kenya","KE","Kilifi","Kilifi","sensitive","sensitive","sensitive","sensitive","resistant","resistant"
"SPT67104","2019","true","1132","null","Kenya","KE","Kilifi","Kilifi","sensitive","sensitive","undetermined","sensitive","resistant","resistant"
"SPT67105","2019","false","1132","null","Kenya","KE","Kilifi","Kilifi","null","null","null","null","null","null"
"SPT67106","2019","true","1132","null","Kenya","KE","Kilifi","Kilifi","sensitive","sensitive","sensitive","sensitive","resistant","resistant"
"SPT67107","2019","false","1132","null","Kenya","KE","Kilifi","Kilifi","null","null","null","null","null","null"
"SPT67108","2019","false","1132","null","Kenya","KE","Kilifi","Kilifi","null","null","null","null","null","null"
"SPT67109","2019","true","1132","null","Kenya","KE","Kilifi","Kilifi","sensitive","sensitive","sensitive","sensitive","resistant","resistant"
"SPT67110","2019","false","1132","null","Kenya","KE","Kilifi","Kilifi","null","null","null","null","null","null"
"SPT67111","2019","true","1132","null","Kenya","KE","Kilifi","Kilifi","sensitive","sensitive","sensitive","sensitive","resistant","resistant"
"SPT67112","2019","true","1132","null","Kenya","KE","Kilifi","Kilifi","sensitive","sensitive","sensitive","sensitive","resistant","resistant"
"SPT67113","2019","true","1132","null","Kenya","KE","Kilifi","Kilifi","sensitive","sensitive","sensitive","sensitive","resistant","resistant"
"SPT67114","2019","true","1132","null","Kenya","KE","Kilifi","Kilifi","sensitive","sensitive","sensitive","sensitive","resistant","resistant"
"SPT67115","2019","true","1132","null","Kenya","KE","Kilifi","Kilifi","sensitive","sensitive","sensitive","sensitive","resistant","resistant"
"SPT67116","2019","true","1132","null","Kenya","KE","Kilifi","Kilifi","sensitive","sensitive","sensitive","sensitive","resistant","resistant"
"SPT67117","2019","false","1132","null","Kenya","KE","Kilifi","Kilifi","null","null","null","null","null","null"
"SPT67118","2019","true","1132","null","Kenya","KE","Kilifi","Kilifi","sensitive","sensitive","undetermined","undetermined","resistant","resistant"
"SPT67119","2019","true","1132","null","Kenya","KE","Kilifi","Kilifi","sensitive","sensitive","sensitive","sensitive","resistant","resistant"
"SPT67120","2019","true","1132","null","Kenya","KE","Kilifi","Kilifi","sensitive","sensitive","sensitive","sensitive","resistant","resistant"
"SPT67121","2019","true","1132","null","Kenya","KE","Kilifi","Kilifi","sensitive","sensitive","undetermined","undetermined","resistant","resistant"
"SPT67122","2019","false","1132","null","Kenya","KE","Kilifi","Kilifi","null","null","null","null","null","null"
"SPT67123","2019","true","1132","null","Kenya","KE","Kilifi","Kilifi","sensitive","sensitive","undetermined","undetermined","resistant","resistant"
"SPT67124","2019","true","1132","null","Kenya","KE","Kilifi","Kilifi","sensitive","sensitive","undetermined","undetermined","resistant","resistant"
"SPT67125","2019","true","1132","null","Kenya","KE","Kilifi","Kilifi","sensitive","sensitive","undetermined","undetermined","resistant","resistant"
"SPT67126","2019","true","1132","null","Kenya","KE","Kilifi","Kilifi","sensitive","sensitive","undetermined","undetermined","resistant","resistant"
"SPT67127","2019","true","1132","null","Kenya","KE","Kilifi","Kilifi","sensitive","sensitive","sensitive","sensitive","resistant","resistant"
"SPT67128","2019","true","1132","null","Kenya","KE","Kilifi","Kilifi","sensitive","sensitive","sensitive","sensitive","resistant","resistant"
"SPT67129","2019","true","1132","null","Kenya","KE","Kilifi","Kilifi","sensitive","sensitive","sensitive","sensitive","resistant","resistant"
"SPT67130","2019","true","1132","null","Kenya","KE","Kilifi","Kilifi","sensitive","sensitive","sensitive","sensitive","resistant","resistant"
"SPT67131","2019","true","1132","null","Kenya","KE","Kilifi","Kilifi","sensitive","sensitive","sensitive","sensitive","resistant","resistant"
"SPT67132","2019","false","1132","null","Kenya","KE","Kilifi","Kilifi","null","null","null","null","null","null"
"SPT67133","2019","true","1132","null","Kenya","KE","Kilifi","Kilifi","sensitive","sensitive","undetermined","undetermined","resistant","resistant"
"SPT67134","2019","true","1132","null","Kenya","KE","Kilifi","Kilifi","sensitive","sensitive","undetermined","undetermined","resistant","resistant"
"SPT67135","2019","true","1132","null","Kenya","KE","Kilifi","Kilifi","sensitive","sensitive","undetermined","undetermined","resistant","undetermined"
"SPT67136","2019","false","1132","null","Kenya","KE","Kilifi","Kilifi","null","null","null","null","null","null"
"SPT67137","2019","false","1132","null","Kenya","KE","Kilifi","Kilifi","null","null","null","null","null","null"
"SPT67138","2019","false","1132","null","Kenya","KE","Kilifi","Kilifi","null","null","null","null","null","null"
"SPT67139","2019","true","1132","null","Kenya","KE","Kilifi","Kilifi","sensitive","sensitive","sensitive","sensitive","resistant","resistant"
"SPT67140","2019","true","1132","null","Kenya","KE","Kilifi","Kilifi","sensitive","sensitive","sensitive","sensitive","resistant","sensitive"
"SPT67141","2019","false","1132","null","Kenya","KE","Kilifi","Kilifi","null","null","null","null","null","null"
"SPT67142","2019","true","1132","null","Kenya","KE","Kilifi","Kilifi","sensitive","sensitive","sensitive","sensitive","resistant","resistant"
"SPT67143","2019","false","1132","null","Kenya","KE","Kilifi","Kilifi","null","null","null","null","null","null"
"SPT67144","2019","true","1132","null","Kenya","KE","Kilifi","Kilifi","sensitive","sensitive","sensitive","sensitive","resistant","resistant"
"SPT67145","2019","true","1132","null","Kenya","KE","Kilifi","Kilifi","sensitive","sensitive","undetermined","undetermined","resistant","resistant"
"SPT67146","2019","true","1132","null","Kenya","KE","Kilifi","Kilifi","undetermined","sensitive","undetermined","undetermined","resistant","sensitive"
"SPT67147","2019","true","1132","null","Kenya","KE","Kilifi","Kilifi","sensitive","sensitive","sensitive","sensitive","resistant","resistant"
"SPT67148","2019","true","1132","null","Kenya","KE","Kilifi","Kilifi","sensitive","sensitive","sensitive","sensitive","resistant","resistant"
"SPT67149","2019","true","1132","null","Kenya","KE","Kilifi","Kilifi","sensitive","sensitive","sensitive","sensitive","resistant","resistant"
"SPT67150","2019","true","1132","null","Kenya","KE","Kilifi","Kilifi","sensitive","sensitive","sensitive","sensitive","resistant","resistant"
"SPT67151","2019","true","1132","null","Kenya","KE","Kilifi","Kilifi","sensitive","sensitive","undetermined","undetermined","resistant","resistant"
"SPT67152","2019","true","1132","null","Kenya","KE","Kilifi","Kilifi","sensitive","sensitive","sensitive","sensitive","sensitive","sensitive"
"SPT67153","2019","false","1132","null","Kenya","KE","Kilifi","Kilifi","null","null","null","null","null","null"
"SPT67154","2019","true","1132","null","Kenya","KE","Kilifi","Kilifi","sensitive","sensitive","undetermined","undetermined","resistant","resistant"
"SPT67155","2019","false","1132","null","Kenya","KE","Kilifi","Kilifi","null","null","null","null","null","null"
"SPT67156","2019","true","1132","null","Kenya","KE","Kilifi","Kilifi","undetermined","sensitive","undetermined","undetermined","undetermined","resistant"
"SPT67157","2019","false","1132","null","Kenya","KE","Kilifi","Kilifi","null","null","null","null","null","null"
"SPT67158","2019","true","1132","null","Kenya","KE","Kilifi","Kilifi","sensitive","sensitive","undetermined","undetermined","resistant","resistant"
"SPT67159","2019","false","1132","null","Kenya","KE","Kilifi","Kilifi","null","null","null","null","null","null"
"SPT67160","2019","false","1132","null","Kenya","KE","Kilifi","Kilifi","null","null","null","null","null","null"
"SPT67161","2019","true","1132","null","Kenya","KE","Kilifi","Kilifi","sensitive","sensitive","sensitive","sensitive","resistant","resistant"
"SPT67162","2019","true","1132","null","Kenya","KE","Kilifi","Kilifi","sensitive","sensitive","sensitive","sensitive","resistant","resistant"
"SPT67163","2019","false","1132","null","Kenya","KE","Kilifi","Kilifi","null","null","null","null","null","null"
"SPT67164","2019","true","1132","null","Kenya","KE","Kilifi","Kilifi","sensitive","sensitive","undetermined","undetermined","resistant","resistant"
"SPT67165","2019","true","1132","null","Kenya","KE","Kilifi","Kilifi","sensitive","sensitive","sensitive","sensitive","resistant","resistant"
"SPT67166","2019","true","1132","null","Kenya","KE","Kilifi","Kilifi","sensitive","sensitive","sensitive","sensitive","resistant","resistant"
"SPT67167","2019","false","1132","null","Kenya","KE","Kilifi","Kilifi","null","null","null","null","null","null"
"SPT67168","2019","true","1132","null","Kenya","KE","Kilifi","Kilifi","sensitive","sensitive","undetermined","sensitive","resistant","resistant"
"SPT67169","2019","true","1132","null","Kenya","KE","Kilifi","Kilifi","sensitive","sensitive","undetermined","sensitive","resistant","resistant"
"SPT67170","2019","true","1132","null","Kenya","KE","Kilifi","Kilifi","sensitive","sensitive","sensitive","sensitive","resistant","resistant"
"SPT67171","2019","true","1132","null","Kenya","KE","Kilifi","Kilifi","sensitive","sensitive","sensitive","sensitive","resistant","resistant"
"SPT67172","2019","false","1132","null","Kenya","KE","Kilifi","Kilifi","null","null","null","null","null","null"
"SPT67173","2019","true","1132","null","Kenya","KE","Kilifi","Kilifi","sensitive","sensitive","undetermined","undetermined","resistant","resistant"
"SPT67174","2019","false","1132","null","Kenya","KE","Kilifi","Kilifi","null","null","null","null","null","null"
"SPT67175","2019","true","1132","null","Kenya","KE","Kilifi","Kilifi","sensitive","sensitive","undetermined","sensitive","resistant","resistant"
"SPT67176","2019","true","1132","null","Kenya","KE","Kilifi","Kilifi","sensitive","sensitive","undetermined","undetermined","resistant","resistant"
"SPT67177","2019","true","1132","null","Kenya","KE","Kilifi","Kilifi","sensitive","sensitive","sensitive","sensitive","resistant","resistant"
"SPT67178","2019","true","1132","null","Kenya","KE","Kilifi","Kilifi","sensitive","sensitive","sensitive","sensitive","resistant","resistant"
"SPT67179","2019","false","1132","null","Kenya","KE","Kilifi","Kilifi","null","null","null","null","null","null"
"SPT67180","2019","true","1132","null","Kenya","KE","Kilifi","Kilifi","sensitive","sensitive","undetermined","sensitive","resistant","resistant"
"SPT67181","2019","false","1132","null","Kenya","KE","Kilifi","Kilifi","null","null","null","null","null","null"
"SPT67182","2019","true","1132","null","Kenya","KE","Kilifi","Kilifi","sensitive","sensitive","undetermined","sensitive","sensitive","sensitive"
"SPT67183","2019","false","1132","null","Kenya","KE","Kilifi","Kilifi","null","null","null","null","null","null"
"SPT67184","2019","true","1132","null","Kenya","KE","Kilifi","Kilifi","undetermined","sensitive","undetermined","undetermined","resistant","resistant"
"SPT67185","2019","true","1132","null","Kenya","KE","Kilifi","Kilifi","sensitive","sensitive","undetermined","undetermined","resistant","resistant"
"SPT67186","2019","true","1132","null","Kenya","KE","Kilifi","Kilifi","sensitive","sensitive","undetermined","undetermined","resistant","resistant"
"SPT67187","2020","false","1132","null","Kenya","KE","Kilifi","Kilifi","null","null","null","null","null","null"
"SPT67188","2020","true","1132","null","Kenya","KE","Kilifi","Kilifi","sensitive","sensitive","sensitive","sensitive","resistant","resistant"
"SPT67189","2020","false","1132","null","Kenya","KE","Kilifi","Kilifi","null","null","null","null","null","null"
"SPT67190","2020","false","1132","null","Kenya","KE","Kilifi","Kilifi","null","null","null","null","null","null"
"SPT67191","2020","true","1132","null","Kenya","KE","Kilifi","Kilifi","sensitive","sensitive","undetermined","sensitive","resistant","resistant"
"SPT67192","2020","true","1132","null","Kenya","KE","Kilifi","Kilifi","sensitive","sensitive","undetermined","undetermined","resistant","resistant"
"SPT67193","2020","false","1132","null","Kenya","KE","Kilifi","Kilifi","null","null","null","null","null","null"
"SPT67194","2020","true","1132","null","Kenya","KE","Kilifi","Kilifi","sensitive","sensitive","sensitive","sensitive","resistant","resistant"
"SPT67195","2020","true","1132","null","Kenya","KE","Kilifi","Kilifi","sensitive","sensitive","sensitive","sensitive","resistant","resistant"
"SPT67196","2020","false","1132","null","Kenya","KE","Kilifi","Kilifi","null","null","null","null","null","null"
"SPT67197","2020","true","1132","null","Kenya","KE","Kilifi","Kilifi","sensitive","sensitive","undetermined","undetermined","sensitive","resistant"
"SPT67198","2020","false","1132","null","Kenya","KE","Kilifi","Kilifi","null","null","null","null","null","null"
"SPT67199","2020","true","1132","null","Kenya","KE","Kilifi","Kilifi","sensitive","sensitive","undetermined","undetermined","resistant","resistant"
"SPT67200","2020","false","1132","null","Kenya","KE","Kilifi","Kilifi","null","null","null","null","null","null"
"SPT67201","2020","true","1132","null","Kenya","KE","Kilifi","Kilifi","sensitive","sensitive","sensitive","sensitive","resistant","resistant"
"SPT67202","2020","false","1132","null","Kenya","KE","Kilifi","Kilifi","null","null","null","null","null","null"
"SPT67203","2020","false","1132","null","Kenya","KE","Kilifi","Kilifi","null","null","null","null","null","null"
"SPT67204","2020","true","1132","null","Kenya","KE","Kilifi","Kilifi","sensitive","sensitive","sensitive","sensitive","resistant","resistant"
"SPT67205","2020","true","1132","null","Kenya","KE","Kilifi","Kilifi","sensitive","sensitive","undetermined","undetermined","resistant","resistant"
"SPT67206","2020","true","1132","null","Kenya","KE","Kilifi","Kilifi","sensitive","sensitive","sensitive","sensitive","resistant","resistant"
"SPT67207","2020","true","1132","null","Kenya","KE","Kilifi","Kilifi","sensitive","sensitive","sensitive","sensitive","resistant","resistant"
"SPT67208","2020","true","1132","null","Kenya","KE","Kilifi","Kilifi","sensitive","sensitive","undetermined","sensitive","resistant","resistant"
"SPT67209","2020","false","1132","null","Kenya","KE","Kilifi","Kilifi","null","null","null","null","null","null"
"SPT67210","2020","true","1132","null","Kenya","KE","Kilifi","Kilifi","sensitive","sensitive","sensitive","sensitive","resistant","resistant"
"SPT67211","2020","true","1132","null","Kenya","KE","Kilifi","Kilifi","sensitive","sensitive","undetermined","undetermined","resistant","resistant"
"SPT67212","2020","true","1132","null","Kenya","KE","Kilifi","Kilifi","sensitive","sensitive","sensitive","sensitive","resistant","resistant"
"SPT67213","2020","true","1132","null","Kenya","KE","Kilifi","Kilifi","sensitive","sensitive","sensitive","sensitive","resistant","resistant"
"SPT67214","2020","true","1132","null","Kenya","KE","Kilifi","Kilifi","sensitive","sensitive","undetermined","sensitive","resistant","resistant"
"SPT67215","2020","true","1132","null","Kenya","KE","Kilifi","Kilifi","sensitive","sensitive","undetermined","undetermined","resistant","resistant"
"SPT67216","2020","false","1132","null","Kenya","KE","Kilifi","Kilifi","null","null","null","null","null","null"
"SPT67217","2020","true","1132","null","Kenya","KE","Kilifi","Kilifi","sensitive","sensitive","undetermined","undetermined","resistant","resistant"
"SPT67218","2020","false","1132","null","Kenya","KE","Kilifi","Kilifi","null","null","null","null","null","null"
"SPT67219","2020","true","1132","null","Kenya","KE","Kilifi","Kilifi","sensitive","sensitive","undetermined","sensitive","resistant","resistant"
"SPT67220","2020","true","1132","null","Kenya","KE","Kilifi","Kilifi","sensitive","sensitive","sensitive","sensitive","resistant","resistant"
"SPT67221","2020","true","1132","null","Kenya","KE","Kilifi","Kilifi","sensitive","sensitive","sensitive","sensitive","resistant","resistant"
"SPT67222","2020","true","1132","null","Kenya","KE","Kilifi","Kilifi","sensitive","sensitive","sensitive","sensitive","resistant","undetermined"
"SPT67223","2020","false","1132","null","Kenya","KE","Kilifi","Kilifi","null","null","null","null","null","null"
